{"type":"FeatureCollection","name":"佐賀藩・小城藩・蓮池藩・鹿島藩の村領域","license":"CC BY-SA 4.0","licenseUrl":"https://creativecommons.org/licenses/by-sa/4.0/deed.ja","citation":"本田謙一・夏目宗幸・根元裕樹「幕末期近世村領域データの作成―旧高旧領取調帳および農業集落境界データを活用して―」GIS-理論と応用 34巻1号 p.1-10、地理情報システム学会、2026年","doi":"https://doi.org/10.5638/thagis.34.1.1","upstream":["国立歴史民俗博物館「旧高旧領取調帳データベース」","農林水産省「農業集落境界データ」（農林業センサス2015年版）"],"asOf":"慶応4年（1868）1月1日時点の領主","caveat":"これは幕末一時点の姿であり、藩政期を通じた領域ではない。三部上地（1610・1621）の前後や、干拓の進行による村の増減は反映されていない。","note":"農業集落境界データ（2015年版）の集落界を村単位にまとめたもの。許容誤差 0.0015 度（約 167m）で簡略化し、座標は小数5桁に丸めている。明治以降の集落界から推定した領域であり、当時の村境そのものではない。","generated":"2026-09-19","counts":{"villages":399,"withPolygon":377,"withoutPolygon":22,"settlements":1889},"byDomain":{"saga":{"name":"佐賀藩","polygons":303,"areaKm2":1804.6,"shared":40},"ogi":{"name":"小城藩","polygons":68,"areaKm2":250.6,"shared":26},"hasuike":{"name":"蓮池藩","polygons":34,"areaKm2":158.7,"shared":12},"kashima":{"name":"鹿島藩","polygons":11,"areaKm2":81.4,"shared":1}},"withoutPolygon":[{"vid":"K64G07S00016","gun":"杵島郡","name":"福富西分村","domains":["saga"]},{"vid":"K64G07S00015","gun":"杵島郡","name":"福富東分村","domains":["saga"]},{"vid":"K64G01S00028","gun":"佐賀郡","name":"伊勢屋町","domains":["saga"]},{"vid":"K64G01S00029","gun":"佐賀郡","name":"伊勢屋本町","domains":["saga"]},{"vid":"K64G01S00031","gun":"佐賀郡","name":"岸川町","domains":["saga"]},{"vid":"K64G01S00020","gun":"佐賀郡","name":"牛島町","domains":["saga"]},{"vid":"K64G01S00013","gun":"佐賀郡","name":"呉服町","domains":["saga"]},{"vid":"K64G01S00017","gun":"佐賀郡","name":"高来町","domains":["saga"]},{"vid":"K64G01S00018","gun":"佐賀郡","name":"紺屋町","domains":["saga"]},{"vid":"K64G01S00025","gun":"佐賀郡","name":"西魚町","domains":["saga"]},{"vid":"K64G01S00077","gun":"佐賀郡","name":"多布施村","domains":["saga"]},{"vid":"K64G01S00016","gun":"佐賀郡","name":"中町","domains":["saga"]},{"vid":"K64G01S00022","gun":"佐賀郡","name":"長瀬町","domains":["saga"]},{"vid":"K64G01S00015","gun":"佐賀郡","name":"東魚町","domains":["saga"]},{"vid":"K64G01S00023","gun":"佐賀郡","name":"道祖元町","domains":["saga"]},{"vid":"K64G01S00014","gun":"佐賀郡","name":"白山町","domains":["saga"]},{"vid":"K64G01S00027","gun":"佐賀郡","name":"八戸町","domains":["saga"]},{"vid":"K64G01S00071","gun":"佐賀郡","name":"本庄村","domains":["saga"]},{"vid":"K64G01S00030","gun":"佐賀郡","name":"本庄町","domains":["saga"]},{"vid":"K64G01S00019","gun":"佐賀郡","name":"柳町","domains":["saga"]},{"vid":"K64G01S00024","gun":"佐賀郡","name":"六座町","domains":["saga"]},{"vid":"K64G06S00057","gun":"小城郡","name":"松尾村","domains":["saga"]}],"features":[{"type":"Feature","properties":{"vid":"K64G01S00001","name":"光法村","reading":"みつのり","gun":"佐賀郡","domains":["saga"],"isShared":false,"shared":[]},"geometry":{"type":"MultiPolygon","coordinates":[[[[130.33583,33.23762],[130.33582,33.23957],[130.33922,33.23974],[130.33918,33.24551],[130.33103,33.24578],[130.33032,33.23729],[130.33583,33.23762]]],[[[130.33352,33.2475],[130.33072,33.24804],[130.33272,33.24455],[130.34177,33.24552],[130.33352,33.2475]]],[[[130.34571,33.23906],[130.33905,33.23726],[130.33995,33.23254],[130.34634,33.23211],[130.34571,33.23906]]],[[[130.33905,33.23726],[130.33397,33.23692],[130.33581,33.23123],[130.33995,33.23254],[130.33905,33.23726]]],[[[130.33581,33.23123],[130.33394,33.23725],[130.32491,33.23616],[130.32935,33.23424],[130.32704,33.23062],[130.33581,33.23123]]],[[[130.32704,33.23062],[130.32935,33.23424],[130.32181,33.23748],[130.32201,33.23232],[130.32312,33.23627],[130.3245,33.23035],[130.32704,33.23062]]],[[[130.34515,33.24632],[130.34089,33.24723],[130.33922,33.23974],[130.33582,33.23957],[130.33583,33.23762],[130.34571,33.23906],[130.34515,33.24632]]]]}},{"type":"Feature","properties":{"vid":"K64G01S00002","name":"為重村","reading":"ためしげ","gun":"佐賀郡","domains":["saga"],"isShared":false,"shared":[]},"geometry":{"type":"MultiPolygon","coordinates":[[[[130.36234,33.21536],[130.36281,33.21899],[130.3576,33.22243],[130.35097,33.22051],[130.35361,33.21229],[130.35679,33.21404],[130.35943,33.2121],[130.36234,33.21536]]],[[[130.35287,33.21443],[130.35097,33.22051],[130.34154,33.21902],[130.34181,33.21547],[130.35287,33.21443]]],[[[130.34448,33.21489],[130.33409,33.21221],[130.34189,33.21188],[130.34448,33.21489]]],[[[130.34181,33.21547],[130.34234,33.22213],[130.3327,33.22164],[130.33418,33.21359],[130.34181,33.21547]]]]}},{"type":"Feature","properties":{"vid":"K64G01S00003","name":"南里村","reading":"なんり","gun":"佐賀郡","domains":["saga"],"isShared":false,"shared":[]},"geometry":{"type":"MultiPolygon","coordinates":[[[[130.30822,33.21231],[130.31112,33.21181],[130.31287,33.21788],[130.30737,33.21861],[130.30147,33.21184],[130.30822,33.21231]]],[[[130.31648,33.22807],[130.31121,33.22803],[130.30737,33.21861],[130.31604,33.21845],[130.31648,33.22807]]],[[[130.32403,33.22776],[130.31648,33.22807],[130.31604,33.21845],[130.31245,33.21712],[130.32121,33.21775],[130.32403,33.22776]]],[[[130.32061,33.21097],[130.32121,33.21775],[130.31245,33.21712],[130.31119,33.21191],[130.31933,33.20955],[130.32061,33.21097]]]]}},{"type":"Feature","properties":{"vid":"K64G01S00004","name":"大堂村","reading":"おおどう","gun":"佐賀郡","domains":["saga"],"isShared":false,"shared":[]},"geometry":{"type":"MultiPolygon","coordinates":[[[[130.3498,33.24411],[130.34531,33.24598],[130.34579,33.23794],[130.35216,33.23826],[130.35184,33.24416],[130.3498,33.24411]]],[[[130.36344,33.24168],[130.35808,33.24235],[130.3579,33.24522],[130.35112,33.24525],[130.35216,33.23826],[130.36355,33.2397],[130.36344,33.24168]]],[[[130.34579,33.23794],[130.34703,33.22931],[130.35335,33.22954],[130.3564,33.23226],[130.35499,33.23839],[130.34579,33.23794]]],[[[130.35335,33.22954],[130.34956,33.22941],[130.34969,33.22653],[130.35417,33.22672],[130.35335,33.22954]]],[[[130.37313,33.2436],[130.36563,33.24524],[130.36355,33.2397],[130.35499,33.23839],[130.35528,33.23564],[130.35635,33.23385],[130.36268,33.23589],[130.36281,33.23381],[130.37257,33.23388],[130.36982,33.23903],[130.37313,33.2436]]]]}},{"type":"Feature","properties":{"vid":"K64G01S00005","name":"新戸村","reading":null,"gun":"佐賀郡","domains":["saga"],"isShared":false,"shared":[]},"geometry":{"type":"MultiPolygon","coordinates":[[[[130.32193,33.23589],[130.31727,33.23572],[130.31647,33.23757],[130.31622,33.23186],[130.32204,33.2319],[130.32193,33.23589]]],[[[130.31128,33.23481],[130.3165,33.23481],[130.31497,33.23993],[130.31013,33.23958],[130.31128,33.23481]]],[[[130.3245,33.23035],[130.32312,33.23627],[130.32204,33.2319],[130.31622,33.23186],[130.3165,33.23481],[130.31128,33.23481],[130.31121,33.22803],[130.32403,33.22776],[130.3245,33.23035]]],[[[130.32193,33.23589],[130.32019,33.23942],[130.31446,33.24016],[130.31453,33.23728],[130.32193,33.23589]]]]}},{"type":"Feature","properties":{"vid":"K64G01S00006","name":"木原村","reading":"きはら","gun":"佐賀郡","domains":["saga"],"isShared":false,"shared":[]},"geometry":{"type":"MultiPolygon","coordinates":[[[[130.30976,33.24184],[130.31013,33.23958],[130.31739,33.24053],[130.31495,33.24403],[130.31793,33.24751],[130.31122,33.24579],[130.30976,33.24184]]],[[[130.31796,33.24821],[130.31687,33.24542],[130.32546,33.24762],[130.31796,33.24821]]],[[[130.32181,33.23748],[130.32431,33.23641],[130.32255,33.24409],[130.3152,33.24356],[130.32181,33.23748]]],[[[130.3152,33.24356],[130.31962,33.24528],[130.3241,33.24164],[130.32387,33.2473],[130.3152,33.24356]]]]}},{"type":"Feature","properties":{"vid":"K64G01S00007","name":"徳富村","reading":"とくどみ","gun":"佐賀郡","domains":["saga"],"isShared":false,"shared":[]},"geometry":{"type":"MultiPolygon","coordinates":[[[[130.36281,33.23381],[130.36268,33.23589],[130.35836,33.23575],[130.35331,33.23063],[130.35417,33.22672],[130.36302,33.22919],[130.36281,33.23381]]],[[[130.37257,33.23388],[130.36281,33.23381],[130.36302,33.22919],[130.36708,33.22496],[130.37896,33.22925],[130.37257,33.23388]]],[[[130.36708,33.22496],[130.36234,33.21536],[130.37776,33.2207],[130.37905,33.22918],[130.36708,33.22496]]]]}},{"type":"Feature","properties":{"vid":"K64G01S00008","name":"山領村","reading":"やまりょう","gun":"佐賀郡","domains":["saga"],"isShared":false,"shared":[]},"geometry":{"type":"MultiPolygon","coordinates":[[[[130.33828,33.23151],[130.33204,33.23101],[130.3327,33.22164],[130.33873,33.2219],[130.33828,33.23151]]],[[[130.34616,33.23404],[130.34629,33.23209],[130.33857,33.23253],[130.33834,33.22703],[130.3467,33.22814],[130.34616,33.23404]]],[[[130.33873,33.22197],[130.34353,33.22217],[130.3467,33.22814],[130.33834,33.22703],[130.33873,33.22197]]],[[[130.35582,33.22077],[130.35301,33.22268],[130.35451,33.22673],[130.34969,33.22653],[130.34956,33.22941],[130.34661,33.22928],[130.3467,33.22546],[130.34339,33.22495],[130.34234,33.22213],[130.3426,33.21905],[130.35582,33.22077]]]]}},{"type":"Feature","properties":{"vid":"K64G01S00009","name":"寺井津","reading":"てらいつ","gun":"佐賀郡","domains":["saga"],"isShared":false,"shared":[]},"geometry":{"type":"Polygon","coordinates":[[[130.35943,33.2121],[130.34502,33.21518],[130.33975,33.21183],[130.34269,33.20828],[130.35503,33.20923],[130.35943,33.2121]]]}},{"type":"Feature","properties":{"vid":"K64G01S00010","name":"諸富津","reading":"もろどみつ","gun":"佐賀郡","domains":["saga"],"isShared":false,"shared":[]},"geometry":{"type":"MultiPolygon","coordinates":[[[[130.36554,33.22371],[130.35633,33.22396],[130.35601,33.22758],[130.35276,33.22528],[130.35393,33.22142],[130.3576,33.22243],[130.36068,33.21912],[130.36281,33.21899],[130.36554,33.22371]]],[[[130.36708,33.22496],[130.36302,33.22919],[130.35591,33.22874],[130.35633,33.22396],[130.36708,33.22496]]]]}},{"type":"Feature","properties":{"vid":"K64G01S00011","name":"材木町","reading":"ざいもくまち","gun":"佐賀郡","domains":["saga"],"isShared":false,"shared":[]},"geometry":{"type":"MultiPolygon","coordinates":[[[[130.30565,33.25337],[130.30406,33.25121],[130.30532,33.24245],[130.30981,33.2408],[130.30778,33.24676],[130.31079,33.2473],[130.30935,33.25255],[130.30565,33.25337]]],[[[130.31796,33.24821],[130.31161,33.24752],[130.31028,33.25403],[130.30861,33.25372],[130.31081,33.24758],[130.30778,33.24676],[130.30877,33.24236],[130.31122,33.24579],[130.31796,33.24821]]]]}},{"type":"Feature","properties":{"vid":"K64G01S00012","name":"唐人町","reading":"とうじんまち","gun":"佐賀郡","domains":["saga"],"isShared":false,"shared":[]},"geometry":{"type":"Polygon","coordinates":[[[130.29313,33.25923],[130.29316,33.25459],[130.29969,33.25588],[130.29838,33.26187],[130.2933,33.26133],[130.29313,33.25923]]]}},{"type":"Feature","properties":{"vid":"K64G01S00021","name":"寺町","reading":"てらまち","gun":"佐賀郡","domains":["saga"],"isShared":false,"shared":[]},"geometry":{"type":"Polygon","coordinates":[[[130.29969,33.25588],[130.30306,33.25824],[130.30198,33.26571],[130.2974,33.26485],[130.29969,33.25588]]]}},{"type":"Feature","properties":{"vid":"K64G01S00026","name":"八丁馬場","reading":"はっちょうばば","gun":"佐賀郡","domains":["saga"],"isShared":false,"shared":[]},"geometry":{"type":"Polygon","coordinates":[[[130.29399,33.27006],[130.29352,33.26409],[130.30775,33.26689],[130.29574,33.27213],[130.29399,33.27006]]]}},{"type":"Feature","properties":{"vid":"K64G01S00032","name":"天祐寺町","reading":"てんゆうじまち","gun":"佐賀郡","domains":["saga"],"isShared":false,"shared":[]},"geometry":{"type":"Polygon","coordinates":[[[130.28357,33.26148],[130.28318,33.26474],[130.28134,33.26476],[130.28199,33.26106],[130.27729,33.26002],[130.27672,33.25534],[130.27933,33.25534],[130.27685,33.2518],[130.27817,33.25033],[130.28411,33.25064],[130.28357,33.26148]]]}},{"type":"Feature","properties":{"vid":"K64G01S00033","name":"修理田村","reading":"しゅりた","gun":"佐賀郡","domains":["saga"],"isShared":false,"shared":[]},"geometry":{"type":"MultiPolygon","coordinates":[[[[130.32456,33.25215],[130.32678,33.24819],[130.33352,33.2475],[130.33703,33.25032],[130.33423,33.25585],[130.32456,33.25215]]],[[[130.32222,33.25884],[130.33077,33.25994],[130.32978,33.2656],[130.32355,33.26492],[130.32222,33.25884]]],[[[130.32763,33.25881],[130.32964,33.2546],[130.33423,33.25585],[130.33345,33.25977],[130.32763,33.25881]]],[[[130.33383,33.25896],[130.33423,33.25585],[130.34353,33.25985],[130.34241,33.26272],[130.33383,33.25896]]],[[[130.33423,33.25585],[130.33655,33.25126],[130.34347,33.25332],[130.34318,33.25884],[130.33423,33.25585]]]]}},{"type":"Feature","properties":{"vid":"K64G01S00034","name":"牛島村","reading":"うしじま","gun":"佐賀郡","domains":["saga"],"isShared":false,"shared":[]},"geometry":{"type":"MultiPolygon","coordinates":[[[[130.31322,33.25814],[130.31416,33.25362],[130.3235,33.25322],[130.32186,33.2593],[130.31322,33.25814]]],[[[130.31796,33.24821],[130.32679,33.2484],[130.3235,33.25322],[130.31576,33.25381],[130.31796,33.24821]]]]}},{"type":"Feature","properties":{"vid":"K64G01S00035","name":"瓦町村","reading":"かわらまち","gun":"佐賀郡","domains":["saga"],"isShared":false,"shared":[]},"geometry":{"type":"MultiPolygon","coordinates":[[[[130.33972,33.28314],[130.33206,33.27982],[130.33552,33.26707],[130.34068,33.26857],[130.33972,33.28314]]],[[[130.32362,33.26498],[130.33435,33.26696],[130.33505,33.27185],[130.32449,33.27091],[130.32362,33.26498]]],[[[130.32978,33.2656],[130.33118,33.25919],[130.34241,33.26272],[130.34026,33.26845],[130.32978,33.2656]]]]}},{"type":"Feature","properties":{"vid":"K64G01S00036","name":"若宮村","reading":"わかみや","gun":"佐賀郡","domains":["saga"],"isShared":false,"shared":[]},"geometry":{"type":"MultiPolygon","coordinates":[[[[130.32112,33.28404],[130.32167,33.28027],[130.3309,33.28302],[130.32854,33.29185],[130.32051,33.29134],[130.32112,33.28404]]],[[[130.32854,33.29185],[130.32938,33.289],[130.33808,33.2914],[130.33578,33.29581],[130.32854,33.29185]]],[[[130.32938,33.289],[130.33206,33.27982],[130.33972,33.28314],[130.33808,33.2914],[130.32938,33.289]]],[[[130.32372,33.2739],[130.32449,33.27091],[130.33505,33.27185],[130.3309,33.28302],[130.32167,33.28027],[130.32372,33.2739]]]]}},{"type":"Feature","properties":{"vid":"K64G01S00037","name":"淵村","reading":"ふち","gun":"佐賀郡","domains":["saga"],"isShared":false,"shared":[]},"geometry":{"type":"MultiPolygon","coordinates":[[[[130.31487,33.27342],[130.32372,33.2739],[130.32112,33.28404],[130.31269,33.28222],[130.31487,33.27342]]],[[[130.30844,33.26454],[130.31322,33.25814],[130.32186,33.2593],[130.32355,33.26492],[130.31643,33.26821],[130.30844,33.26454]]],[[[130.32355,33.26492],[130.32419,33.27337],[130.31737,33.2733],[130.31525,33.26739],[130.32355,33.26492]]],[[[130.31132,33.28696],[130.31269,33.28222],[130.32112,33.28404],[130.3203,33.29109],[130.31032,33.2929],[130.31132,33.28696]]]]}},{"type":"Feature","properties":{"vid":"K64G01S00038","name":"藤木村","reading":"ふじのき","gun":"佐賀郡","domains":["saga"],"isShared":false,"shared":[]},"geometry":{"type":"MultiPolygon","coordinates":[[[[130.31206,33.2658],[130.31525,33.26739],[130.31668,33.27323],[130.31042,33.27268],[130.31206,33.2658]]],[[[130.30111,33.26939],[130.30748,33.26801],[130.30866,33.26364],[130.31204,33.26514],[130.30912,33.27444],[130.30138,33.27267],[130.30111,33.26939]]],[[[130.30138,33.27267],[130.3087,33.27439],[130.30701,33.28098],[130.29943,33.27954],[130.30138,33.27267]]]]}},{"type":"Feature","properties":{"vid":"K64G01S00039","name":"神浦村","reading":"こうのうら","gun":"佐賀郡","domains":["saga"],"isShared":false,"shared":[]},"geometry":{"type":"MultiPolygon","coordinates":[[[[130.28357,33.26148],[130.29087,33.26209],[130.28643,33.2732],[130.28434,33.27307],[130.28141,33.27787],[130.28236,33.27074],[130.27948,33.26479],[130.28318,33.26474],[130.28357,33.26148]]],[[[130.29331,33.26153],[130.29399,33.27006],[130.28909,33.26889],[130.28719,33.2715],[130.28952,33.26318],[130.29331,33.26153]]],[[[130.29331,33.26153],[130.29838,33.26187],[130.2978,33.26443],[130.29352,33.26409],[130.29331,33.26153]]]]}},{"type":"Feature","properties":{"vid":"K64G01S00040","name":"東高木村","reading":"ひがしたかぎ","gun":"佐賀郡","domains":["saga"],"isShared":false,"shared":[]},"geometry":{"type":"MultiPolygon","coordinates":[[[[130.31042,33.27268],[130.31487,33.27342],[130.31132,33.28696],[130.30914,33.28649],[130.31086,33.28377],[130.3084,33.28019],[130.30701,33.28098],[130.30817,33.27388],[130.31042,33.27268]]],[[[130.31114,33.28792],[130.31074,33.28987],[130.30881,33.28853],[130.30934,33.29081],[130.30319,33.29119],[130.30439,33.28667],[130.31114,33.28792]]],[[[130.30634,33.28109],[130.3084,33.28019],[130.31006,33.28252],[130.30914,33.28649],[130.31114,33.28792],[130.30439,33.28667],[130.30634,33.28109]]]]}},{"type":"Feature","properties":{"vid":"K64G01S00041","name":"高木村","reading":"たかぎ","gun":"佐賀郡","domains":["saga"],"isShared":false,"shared":[]},"geometry":{"type":"MultiPolygon","coordinates":[[[[130.30334,33.28948],[130.29348,33.28509],[130.30458,33.28587],[130.30334,33.28948]]],[[[130.30634,33.28109],[130.30458,33.28587],[130.2988,33.28472],[130.29838,33.27949],[130.30634,33.28109]]],[[[130.28513,33.29949],[130.28925,33.29261],[130.29793,33.29178],[130.2957,33.30151],[130.28513,33.29949]]],[[[130.28695,33.2942],[130.28524,33.29156],[130.28862,33.2869],[130.29153,33.28711],[130.29276,33.28949],[130.28695,33.2942]]],[[[130.31074,33.28987],[130.3099,33.29297],[130.29,33.29233],[130.29341,33.28673],[130.30148,33.28825],[130.30319,33.29119],[130.30934,33.29081],[130.30881,33.28853],[130.31074,33.28987]]],[[[130.30067,33.27098],[130.30252,33.27134],[130.29838,33.27949],[130.2988,33.28472],[130.29364,33.28485],[130.30067,33.27098]]],[[[130.2943,33.27236],[130.30111,33.26939],[130.29649,33.27969],[130.29255,33.27893],[130.2943,33.27236]]],[[[130.28643,33.2732],[130.28909,33.26889],[130.29399,33.27006],[130.29384,33.27429],[130.28643,33.2732]]],[[[130.28109,33.27778],[130.28434,33.27307],[130.29384,33.27429],[130.29255,33.27893],[130.29482,33.27937],[130.2947,33.28363],[130.28084,33.2797],[130.28109,33.27778]]],[[[130.28803,33.28777],[130.28157,33.28683],[130.28084,33.2797],[130.29438,33.28374],[130.29359,33.28681],[130.28803,33.28777]]]]}},{"type":"Feature","properties":{"vid":"K64G01S00042","name":"長瀬村","reading":"ながせ","gun":"佐賀郡","domains":["saga"],"isShared":false,"shared":[]},"geometry":{"type":"Polygon","coordinates":[[[130.28427,33.29936],[130.27684,33.29727],[130.28157,33.28683],[130.28438,33.2863],[130.28803,33.28777],[130.28508,33.29193],[130.28732,33.2927],[130.28427,33.29936]]]}},{"type":"Feature","properties":{"vid":"K64G01S00043","name":"尼寺村","reading":"にいじ","gun":"佐賀郡","domains":["saga"],"isShared":false,"shared":[]},"geometry":{"type":"MultiPolygon","coordinates":[[[[130.28427,33.29936],[130.27628,33.3027],[130.27757,33.298],[130.28427,33.29936]]],[[[130.27142,33.3015],[130.27352,33.30329],[130.27623,33.30127],[130.28392,33.30158],[130.27678,33.30926],[130.27284,33.3092],[130.27142,33.3015]]],[[[130.27284,33.3092],[130.27786,33.30925],[130.2831,33.30323],[130.28656,33.30433],[130.28371,33.30968],[130.28513,33.31488],[130.27145,33.3154],[130.27284,33.3092]]],[[[130.27145,33.3154],[130.2763,33.31703],[130.2711,33.32249],[130.27145,33.3154]]],[[[130.28876,33.30011],[130.29346,33.30083],[130.28986,33.30582],[130.29153,33.31141],[130.28961,33.31619],[130.28551,33.31598],[130.28371,33.30968],[130.28876,33.30011]]],[[[130.28427,33.29936],[130.28876,33.30011],[130.28656,33.30433],[130.2831,33.30323],[130.28427,33.29936]]]]}},{"type":"Feature","properties":{"vid":"K64G01S00044","name":"下和泉村","reading":"しもいずみ","gun":"佐賀郡","domains":["saga"],"isShared":false,"shared":[]},"geometry":{"type":"MultiPolygon","coordinates":[[[[130.33679,33.31082],[130.33892,33.30381],[130.34301,33.30224],[130.34163,33.31125],[130.33679,33.31082]]],[[[130.33679,33.31082],[130.3344,33.31077],[130.33555,33.30468],[130.33979,33.30305],[130.33679,33.31082]]],[[[130.3344,33.31077],[130.3321,33.30965],[130.33094,33.31272],[130.328,33.31247],[130.33151,33.30332],[130.33632,33.30497],[130.3344,33.31077]]],[[[130.32703,33.29671],[130.34342,33.29885],[130.34301,33.30224],[130.33644,33.30277],[130.33555,33.30468],[130.32592,33.30148],[130.32703,33.29671]]],[[[130.328,33.31247],[130.32413,33.3123],[130.32362,33.30916],[130.32652,33.30945],[130.32647,33.30357],[130.32857,33.30202],[130.33203,33.30287],[130.328,33.31247]]],[[[130.3206,33.30333],[130.32427,33.3035],[130.32537,33.30042],[130.32857,33.30202],[130.32647,33.30357],[130.32652,33.30945],[130.32362,33.30916],[130.32418,33.31177],[130.31969,33.31105],[130.3206,33.30333]]]]}},{"type":"Feature","properties":{"vid":"K64G01S00045","name":"上和泉村","reading":"かみいずみ","gun":"佐賀郡","domains":["saga"],"isShared":false,"shared":[]},"geometry":{"type":"MultiPolygon","coordinates":[[[[130.31819,33.30318],[130.3206,33.30333],[130.31857,33.31241],[130.3163,33.31218],[130.3169,33.30869],[130.31,33.31137],[130.31348,33.30324],[130.31819,33.30318]]],[[[130.33793,33.32123],[130.33326,33.32029],[130.3353,33.31124],[130.34163,33.31125],[130.33793,33.32123]]],[[[130.33326,33.32029],[130.32666,33.31949],[130.32578,33.31745],[130.3321,33.30965],[130.3353,33.31124],[130.33326,33.32029]]],[[[130.32186,33.31826],[130.32172,33.31276],[130.328,33.31247],[130.32663,33.31933],[130.32186,33.31826]]],[[[130.32186,33.31826],[130.31759,33.31695],[130.3192,33.31687],[130.31594,33.31454],[130.3163,33.31218],[130.32296,33.31128],[130.32186,33.31826]]],[[[130.31129,33.31479],[130.31,33.31137],[130.3169,33.30869],[130.31594,33.31454],[130.3192,33.31687],[130.31129,33.31479]]]]}},{"type":"Feature","properties":{"vid":"K64G01S00046","name":"川久保村","reading":"かわくぼ","gun":"佐賀郡","domains":["saga"],"isShared":false,"shared":[]},"geometry":{"type":"MultiPolygon","coordinates":[[[[130.33475,33.34542],[130.32925,33.34216],[130.32457,33.34294],[130.32269,33.34051],[130.32773,33.33334],[130.33728,33.33274],[130.33475,33.34542]]],[[[130.33728,33.33274],[130.32699,33.33411],[130.32595,33.32818],[130.33648,33.32948],[130.33728,33.33274]]],[[[130.33663,33.32957],[130.32661,33.32643],[130.3285,33.32346],[130.33071,33.32511],[130.33175,33.32243],[130.33393,33.32274],[130.33437,33.32045],[130.33793,33.32123],[130.33663,33.32957]]],[[[130.30724,33.35581],[130.31313,33.35455],[130.32221,33.34407],[130.32657,33.3422],[130.33439,33.34498],[130.33422,33.3495],[130.33751,33.35344],[130.33204,33.35498],[130.32679,33.36067],[130.3187,33.35848],[130.31488,33.36082],[130.30724,33.35581]]],[[[130.31392,33.31697],[130.31213,33.31572],[130.33437,33.32045],[130.33393,33.32274],[130.33175,33.32243],[130.33071,33.32511],[130.3285,33.32346],[130.32726,33.32811],[130.3242,33.32815],[130.32228,33.32054],[130.31392,33.31697]]],[[[130.31257,33.34047],[130.32024,33.33908],[130.32387,33.33163],[130.32188,33.32665],[130.32574,33.32725],[130.32744,33.33427],[130.32269,33.34051],[130.32457,33.34294],[130.31726,33.35095],[130.30987,33.3475],[130.31257,33.34047]]],[[[130.31228,33.33843],[130.3139,33.33617],[130.31186,33.3299],[130.31493,33.32545],[130.31392,33.31697],[130.32249,33.32081],[130.32387,33.33163],[130.31989,33.33941],[130.31257,33.34047],[130.31228,33.33843]]]]}},{"type":"Feature","properties":{"vid":"K64G01S00047","name":"薬師丸村","reading":"やくしまる","gun":"佐賀郡","domains":["saga"],"isShared":false,"shared":[]},"geometry":{"type":"MultiPolygon","coordinates":[[[[130.31378,33.29228],[130.31938,33.29122],[130.31961,33.29611],[130.31819,33.30318],[130.31222,33.30459],[130.31378,33.29228]]],[[[130.31938,33.29122],[130.33185,33.29226],[130.33138,33.29499],[130.33578,33.29581],[130.33568,33.29762],[130.31961,33.2957],[130.31938,33.29122]]],[[[130.31961,33.2957],[130.32703,33.29671],[130.32427,33.3035],[130.31819,33.30318],[130.31961,33.2957]]]]}},{"type":"Feature","properties":{"vid":"K64G01S00048","name":"千布村","reading":"ちふ","gun":"佐賀郡","domains":["saga"],"isShared":false,"shared":[]},"geometry":{"type":"MultiPolygon","coordinates":[[[[130.31036,33.30414],[130.30865,33.30729],[130.31012,33.31206],[130.30342,33.31157],[130.30536,33.3033],[130.31036,33.30414]]],[[[130.31417,33.29519],[130.31142,33.30987],[130.30887,33.31002],[130.31417,33.29519]]],[[[130.31032,33.2929],[130.31378,33.29228],[130.31436,33.29429],[130.31036,33.30414],[130.30536,33.3033],[130.30243,33.30706],[130.2957,33.30151],[130.29793,33.29178],[130.31032,33.2929]]],[[[130.30483,33.30556],[130.30291,33.31382],[130.29807,33.31346],[130.2986,33.30473],[130.30187,33.3047],[130.30243,33.30706],[130.30483,33.30556]]],[[[130.2957,33.30151],[130.29916,33.30559],[130.29807,33.31346],[130.29398,33.31302],[130.29322,33.3109],[130.29282,33.30618],[130.2957,33.30151]]]]}},{"type":"Feature","properties":{"vid":"K64G01S00049","name":"金立村","reading":"きんりゅう","gun":"佐賀郡","domains":["saga"],"isShared":false,"shared":[]},"geometry":{"type":"MultiPolygon","coordinates":[[[[130.30817,33.32658],[130.31333,33.32758],[130.31271,33.33836],[130.30865,33.33551],[130.30473,33.32473],[130.30817,33.32658]]],[[[130.30168,33.32463],[130.30171,33.33535],[130.31291,33.35462],[130.31116,33.35587],[130.30724,33.35581],[130.30651,33.34865],[130.30318,33.34652],[130.29168,33.34604],[130.2844,33.34298],[130.2875,33.33887],[130.29669,33.33515],[130.29514,33.32752],[130.30168,33.32463]]],[[[130.30168,33.32463],[130.30787,33.31414],[130.31081,33.31406],[130.30817,33.32658],[130.30473,33.32593],[130.31257,33.34047],[130.30626,33.34344],[130.30171,33.33535],[130.30168,33.32463]]],[[[130.30817,33.32658],[130.31129,33.31479],[130.3144,33.31772],[130.31493,33.32545],[130.30817,33.32658]]],[[[130.31291,33.35462],[130.30626,33.34344],[130.31257,33.34047],[130.30987,33.3475],[130.31686,33.35083],[130.31291,33.35462]]],[[[130.29807,33.31346],[130.30291,33.31382],[130.30113,33.3206],[130.2962,33.31881],[130.29807,33.31346]]],[[[130.30168,33.32463],[130.29582,33.32633],[130.29765,33.31966],[130.30395,33.32122],[130.30168,33.32463]]],[[[130.29582,33.32633],[130.29207,33.32897],[130.29298,33.32088],[130.29557,33.31843],[130.29804,33.32196],[130.29582,33.32633]]],[[[130.31081,33.31406],[130.30787,33.31414],[130.30395,33.32122],[130.30123,33.31927],[130.30353,33.31149],[130.31012,33.31206],[130.31081,33.31406]]]]}},{"type":"Feature","properties":{"vid":"K64G01S00050","name":"久池井村","reading":"くちい","gun":"佐賀郡","domains":["saga"],"isShared":false,"shared":[]},"geometry":{"type":"MultiPolygon","coordinates":[[[[130.27617,33.31559],[130.28091,33.31517],[130.28097,33.32063],[130.27568,33.31907],[130.27617,33.31559]]],[[[130.27569,33.31833],[130.2779,33.31986],[130.2757,33.32534],[130.27201,33.32528],[130.27066,33.32304],[130.27569,33.31833]]],[[[130.29346,33.30083],[130.2957,33.30151],[130.29282,33.30618],[130.29283,33.3129],[130.28986,33.30582],[130.29346,33.30083]]],[[[130.2779,33.31986],[130.28418,33.32402],[130.28644,33.32889],[130.27852,33.33486],[130.27826,33.344],[130.27395,33.34433],[130.27173,33.34192],[130.27757,33.33338],[130.27541,33.32236],[130.2779,33.31986]]],[[[130.28091,33.31517],[130.28961,33.31619],[130.29055,33.32259],[130.28565,33.32404],[130.28076,33.32231],[130.28091,33.31517]]],[[[130.29087,33.33912],[130.28826,33.3384],[130.2844,33.34298],[130.27804,33.34362],[130.27852,33.33486],[130.28644,33.32889],[130.28187,33.32337],[130.28996,33.32302],[130.29087,33.33912]]],[[[130.2951,33.328],[130.29724,33.33375],[130.29087,33.33912],[130.2894,33.3235],[130.29106,33.31249],[130.29543,33.31427],[130.29632,33.31845],[130.29298,33.32088],[130.29195,33.32573],[130.29207,33.32897],[130.2951,33.328]]],[[[130.29807,33.31346],[130.29627,33.31855],[130.29426,33.31311],[130.29807,33.31346]]],[[[130.26969,33.32205],[130.27201,33.32528],[130.2757,33.32534],[130.27671,33.33063],[130.26906,33.32473],[130.26969,33.32205]]]]}},{"type":"Feature","properties":{"vid":"K64G01S00051","name":"梅野村","reading":"うめの","gun":"佐賀郡","domains":["saga"],"isShared":false,"shared":[]},"geometry":{"type":"MultiPolygon","coordinates":[[[[130.2844,33.34298],[130.28707,33.34374],[130.28445,33.34914],[130.28688,33.36043],[130.28314,33.36156],[130.26686,33.34733],[130.2844,33.34298]]],[[[130.28707,33.34374],[130.30318,33.34652],[130.30454,33.35212],[130.29841,33.35733],[130.28688,33.35916],[130.28445,33.34914],[130.28707,33.34374]]],[[[130.2538,33.36156],[130.24878,33.35592],[130.24742,33.35101],[130.24914,33.34856],[130.26485,33.35221],[130.2654,33.35533],[130.2538,33.36156]]],[[[130.27672,33.36309],[130.26581,33.35614],[130.26686,33.34733],[130.28178,33.36025],[130.27672,33.36309]]],[[[130.26513,33.36656],[130.25988,33.36336],[130.26566,33.35574],[130.27511,33.36211],[130.26513,33.36656]]],[[[130.25597,33.36393],[130.25367,33.36278],[130.25445,33.36052],[130.2656,33.35546],[130.25984,33.3642],[130.25597,33.36393]]],[[[130.26686,33.34733],[130.26485,33.35221],[130.25078,33.34993],[130.24781,33.34357],[130.25563,33.34196],[130.26686,33.34733]]],[[[130.27217,33.34155],[130.2738,33.34416],[130.26686,33.34733],[130.25563,33.34196],[130.26545,33.33108],[130.27208,33.33642],[130.27217,33.34155]]],[[[130.27671,33.33063],[130.27748,33.33362],[130.27217,33.34155],[130.27208,33.33642],[130.26545,33.33108],[130.26786,33.33007],[130.26906,33.32473],[130.27671,33.33063]]]]}},{"type":"Feature","properties":{"vid":"K64G01S00052","name":"小副川村","reading":"おそえがわ","gun":"佐賀郡","domains":["saga"],"isShared":false,"shared":[]},"geometry":{"type":"MultiPolygon","coordinates":[[[[130.24992,33.38603],[130.25517,33.38849],[130.25872,33.39351],[130.2497,33.39757],[130.24801,33.40113],[130.24945,33.40523],[130.23859,33.40008],[130.23864,33.38819],[130.2415,33.38596],[130.24992,33.38603]]],[[[130.25872,33.39351],[130.26669,33.40143],[130.25794,33.40769],[130.25037,33.40625],[130.24868,33.3989],[130.25872,33.39351]]],[[[130.24734,33.37643],[130.24976,33.3795],[130.24921,33.38668],[130.24113,33.38605],[130.23198,33.39291],[130.22462,33.38801],[130.22344,33.38434],[130.23268,33.38043],[130.23239,33.37486],[130.24734,33.37643]]],[[[130.22462,33.38801],[130.21691,33.38946],[130.20549,33.36733],[130.21726,33.36357],[130.2238,33.37476],[130.23239,33.37486],[130.23268,33.38043],[130.22344,33.38434],[130.22462,33.38801]]],[[[130.24931,33.36435],[130.24734,33.37643],[130.23761,33.37405],[130.22471,33.37518],[130.22108,33.37231],[130.21726,33.36357],[130.2201,33.36214],[130.22438,33.36571],[130.23593,33.36388],[130.2419,33.36648],[130.24381,33.36297],[130.24931,33.36435]]]]}},{"type":"Feature","properties":{"vid":"K64G01S00053","name":"松瀬村","reading":"まつせ","gun":"佐賀郡","domains":["saga"],"isShared":false,"shared":[]},"geometry":{"type":"MultiPolygon","coordinates":[[[[130.25597,33.36393],[130.25329,33.37199],[130.2487,33.37528],[130.24931,33.36435],[130.25292,33.3595],[130.25597,33.36393]]],[[[130.25597,33.36393],[130.26561,33.36703],[130.2615,33.37526],[130.25586,33.37421],[130.25758,33.36915],[130.25597,33.36393]]],[[[130.27606,33.38226],[130.26923,33.37934],[130.27064,33.36993],[130.27683,33.37223],[130.27921,33.3771],[130.28004,33.38199],[130.27688,33.38049],[130.27606,33.38226]]],[[[130.2487,33.37528],[130.25329,33.37199],[130.25551,33.36493],[130.25695,33.36592],[130.25565,33.37355],[130.25772,33.37878],[130.25426,33.38228],[130.2558,33.3891],[130.24942,33.38594],[130.2487,33.37528]]],[[[130.25632,33.37471],[130.27349,33.38004],[130.27651,33.38465],[130.27372,33.38705],[130.25741,33.38561],[130.25619,33.38795],[130.25426,33.38228],[130.25772,33.37878],[130.25632,33.37471]]],[[[130.2558,33.3891],[130.25741,33.38561],[130.26025,33.38527],[130.27372,33.38705],[130.27757,33.40012],[130.27296,33.40364],[130.26916,33.40352],[130.26351,33.40025],[130.26286,33.39643],[130.2558,33.3891]]],[[[130.2615,33.37526],[130.26513,33.36656],[130.27064,33.36396],[130.26923,33.37934],[130.2615,33.37526]]],[[[130.27151,33.36983],[130.271,33.36337],[130.27511,33.36211],[130.28138,33.36403],[130.2822,33.37967],[130.28045,33.38071],[130.27683,33.37223],[130.27151,33.36983]]],[[[130.2822,33.37967],[130.28144,33.36418],[130.27672,33.36309],[130.28099,33.36035],[130.28365,33.37228],[130.28669,33.37584],[130.28628,33.3795],[130.2822,33.37967]]]]}},{"type":"Feature","properties":{"vid":"K64G01S00054","name":"関屋村","reading":"せきや","gun":"佐賀郡","domains":["saga"],"isShared":false,"shared":[]},"geometry":{"type":"MultiPolygon","coordinates":[[[[130.25274,33.43275],[130.2301,33.43345],[130.22421,33.42799],[130.23768,33.42277],[130.24678,33.41395],[130.24675,33.42086],[130.2518,33.42623],[130.25274,33.43275]]],[[[130.24678,33.41395],[130.24088,33.41815],[130.22853,33.41919],[130.22675,33.41411],[130.23039,33.40848],[130.23504,33.40661],[130.23811,33.40007],[130.25012,33.40529],[130.24678,33.41395]]],[[[130.24088,33.41815],[130.23768,33.42277],[130.22421,33.42799],[130.21492,33.41217],[130.21398,33.4059],[130.2201,33.40406],[130.22355,33.40755],[130.22563,33.40503],[130.22985,33.40781],[130.22679,33.41369],[130.22815,33.41911],[130.24088,33.41815]]],[[[130.23859,33.40008],[130.23304,33.40843],[130.22563,33.40503],[130.22355,33.40755],[130.2201,33.40406],[130.22445,33.39819],[130.21967,33.39523],[130.21927,33.38999],[130.22462,33.38801],[130.23198,33.39291],[130.2384,33.38778],[130.24002,33.39359],[130.23859,33.40008]]]]}},{"type":"Feature","properties":{"vid":"K64G01S00055","name":"福富村","reading":"ふくどみ","gun":"佐賀郡","domains":["saga"],"isShared":false,"shared":[]},"geometry":{"type":"MultiPolygon","coordinates":[[[[130.33204,33.23101],[130.3245,33.23035],[130.32395,33.22365],[130.33257,33.22396],[130.33204,33.23101]]],[[[130.33328,33.21829],[130.33257,33.22396],[130.32395,33.22365],[130.32061,33.21097],[130.32293,33.21393],[130.33019,33.21418],[130.33,33.21804],[130.33328,33.21829]]],[[[130.33436,33.21218],[130.33328,33.21829],[130.33,33.21804],[130.33019,33.21418],[130.32293,33.21393],[130.3224,33.21094],[130.33061,33.20948],[130.33436,33.21218]]]]}},{"type":"Feature","properties":{"vid":"K64G01S00056","name":"小々森村","reading":"こごもり","gun":"佐賀郡","domains":["saga"],"isShared":false,"shared":[]},"geometry":{"type":"MultiPolygon","coordinates":[[[[130.31375,33.20163],[130.32208,33.20445],[130.31063,33.20457],[130.31059,33.20122],[130.31375,33.20163]]],[[[130.30332,33.20034],[130.31059,33.20122],[130.31063,33.20457],[130.3035,33.20477],[130.30332,33.20034]]],[[[130.30091,33.19703],[130.29586,33.18489],[130.29977,33.18296],[130.30401,33.18347],[130.30892,33.1962],[130.30091,33.19703]]],[[[130.29612,33.18558],[130.30084,33.19616],[130.29646,33.19894],[130.29427,33.18612],[130.29612,33.18558]]],[[[130.29375,33.18034],[130.29612,33.18558],[130.29427,33.18612],[130.29574,33.20062],[130.29045,33.18514],[130.29087,33.17635],[130.29375,33.18034]]],[[[130.30091,33.19703],[130.30062,33.20014],[130.29551,33.19957],[130.29916,33.19813],[130.29902,33.196],[130.30091,33.19703]]],[[[130.30062,33.20014],[130.30332,33.20034],[130.3035,33.20477],[130.29609,33.20435],[130.29416,33.19974],[130.30062,33.20014]]],[[[130.28543,33.16076],[130.29565,33.17638],[130.29375,33.18034],[130.29087,33.17635],[130.29045,33.18514],[130.27728,33.1667],[130.28543,33.16076]]]]}},{"type":"Feature","properties":{"vid":"K64G01S00057","name":"犬井道村","reading":"いぬいどう","gun":"佐賀郡","domains":["saga"],"isShared":false,"shared":[]},"geometry":{"type":"MultiPolygon","coordinates":[[[[130.32255,33.18285],[130.31798,33.18412],[130.32012,33.18178],[130.32255,33.18285]]],[[[130.3249,33.162],[130.32093,33.16668],[130.32265,33.17436],[130.31463,33.1798],[130.31439,33.17729],[130.30928,33.17865],[130.30706,33.17613],[130.29678,33.15752],[130.30775,33.15323],[130.32329,33.15109],[130.32439,33.15637],[130.32866,33.16007],[130.3249,33.162]]],[[[130.32061,33.17736],[130.31898,33.18382],[130.31565,33.17939],[130.32061,33.17736]]],[[[130.31898,33.18382],[130.31467,33.18209],[130.31812,33.18151],[130.31898,33.18382]]],[[[130.31574,33.18273],[130.31779,33.18417],[130.31525,33.18503],[130.31574,33.18273]]],[[[130.30928,33.17865],[130.31439,33.17729],[130.31525,33.18503],[130.30954,33.18613],[130.30928,33.17865]]],[[[130.32022,33.18737],[130.32024,33.18764],[130.32001,33.18766],[130.31996,33.1871],[130.3199,33.18708],[130.3198,33.18709],[130.3191,33.18713],[130.31902,33.18667],[130.31898,33.18625],[130.31896,33.18607],[130.3193,33.18606],[130.31929,33.18599],[130.31924,33.18599],[130.31922,33.18595],[130.31896,33.18597],[130.31889,33.1852],[130.31891,33.18486],[130.31935,33.18481],[130.31933,33.18465],[130.31937,33.1846],[130.31958,33.1846],[130.32012,33.18457],[130.32013,33.18521],[130.31992,33.18521],[130.3199,33.18523],[130.31984,33.18524],[130.31989,33.18575],[130.32013,33.18574],[130.32013,33.18588],[130.31998,33.18588],[130.31996,33.18577],[130.31984,33.18577],[130.31987,33.18626],[130.32001,33.18626],[130.32,33.18599],[130.32016,33.18599],[130.32021,33.18667],[130.32017,33.1867],[130.32018,33.18684],[130.32022,33.18737]]],[[[130.31798,33.18412],[130.31803,33.18421],[130.31812,33.18445],[130.31817,33.18451],[130.31828,33.18452],[130.31887,33.18448],[130.31891,33.18486],[130.31889,33.1852],[130.31836,33.18525],[130.31778,33.18527],[130.31782,33.1856],[130.31784,33.18581],[130.31785,33.186],[130.31753,33.18603],[130.31752,33.18597],[130.31726,33.18597],[130.31732,33.18635],[130.31698,33.18637],[130.31695,33.1863],[130.31673,33.18632],[130.31669,33.18609],[130.31661,33.18572],[130.31597,33.18578],[130.31557,33.18585],[130.31543,33.18501],[130.31649,33.18486],[130.3164,33.1842],[130.31681,33.18428],[130.31725,33.18429],[130.31757,33.18425],[130.31779,33.18417],[130.31798,33.18412]]],[[[130.31889,33.1852],[130.32001,33.18766],[130.31735,33.18656],[130.31889,33.1852]]],[[[130.3183,33.18795],[130.31719,33.19075],[130.31121,33.18873],[130.3183,33.18795]]],[[[130.31748,33.18656],[130.3183,33.18795],[130.31406,33.18943],[130.31748,33.18656]]],[[[130.31525,33.18503],[130.31742,33.18733],[130.31099,33.18882],[130.31176,33.18446],[130.31525,33.18503]]],[[[130.32702,33.18508],[130.32165,33.18945],[130.32229,33.18429],[130.32702,33.18508]]],[[[130.32165,33.18945],[130.32131,33.18945],[130.32128,33.18888],[130.32106,33.18888],[130.32107,33.18912],[130.32077,33.18913],[130.32077,33.18917],[130.3206,33.18917],[130.3206,33.18928],[130.32047,33.18922],[130.32033,33.18923],[130.32033,33.18925],[130.32015,33.18925],[130.32013,33.18886],[130.31984,33.18887],[130.31983,33.18842],[130.31996,33.18837],[130.31995,33.18821],[130.32025,33.18818],[130.32024,33.18764],[130.32022,33.18737],[130.32064,33.18737],[130.32064,33.18743],[130.32082,33.18743],[130.32082,33.18737],[130.32094,33.18737],[130.32104,33.18738],[130.32128,33.18738],[130.32129,33.18747],[130.32162,33.18748],[130.32161,33.18778],[130.32161,33.18797],[130.32134,33.18797],[130.32134,33.18812],[130.32141,33.1881],[130.32161,33.1881],[130.32162,33.18886],[130.32165,33.18945]]],[[[130.32227,33.18642],[130.32227,33.1868],[130.32238,33.18679],[130.32238,33.18699],[130.32239,33.18713],[130.3224,33.1874],[130.32224,33.18741],[130.32225,33.18753],[130.32208,33.18752],[130.32206,33.18756],[130.32207,33.18781],[130.32191,33.1878],[130.32191,33.18787],[130.32181,33.18787],[130.32182,33.18778],[130.32161,33.18778],[130.32162,33.18748],[130.32129,33.18747],[130.32128,33.18738],[130.32104,33.18738],[130.32094,33.18737],[130.32082,33.18737],[130.32082,33.18743],[130.32064,33.18743],[130.32064,33.18737],[130.32022,33.18737],[130.32018,33.18684],[130.32049,33.18684],[130.32049,33.18678],[130.3206,33.18678],[130.3206,33.18668],[130.32069,33.18668],[130.3207,33.18651],[130.32064,33.18651],[130.32065,33.1863],[130.32044,33.1863],[130.32044,33.18617],[130.32064,33.18616],[130.32065,33.18604],[130.32087,33.18605],[130.32088,33.18625],[130.32148,33.18621],[130.32149,33.18633],[130.32154,33.18644],[130.32181,33.1863],[130.32195,33.18632],[130.32197,33.18641],[130.32227,33.18642]]],[[[130.32227,33.18642],[130.31984,33.18524],[130.32269,33.18285],[130.32227,33.18642]]],[[[130.32702,33.18508],[130.32244,33.18427],[130.32363,33.17538],[130.32735,33.17782],[130.32702,33.18508]]],[[[130.32265,33.17436],[130.32262,33.18131],[130.32012,33.18178],[130.32027,33.17587],[130.32265,33.17436]]],[[[130.32676,33.19172],[130.32167,33.19058],[130.32331,33.18669],[130.32696,33.1868],[130.32676,33.19172]]]]}},{"type":"Feature","properties":{"vid":"K64G01S00058","name":"早津江村","reading":"はやつえ","gun":"佐賀郡","domains":["saga"],"isShared":false,"shared":[]},"geometry":{"type":"MultiPolygon","coordinates":[[[[130.33975,33.19652],[130.33545,33.19707],[130.33187,33.19371],[130.33,33.18526],[130.33914,33.18333],[130.33975,33.19652]]],[[[130.33441,33.21064],[130.32851,33.20945],[130.32876,33.203],[130.33517,33.20503],[130.33312,33.20659],[130.33441,33.21064]]],[[[130.33517,33.20503],[130.3304,33.20305],[130.33178,33.19677],[130.33975,33.19652],[130.33734,33.19761],[130.33517,33.20503]]],[[[130.3304,33.20305],[130.32647,33.20365],[130.32676,33.19172],[130.33182,33.19188],[130.33504,33.19641],[130.33178,33.19677],[130.3304,33.20305]]],[[[130.33182,33.19188],[130.32676,33.19172],[130.32735,33.17782],[130.33914,33.18333],[130.33,33.18526],[130.33182,33.19188]]],[[[130.33975,33.21183],[130.33436,33.21218],[130.33358,33.20733],[130.33825,33.20925],[130.34051,33.20646],[130.34269,33.20828],[130.33975,33.21183]]]]}},{"type":"Feature","properties":{"vid":"K64G01S00059","name":"大詫間村","reading":"おおだくま","gun":"佐賀郡","domains":["saga"],"isShared":false,"shared":[]},"geometry":{"type":"MultiPolygon","coordinates":[[[[130.3443,33.17882],[130.35269,33.17837],[130.35312,33.18046],[130.34225,33.18391],[130.3443,33.17882]]],[[[130.3443,33.17882],[130.34274,33.18367],[130.34137,33.17882],[130.3443,33.17882]]],[[[130.34137,33.17882],[130.34133,33.18347],[130.33935,33.18156],[130.34075,33.179],[130.33711,33.1759],[130.34137,33.17882]]],[[[130.33914,33.18333],[130.32653,33.17746],[130.32725,33.17385],[130.33966,33.17787],[130.33935,33.18156],[130.34225,33.18391],[130.34706,33.1828],[130.34216,33.18844],[130.33914,33.18333]]],[[[130.3443,33.17882],[130.34109,33.17134],[130.32364,33.16949],[130.32148,33.17178],[130.32195,33.16446],[130.3249,33.162],[130.34206,33.16551],[130.34112,33.16705],[130.34549,33.17185],[130.34336,33.17267],[130.34653,33.17555],[130.3443,33.17882]]],[[[130.34372,33.1784],[130.343,33.17854],[130.34287,33.1779],[130.34301,33.17787],[130.34298,33.17766],[130.343,33.17766],[130.34297,33.17748],[130.34305,33.17747],[130.34298,33.17724],[130.34307,33.17722],[130.34302,33.17695],[130.34291,33.17698],[130.34289,33.17679],[130.34284,33.17646],[130.34298,33.17645],[130.34316,33.1764],[130.34336,33.17632],[130.34359,33.1762],[130.34352,33.17605],[130.34376,33.17596],[130.34384,33.17609],[130.34389,33.17609],[130.34399,33.17614],[130.34408,33.17621],[130.34425,33.17639],[130.34418,33.17657],[130.34402,33.17711],[130.34405,33.17744],[130.34407,33.17787],[130.34413,33.17831],[130.34372,33.1784]]],[[[130.343,33.17854],[130.33974,33.17725],[130.34284,33.17646],[130.343,33.17854]]],[[[130.34132,33.17186],[130.34376,33.17596],[130.34085,33.17729],[130.34132,33.17186]]],[[[130.33974,33.17725],[130.32725,33.17385],[130.32653,33.17746],[130.32148,33.17178],[130.32364,33.16949],[130.34109,33.17134],[130.34168,33.17681],[130.33974,33.17725]]],[[[130.35269,33.17837],[130.34606,33.17871],[130.34206,33.16551],[130.3249,33.162],[130.33531,33.15393],[130.33548,33.14704],[130.32954,33.14295],[130.35578,33.14036],[130.35269,33.17837]]]]}},{"type":"Feature","properties":{"vid":"K64G01S00060","name":"西古賀村","reading":"にしこが","gun":"佐賀郡","domains":["saga"],"isShared":false,"shared":[]},"geometry":{"type":"MultiPolygon","coordinates":[[[[130.3224,33.21094],[130.31933,33.20955],[130.30822,33.21231],[130.31065,33.21051],[130.31063,33.20457],[130.3184,33.20446],[130.32255,33.20928],[130.32603,33.20944],[130.3224,33.21094]]],[[[130.32851,33.20945],[130.32581,33.21108],[130.3184,33.20446],[130.32874,33.20396],[130.32851,33.20945]]],[[[130.31063,33.20457],[130.31065,33.21051],[130.30204,33.21057],[130.29933,33.20817],[130.30073,33.20487],[130.31063,33.20457]]],[[[130.29609,33.20435],[130.29848,33.20365],[130.30075,33.20668],[130.29805,33.20789],[130.29609,33.20435]]],[[[130.30822,33.21231],[130.30404,33.21292],[130.30068,33.21004],[130.3082,33.21051],[130.30822,33.21231]]]]}},{"type":"Feature","properties":{"vid":"K64G01S00061","name":"早津江村","reading":"はやつえ","gun":"佐賀郡","domains":["saga"],"isShared":false,"shared":[]},"geometry":{"type":"Polygon","coordinates":[[[130.34051,33.20646],[130.33825,33.20925],[130.33312,33.20659],[130.33716,33.202],[130.33734,33.19761],[130.33965,33.19751],[130.34051,33.20646]]]}},{"type":"Feature","properties":{"vid":"K64G01S00062","name":"鹿江村","reading":"かのえ","gun":"佐賀郡","domains":["saga"],"isShared":false,"shared":[]},"geometry":{"type":"MultiPolygon","coordinates":[[[[130.31121,33.18873],[130.31309,33.19011],[130.30682,33.19236],[130.3054,33.18922],[130.31121,33.18873]]],[[[130.32676,33.19172],[130.32666,33.19452],[130.31506,33.19476],[130.31375,33.20163],[130.31214,33.19735],[130.31499,33.19436],[130.31469,33.18987],[130.31719,33.19075],[130.31697,33.18856],[130.32024,33.18764],[130.32167,33.19058],[130.32676,33.19172]]],[[[130.31214,33.19735],[130.31375,33.20163],[130.30062,33.20014],[130.30091,33.19703],[130.30852,33.19766],[130.30978,33.1954],[130.31214,33.19735]]],[[[130.31469,33.18987],[130.31344,33.19732],[130.3088,33.19593],[130.30682,33.19236],[130.31469,33.18987]]],[[[130.32646,33.20096],[130.31582,33.19822],[130.31506,33.19476],[130.32666,33.19452],[130.32646,33.20096]]],[[[130.32646,33.20096],[130.32647,33.20365],[130.32036,33.20282],[130.32057,33.20054],[130.32646,33.20096]]],[[[130.31413,33.20167],[130.31438,33.19841],[130.31931,33.19765],[130.32106,33.20155],[130.31413,33.20167]]],[[[130.30824,33.18256],[130.31165,33.18791],[130.3054,33.18922],[130.30401,33.18347],[130.29977,33.18296],[130.30824,33.18256]]],[[[130.29678,33.15752],[130.31065,33.1822],[130.29586,33.18489],[130.29375,33.18034],[130.29565,33.17638],[130.28617,33.16188],[130.29678,33.15752]]]]}},{"type":"Feature","properties":{"vid":"K64G01S00063","name":"下古賀村","reading":"しもこが","gun":"佐賀郡","domains":["saga"],"isShared":false,"shared":[]},"geometry":{"type":"MultiPolygon","coordinates":[[[[130.27858,33.16889],[130.28531,33.18254],[130.27791,33.18625],[130.26991,33.17388],[130.27858,33.16889]]],[[[130.29801,33.22402],[130.29863,33.21911],[130.30238,33.21831],[130.30133,33.21421],[130.30309,33.21371],[130.30989,33.22436],[130.30429,33.22183],[130.29801,33.22402]]],[[[130.29777,33.22113],[130.29405,33.21911],[130.29491,33.21592],[130.30133,33.21421],[130.30238,33.21831],[130.29777,33.22113]]],[[[130.30147,33.21184],[130.30309,33.21371],[130.29432,33.21413],[130.29306,33.20964],[130.30007,33.20873],[130.30147,33.21184]]],[[[130.29799,33.21459],[130.2909,33.21642],[130.28974,33.21018],[130.28742,33.20873],[130.28904,33.20559],[130.29204,33.20508],[130.29432,33.21413],[130.29799,33.21459]]],[[[130.29381,33.19824],[130.2998,33.20897],[130.29306,33.20964],[130.29073,33.19994],[130.29381,33.19824]]],[[[130.2919,33.20511],[130.28904,33.20559],[130.28835,33.19982],[130.29073,33.19994],[130.2919,33.20511]]],[[[130.29123,33.18635],[130.29443,33.19418],[130.29083,33.19417],[130.28938,33.18823],[130.29123,33.18635]]],[[[130.29045,33.18514],[130.29083,33.19417],[130.29443,33.19418],[130.29132,33.19995],[130.28735,33.19909],[130.28642,33.1916],[130.28824,33.19101],[130.28128,33.1909],[130.27791,33.18625],[130.28531,33.18254],[130.28472,33.17943],[130.29045,33.18514]]],[[[130.29405,33.21911],[130.2909,33.21642],[130.29491,33.21592],[130.29405,33.21911]]]]}},{"type":"Feature","properties":{"vid":"K64G01S00064","name":"田中村","reading":"たなか","gun":"佐賀郡","domains":["saga"],"isShared":false,"shared":[]},"geometry":{"type":"MultiPolygon","coordinates":[[[[130.27791,33.18625],[130.28144,33.19119],[130.2828,33.19937],[130.27767,33.20309],[130.27395,33.19392],[130.27073,33.19436],[130.26835,33.19114],[130.27791,33.18625]]],[[[130.27791,33.18625],[130.26835,33.19114],[130.26028,33.17982],[130.26991,33.17388],[130.27791,33.18625]]],[[[130.28128,33.1909],[130.28824,33.19101],[130.28642,33.1916],[130.28746,33.19987],[130.28587,33.20122],[130.28258,33.20028],[130.28128,33.1909]]],[[[130.28398,33.20126],[130.285,33.20616],[130.2769,33.20718],[130.27625,33.20327],[130.28062,33.20271],[130.28162,33.19941],[130.28398,33.20126]]],[[[130.29116,33.21784],[130.28673,33.21811],[130.2856,33.21183],[130.28974,33.21018],[130.29116,33.21784]]],[[[130.28904,33.20559],[130.28837,33.21169],[130.2856,33.21183],[130.28398,33.20126],[130.28735,33.19909],[130.28904,33.20559]]]]}},{"type":"Feature","properties":{"vid":"K64G01S00065","name":"飯盛村","reading":"いさがい","gun":"佐賀郡","domains":["saga"],"isShared":false,"shared":[]},"geometry":{"type":"MultiPolygon","coordinates":[[[[130.26835,33.19114],[130.26301,33.19803],[130.25533,33.18599],[130.26028,33.17982],[130.26835,33.19114]]],[[[130.27799,33.21818],[130.27828,33.21359],[130.28239,33.21313],[130.28342,33.21534],[130.28673,33.21437],[130.28752,33.22063],[130.2828,33.22313],[130.27799,33.21818]]],[[[130.27828,33.21359],[130.26894,33.20895],[130.285,33.20616],[130.28586,33.21536],[130.27828,33.21359]]],[[[130.26834,33.20751],[130.27018,33.20309],[130.26582,33.19439],[130.26835,33.19114],[130.27073,33.19436],[130.27395,33.19392],[130.27767,33.20309],[130.27534,33.2081],[130.26834,33.20751]]],[[[130.26834,33.20751],[130.26302,33.2058],[130.2591,33.19713],[130.25535,33.19728],[130.25141,33.19031],[130.25533,33.18599],[130.26301,33.19803],[130.26582,33.19439],[130.26811,33.1975],[130.27018,33.20309],[130.26834,33.20751]]]]}},{"type":"Feature","properties":{"vid":"K64G01S00066","name":"高太郎村","reading":"たかたろう","gun":"佐賀郡","domains":["saga"],"isShared":false,"shared":[]},"geometry":{"type":"Polygon","coordinates":[[[130.26562,33.2217],[130.26693,33.22256],[130.26736,33.21896],[130.2723,33.21801],[130.27312,33.22092],[130.27716,33.22014],[130.27897,33.22858],[130.26668,33.22969],[130.26562,33.2217]]]}},{"type":"Feature","properties":{"vid":"K64G01S00067","name":"相応村","reading":"そうおう","gun":"佐賀郡","domains":["saga"],"isShared":false,"shared":[]},"geometry":{"type":"MultiPolygon","coordinates":[[[[130.26562,33.2217],[130.26259,33.21906],[130.26695,33.21951],[130.26693,33.22256],[130.26562,33.2217]]],[[[130.26985,33.21845],[130.26637,33.2084],[130.26834,33.20751],[130.27933,33.21512],[130.27704,33.21639],[130.27779,33.21836],[130.26985,33.21845]]],[[[130.26562,33.2217],[130.26264,33.22113],[130.25998,33.22383],[130.25838,33.21095],[130.2546,33.20833],[130.25645,33.20668],[130.26045,33.20514],[130.2682,33.20659],[130.26637,33.2084],[130.26985,33.21845],[130.2666,33.22061],[130.26259,33.21906],[130.26562,33.2217]]]]}},{"type":"Feature","properties":{"vid":"K64G01S00068","name":"末次村","reading":"すえつぐ","gun":"佐賀郡","domains":["saga"],"isShared":false,"shared":[]},"geometry":{"type":"MultiPolygon","coordinates":[[[[130.30616,33.22838],[130.30204,33.22824],[130.30223,33.22207],[130.30989,33.22436],[130.31068,33.22662],[130.30616,33.22838]]],[[[130.29915,33.22992],[130.29801,33.22402],[130.30229,33.22325],[130.30204,33.22824],[130.30609,33.22929],[130.29915,33.22992]]],[[[130.29917,33.23676],[130.29635,33.23426],[130.29705,33.23176],[130.30451,33.22935],[130.3061,33.2347],[130.29917,33.23676]]],[[[130.31121,33.22803],[130.3108,33.23604],[130.30471,33.23365],[130.30619,33.22742],[130.31121,33.22803]]]]}},{"type":"Feature","properties":{"vid":"K64G01S00069","name":"鹿子村","reading":"かのこ","gun":"佐賀郡","domains":["saga"],"isShared":false,"shared":[]},"geometry":{"type":"MultiPolygon","coordinates":[[[[130.29066,33.2231],[130.28623,33.22237],[130.28673,33.21811],[130.29611,33.22017],[130.2951,33.22296],[130.29066,33.2231]]],[[[130.27799,33.21818],[130.2828,33.22313],[130.28527,33.22058],[130.29066,33.2223],[130.29057,33.22792],[130.27896,33.2306],[130.27716,33.22014],[130.27312,33.22092],[130.27254,33.2189],[130.27799,33.21818]]],[[[130.29705,33.23176],[130.29054,33.22974],[130.29066,33.2231],[130.2951,33.22296],[130.29611,33.22017],[130.29922,33.229],[130.29705,33.23176]]]]}},{"type":"Feature","properties":{"vid":"K64G01S00070","name":"厘外村","reading":"りんげ","gun":"佐賀郡","domains":["saga"],"isShared":false,"shared":[]},"geometry":{"type":"MultiPolygon","coordinates":[[[[130.26668,33.22969],[130.27897,33.22858],[130.27979,33.23687],[130.27401,33.23865],[130.27355,33.23537],[130.26668,33.22969]]],[[[130.27734,33.23664],[130.27979,33.23687],[130.27896,33.2306],[130.28119,33.23063],[130.28273,33.23402],[130.28126,33.24287],[130.27734,33.23664]]],[[[130.28185,33.23244],[130.28119,33.23063],[130.28642,33.22781],[130.29748,33.23223],[130.28185,33.23244]]]]}},{"type":"Feature","properties":{"vid":"K64G01S00072","name":"厘外村","reading":"りんげ","gun":"佐賀郡","domains":["saga"],"isShared":false,"shared":[]},"geometry":{"type":"Polygon","coordinates":[[[130.281,33.24386],[130.27499,33.24281],[130.27163,33.23455],[130.27401,33.23865],[130.27734,33.23664],[130.281,33.24386]]]}},{"type":"Feature","properties":{"vid":"K64G01S00073","name":"八戸村","reading":"やえ","gun":"佐賀郡","domains":["saga"],"isShared":false,"shared":[]},"geometry":{"type":"MultiPolygon","coordinates":[[[[130.2629,33.25868],[130.264,33.24997],[130.26959,33.24958],[130.2683,33.25919],[130.2629,33.25868]]],[[[130.27817,33.25033],[130.27685,33.2518],[130.27933,33.25534],[130.27672,33.25534],[130.27701,33.25825],[130.27285,33.25787],[130.27333,33.2537],[130.26902,33.25254],[130.27436,33.24115],[130.28019,33.24448],[130.28115,33.24756],[130.27127,33.24619],[130.27912,33.24797],[130.27817,33.25033]]],[[[130.27701,33.25825],[130.27728,33.25999],[130.2683,33.25919],[130.26902,33.25254],[130.27333,33.2537],[130.27285,33.25787],[130.27701,33.25825]]]]}},{"type":"Feature","properties":{"vid":"K64G01S00074","name":"中原村","reading":"なかばる","gun":"佐賀郡","domains":["saga"],"isShared":false,"shared":[]},"geometry":{"type":"MultiPolygon","coordinates":[[[[130.264,33.24997],[130.26116,33.2498],[130.25797,33.24346],[130.26127,33.2447],[130.26182,33.24231],[130.26713,33.24249],[130.27159,33.24455],[130.26993,33.24941],[130.264,33.24997]]],[[[130.26675,33.23011],[130.27364,33.23657],[130.27432,33.24135],[130.27159,33.24455],[130.26511,33.24242],[130.26581,33.23395],[130.2624,33.23407],[130.26215,33.23017],[130.26675,33.23011]]],[[[130.26511,33.24242],[130.25821,33.2415],[130.25863,33.2302],[130.26215,33.23017],[130.2632,33.2348],[130.26581,33.23395],[130.26511,33.24242]]],[[[130.26116,33.2498],[130.25544,33.25065],[130.25531,33.24101],[130.25243,33.23882],[130.26182,33.24231],[130.26127,33.2447],[130.25797,33.24346],[130.25755,33.24547],[130.26138,33.24742],[130.26116,33.2498]]]]}},{"type":"Feature","properties":{"vid":"K64G01S00075","name":"十五村","reading":"じゅうご","gun":"佐賀郡","domains":["saga"],"isShared":false,"shared":[]},"geometry":{"type":"MultiPolygon","coordinates":[[[[130.25522,33.20776],[130.25838,33.21095],[130.25998,33.22383],[130.26434,33.22173],[130.26675,33.23011],[130.25764,33.23022],[130.2546,33.22714],[130.24781,33.21091],[130.24806,33.20293],[130.25271,33.20282],[130.25522,33.20776]]],[[[130.26302,33.2058],[130.25522,33.20776],[130.25216,33.20274],[130.25839,33.19784],[130.26302,33.2058]]],[[[130.25863,33.2302],[130.25822,33.24143],[130.25743,33.23923],[130.24983,33.23783],[130.24843,33.23436],[130.25105,33.22819],[130.25609,33.22712],[130.25863,33.2302]]]]}},{"type":"Feature","properties":{"vid":"K64G01S00076","name":"荻野村","reading":"おぎの","gun":"佐賀郡","domains":["saga"],"isShared":false,"shared":[]},"geometry":{"type":"MultiPolygon","coordinates":[[[[130.24413,33.25865],[130.24447,33.25278],[130.25536,33.25264],[130.25386,33.26508],[130.24956,33.26398],[130.24942,33.26008],[130.24645,33.25988],[130.24627,33.26456],[130.24387,33.26436],[130.24413,33.25865]]],[[[130.25527,33.25823],[130.25544,33.25065],[130.264,33.24997],[130.2629,33.25868],[130.25527,33.25823]]],[[[130.25213,33.23964],[130.25531,33.24101],[130.25505,33.24573],[130.24956,33.24326],[130.25213,33.23964]]],[[[130.2492,33.24206],[130.25491,33.24724],[130.2443,33.24862],[130.24345,33.24285],[130.2492,33.24206]]],[[[130.25536,33.25264],[130.24447,33.25278],[130.2443,33.24862],[130.25491,33.24724],[130.25536,33.25264]]]]}},{"type":"Feature","properties":{"vid":"K64G01S00078","name":"八戸溝村","reading":"やえみぞ","gun":"佐賀郡","domains":["saga"],"isShared":false,"shared":[]},"geometry":{"type":"MultiPolygon","coordinates":[[[[130.28122,33.27669],[130.27795,33.27588],[130.27754,33.2785],[130.26873,33.27495],[130.26936,33.26822],[130.2757,33.27026],[130.2754,33.27244],[130.28206,33.27295],[130.28122,33.27669]]],[[[130.27728,33.25999],[130.28199,33.26106],[130.28134,33.26476],[130.27467,33.26454],[130.26849,33.26019],[130.27728,33.25999]]],[[[130.27948,33.26479],[130.28206,33.27295],[130.2754,33.27244],[130.2757,33.27026],[130.27156,33.26852],[130.27236,33.26287],[130.27948,33.26479]]],[[[130.25493,33.26042],[130.25753,33.25799],[130.26868,33.25922],[130.2726,33.26152],[130.27156,33.26852],[130.2582,33.2667],[130.25493,33.26042]]]]}},{"type":"Feature","properties":{"vid":"K64G01S00079","name":"森田村","reading":"もりた","gun":"佐賀郡","domains":["saga"],"isShared":false,"shared":[]},"geometry":{"type":"MultiPolygon","coordinates":[[[[130.25456,33.26443],[130.25493,33.26042],[130.25666,33.26053],[130.25461,33.27539],[130.2501,33.27572],[130.24475,33.27069],[130.25397,33.2696],[130.25456,33.26443]]],[[[130.26936,33.26822],[130.26809,33.27315],[130.26357,33.27274],[130.26307,33.27596],[130.25842,33.27566],[130.2582,33.2667],[130.26936,33.26822]]],[[[130.25624,33.26458],[130.25839,33.26474],[130.25689,33.28013],[130.2501,33.27572],[130.25461,33.27539],[130.25624,33.26458]]],[[[130.24387,33.26436],[130.24627,33.26456],[130.24645,33.25988],[130.24942,33.26008],[130.24956,33.26398],[130.25461,33.26448],[130.25397,33.2696],[130.24475,33.27069],[130.24387,33.26436]]]]}},{"type":"Feature","properties":{"vid":"K64G01S00080","name":"蛎久村","reading":"かきひさ","gun":"佐賀郡","domains":["saga"],"isShared":false,"shared":[]},"geometry":{"type":"MultiPolygon","coordinates":[[[[130.28122,33.27669],[130.28136,33.28633],[130.27802,33.2834],[130.27795,33.27588],[130.28122,33.27669]]],[[[130.27054,33.27596],[130.27571,33.27711],[130.27417,33.28886],[130.26942,33.28859],[130.27054,33.27596]]],[[[130.28157,33.28683],[130.27998,33.29216],[130.27155,33.29041],[130.27565,33.28764],[130.27571,33.27711],[130.27873,33.27751],[130.27802,33.2834],[130.28157,33.28683]]],[[[130.27998,33.29216],[130.27667,33.30085],[130.2729,33.30291],[130.2675,33.29468],[130.27057,33.29032],[130.27998,33.29216]]]]}},{"type":"Feature","properties":{"vid":"K64G01S00081","name":"鍋島村","reading":"なべしま","gun":"佐賀郡","domains":["saga"],"isShared":false,"shared":[]},"geometry":{"type":"MultiPolygon","coordinates":[[[[130.26809,33.27315],[130.27066,33.27516],[130.26972,33.28019],[130.26334,33.27972],[130.26077,33.27557],[130.26307,33.27596],[130.26357,33.27274],[130.26809,33.27315]]],[[[130.26399,33.27977],[130.26972,33.28019],[130.26942,33.28859],[130.27177,33.28865],[130.2675,33.29468],[130.26392,33.29293],[130.26399,33.27977]]],[[[130.25842,33.27566],[130.26399,33.27977],[130.26392,33.29293],[130.26054,33.29156],[130.25943,33.28372],[130.25617,33.28007],[130.25842,33.27566]]]]}},{"type":"Feature","properties":{"vid":"K64G01S00082","name":"大財村","reading":"おおたから","gun":"佐賀郡","domains":["saga"],"isShared":false,"shared":[]},"geometry":{"type":"Polygon","coordinates":[[[130.30102,33.256],[130.31306,33.2578],[130.30775,33.26689],[130.30201,33.26507],[130.30352,33.26233],[130.30179,33.26205],[130.30306,33.25824],[130.30102,33.256]]]}},{"type":"Feature","properties":{"vid":"K64G01S00083","name":"袋村","reading":"ふくろ","gun":"佐賀郡","domains":["saga"],"isShared":false,"shared":[]},"geometry":{"type":"Polygon","coordinates":[[[130.30981,33.2408],[130.29734,33.24008],[130.30314,33.2346],[130.30802,33.23478],[130.3108,33.23604],[130.30981,33.2408]]]}},{"type":"Feature","properties":{"vid":"K64G01S00084","name":"久保田村","reading":"くぼた","gun":"佐賀郡","domains":["saga"],"isShared":false,"shared":[]},"geometry":{"type":"MultiPolygon","coordinates":[[[[130.22812,33.25211],[130.21968,33.25132],[130.21856,33.24651],[130.22893,33.2489],[130.22812,33.25211]]],[[[130.23043,33.23875],[130.22324,33.23911],[130.22147,33.22918],[130.23155,33.22952],[130.23043,33.23875]]],[[[130.23155,33.22952],[130.22845,33.22931],[130.22798,33.22304],[130.23231,33.2234],[130.23155,33.22952]]],[[[130.22309,33.25502],[130.21968,33.25132],[130.23599,33.25223],[130.23477,33.25684],[130.22309,33.25502]]],[[[130.23029,33.23986],[130.22893,33.2489],[130.21856,33.24651],[130.22324,33.23911],[130.23029,33.23986]]],[[[130.22845,33.22931],[130.22153,33.22914],[130.22519,33.22662],[130.2288,33.21637],[130.2336,33.21627],[130.23231,33.2234],[130.22798,33.22304],[130.22845,33.22931]]]]}},{"type":"Feature","properties":{"vid":"K64G01S00085","name":"新田村","reading":"しんでん","gun":"佐賀郡","domains":["saga"],"isShared":false,"shared":[]},"geometry":{"type":"MultiPolygon","coordinates":[[[[130.24516,33.23025],[130.23681,33.22989],[130.23855,33.21998],[130.246,33.22006],[130.24516,33.23025]]],[[[130.25095,33.22828],[130.24995,33.23044],[130.24516,33.23025],[130.24551,33.225],[130.2505,33.22435],[130.25095,33.22828]]],[[[130.25376,33.22429],[130.25482,33.227],[130.25095,33.22828],[130.2505,33.22435],[130.25376,33.22429]]],[[[130.25184,33.22086],[130.25376,33.22429],[130.24551,33.225],[130.24586,33.22119],[130.25184,33.22086]]],[[[130.24903,33.23606],[130.25247,33.24042],[130.24872,33.23683],[130.24279,33.24193],[130.23845,33.24194],[130.24094,33.23579],[130.24903,33.23606]]],[[[130.24995,33.23044],[130.24903,33.23606],[130.2363,33.23426],[130.23681,33.22989],[130.24995,33.23044]]]]}},{"type":"Feature","properties":{"vid":"K64G01S00086","name":"久富村","reading":"ひさどみ","gun":"佐賀郡","domains":["saga"],"isShared":false,"shared":[]},"geometry":{"type":"MultiPolygon","coordinates":[[[[130.23653,33.23449],[130.23096,33.23435],[130.23155,33.22952],[130.23681,33.22989],[130.23653,33.23449]]],[[[130.23681,33.22989],[130.23155,33.22952],[130.23255,33.22039],[130.23855,33.21998],[130.23681,33.22989]]],[[[130.25195,33.2172],[130.25184,33.22086],[130.24901,33.22109],[130.24928,33.21725],[130.25195,33.2172]]],[[[130.25195,33.2172],[130.24928,33.21725],[130.24901,33.22109],[130.24181,33.21922],[130.24188,33.21681],[130.24585,33.21725],[130.24596,33.21415],[130.24962,33.21354],[130.25195,33.2172]]],[[[130.2304,33.25245],[130.22812,33.25211],[130.23029,33.23986],[130.23419,33.24032],[130.23355,33.24992],[130.23108,33.2497],[130.2304,33.25245]]],[[[130.24802,33.20487],[130.24962,33.21354],[130.23969,33.21905],[130.24021,33.21412],[130.23738,33.2142],[130.23704,33.20764],[130.24802,33.20487]]],[[[130.23419,33.24032],[130.23029,33.23986],[130.23096,33.23435],[130.2413,33.23501],[130.2398,33.24048],[130.23419,33.24032]]],[[[130.23353,33.22016],[130.2336,33.21627],[130.2288,33.21637],[130.23004,33.21156],[130.22815,33.21042],[130.23704,33.20764],[130.23738,33.2142],[130.24021,33.21412],[130.23969,33.21905],[130.24178,33.21957],[130.23353,33.22016]]],[[[130.24806,33.20293],[130.24802,33.20487],[130.22815,33.21042],[130.22933,33.20398],[130.23459,33.20419],[130.23333,33.19411],[130.24718,33.19186],[130.24643,33.2029],[130.24806,33.20293]]]]}},{"type":"Feature","properties":{"vid":"K64G01S00087","name":"徳万村","reading":"とくまん","gun":"佐賀郡","domains":["saga"],"isShared":false,"shared":[]},"geometry":{"type":"MultiPolygon","coordinates":[[[[130.24413,33.24734],[130.24347,33.25226],[130.23717,33.25198],[130.23747,33.24988],[130.24413,33.24734]]],[[[130.24329,33.24493],[130.24413,33.24734],[130.23747,33.24988],[130.24329,33.24493]]],[[[130.23599,33.25223],[130.2304,33.25245],[130.23108,33.2497],[130.23355,33.24992],[130.23334,33.24488],[130.23906,33.24745],[130.23599,33.25223]]],[[[130.23908,33.2471],[130.23334,33.24488],[130.23419,33.24032],[130.23879,33.23988],[130.23845,33.24194],[130.2408,33.24244],[130.23908,33.2471]]],[[[130.25247,33.24042],[130.24345,33.24285],[130.23908,33.2471],[130.24046,33.24113],[130.24279,33.24193],[130.24872,33.23683],[130.25247,33.24042]]]]}},{"type":"Feature","properties":{"vid":"K64G01S00088","name":"江上村","reading":"えがみ","gun":"佐賀郡","domains":["saga"],"isShared":false,"shared":[]},"geometry":{"type":"MultiPolygon","coordinates":[[[[130.32491,33.23616],[130.33152,33.23799],[130.3312,33.24432],[130.32528,33.24433],[130.32491,33.23616]]],[[[130.32678,33.24819],[130.32387,33.2473],[130.32413,33.24244],[130.32528,33.24433],[130.3312,33.24432],[130.33072,33.24804],[130.32678,33.24819]]]]}},{"type":"Feature","properties":{"vid":"K64G01S00089","name":"高尾村","reading":"たかお","gun":"佐賀郡","domains":["saga"],"isShared":false,"shared":[]},"geometry":{"type":"Polygon","coordinates":[[[130.32222,33.25884],[130.32206,33.25448],[130.32456,33.25215],[130.32964,33.2546],[130.32724,33.25955],[130.32222,33.25884]]]}},{"type":"Feature","properties":{"vid":"K64G01S00090","name":"池上村","reading":"いけのうえ","gun":"佐賀郡","domains":["ogi","saga"],"isShared":true,"shared":[]},"geometry":{"type":"MultiPolygon","coordinates":[[[[130.25554,33.29784],[130.25422,33.30323],[130.24681,33.2981],[130.24787,33.29203],[130.25234,33.29427],[130.2581,33.28953],[130.25948,33.29398],[130.25554,33.29784]]],[[[130.25558,33.27929],[130.25953,33.28578],[130.25509,33.29328],[130.25116,33.29439],[130.25007,33.29014],[130.25674,33.28546],[130.25558,33.27929]]],[[[130.25558,33.27929],[130.25674,33.28546],[130.25007,33.29014],[130.25081,33.29275],[130.24787,33.29203],[130.25039,33.27592],[130.25558,33.27929]]],[[[130.2501,33.27572],[130.24628,33.28852],[130.24263,33.28135],[130.24394,33.27059],[130.2501,33.27572]]]]}},{"type":"Feature","properties":{"vid":"K64G01S00091","name":"久留間村","reading":"くるま","gun":"佐賀郡","domains":["ogi","saga"],"isShared":true,"shared":[]},"geometry":{"type":"MultiPolygon","coordinates":[[[[130.2471,33.29431],[130.24685,33.29816],[130.23793,33.29743],[130.23887,33.29457],[130.2471,33.29431]]],[[[130.23711,33.30376],[130.23348,33.30276],[130.23675,33.30125],[130.23711,33.30376]]],[[[130.22918,33.3246],[130.22502,33.32467],[130.22382,33.32061],[130.22952,33.31156],[130.22918,33.3246]]],[[[130.2293,33.32327],[130.22952,33.31156],[130.23245,33.30887],[130.23347,33.30318],[130.23719,33.30347],[130.23607,33.3069],[130.24205,33.30945],[130.24338,33.31316],[130.23881,33.31151],[130.23119,33.31484],[130.2293,33.32327]]],[[[130.22918,33.3246],[130.23119,33.31484],[130.23881,33.31151],[130.24297,33.3125],[130.24084,33.3184],[130.23272,33.32213],[130.23253,33.32464],[130.22918,33.3246]]],[[[130.2471,33.29431],[130.23767,33.29421],[130.24262,33.28041],[130.24547,33.28817],[130.24879,33.28918],[130.2471,33.29431]]],[[[130.23767,33.29421],[130.23785,33.30172],[130.23348,33.30276],[130.23405,33.29886],[130.23148,33.29825],[130.23767,33.29421]]],[[[130.23711,33.30376],[130.23901,33.29779],[130.24363,33.29901],[130.2389,33.30732],[130.23607,33.3069],[130.23711,33.30376]]],[[[130.24205,33.30945],[130.2389,33.30732],[130.24421,33.29689],[130.25024,33.29914],[130.24876,33.30581],[130.24205,33.30945]]]]}},{"type":"Feature","properties":{"vid":"K64G01S00092","name":"川上村","reading":"かわかみ","gun":"佐賀郡","domains":["ogi","saga"],"isShared":true,"shared":[]},"geometry":{"type":"MultiPolygon","coordinates":[[[[130.25344,33.3294],[130.25794,33.32219],[130.26089,33.32278],[130.25841,33.33111],[130.25344,33.3294]]],[[[130.24338,33.31316],[130.24205,33.30945],[130.25571,33.30809],[130.25829,33.30995],[130.24888,33.32661],[130.23253,33.32464],[130.23272,33.32213],[130.24084,33.3184],[130.24338,33.31316]]],[[[130.25802,33.31089],[130.25983,33.30947],[130.26123,33.31334],[130.25691,33.32031],[130.25787,33.32253],[130.25207,33.32904],[130.24816,33.32701],[130.25802,33.31089]]],[[[130.25794,33.32219],[130.25691,33.32031],[130.26165,33.31175],[130.26676,33.31789],[130.26387,33.3172],[130.26233,33.3236],[130.25794,33.32219]]],[[[130.27149,33.31511],[130.26786,33.33007],[130.26083,33.33426],[130.2585,33.33038],[130.26344,33.31778],[130.27149,33.31511]]],[[[130.25549,33.30821],[130.24436,33.30975],[130.24483,33.30681],[130.24876,33.30581],[130.25027,33.29918],[130.25549,33.30821]]]]}},{"type":"Feature","properties":{"vid":"K64G01S00093","name":"東西村","reading":"とうさい","gun":"佐賀郡","domains":["hasuike"],"isShared":false,"shared":[]},"geometry":{"type":"MultiPolygon","coordinates":[[[[130.34226,33.25286],[130.33655,33.25126],[130.33352,33.2475],[130.34515,33.24632],[130.34226,33.25286]]],[[[130.34468,33.24992],[130.34696,33.24405],[130.3498,33.24411],[130.34938,33.25009],[130.34468,33.24992]]]]}},{"type":"Feature","properties":{"vid":"K64G01S00094","name":"蓮池村","reading":"はすいけ","gun":"佐賀郡","domains":["hasuike"],"isShared":false,"shared":[]},"geometry":{"type":"MultiPolygon","coordinates":[[[[130.3601,33.25075],[130.35265,33.24889],[130.36024,33.24844],[130.3601,33.25075]]],[[[130.36104,33.24244],[130.36024,33.24844],[130.35459,33.24814],[130.35808,33.24235],[130.36104,33.24244]]],[[[130.3555,33.24535],[130.35269,33.24791],[130.35273,33.2455],[130.3555,33.24535]]],[[[130.34938,33.25009],[130.35111,33.24416],[130.35374,33.24889],[130.34938,33.25009]]]]}},{"type":"Feature","properties":{"vid":"K64G01S00095","name":"東山田村","reading":"ひがしやまだ","gun":"佐賀郡","domains":["ogi"],"isShared":false,"shared":[]},"geometry":{"type":"MultiPolygon","coordinates":[[[[130.27252,33.31],[130.27149,33.31511],[130.26698,33.31507],[130.26672,33.31757],[130.26165,33.31175],[130.26568,33.30884],[130.27252,33.31]]],[[[130.26632,33.30879],[130.26153,33.31008],[130.26195,33.30775],[130.26632,33.30879]]],[[[130.26313,33.30739],[130.25429,33.30294],[130.25554,33.29784],[130.26651,33.29923],[130.26313,33.30739]]],[[[130.27096,33.3002],[130.27252,33.31],[130.26313,33.3075],[130.26651,33.29923],[130.27096,33.3002]]],[[[130.26392,33.29293],[130.27096,33.3002],[130.25554,33.29784],[130.25948,33.29398],[130.25867,33.28787],[130.26392,33.29293]]],[[[130.25802,33.31089],[130.25416,33.3081],[130.25429,33.30294],[130.26315,33.30739],[130.26165,33.31175],[130.25983,33.30947],[130.25802,33.31089]]]]}},{"type":"Feature","properties":{"vid":"K64G01S10001","name":"佐賀城下","reading":null,"gun":"佐賀郡","domains":["saga"],"isShared":false,"shared":[]},"geometry":{"type":"Polygon","coordinates":[[[130.30406,33.25121],[130.29588,33.2515],[130.29569,33.2478],[130.293,33.24741],[130.29433,33.24067],[130.30586,33.24096],[130.30406,33.25121]]]}},{"type":"Feature","properties":{"vid":"K64G02S00001","name":"迎島村","reading":"むかいしま","gun":"神埼郡","domains":["saga"],"isShared":false,"shared":[]},"geometry":{"type":"MultiPolygon","coordinates":[[[[130.41806,33.26457],[130.41355,33.26259],[130.40767,33.26446],[130.40367,33.26147],[130.40758,33.26013],[130.4057,33.25942],[130.40711,33.2574],[130.41611,33.25421],[130.41951,33.2616],[130.41806,33.26457]]],[[[130.41611,33.25421],[130.40089,33.26124],[130.39945,33.2596],[130.40678,33.25266],[130.40754,33.2492],[130.41611,33.25421]]],[[[130.40754,33.2492],[130.40077,33.2581],[130.40208,33.24866],[130.40754,33.2492]]],[[[130.39756,33.26293],[130.40777,33.25956],[130.40367,33.26147],[130.40767,33.26446],[130.40288,33.26702],[130.39756,33.26293]]],[[[130.39442,33.26066],[130.39941,33.25945],[130.40031,33.26127],[130.39937,33.2627],[130.39442,33.26066]]]]}},{"type":"Feature","properties":{"vid":"K64G02S00002","name":"柳島村","reading":"やなぎしま","gun":"神埼郡","domains":["saga"],"isShared":false,"shared":[]},"geometry":{"type":"MultiPolygon","coordinates":[[[[130.3986,33.27765],[130.39831,33.2727],[130.40353,33.27329],[130.40379,33.28052],[130.40306,33.27831],[130.3986,33.27765]]],[[[130.39816,33.27926],[130.40306,33.27831],[130.40306,33.28095],[130.39816,33.27926]]],[[[130.40678,33.28079],[130.40413,33.28115],[130.40149,33.26698],[130.41034,33.26862],[130.40712,33.27355],[130.40678,33.28079]]],[[[130.41032,33.26902],[130.40305,33.26795],[130.40298,33.2657],[130.41355,33.26259],[130.41806,33.26457],[130.41746,33.26834],[130.41032,33.26902]]]]}},{"type":"Feature","properties":{"vid":"K64G02S00003","name":"渡瀬村","reading":"わたぜ","gun":"神埼郡","domains":["saga"],"isShared":false,"shared":[]},"geometry":{"type":"MultiPolygon","coordinates":[[[[130.39799,33.2698],[130.40379,33.27212],[130.39755,33.27162],[130.39799,33.2698]]],[[[130.38447,33.26877],[130.38437,33.26451],[130.38748,33.26382],[130.38893,33.25881],[130.39361,33.261],[130.39379,33.26343],[130.38736,33.26476],[130.38754,33.2668],[130.38559,33.26565],[130.38447,33.26877]]],[[[130.38976,33.26917],[130.38524,33.26883],[130.38559,33.26565],[130.38754,33.2668],[130.38736,33.26476],[130.39379,33.26343],[130.39309,33.25995],[130.39806,33.26183],[130.39509,33.26649],[130.39685,33.26832],[130.38976,33.26917]]],[[[130.39625,33.26862],[130.39693,33.26322],[130.40195,33.26591],[130.40113,33.27044],[130.39625,33.26862]]],[[[130.39288,33.27231],[130.39123,33.27064],[130.39447,33.26786],[130.39791,33.26968],[130.39755,33.27162],[130.40362,33.27236],[130.39288,33.27231]]],[[[130.39288,33.27231],[130.39831,33.2727],[130.39823,33.27733],[130.39337,33.27688],[130.39288,33.27231]]]]}},{"type":"Feature","properties":{"vid":"K64G02S00004","name":"崎村","reading":"さき","gun":"神埼郡","domains":["saga","hasuike"],"isShared":true,"shared":[]},"geometry":{"type":"MultiPolygon","coordinates":[[[[130.37681,33.24942],[130.37394,33.24436],[130.3852,33.24046],[130.39025,33.24521],[130.39108,33.24983],[130.37934,33.25269],[130.37681,33.24942]]],[[[130.38463,33.25195],[130.39105,33.25004],[130.38666,33.2647],[130.37862,33.26068],[130.37925,33.25497],[130.38471,33.25467],[130.38463,33.25195]]]]}},{"type":"Feature","properties":{"vid":"K64G02S00005","name":"箱川村","reading":"はこがわ","gun":"神埼郡","domains":["saga"],"isShared":false,"shared":[]},"geometry":{"type":"MultiPolygon","coordinates":[[[[130.3973,33.30818],[130.39841,33.3022],[130.40525,33.30387],[130.40368,33.30938],[130.3973,33.30818]]],[[[130.39184,33.30112],[130.39328,33.29634],[130.40597,33.29835],[130.40688,33.30394],[130.39184,33.30112]]],[[[130.40597,33.29835],[130.39953,33.29744],[130.40118,33.28991],[130.4054,33.29031],[130.40597,33.29835]]],[[[130.39328,33.29634],[130.39564,33.28768],[130.40052,33.28908],[130.39953,33.29744],[130.39328,33.29634]]],[[[130.39718,33.28288],[130.40096,33.28374],[130.40052,33.28908],[130.39564,33.28768],[130.39718,33.28288]]]]}},{"type":"Feature","properties":{"vid":"K64G02S00006","name":"用作村","reading":"ようさく","gun":"神埼郡","domains":["saga"],"isShared":false,"shared":[]},"geometry":{"type":"MultiPolygon","coordinates":[[[[130.37003,33.2572],[130.3734,33.25725],[130.37689,33.26301],[130.36996,33.26249],[130.37003,33.2572]]],[[[130.37681,33.24942],[130.37934,33.25269],[130.38463,33.25195],[130.38471,33.25467],[130.37764,33.25481],[130.37681,33.24942]]],[[[130.3734,33.25725],[130.37282,33.25385],[130.37708,33.25112],[130.37882,33.25906],[130.37422,33.26099],[130.3734,33.25725]]],[[[130.37634,33.26677],[130.37706,33.25905],[130.38226,33.26095],[130.38437,33.26451],[130.38399,33.26728],[130.37634,33.26677]]]]}},{"type":"Feature","properties":{"vid":"K64G02S00007","name":"丁大田村","reading":"ちょうおおた","gun":"神埼郡","domains":["saga"],"isShared":false,"shared":[]},"geometry":{"type":"Polygon","coordinates":[[[130.37578,33.27282],[130.37634,33.26677],[130.38399,33.26728],[130.38372,33.2738],[130.37578,33.27282]]]}},{"type":"Feature","properties":{"vid":"K64G02S00008","name":"境原村","reading":"さかいばる","gun":"神埼郡","domains":["saga"],"isShared":false,"shared":[]},"geometry":{"type":"MultiPolygon","coordinates":[[[[130.33989,33.28187],[130.3416,33.27538],[130.35167,33.27596],[130.35207,33.28176],[130.33989,33.28187]]],[[[130.35123,33.27079],[130.35167,33.27596],[130.34556,33.27695],[130.34626,33.27161],[130.35123,33.27079]]],[[[130.34066,33.27591],[130.34065,33.26856],[130.35022,33.26745],[130.35123,33.27079],[130.34626,33.27161],[130.34567,33.27604],[130.34066,33.27591]]],[[[130.36383,33.26849],[130.35075,33.26858],[130.34945,33.26575],[130.36125,33.26369],[130.36383,33.26849]]],[[[130.35982,33.26342],[130.35098,33.2659],[130.34885,33.26433],[130.35389,33.2622],[130.35982,33.26342]]]]}},{"type":"Feature","properties":{"vid":"K64G02S00009","name":"託田村","reading":"たくた","gun":"神埼郡","domains":["saga"],"isShared":false,"shared":[]},"geometry":{"type":"MultiPolygon","coordinates":[[[[130.38372,33.2738],[130.38447,33.26877],[130.38976,33.26917],[130.38923,33.27248],[130.38372,33.2738]]],[[[130.3822,33.27994],[130.38073,33.27341],[130.38679,33.27321],[130.38966,33.27476],[130.38921,33.28033],[130.39206,33.28083],[130.3822,33.27994]]],[[[130.3873,33.27328],[130.38976,33.26917],[130.39316,33.26978],[130.3912,33.27077],[130.39302,33.27108],[130.39338,33.28024],[130.38921,33.28033],[130.38966,33.27476],[130.3873,33.27328]]]]}},{"type":"Feature","properties":{"vid":"K64G02S00010","name":"下坂村","reading":"しもいた","gun":"神埼郡","domains":["saga"],"isShared":false,"shared":[]},"geometry":{"type":"MultiPolygon","coordinates":[[[[130.39718,33.28288],[130.39816,33.27926],[130.40214,33.28052],[130.40152,33.28406],[130.39718,33.28288]]],[[[130.38096,33.28679],[130.3822,33.27994],[130.38923,33.28126],[130.38805,33.28825],[130.38096,33.28679]]],[[[130.39504,33.28955],[130.38878,33.28561],[130.38923,33.28126],[130.39358,33.27969],[130.39343,33.28247],[130.39726,33.28262],[130.39504,33.28955]]],[[[130.39358,33.27969],[130.39337,33.27688],[130.39855,33.2775],[130.39646,33.28341],[130.39343,33.28247],[130.39358,33.27969]]],[[[130.40093,33.28392],[130.40193,33.28036],[130.40678,33.28079],[130.40424,33.28168],[130.40617,33.28503],[130.40085,33.28597],[130.40093,33.28392]]]]}},{"type":"Feature","properties":{"vid":"K64G02S00011","name":"姉村","reading":"あね","gun":"神埼郡","domains":["saga","hasuike"],"isShared":true,"shared":[]},"geometry":{"type":"MultiPolygon","coordinates":[[[[130.35845,33.28631],[130.35822,33.2844],[130.36555,33.2833],[130.36363,33.29004],[130.35759,33.29049],[130.35845,33.28631]]],[[[130.36412,33.27482],[130.35164,33.27569],[130.35075,33.26858],[130.3647,33.27005],[130.3627,33.27186],[130.36455,33.2717],[130.36412,33.27482]]],[[[130.36583,33.27753],[130.37227,33.27826],[130.37088,33.28562],[130.3645,33.28342],[130.36355,33.2776],[130.36583,33.27753]]],[[[130.37071,33.28644],[130.36904,33.29086],[130.36382,33.29055],[130.36555,33.2833],[130.37071,33.28644]]]]}},{"type":"Feature","properties":{"vid":"K64G02S00012","name":"黒井村","reading":"くろい","gun":"神埼郡","domains":["saga"],"isShared":false,"shared":[]},"geometry":{"type":"MultiPolygon","coordinates":[[[[130.36412,33.27482],[130.36586,33.27682],[130.36355,33.2776],[130.36446,33.28318],[130.3581,33.28442],[130.35687,33.28267],[130.36006,33.28232],[130.36008,33.27606],[130.36412,33.27482]]],[[[130.35845,33.28631],[130.35286,33.28641],[130.35236,33.28207],[130.3567,33.28154],[130.35845,33.28631]]],[[[130.35236,33.28207],[130.35164,33.27569],[130.36199,33.27493],[130.36008,33.27606],[130.36006,33.28232],[130.35236,33.28207]]]]}},{"type":"Feature","properties":{"vid":"K64G02S00013","name":"姉川村","reading":"あねがわ","gun":"神埼郡","domains":["saga"],"isShared":false,"shared":[]},"geometry":{"type":"MultiPolygon","coordinates":[[[[130.33578,33.29581],[130.33841,33.29054],[130.3496,33.29413],[130.34513,33.29957],[130.33568,33.29762],[130.33578,33.29581]]],[[[130.35845,33.28631],[130.35529,33.29433],[130.34737,33.28873],[130.34928,33.28695],[130.34688,33.28411],[130.35097,33.28427],[130.35239,33.28176],[130.35286,33.28641],[130.35845,33.28631]]],[[[130.33897,33.28739],[130.33989,33.28187],[130.35207,33.28176],[130.35097,33.28427],[130.34688,33.28411],[130.34928,33.28695],[130.34592,33.2899],[130.33897,33.28739]]],[[[130.33841,33.29054],[130.33897,33.28739],[130.35207,33.29101],[130.3496,33.29413],[130.33841,33.29054]]]]}},{"type":"Feature","properties":{"vid":"K64G02S00014","name":"横武村","reading":"よこだけ","gun":"神埼郡","domains":["saga"],"isShared":false,"shared":[]},"geometry":{"type":"MultiPolygon","coordinates":[[[[130.35099,33.29277],[130.35719,33.29648],[130.35655,33.29995],[130.34922,33.30158],[130.35147,33.30327],[130.34973,33.30492],[130.34513,33.29957],[130.34561,33.29663],[130.34791,33.29714],[130.35099,33.29277]]],[[[130.34973,33.30492],[130.35147,33.30327],[130.35001,33.30079],[130.35484,33.30019],[130.35568,33.30686],[130.34973,33.30492]]],[[[130.34253,33.3052],[130.3442,33.2982],[130.34973,33.30492],[130.34253,33.3052]]],[[[130.35484,33.30019],[130.35719,33.29648],[130.36005,33.29654],[130.35997,33.29942],[130.36441,33.29974],[130.36613,33.30319],[130.36398,33.30416],[130.36467,33.30805],[130.35568,33.30686],[130.35484,33.30019]]]]}},{"type":"Feature","properties":{"vid":"K64G02S00015","name":"本告牟田村","reading":"もとおりむた","gun":"神埼郡","domains":["saga"],"isShared":false,"shared":[]},"geometry":{"type":"MultiPolygon","coordinates":[[[[130.36921,33.30347],[130.36779,33.30766],[130.36351,33.30661],[130.36398,33.30416],[130.36921,33.30347]]],[[[130.36789,33.29883],[130.36921,33.30347],[130.36577,33.30315],[130.36437,33.30021],[130.36789,33.29883]]],[[[130.36763,33.29722],[130.36789,33.29883],[130.35997,33.29942],[130.36005,33.29654],[130.36763,33.29722]]],[[[130.36763,33.29722],[130.36325,33.29647],[130.36363,33.29004],[130.37324,33.29326],[130.37219,33.29711],[130.36763,33.29722]]],[[[130.35529,33.29433],[130.35591,33.29066],[130.36363,33.29004],[130.36325,33.29647],[130.35673,33.29637],[130.35529,33.29433]]],[[[130.36764,33.2976],[130.3778,33.2984],[130.37637,33.30395],[130.37251,33.3038],[130.37377,33.30042],[130.36845,33.30059],[130.36764,33.2976]]],[[[130.36845,33.30059],[130.37377,33.30042],[130.37396,33.30529],[130.36845,33.30059]]]]}},{"type":"Feature","properties":{"vid":"K64G02S00016","name":"永歌村","reading":"ながうた","gun":"神埼郡","domains":["hasuike","saga"],"isShared":true,"shared":[]},"geometry":{"type":"MultiPolygon","coordinates":[[[[130.36948,33.28995],[130.37961,33.29184],[130.3778,33.2984],[130.36764,33.2976],[130.37219,33.29711],[130.37324,33.29326],[130.36859,33.29202],[130.36948,33.28995]]],[[[130.37071,33.28644],[130.38126,33.28571],[130.37961,33.29184],[130.36948,33.28995],[130.37071,33.28644]]]]}},{"type":"Feature","properties":{"vid":"K64G02S00017","name":"松隈村","reading":"まつぐま","gun":"神埼郡","domains":["saga"],"isShared":false,"shared":[]},"geometry":{"type":"MultiPolygon","coordinates":[[[[130.38054,33.42576],[130.38686,33.41048],[130.40611,33.3997],[130.4168,33.41031],[130.40477,33.41624],[130.39846,33.42207],[130.39912,33.42489],[130.39648,33.42755],[130.38945,33.4261],[130.38685,33.42824],[130.38054,33.42576]]],[[[130.37895,33.39743],[130.37379,33.39482],[130.37591,33.39038],[130.37386,33.38484],[130.37982,33.38279],[130.38261,33.37604],[130.38855,33.37715],[130.38961,33.3798],[130.39298,33.37666],[130.38874,33.38645],[130.38069,33.39303],[130.37895,33.39743]]],[[[130.37895,33.39743],[130.38069,33.39303],[130.38874,33.38645],[130.3941,33.3752],[130.40154,33.37255],[130.40159,33.36655],[130.4046,33.36777],[130.40825,33.37667],[130.41322,33.3772],[130.4149,33.37482],[130.41324,33.37331],[130.41574,33.37399],[130.41636,33.3721],[130.41919,33.37348],[130.41968,33.38361],[130.41745,33.38878],[130.41179,33.39139],[130.40754,33.39922],[130.38686,33.41048],[130.38054,33.42576],[130.37822,33.42496],[130.37662,33.41912],[130.378,33.41353],[130.3833,33.40987],[130.38375,33.40498],[130.37895,33.39743]]],[[[130.39298,33.37666],[130.38945,33.37973],[130.38855,33.37715],[130.38416,33.37655],[130.38427,33.37263],[130.39277,33.36647],[130.40159,33.36655],[130.40154,33.37255],[130.39298,33.37666]]]]}},{"type":"Feature","properties":{"vid":"K64G02S00018","name":"石動村","reading":"いしなり","gun":"神埼郡","domains":["saga"],"isShared":false,"shared":[]},"geometry":{"type":"MultiPolygon","coordinates":[[[[130.41256,33.36146],[130.40394,33.35773],[130.4013,33.3518],[130.40874,33.34979],[130.40934,33.34736],[130.41279,33.3491],[130.41323,33.35504],[130.4109,33.35949],[130.41256,33.36146]]],[[[130.39988,33.36538],[130.39476,33.36173],[130.39758,33.35662],[130.39656,33.35317],[130.40261,33.34801],[130.40609,33.34924],[130.40508,33.35171],[130.4013,33.3518],[130.40394,33.35773],[130.39988,33.36538]]],[[[130.41806,33.37173],[130.41324,33.37331],[130.4149,33.37482],[130.41322,33.3772],[130.40821,33.37665],[130.4046,33.36777],[130.40003,33.36693],[130.40271,33.35888],[130.40667,33.35753],[130.41256,33.36146],[130.41538,33.36716],[130.4178,33.36746],[130.41806,33.37173]]]]}},{"type":"Feature","properties":{"vid":"K64G02S00019","name":"三津村","reading":"みつ","gun":"神埼郡","domains":["saga"],"isShared":false,"shared":[]},"geometry":{"type":"MultiPolygon","coordinates":[[[[130.37998,33.35586],[130.38231,33.34806],[130.38893,33.35106],[130.38691,33.35377],[130.38816,33.35737],[130.38483,33.35916],[130.37816,33.36057],[130.37998,33.35586]]],[[[130.38231,33.34806],[130.38364,33.34361],[130.387,33.34243],[130.39374,33.34518],[130.39422,33.34999],[130.39156,33.35151],[130.38231,33.34806]]],[[[130.40073,33.348],[130.40203,33.34919],[130.39886,33.34988],[130.39889,33.35196],[130.39301,33.34978],[130.39548,33.3441],[130.40107,33.3451],[130.40073,33.348]]],[[[130.39851,33.35188],[130.39503,33.3606],[130.39091,33.35754],[130.39156,33.35151],[130.39851,33.35188]]],[[[130.37247,33.37822],[130.37716,33.37781],[130.37537,33.37071],[130.37924,33.36507],[130.37816,33.36057],[130.39057,33.35562],[130.39569,33.36077],[130.39592,33.36414],[130.39814,33.36281],[130.39841,33.36651],[130.39277,33.36647],[130.38671,33.37059],[130.38416,33.37655],[130.38067,33.37735],[130.38263,33.37896],[130.37982,33.38279],[130.37386,33.38484],[130.37591,33.39038],[130.37234,33.39539],[130.36651,33.39351],[130.365,33.38958],[130.37247,33.37822]]],[[[130.39156,33.35151],[130.39057,33.35562],[130.38685,33.35679],[130.38893,33.35106],[130.39156,33.35151]]]]}},{"type":"Feature","properties":{"vid":"K64G02S00020","name":"大曲村","reading":"おおまがり","gun":"神埼郡","domains":["saga"],"isShared":false,"shared":[]},"geometry":{"type":"MultiPolygon","coordinates":[[[[130.40914,33.34788],[130.40874,33.34979],[130.40073,33.34795],[130.40392,33.3448],[130.40914,33.34788]]],[[[130.40518,33.33792],[130.408,33.33845],[130.40754,33.34614],[130.40392,33.3448],[130.40518,33.33792]]],[[[130.38364,33.34361],[130.38513,33.33707],[130.3956,33.33825],[130.3952,33.34541],[130.387,33.34243],[130.38364,33.34361]]],[[[130.39314,33.33158],[130.39702,33.33236],[130.39648,33.33825],[130.39158,33.33839],[130.39314,33.33158]]],[[[130.40845,33.34057],[130.41302,33.34411],[130.41495,33.34322],[130.41469,33.34497],[130.41553,33.33852],[130.41739,33.34034],[130.41793,33.33881],[130.4148,33.34959],[130.40645,33.34611],[130.40845,33.34057]]],[[[130.40666,33.334],[130.40338,33.3455],[130.39672,33.34562],[130.39468,33.3436],[130.39712,33.33217],[130.40666,33.334]]],[[[130.38513,33.33707],[130.38534,33.33004],[130.39314,33.33158],[130.39158,33.33839],[130.38513,33.33707]]]]}},{"type":"Feature","properties":{"vid":"K64G02S00021","name":"吉田村","reading":"よしだ","gun":"神埼郡","domains":["saga"],"isShared":false,"shared":[]},"geometry":{"type":"MultiPolygon","coordinates":[[[[130.40862,33.32822],[130.40624,33.33016],[130.40594,33.32685],[130.40862,33.32822]]],[[[130.40867,33.32771],[130.40862,33.32763],[130.40856,33.32765],[130.40845,33.3274],[130.40821,33.32748],[130.40777,33.3276],[130.40773,33.32739],[130.40768,33.3272],[130.40754,33.32713],[130.40737,33.32713],[130.4071,33.32716],[130.40697,33.32704],[130.40675,33.32705],[130.40649,33.32703],[130.40624,33.32697],[130.4061,33.32688],[130.40594,33.32685],[130.40587,33.32673],[130.40605,33.32621],[130.40601,33.32582],[130.40589,33.32571],[130.40568,33.32572],[130.40559,33.32567],[130.4054,33.32533],[130.40526,33.32527],[130.40495,33.32526],[130.4047,33.32526],[130.4044,33.32535],[130.40421,33.3253],[130.4042,33.32513],[130.40373,33.32458],[130.40363,33.32442],[130.40336,33.32324],[130.40317,33.32259],[130.40347,33.32259],[130.40367,33.32259],[130.40371,33.32276],[130.40404,33.32299],[130.4045,33.3233],[130.40514,33.32375],[130.40593,33.32426],[130.40674,33.32483],[130.40684,33.32489],[130.40733,33.32574],[130.40764,33.32636],[130.40766,33.32647],[130.40778,33.32657],[130.40796,33.32693],[130.40808,33.32717],[130.40864,33.32713],[130.40869,33.32732],[130.40886,33.32761],[130.40867,33.32771]]],[[[130.40594,33.32685],[130.40599,33.32886],[130.39874,33.32472],[130.39806,33.32641],[130.39201,33.32621],[130.39289,33.32161],[130.39391,33.31975],[130.4022,33.32055],[130.40594,33.32685]]],[[[130.40666,33.334],[130.39734,33.32925],[130.39853,33.32473],[130.40599,33.32886],[130.40666,33.334]]],[[[130.40666,33.334],[130.40963,33.3354],[130.40895,33.34094],[130.40495,33.33755],[130.40725,33.33654],[130.40666,33.334]]],[[[130.39201,33.32621],[130.39806,33.32641],[130.39734,33.32925],[130.4008,33.32934],[130.40142,33.33285],[130.39207,33.33171],[130.39201,33.32621]]],[[[130.40862,33.32822],[130.40238,33.31988],[130.40743,33.31551],[130.41335,33.31505],[130.415,33.32986],[130.40862,33.32822]]]]}},{"type":"Feature","properties":{"vid":"K64G02S00022","name":"目達原村","reading":"めたばる","gun":"神埼郡","domains":["saga"],"isShared":false,"shared":[]},"geometry":{"type":"Polygon","coordinates":[[[130.40924,33.34017],[130.40959,33.33529],[130.40564,33.33111],[130.40886,33.32814],[130.415,33.32986],[130.41548,33.33557],[130.41882,33.33587],[130.41739,33.34034],[130.41553,33.33852],[130.41469,33.34497],[130.40924,33.34017]]]}},{"type":"Feature","properties":{"vid":"K64G02S00023","name":"豆田村","reading":"まめだ","gun":"神埼郡","domains":["saga"],"isShared":false,"shared":[]},"geometry":{"type":"MultiPolygon","coordinates":[[[[130.40368,33.30938],[130.41191,33.31174],[130.41335,33.31505],[130.40591,33.31669],[130.40223,33.31515],[130.40368,33.30938]]],[[[130.40055,33.32071],[130.39391,33.31975],[130.39567,33.31326],[130.40305,33.31421],[130.40055,33.32071]]],[[[130.39567,33.31326],[130.39698,33.3081],[130.40374,33.30948],[130.40265,33.31415],[130.39567,33.31326]]],[[[130.40525,33.30387],[130.41191,33.31174],[130.40368,33.30938],[130.40525,33.30387]]],[[[130.4022,33.32055],[130.40053,33.32082],[130.40212,33.31534],[130.40488,33.31559],[130.4022,33.32055]]]]}},{"type":"Feature","properties":{"vid":"K64G02S00024","name":"田手村","reading":"たで","gun":"神埼郡","domains":["saga"],"isShared":false,"shared":[]},"geometry":{"type":"MultiPolygon","coordinates":[[[[130.3884,33.31252],[130.39031,33.30684],[130.39698,33.3081],[130.39547,33.31385],[130.3884,33.31252]]],[[[130.39031,33.30684],[130.39184,33.30112],[130.39841,33.3022],[130.3973,33.30818],[130.39031,33.30684]]],[[[130.38732,33.31743],[130.3884,33.31252],[130.39547,33.31385],[130.39393,33.31961],[130.38732,33.31743]]],[[[130.38534,33.33004],[130.38431,33.32403],[130.3925,33.32538],[130.39196,33.33104],[130.38534,33.33004]]],[[[130.38712,33.31801],[130.3877,33.32026],[130.39393,33.31961],[130.3925,33.32538],[130.38204,33.32334],[130.38358,33.31752],[130.38712,33.31801]]],[[[130.38712,33.31801],[130.39135,33.31817],[130.39089,33.32039],[130.3877,33.32026],[130.38712,33.31801]]]]}},{"type":"Feature","properties":{"vid":"K64G02S00025","name":"的村","reading":"ゆくわ","gun":"神埼郡","domains":["saga"],"isShared":false,"shared":[]},"geometry":{"type":"MultiPolygon","coordinates":[[[[130.37393,33.3409],[130.37353,33.34288],[130.36607,33.34186],[130.36772,33.33872],[130.37393,33.3409]]],[[[130.37272,33.34647],[130.36717,33.34593],[130.3662,33.34239],[130.37353,33.34288],[130.37272,33.34647]]],[[[130.37272,33.34647],[130.37134,33.34831],[130.37325,33.35374],[130.36574,33.353],[130.36863,33.34703],[130.37272,33.34647]]],[[[130.36335,33.35381],[130.36927,33.34557],[130.36929,33.34881],[130.36335,33.35381]]],[[[130.37248,33.35479],[130.3626,33.36616],[130.35679,33.36027],[130.35916,33.35886],[130.35745,33.35733],[130.36018,33.35785],[130.36442,33.35298],[130.37248,33.35479]]]]}},{"type":"Feature","properties":{"vid":"K64G02S00026","name":"城原村","reading":"じょうばる","gun":"神埼郡","domains":["saga"],"isShared":false,"shared":[]},"geometry":{"type":"MultiPolygon","coordinates":[[[[130.36015,33.33456],[130.36251,33.33167],[130.36768,33.33269],[130.36783,33.34059],[130.36447,33.34],[130.36015,33.33456]]],[[[130.35863,33.3354],[130.3542,33.32783],[130.35765,33.324],[130.3623,33.32471],[130.36346,33.32864],[130.35863,33.3354]]],[[[130.3629,33.32571],[130.36948,33.32685],[130.36768,33.33269],[130.36251,33.33167],[130.3629,33.32571]]],[[[130.35863,33.3354],[130.36394,33.33782],[130.35947,33.34252],[130.35769,33.34138],[130.35863,33.3354]]],[[[130.33752,33.35375],[130.33408,33.34832],[130.34254,33.34383],[130.34721,33.33782],[130.35863,33.3354],[130.35902,33.34388],[130.34918,33.34743],[130.34521,33.35476],[130.33752,33.35375]]],[[[130.3637,33.3392],[130.36803,33.3408],[130.36607,33.34186],[130.36717,33.34593],[130.3631,33.35555],[130.36018,33.35785],[130.34547,33.35506],[130.34871,33.34781],[130.35606,33.34599],[130.3637,33.3392]]]]}},{"type":"Feature","properties":{"vid":"K64G02S00027","name":"鶴村","reading":"つる","gun":"神埼郡","domains":["saga"],"isShared":false,"shared":[]},"geometry":{"type":"MultiPolygon","coordinates":[[[[130.37186,33.32265],[130.37722,33.32346],[130.37839,33.32864],[130.37276,33.32725],[130.37186,33.32265]]],[[[130.37815,33.32495],[130.37882,33.3221],[130.38221,33.32265],[130.3853,33.32817],[130.37839,33.32864],[130.37815,33.32495]]],[[[130.37157,33.3104],[130.37329,33.31177],[130.37276,33.32725],[130.36948,33.32685],[130.36741,33.32077],[130.37157,33.3104]]],[[[130.36795,33.30823],[130.3721,33.3092],[130.36899,33.31932],[130.36667,33.31445],[130.36795,33.30823]]],[[[130.36948,33.32685],[130.37774,33.32875],[130.37546,33.33414],[130.36777,33.3325],[130.36948,33.32685]]],[[[130.37393,33.3409],[130.3671,33.33901],[130.36777,33.3325],[130.37538,33.33416],[130.37393,33.3409]]]]}},{"type":"Feature","properties":{"vid":"K64G02S00028","name":"尾崎村","reading":"おさき","gun":"神埼郡","domains":["saga"],"isShared":false,"shared":[]},"geometry":{"type":"MultiPolygon","coordinates":[[[[130.34086,33.31424],[130.34253,33.3052],[130.35459,33.30669],[130.35307,33.31319],[130.34855,33.31249],[130.34755,33.3165],[130.34086,33.31424]]],[[[130.33789,33.32185],[130.34086,33.31424],[130.34755,33.3165],[130.34855,33.31249],[130.35307,33.31319],[130.35224,33.32256],[130.34754,33.32074],[130.34712,33.32249],[130.33789,33.32185]]],[[[130.33408,33.34832],[130.33759,33.33607],[130.33789,33.32185],[130.34966,33.32127],[130.34995,33.32973],[130.34149,33.33202],[130.34011,33.33457],[130.34536,33.33909],[130.34254,33.34383],[130.33408,33.34832]]],[[[130.34946,33.32215],[130.35224,33.32256],[130.3525,33.32689],[130.349,33.32726],[130.34946,33.32215]]],[[[130.34536,33.33909],[130.34021,33.33523],[130.34068,33.33275],[130.34995,33.32973],[130.35204,33.32366],[130.35765,33.324],[130.3542,33.32783],[130.35863,33.3354],[130.34536,33.33909]]]]}},{"type":"Feature","properties":{"vid":"K64G02S00029","name":"本堀村","reading":"もとほり","gun":"神埼郡","domains":["saga"],"isShared":false,"shared":[]},"geometry":{"type":"MultiPolygon","coordinates":[[[[130.37845,33.31059],[130.37827,33.31058],[130.37826,33.3105],[130.37829,33.31042],[130.37838,33.31025],[130.3785,33.30982],[130.37856,33.30958],[130.37951,33.30978],[130.381,33.31007],[130.38213,33.31035],[130.38204,33.31077],[130.38192,33.31125],[130.38098,33.31107],[130.38057,33.31095],[130.38003,33.31085],[130.37973,33.31079],[130.37955,33.31134],[130.37939,33.31181],[130.37898,33.31172],[130.37905,33.31124],[130.37917,33.31066],[130.37888,33.31061],[130.37845,33.31059]]],[[[130.3778,33.2984],[130.38554,33.29991],[130.38213,33.31035],[130.3748,33.30985],[130.37579,33.30477],[130.37372,33.30421],[130.37637,33.30395],[130.3778,33.2984]]],[[[130.39182,33.30118],[130.38467,33.29972],[130.38635,33.29384],[130.39352,33.29563],[130.39182,33.30118]]],[[[130.37961,33.29184],[130.38096,33.28679],[130.38805,33.28825],[130.38635,33.29384],[130.37961,33.29184]]],[[[130.3778,33.2984],[130.37942,33.29251],[130.38635,33.29384],[130.38467,33.29972],[130.3778,33.2984]]],[[[130.38635,33.29384],[130.38878,33.28561],[130.39504,33.28955],[130.39352,33.29563],[130.38635,33.29384]]]]}},{"type":"Feature","properties":{"vid":"K64G02S00030","name":"神埼村","reading":"かんざき","gun":"神埼郡","domains":["saga"],"isShared":false,"shared":[]},"geometry":{"type":"MultiPolygon","coordinates":[[[[130.37368,33.31076],[130.3744,33.30901],[130.37845,33.31059],[130.37368,33.31076]]],[[[130.37333,33.30506],[130.36879,33.30529],[130.36898,33.30282],[130.37333,33.30506]]],[[[130.36879,33.30529],[130.37354,33.30557],[130.37329,33.31177],[130.36783,33.30809],[130.36879,33.30529]]],[[[130.37333,33.30506],[130.37579,33.30477],[130.375,33.30911],[130.37316,33.3088],[130.37333,33.30506]]]]}},{"type":"Feature","properties":{"vid":"K64G02S00031","name":"竹村","reading":"たけ","gun":"神埼郡","domains":["saga"],"isShared":false,"shared":[]},"geometry":{"type":"MultiPolygon","coordinates":[[[[130.35459,33.30669],[130.35971,33.3076],[130.35999,33.31343],[130.3533,33.31242],[130.35459,33.30669]]],[[[130.36779,33.30766],[130.36667,33.31414],[130.35999,33.31343],[130.35971,33.3076],[130.36779,33.30766]]],[[[130.35765,33.324],[130.35827,33.31953],[130.36489,33.31963],[130.36323,33.32582],[130.35765,33.324]]],[[[130.36323,33.32582],[130.36667,33.31414],[130.36948,33.32685],[130.36323,33.32582]]],[[[130.35957,33.31905],[130.35707,33.31827],[130.35814,33.31314],[130.36667,33.31414],[130.36489,33.31963],[130.35957,33.31905]]],[[[130.35307,33.31319],[130.35814,33.31314],[130.357,33.31862],[130.35168,33.31836],[130.35307,33.31319]]],[[[130.35224,33.32256],[130.35168,33.31836],[130.35957,33.31905],[130.35689,33.32392],[130.35224,33.32256]]]]}},{"type":"Feature","properties":{"vid":"K64G02S00032","name":"志波屋村","reading":"しわや","gun":"神埼郡","domains":["saga"],"isShared":false,"shared":[]},"geometry":{"type":"MultiPolygon","coordinates":[[[[130.37998,33.35586],[130.37745,33.36208],[130.37924,33.36507],[130.37537,33.37071],[130.37716,33.37781],[130.37247,33.37822],[130.36628,33.37489],[130.3615,33.36822],[130.37248,33.35479],[130.37998,33.35586]]],[[[130.37998,33.35586],[130.37248,33.35479],[130.37281,33.34573],[130.38224,33.34792],[130.37998,33.35586]]],[[[130.38224,33.34792],[130.37281,33.34573],[130.37393,33.3409],[130.38251,33.3411],[130.38224,33.34792]]],[[[130.38319,33.34462],[130.38171,33.34328],[130.38433,33.32956],[130.38559,33.33551],[130.38319,33.34462]]],[[[130.38251,33.3411],[130.37393,33.3409],[130.376,33.32936],[130.38429,33.3287],[130.38251,33.3411]]]]}},{"type":"Feature","properties":{"vid":"K64G02S00033","name":"田道ヶ里","reading":"たみちがり","gun":"神埼郡","domains":["saga"],"isShared":false,"shared":[]},"geometry":{"type":"MultiPolygon","coordinates":[[[[130.37882,33.3221],[130.37901,33.3161],[130.38304,33.31142],[130.38855,33.31357],[130.38707,33.31806],[130.38358,33.31752],[130.38221,33.32265],[130.37882,33.3221]]],[[[130.37845,33.31059],[130.38304,33.31142],[130.37901,33.3161],[130.37995,33.31824],[130.37347,33.3153],[130.37468,33.31047],[130.37845,33.31059]]],[[[130.37368,33.31076],[130.37347,33.3153],[130.37995,33.31824],[130.37815,33.32495],[130.37186,33.32265],[130.37368,33.31076]]],[[[130.38855,33.31357],[130.38192,33.31125],[130.38274,33.30746],[130.39031,33.30684],[130.38855,33.31357]]],[[[130.39031,33.30684],[130.38274,33.30746],[130.38554,33.29991],[130.39182,33.30118],[130.39031,33.30684]]]]}},{"type":"Feature","properties":{"vid":"K64G02S00034","name":"広滝山","reading":"ひろたきやま","gun":"神埼郡","domains":["saga"],"isShared":false,"shared":[]},"geometry":{"type":"MultiPolygon","coordinates":[[[[130.34318,33.38147],[130.34175,33.36823],[130.35023,33.36729],[130.35255,33.37022],[130.34539,33.37636],[130.34318,33.38147]]],[[[130.31135,33.38248],[130.3148,33.37475],[130.32114,33.37379],[130.32691,33.37728],[130.32171,33.38335],[130.31135,33.38248]]],[[[130.32171,33.38335],[130.32598,33.37618],[130.33106,33.37469],[130.34597,33.39084],[130.34078,33.38841],[130.33243,33.38912],[130.327,33.38343],[130.3213,33.38542],[130.32171,33.38335]]],[[[130.32598,33.37618],[130.32114,33.37379],[130.32132,33.37114],[130.33627,33.36803],[130.33764,33.36542],[130.34175,33.36823],[130.34318,33.38147],[130.33879,33.38351],[130.33285,33.3754],[130.32598,33.37618]]],[[[130.34443,33.3549],[130.35351,33.35563],[130.35916,33.35886],[130.35023,33.36729],[130.34175,33.36823],[130.33764,33.36542],[130.3442,33.36141],[130.34443,33.3549]]],[[[130.3626,33.36616],[130.3551,33.37283],[130.35023,33.36729],[130.35679,33.36027],[130.3626,33.36616]]],[[[130.36142,33.36886],[130.37249,33.37814],[130.37061,33.38218],[130.36507,33.38993],[130.35696,33.39114],[130.35,33.381],[130.34629,33.38438],[130.34597,33.39084],[130.33988,33.38358],[130.3517,33.37063],[130.35534,33.37279],[130.36142,33.36886]]],[[[130.34597,33.39084],[130.34629,33.38438],[130.35,33.381],[130.35657,33.3909],[130.36507,33.38993],[130.36726,33.39203],[130.35784,33.40275],[130.34649,33.40569],[130.34413,33.39947],[130.34678,33.39599],[130.34597,33.39084]]]]}},{"type":"Feature","properties":{"vid":"K64G02S00035","name":"腹巻山","reading":"はらまきやま","gun":"神埼郡","domains":["saga"],"isShared":false,"shared":[]},"geometry":{"type":"MultiPolygon","coordinates":[[[[130.33243,33.38912],[130.34078,33.38841],[130.34413,33.39161],[130.34687,33.39074],[130.34609,33.39765],[130.34413,33.39947],[130.3317,33.39873],[130.33243,33.38912]]],[[[130.31425,33.3842],[130.31994,33.38275],[130.3213,33.38542],[130.32676,33.38338],[130.33205,33.38741],[130.3317,33.39873],[130.32035,33.39276],[130.31425,33.3842]]],[[[130.31135,33.38248],[130.31701,33.38647],[130.32035,33.39276],[130.33159,33.39897],[130.3255,33.39942],[130.30723,33.39152],[130.30792,33.38617],[130.31135,33.38248]]],[[[130.30723,33.39152],[130.32541,33.39938],[130.3261,33.4075],[130.33312,33.41473],[130.32061,33.4139],[130.31426,33.39858],[130.30473,33.39301],[130.30723,33.39152]]],[[[130.32634,33.42207],[130.32016,33.42003],[130.32312,33.4148],[130.33312,33.41473],[130.32908,33.40924],[130.34593,33.40562],[130.34862,33.41474],[130.34658,33.42119],[130.34959,33.42613],[130.34394,33.42934],[130.33774,33.42185],[130.33477,33.42155],[130.3342,33.41743],[130.32634,33.42207]]],[[[130.32016,33.42003],[130.31923,33.41648],[130.31569,33.41615],[130.31301,33.41181],[130.30728,33.41303],[130.29835,33.40929],[130.29766,33.40488],[130.29404,33.40317],[130.30144,33.39394],[130.30473,33.39301],[130.31426,33.39858],[130.31806,33.40981],[130.32312,33.4148],[130.32016,33.42003]]],[[[130.34413,33.39947],[130.34674,33.40341],[130.34404,33.40726],[130.32908,33.40924],[130.3261,33.4075],[130.32541,33.39938],[130.34413,33.39947]]],[[[130.36208,33.39876],[130.36641,33.39333],[130.37716,33.39495],[130.38076,33.39833],[130.38361,33.40904],[130.378,33.41353],[130.37838,33.41659],[130.37257,33.41759],[130.36667,33.4101],[130.3601,33.40849],[130.36509,33.40317],[130.36525,33.40059],[130.36208,33.39876]]],[[[130.35072,33.40563],[130.36208,33.39876],[130.36525,33.40059],[130.36509,33.40317],[130.3601,33.40849],[130.36667,33.4101],[130.37257,33.41759],[130.36281,33.42063],[130.35312,33.41219],[130.35072,33.40563]]],[[[130.34593,33.40562],[130.35072,33.40563],[130.35312,33.41219],[130.36281,33.42063],[130.34959,33.42613],[130.34658,33.42119],[130.34862,33.41474],[130.34593,33.40562]]],[[[130.32876,33.42933],[130.32634,33.42207],[130.3342,33.41743],[130.33477,33.42155],[130.33774,33.42185],[130.34394,33.42934],[130.33276,33.43552],[130.32876,33.42933]]],[[[130.33975,33.44461],[130.33913,33.44052],[130.3332,33.44018],[130.33276,33.43552],[130.36564,33.41895],[130.37838,33.41659],[130.37662,33.41912],[130.37795,33.42703],[130.36892,33.43621],[130.36705,33.43401],[130.35579,33.43324],[130.34543,33.44502],[130.33975,33.44461]]]]}},{"type":"Feature","properties":{"vid":"K64G02S00036","name":"鹿路山","reading":"ろくろやま","gun":"神埼郡","domains":["saga"],"isShared":false,"shared":[]},"geometry":{"type":"MultiPolygon","coordinates":[[[[130.28359,33.38013],[130.28643,33.3793],[130.28669,33.37584],[130.28365,33.37228],[130.28178,33.36025],[130.28676,33.36077],[130.28956,33.36603],[130.28867,33.3688],[130.29281,33.37129],[130.2936,33.37508],[130.29182,33.38207],[130.28359,33.38013]]],[[[130.28973,33.36717],[130.28676,33.36077],[130.28775,33.35832],[130.2977,33.35728],[130.30019,33.35957],[130.30078,33.36197],[130.29552,33.36246],[130.28973,33.36717]]],[[[130.30426,33.34859],[130.30651,33.34865],[130.30862,33.35749],[130.30619,33.36189],[130.30193,33.36208],[130.29769,33.35735],[130.3045,33.35217],[130.30426,33.34859]]],[[[130.32236,33.35989],[130.32684,33.36065],[130.33317,33.35464],[130.34443,33.3549],[130.3442,33.36141],[130.33819,33.36436],[130.33637,33.36798],[130.32985,33.36807],[130.32564,33.37089],[130.32197,33.37076],[130.31968,33.36739],[130.32236,33.35989]]],[[[130.30862,33.35749],[130.31488,33.36082],[130.31604,33.35878],[130.32236,33.35989],[130.31944,33.36504],[130.32141,33.37351],[130.31436,33.37498],[130.3099,33.38319],[130.30524,33.3707],[130.3052,33.36425],[130.30862,33.35749]]],[[[130.2918,33.38207],[130.29342,33.37364],[130.28867,33.3688],[130.28981,33.36686],[130.29552,33.36246],[130.30619,33.36189],[130.30524,33.3707],[130.3099,33.38319],[130.30875,33.38487],[130.29542,33.38554],[130.2918,33.38207]]],[[[130.29404,33.40317],[130.29196,33.40321],[130.29081,33.39811],[130.29123,33.38683],[130.30875,33.38487],[130.30723,33.39152],[130.30144,33.39394],[130.29404,33.40317]]],[[[130.27372,33.38705],[130.27651,33.38465],[130.27678,33.38051],[130.2918,33.38207],[130.29346,33.38514],[130.29123,33.38683],[130.29196,33.40321],[130.27866,33.40274],[130.27549,33.39804],[130.27652,33.39216],[130.27372,33.38705]]]]}},{"type":"Feature","properties":{"vid":"K64G02S00037","name":"杠山","reading":"ゆずりは","gun":"神埼郡","domains":["saga"],"isShared":false,"shared":[]},"geometry":{"type":"MultiPolygon","coordinates":[[[[130.27687,33.42458],[130.276,33.43209],[130.27076,33.43601],[130.26583,33.42767],[130.26953,33.42617],[130.26956,33.42101],[130.27486,33.41757],[130.2752,33.42454],[130.27687,33.42458]]],[[[130.26669,33.40143],[130.27275,33.40368],[130.2749,33.41745],[130.26956,33.42101],[130.26953,33.42617],[130.26359,33.42913],[130.25794,33.42894],[130.25631,33.42339],[130.25163,33.42592],[130.24754,33.42258],[130.24645,33.41337],[130.25037,33.40625],[130.25794,33.40769],[130.26669,33.40143]]],[[[130.25274,33.43275],[130.25163,33.42592],[130.25542,33.42299],[130.25794,33.42894],[130.26583,33.42767],[130.27144,33.43471],[130.26466,33.44399],[130.25934,33.43867],[130.25388,33.4372],[130.25274,33.43275]]]]}},{"type":"Feature","properties":{"vid":"K64G02S00038","name":"三ツ瀬山","reading":"みつぜやま","gun":"神埼郡","domains":["saga"],"isShared":false,"shared":[]},"geometry":{"type":"MultiPolygon","coordinates":[[[[130.27687,33.42458],[130.29498,33.4268],[130.28261,33.42863],[130.2827,33.43471],[130.27448,33.4357],[130.27245,33.43293],[130.27624,33.43162],[130.27687,33.42458]]],[[[130.27933,33.44755],[130.29594,33.44595],[130.30836,33.46242],[130.30235,33.46122],[130.2951,33.4654],[130.28896,33.46373],[130.27861,33.45219],[130.27933,33.44755]]],[[[130.27502,33.44909],[130.26466,33.44399],[130.27289,33.43352],[130.27448,33.4357],[130.27843,33.43435],[130.29056,33.44498],[130.27502,33.44909]]],[[[130.29056,33.44498],[130.2883,33.43928],[130.28961,33.43696],[130.30228,33.44032],[130.30813,33.45696],[130.31388,33.458],[130.31303,33.46093],[130.30836,33.46242],[130.29594,33.44595],[130.29056,33.44498]]],[[[130.27404,33.46159],[130.27502,33.44909],[130.27933,33.44755],[130.27819,33.45143],[130.28301,33.45494],[130.28521,33.46166],[130.2951,33.4654],[130.28176,33.47467],[130.27515,33.4674],[130.27404,33.46159]]],[[[130.28064,33.43638],[130.28329,33.43414],[130.28261,33.42863],[130.29337,33.42819],[130.2884,33.43811],[130.28905,33.44309],[130.28064,33.43638]]]]}},{"type":"Feature","properties":{"vid":"K64G02S00039","name":"藤原山","reading":"ふじのはるやま","gun":"神埼郡","domains":["saga"],"isShared":false,"shared":[]},"geometry":{"type":"MultiPolygon","coordinates":[[[[130.31388,33.458],[130.30813,33.45696],[130.30252,33.44054],[130.30566,33.43982],[130.30526,33.43167],[130.31637,33.4348],[130.32876,33.42933],[130.33375,33.43652],[130.3332,33.44018],[130.33913,33.44052],[130.33975,33.44461],[130.33637,33.44523],[130.33485,33.4505],[130.32123,33.45826],[130.31388,33.458]]],[[[130.29337,33.42819],[130.29725,33.42556],[130.30645,33.42702],[130.3105,33.42336],[130.32333,33.42727],[130.32786,33.42536],[130.32899,33.42857],[130.31637,33.4348],[130.30526,33.43167],[130.30566,33.43982],[130.30252,33.44054],[130.2903,33.43688],[130.29337,33.42819]]],[[[130.29462,33.4264],[130.29053,33.4264],[130.28467,33.42143],[130.28637,33.42076],[130.28567,33.41668],[130.27976,33.40916],[130.28119,33.40274],[130.29276,33.40247],[130.29766,33.40488],[130.29862,33.41157],[130.29212,33.41735],[130.29519,33.42111],[130.29462,33.4264]]],[[[130.29462,33.4264],[130.29519,33.42111],[130.29212,33.41735],[130.299,33.40978],[130.30728,33.41303],[130.31301,33.41181],[130.31569,33.41615],[130.31923,33.41648],[130.3202,33.42058],[130.32782,33.4236],[130.32361,33.42729],[130.31519,33.4235],[130.31008,33.42349],[130.30645,33.42702],[130.29462,33.4264]]],[[[130.27275,33.40368],[130.27723,33.40072],[130.28054,33.40327],[130.27976,33.40916],[130.28567,33.41668],[130.28637,33.42076],[130.28467,33.42143],[130.29038,33.42631],[130.27523,33.4246],[130.27275,33.40368]]]]}},{"type":"Feature","properties":{"vid":"K64G02S00040","name":"直島村","reading":"なおとり","gun":"神埼郡","domains":["hasuike"],"isShared":false,"shared":[]},"geometry":{"type":"MultiPolygon","coordinates":[[[[130.36412,33.27482],[130.36455,33.2717],[130.3627,33.27186],[130.3647,33.27005],[130.36221,33.26839],[130.37524,33.27067],[130.37634,33.26677],[130.37356,33.27829],[130.36583,33.27753],[130.36412,33.27482]]],[[[130.37634,33.26677],[130.37524,33.27067],[130.36475,33.2698],[130.36226,33.26504],[130.37321,33.26265],[130.3767,33.26386],[130.37634,33.26677]]]]}},{"type":"Feature","properties":{"vid":"K64G02S00041","name":"嘉納村","reading":"かのう","gun":"神埼郡","domains":["hasuike"],"isShared":false,"shared":[]},"geometry":{"type":"MultiPolygon","coordinates":[[[[130.37071,33.28644],[130.37227,33.27826],[130.38213,33.28084],[130.38126,33.28571],[130.37071,33.28644]]],[[[130.37356,33.27829],[130.37578,33.27282],[130.38213,33.27528],[130.38213,33.28084],[130.37356,33.27829]]]]}},{"type":"Feature","properties":{"vid":"K64G02S00043","name":"下西村","reading":"しもさい","gun":"神埼郡","domains":["hasuike"],"isShared":false,"shared":[]},"geometry":{"type":"MultiPolygon","coordinates":[[[[130.34241,33.26272],[130.35118,33.26199],[130.34885,33.26433],[130.35022,33.26745],[130.34026,33.26845],[130.34241,33.26272]]],[[[130.34241,33.26271],[130.34284,33.25638],[130.35018,33.25663],[130.34806,33.26316],[130.34241,33.26271]]],[[[130.34284,33.25638],[130.34363,33.2499],[130.35039,33.25046],[130.35018,33.25663],[130.34284,33.25638]]]]}},{"type":"Feature","properties":{"vid":"K64G02S00046","name":"小松村","reading":"こまつ","gun":"神埼郡","domains":["hasuike"],"isShared":false,"shared":[]},"geometry":{"type":"MultiPolygon","coordinates":[[[[130.36708,33.24949],[130.36024,33.24844],[130.36107,33.24161],[130.36499,33.24173],[130.36708,33.24949]]],[[[130.36857,33.25094],[130.3665,33.2453],[130.37313,33.2436],[130.37535,33.24921],[130.36857,33.25094]]],[[[130.36016,33.25111],[130.36024,33.24844],[130.36417,33.24869],[130.36016,33.25111]]]]}},{"type":"Feature","properties":{"vid":"K64G02S00047","name":"見島村","reading":"みしま","gun":"神埼郡","domains":["hasuike"],"isShared":false,"shared":[]},"geometry":{"type":"MultiPolygon","coordinates":[[[[130.35046,33.25256],[130.36062,33.25337],[130.35883,33.25598],[130.35124,33.25615],[130.35046,33.25256]]],[[[130.36016,33.25111],[130.35126,33.25282],[130.35,33.25014],[130.36016,33.25111]]],[[[130.36016,33.25111],[130.36467,33.24867],[130.37015,33.25358],[130.36695,33.25455],[130.36695,33.25698],[130.35887,33.25714],[130.36016,33.25111]]]]}},{"type":"Feature","properties":{"vid":"K64G02S00048","name":"余り江村","reading":"あまりえ","gun":"神埼郡","domains":["hasuike"],"isShared":false,"shared":[]},"geometry":{"type":"MultiPolygon","coordinates":[[[[130.36205,33.25628],[130.37003,33.2572],[130.36996,33.26249],[130.36332,33.26442],[130.36205,33.25628]]],[[[130.35021,33.25602],[130.35703,33.25605],[130.35662,33.26125],[130.35854,33.26233],[130.34994,33.26333],[130.35021,33.25602]]],[[[130.35703,33.25605],[130.36205,33.25628],[130.36267,33.26503],[130.35662,33.26125],[130.35703,33.25605]]]]}},{"type":"Feature","properties":{"vid":"K64G02S00049","name":"古賀村","reading":"こが","gun":"神埼郡","domains":["hasuike"],"isShared":false,"shared":[]},"geometry":{"type":"Polygon","coordinates":[[[130.36695,33.25698],[130.36695,33.25455],[130.37015,33.25358],[130.36857,33.25094],[130.37668,33.24911],[130.37714,33.25112],[130.37282,33.25385],[130.37369,33.25725],[130.36695,33.25698]]]}},{"type":"Feature","properties":{"vid":"K64G04S00006","name":"轟木村","reading":"とどろき","gun":"養父郡","domains":["saga"],"isShared":false,"shared":[]},"geometry":{"type":"Polygon","coordinates":[[[130.50668,33.36977],[130.49724,33.3702],[130.49807,33.36773],[130.49504,33.36596],[130.4994,33.35404],[130.5058,33.35393],[130.50774,33.34964],[130.50601,33.36228],[130.50903,33.36304],[130.50985,33.36739],[130.50668,33.36977]]]}},{"type":"Feature","properties":{"vid":"K64G04S00007","name":"下野村","reading":"しもの","gun":"養父郡","domains":["saga"],"isShared":false,"shared":[]},"geometry":{"type":"MultiPolygon","coordinates":[[[[130.50774,33.34964],[130.50689,33.35238],[130.50597,33.34847],[130.49631,33.34744],[130.49923,33.34115],[130.49183,33.34242],[130.49237,33.33915],[130.49648,33.33828],[130.49688,33.33076],[130.48659,33.33455],[130.48553,33.33276],[130.49709,33.32611],[130.50196,33.32723],[130.50565,33.33107],[130.50912,33.34501],[130.50774,33.34964]]],[[[130.47955,33.33638],[130.47995,33.33087],[130.48659,33.33455],[130.49688,33.33076],[130.49648,33.33828],[130.49227,33.33925],[130.48924,33.34857],[130.49182,33.34079],[130.47938,33.34122],[130.47955,33.33638]]]]}},{"type":"Feature","properties":{"vid":"K64G04S00008","name":"儀徳村","reading":"ぎとく","gun":"養父郡","domains":["saga"],"isShared":false,"shared":[]},"geometry":{"type":"MultiPolygon","coordinates":[[[[130.4858,33.35031],[130.49039,33.34776],[130.49183,33.34242],[130.49923,33.34115],[130.49909,33.34489],[130.49637,33.34522],[130.49662,33.35374],[130.48953,33.35698],[130.49015,33.3629],[130.48632,33.36079],[130.48987,33.36119],[130.48832,33.35649],[130.49197,33.35264],[130.4858,33.35031]]],[[[130.50689,33.35238],[130.49949,33.35394],[130.4962,33.3643],[130.49277,33.36397],[130.49136,33.36708],[130.4895,33.35705],[130.49662,33.35374],[130.49631,33.34744],[130.50597,33.34847],[130.50689,33.35238]]]]}},{"type":"Feature","properties":{"vid":"K64G04S00009","name":"江島村","reading":"えじま","gun":"養父郡","domains":["saga"],"isShared":false,"shared":[]},"geometry":{"type":"MultiPolygon","coordinates":[[[[130.47955,33.33638],[130.47938,33.34122],[130.49182,33.34079],[130.48924,33.34857],[130.47977,33.35397],[130.47809,33.36041],[130.47693,33.35592],[130.47352,33.35726],[130.47414,33.35413],[130.47155,33.35716],[130.47375,33.35414],[130.46708,33.35215],[130.46858,33.35093],[130.46687,33.35005],[130.47267,33.33818],[130.47955,33.33638]]],[[[130.49136,33.36708],[130.47794,33.36577],[130.46872,33.35969],[130.46696,33.36158],[130.46702,33.35758],[130.46374,33.35697],[130.46468,33.35118],[130.46197,33.35583],[130.46049,33.35493],[130.46078,33.34953],[130.46397,33.35091],[130.46629,33.34893],[130.46851,33.3506],[130.46708,33.35215],[130.4732,33.35356],[130.47155,33.35716],[130.47523,33.35438],[130.47349,33.3572],[130.47608,33.35521],[130.47809,33.36041],[130.48167,33.35207],[130.48937,33.35024],[130.48875,33.35171],[130.49197,33.35264],[130.48832,33.35649],[130.4899,33.3611],[130.48631,33.36103],[130.49157,33.36383],[130.49136,33.36708]]]]}},{"type":"Feature","properties":{"vid":"K64G04S00010","name":"立石村","reading":"たていし","gun":"養父郡","domains":["saga"],"isShared":false,"shared":[]},"geometry":{"type":"MultiPolygon","coordinates":[[[[130.45903,33.39007],[130.45655,33.38823],[130.45735,33.38474],[130.45987,33.3842],[130.46169,33.37249],[130.47224,33.36548],[130.47132,33.36354],[130.47452,33.36279],[130.4851,33.36793],[130.46779,33.37085],[130.46482,33.37985],[130.46015,33.38337],[130.45903,33.39007]]],[[[130.45664,33.38945],[130.44227,33.39757],[130.43997,33.39444],[130.44198,33.38554],[130.44696,33.38162],[130.44722,33.37721],[130.45307,33.37266],[130.45607,33.36642],[130.45741,33.34732],[130.46078,33.34953],[130.46141,33.35581],[130.46468,33.35118],[130.46374,33.35697],[130.46702,33.35758],[130.46691,33.36154],[130.46872,33.35969],[130.47373,33.36282],[130.46633,33.37056],[130.46196,33.37198],[130.45987,33.3842],[130.45735,33.38474],[130.45664,33.38945]]]]}},{"type":"Feature","properties":{"vid":"K64G04S00011","name":"蓑原村","reading":"みのばる","gun":"養父郡","domains":["saga"],"isShared":false,"shared":[]},"geometry":{"type":"MultiPolygon","coordinates":[[[[130.45596,33.35922],[130.45696,33.363],[130.45255,33.37298],[130.44503,33.36627],[130.44359,33.36117],[130.45596,33.35922]]],[[[130.45626,33.35487],[130.45596,33.35922],[130.44359,33.36117],[130.44304,33.3533],[130.45626,33.35487]]],[[[130.45735,33.35376],[130.44304,33.3533],[130.4451,33.34244],[130.44861,33.34233],[130.44924,33.34521],[130.45527,33.3469],[130.45735,33.35376]]],[[[130.44167,33.39754],[130.43828,33.40062],[130.42847,33.39688],[130.41901,33.40112],[130.41055,33.39443],[130.41242,33.39085],[130.41745,33.38878],[130.42784,33.36023],[130.44203,33.36565],[130.44375,33.36263],[130.45255,33.37298],[130.44198,33.38554],[130.4398,33.39256],[130.44167,33.39754]]],[[[130.45742,33.3476],[130.45735,33.35376],[130.45527,33.3469],[130.44855,33.34441],[130.44924,33.33801],[130.454,33.3391],[130.45483,33.33654],[130.45416,33.34044],[130.45742,33.3476]]]]}},{"type":"Feature","properties":{"vid":"K64G04S00012","name":"原古賀村","reading":"はらこが","gun":"養父郡","domains":["saga"],"isShared":false,"shared":[]},"geometry":{"type":"MultiPolygon","coordinates":[[[[130.44861,33.34233],[130.44498,33.34109],[130.44755,33.33668],[130.4468,33.33076],[130.44901,33.33769],[130.45187,33.3351],[130.45394,33.33786],[130.44924,33.33801],[130.44861,33.34233]]],[[[130.44654,33.3326],[130.44755,33.33668],[130.44498,33.34109],[130.43869,33.34044],[130.44065,33.33189],[130.44654,33.3326]]],[[[130.44304,33.3533],[130.43581,33.35283],[130.43825,33.34472],[130.43701,33.34035],[130.44616,33.34163],[130.44254,33.34843],[130.44304,33.3533]]],[[[130.42949,33.33804],[130.42533,33.3364],[130.42695,33.32892],[130.44065,33.33189],[130.43869,33.34044],[130.42949,33.33804]]],[[[130.42908,33.34799],[130.43221,33.34106],[130.43701,33.34035],[130.43635,33.3525],[130.42908,33.34799]]],[[[130.428,33.36017],[130.42968,33.3547],[130.42691,33.35112],[130.42769,33.3473],[130.43606,33.35321],[130.43048,33.36155],[130.428,33.36017]]],[[[130.44375,33.36263],[130.44203,33.36565],[130.43048,33.36155],[130.4351,33.35359],[130.4413,33.35307],[130.44428,33.35516],[130.44375,33.36263]]]]}},{"type":"Feature","properties":{"vid":"K64G04S00013","name":"白壁村","reading":"しらかべ","gun":"養父郡","domains":["saga"],"isShared":false,"shared":[]},"geometry":{"type":"MultiPolygon","coordinates":[[[[130.47006,33.31825],[130.4808,33.31587],[130.48032,33.3223],[130.47696,33.32609],[130.47142,33.32567],[130.46878,33.32336],[130.47006,33.31825]]],[[[130.47955,33.33638],[130.477,33.33767],[130.47449,33.33546],[130.47637,33.32928],[130.47995,33.33087],[130.47955,33.33638]]],[[[130.47189,33.34124],[130.46883,33.34497],[130.46872,33.34306],[130.46296,33.34394],[130.45983,33.34141],[130.46087,33.33722],[130.46711,33.33695],[130.47189,33.34124]]],[[[130.477,33.33767],[130.47292,33.33798],[130.47189,33.34124],[130.46865,33.33689],[130.46793,33.33051],[130.47024,33.32488],[130.47696,33.32609],[130.47923,33.33016],[130.47637,33.32928],[130.47521,33.33185],[130.47449,33.33546],[130.477,33.33767]]],[[[130.46299,33.31945],[130.46295,33.32148],[130.47058,33.32368],[130.46793,33.33051],[130.46908,33.33728],[130.46129,33.33723],[130.46045,33.32631],[130.46299,33.31945]]],[[[130.46299,33.31945],[130.46447,33.3173],[130.47006,33.31825],[130.46896,33.32243],[130.46295,33.32148],[130.46299,33.31945]]],[[[130.45742,33.3476],[130.45416,33.34044],[130.45554,33.33812],[130.46067,33.33833],[130.45983,33.34141],[130.46296,33.34394],[130.46872,33.34306],[130.46939,33.34675],[130.46705,33.35007],[130.4624,33.35066],[130.45742,33.3476]]]]}},{"type":"Feature","properties":{"vid":"K64G04S00014","name":"東尾村","reading":"ひがしお","gun":"養父郡","domains":["saga"],"isShared":false,"shared":[]},"geometry":{"type":"MultiPolygon","coordinates":[[[[130.45554,33.33812],[130.45364,33.33198],[130.45515,33.32437],[130.45688,33.32465],[130.45883,33.31633],[130.46263,33.31645],[130.46045,33.32631],[130.46131,33.33892],[130.45554,33.33812]]],[[[130.45441,33.33657],[130.45187,33.3351],[130.44909,33.33772],[130.44737,33.33528],[130.45158,33.31498],[130.45883,33.31633],[130.45688,33.32465],[130.45515,33.32437],[130.45441,33.33657]]]]}},{"type":"Feature","properties":{"vid":"K64G04S00015","name":"中津隈村","reading":"なかつくま","gun":"養父郡","domains":["saga"],"isShared":false,"shared":[]},"geometry":{"type":"MultiPolygon","coordinates":[[[[130.448,33.33086],[130.44623,33.33315],[130.43747,33.33085],[130.44242,33.31325],[130.45119,33.31518],[130.448,33.33086]]],[[[130.42695,33.32892],[130.42826,33.3208],[130.43189,33.32141],[130.43278,33.31752],[130.43652,33.31825],[130.43913,33.31268],[130.44242,33.31325],[130.43747,33.33085],[130.42695,33.32892]]]]}},{"type":"Feature","properties":{"vid":"K64G04S10001","name":"山浦村","reading":null,"gun":"養父郡","domains":["saga"],"isShared":false,"shared":[]},"geometry":{"type":"Polygon","coordinates":[[[130.48983,33.3746],[130.49147,33.3781],[130.48676,33.38422],[130.48771,33.38786],[130.47705,33.39219],[130.46861,33.38916],[130.45903,33.39007],[130.46015,33.38337],[130.46482,33.37985],[130.46794,33.37073],[130.47828,33.36862],[130.4838,33.37629],[130.48983,33.3746]]]}},{"type":"Feature","properties":{"vid":"K64G05S00001","name":"坂口村","reading":"さかぐち","gun":"三根郡","domains":["saga"],"isShared":false,"shared":[]},"geometry":{"type":"MultiPolygon","coordinates":[[[[130.43514,33.27552],[130.43988,33.26532],[130.44587,33.26375],[130.45042,33.26571],[130.44832,33.27756],[130.43981,33.27218],[130.43925,33.27608],[130.43514,33.27552]]],[[[130.43925,33.27608],[130.43981,33.27218],[130.44656,33.27602],[130.45334,33.28335],[130.45172,33.2861],[130.4422,33.2825],[130.44181,33.27639],[130.43925,33.27608]]],[[[130.43514,33.27552],[130.44181,33.27639],[130.44089,33.28125],[130.43556,33.28054],[130.43514,33.27552]]]]}},{"type":"Feature","properties":{"vid":"K64G05S00002","name":"天建寺村","reading":"てんけんじ","gun":"三根郡","domains":["saga"],"isShared":false,"shared":[]},"geometry":{"type":"MultiPolygon","coordinates":[[[[130.45474,33.2975],[130.44782,33.29616],[130.44676,33.29136],[130.44844,33.285],[130.45172,33.2861],[130.45305,33.28336],[130.45627,33.28891],[130.45474,33.2975]]],[[[130.45334,33.28335],[130.46582,33.28518],[130.46786,33.28825],[130.45551,33.29452],[130.45627,33.28891],[130.45334,33.28335]]],[[[130.44089,33.28125],[130.44844,33.285],[130.44786,33.28861],[130.44268,33.2884],[130.43741,33.28484],[130.43556,33.28054],[130.44089,33.28125]]],[[[130.44782,33.29616],[130.4361,33.29108],[130.4385,33.28938],[130.43741,33.28484],[130.44268,33.2884],[130.44786,33.28861],[130.44782,33.29616]]]]}},{"type":"Feature","properties":{"vid":"K64G05S00003","name":"西島村","reading":"にしじま","gun":"三根郡","domains":["saga"],"isShared":false,"shared":[]},"geometry":{"type":"MultiPolygon","coordinates":[[[[130.43814,33.30867],[130.43644,33.30772],[130.44021,33.29871],[130.43966,33.29336],[130.44511,33.2971],[130.44834,33.30436],[130.43995,33.30265],[130.43814,33.30867]]],[[[130.44258,33.31138],[130.43814,33.30867],[130.43995,33.30265],[130.44529,33.30368],[130.44258,33.31138]]],[[[130.45608,33.30149],[130.45392,33.30498],[130.44834,33.30436],[130.44328,33.29533],[130.45474,33.2975],[130.45608,33.30149]]],[[[130.43338,33.30642],[130.43426,33.30224],[130.43051,33.29784],[130.43354,33.29247],[130.43809,33.29085],[130.44021,33.29871],[130.43686,33.30837],[130.43338,33.30642]]],[[[130.4421,33.31321],[130.44529,33.30368],[130.44834,33.30436],[130.44715,33.31431],[130.4421,33.31321]]]]}},{"type":"Feature","properties":{"vid":"K64G05S00004","name":"江迎村","reading":"えむかい","gun":"三根郡","domains":["saga"],"isShared":false,"shared":[]},"geometry":{"type":"MultiPolygon","coordinates":[[[[130.43015,33.30637],[130.42996,33.2987],[130.43426,33.30224],[130.43338,33.30642],[130.43015,33.30637]]],[[[130.42777,33.31308],[130.43015,33.30637],[130.43338,33.30642],[130.43273,33.31384],[130.42777,33.31308]]],[[[130.42748,33.31598],[130.42777,33.31308],[130.43273,33.31384],[130.43189,33.32141],[130.42796,33.32089],[130.42748,33.31598]]],[[[130.43025,33.30376],[130.4229,33.30253],[130.42341,33.29858],[130.42996,33.2987],[130.43025,33.30376]]],[[[130.42379,33.30854],[130.42282,33.30256],[130.43025,33.30376],[130.42991,33.31146],[130.42379,33.30854]]],[[[130.43273,33.31384],[130.43463,33.30782],[130.44258,33.31138],[130.44208,33.31333],[130.43913,33.31268],[130.43652,33.31825],[130.43266,33.31748],[130.43273,33.31384]]]]}},{"type":"Feature","properties":{"vid":"K64G05S00005","name":"堤村","reading":"つつみ","gun":"三根郡","domains":["saga"],"isShared":false,"shared":[]},"geometry":{"type":"MultiPolygon","coordinates":[[[[130.41481,33.34958],[130.41805,33.33931],[130.42534,33.34125],[130.42435,33.3524],[130.42114,33.34919],[130.41481,33.34958]]],[[[130.41793,33.33881],[130.41869,33.33608],[130.42949,33.33804],[130.42833,33.34202],[130.41793,33.33881]]],[[[130.41986,33.37993],[130.4178,33.36746],[130.41538,33.36716],[130.41093,33.3598],[130.41318,33.35439],[130.42771,33.36036],[130.42353,33.37013],[130.42388,33.37519],[130.41986,33.37993]]],[[[130.41318,33.35439],[130.41323,33.3497],[130.41971,33.349],[130.42949,33.35517],[130.42771,33.36036],[130.41318,33.35439]]],[[[130.42949,33.35517],[130.42435,33.3524],[130.42534,33.34125],[130.42833,33.34202],[130.42949,33.33804],[130.43368,33.34002],[130.42959,33.34383],[130.43069,33.34788],[130.42716,33.34842],[130.42949,33.35517]]]]}},{"type":"Feature","properties":{"vid":"K64G05S00006","name":"坊所村","reading":"ぼうしょ","gun":"三根郡","domains":["saga"],"isShared":false,"shared":[]},"geometry":{"type":"MultiPolygon","coordinates":[[[[130.42748,33.31598],[130.41804,33.32006],[130.4192,33.31188],[130.42777,33.31308],[130.42748,33.31598]]],[[[130.42792,33.32229],[130.42273,33.32149],[130.42103,33.32363],[130.41813,33.32016],[130.42748,33.31598],[130.42792,33.32229]]],[[[130.41869,33.33608],[130.41548,33.33557],[130.415,33.32986],[130.41743,33.33217],[130.42441,33.32729],[130.42702,33.32779],[130.42534,33.3377],[130.4249,33.336],[130.42427,33.33752],[130.41869,33.33608]]],[[[130.42702,33.32779],[130.42441,33.32729],[130.41743,33.33217],[130.41655,33.32987],[130.42273,33.32149],[130.42792,33.32229],[130.42702,33.32779]]],[[[130.415,33.32986],[130.41335,33.31505],[130.41786,33.31609],[130.41998,33.3218],[130.415,33.32986]]]]}},{"type":"Feature","properties":{"vid":"K64G05S00007","name":"前牟田村","reading":"まえむた","gun":"三根郡","domains":["saga"],"isShared":false,"shared":[]},"geometry":{"type":"MultiPolygon","coordinates":[[[[130.41191,33.31174],[130.41164,33.30854],[130.41834,33.31067],[130.41786,33.31609],[130.41335,33.31505],[130.41191,33.31174]]],[[[130.41073,33.30882],[130.40579,33.3029],[130.40615,33.29661],[130.41384,33.29648],[130.41073,33.30882]]],[[[130.41253,33.30854],[130.41112,33.30718],[130.41384,33.29648],[130.4163,33.29663],[130.41253,33.30854]]],[[[130.41253,33.30854],[130.41607,33.30033],[130.41834,33.31067],[130.41253,33.30854]]],[[[130.41895,33.30779],[130.418,33.30348],[130.42282,33.30256],[130.42379,33.30854],[130.41895,33.30779]]],[[[130.42777,33.31308],[130.41815,33.31169],[130.41895,33.30779],[130.42564,33.30885],[130.42777,33.31308]]]]}},{"type":"Feature","properties":{"vid":"K64G05S00008","name":"市武村","reading":"いちたけ","gun":"三根郡","domains":["saga"],"isShared":false,"shared":[]},"geometry":{"type":"MultiPolygon","coordinates":[[[[130.43354,33.29247],[130.43146,33.29576],[130.42853,33.2935],[130.429,33.29132],[130.43354,33.29247]]],[[[130.42996,33.2987],[130.42421,33.29807],[130.4234,33.2914],[130.42556,33.28937],[130.43227,33.2972],[130.42996,33.2987]]],[[[130.41607,33.30033],[130.41657,33.28988],[130.42082,33.28994],[130.42339,33.2919],[130.42289,33.30257],[130.41747,33.30341],[130.41607,33.30033]]],[[[130.42528,33.28952],[130.423,33.29195],[130.42082,33.28994],[130.42528,33.28952]]]]}},{"type":"Feature","properties":{"vid":"K64G05S00009","name":"東津村","reading":"ひがしづ","gun":"三根郡","domains":["saga"],"isShared":false,"shared":[]},"geometry":{"type":"MultiPolygon","coordinates":[[[[130.4304,33.28375],[130.42524,33.28181],[130.41928,33.28456],[130.42105,33.27608],[130.42369,33.27617],[130.42362,33.27192],[130.42632,33.27061],[130.42957,33.27401],[130.4304,33.28375]]],[[[130.41335,33.26891],[130.41746,33.26834],[130.42362,33.27192],[130.41928,33.28456],[130.41263,33.28134],[130.4167,33.27701],[130.41335,33.26891]]],[[[130.40701,33.27997],[130.40812,33.27105],[130.41335,33.26891],[130.41657,33.27745],[130.40701,33.27997]]]]}},{"type":"Feature","properties":{"vid":"K64G05S00010","name":"寄人村","reading":"よりうと","gun":"三根郡","domains":["saga"],"isShared":false,"shared":[]},"geometry":{"type":"MultiPolygon","coordinates":[[[[130.42528,33.28952],[130.4249,33.28766],[130.41907,33.28679],[130.41928,33.28456],[130.42524,33.28181],[130.4304,33.28375],[130.42528,33.28952]]],[[[130.42528,33.28952],[130.41464,33.28963],[130.41479,33.28666],[130.41928,33.28456],[130.41907,33.28679],[130.4249,33.28766],[130.42528,33.28952]]],[[[130.40615,33.29661],[130.40547,33.28708],[130.41479,33.28666],[130.41613,33.29662],[130.40615,33.29661]]],[[[130.41703,33.28446],[130.41684,33.28648],[130.40925,33.28779],[130.41079,33.27971],[130.41373,33.27961],[130.41263,33.28134],[130.41703,33.28446]]],[[[130.40546,33.28502],[130.40424,33.28168],[130.41079,33.27971],[130.40925,33.28779],[130.40484,33.2865],[130.40546,33.28502]]],[[[130.40153,33.28609],[130.40685,33.28632],[130.40532,33.2903],[130.40037,33.28973],[130.40153,33.28609]]]]}},{"type":"Feature","properties":{"vid":"K64G05S00011","name":"江口村","reading":"えぐち","gun":"三根郡","domains":["saga"],"isShared":false,"shared":[]},"geometry":{"type":"MultiPolygon","coordinates":[[[[130.46333,33.31786],[130.46594,33.30472],[130.4703,33.30401],[130.47097,33.30685],[130.46707,33.31319],[130.47319,33.3188],[130.46333,33.31786]]],[[[130.46263,33.31645],[130.44712,33.31442],[130.44834,33.30436],[130.45392,33.30498],[130.45608,33.30149],[130.46594,33.30472],[130.46263,33.31645]]],[[[130.46966,33.31604],[130.46707,33.31319],[130.47088,33.30463],[130.47771,33.30435],[130.47837,33.30925],[130.47103,33.31082],[130.46966,33.31604]]],[[[130.47362,33.31768],[130.46946,33.317],[130.47103,33.31082],[130.47837,33.30925],[130.48039,33.31165],[130.47945,33.31558],[130.47362,33.31768]]],[[[130.47837,33.30925],[130.47771,33.30435],[130.48471,33.30588],[130.48949,33.3163],[130.48751,33.31971],[130.47968,33.32166],[130.48092,33.31642],[130.47837,33.30925]]]]}},{"type":"Feature","properties":{"vid":"K64G06S00001","name":"八反原村","reading":"はったばる","gun":"小城郡","domains":["ogi"],"isShared":false,"shared":[]},"geometry":{"type":"Polygon","coordinates":[[[130.22918,33.3246],[130.24348,33.32525],[130.25893,33.33109],[130.26183,33.33466],[130.25588,33.34177],[130.25116,33.34288],[130.23897,33.33123],[130.23454,33.33319],[130.22748,33.3313],[130.22502,33.32467],[130.22918,33.3246]]]}},{"type":"Feature","properties":{"vid":"K64G06S00002","name":"下熊川村","reading":"しもくまのかわ","gun":"小城郡","domains":["ogi"],"isShared":false,"shared":[]},"geometry":{"type":"MultiPolygon","coordinates":[[[[130.22748,33.3313],[130.23454,33.33319],[130.24026,33.33186],[130.24594,33.34083],[130.23763,33.34648],[130.22965,33.34707],[130.22605,33.34261],[130.22273,33.34217],[130.22236,33.33654],[130.21951,33.33558],[130.22337,33.33157],[130.22748,33.3313]]],[[[130.24914,33.34856],[130.24746,33.35135],[130.25087,33.35663],[130.24764,33.35766],[130.23945,33.3531],[130.2357,33.34645],[130.24635,33.33977],[130.24914,33.34856]]]]}},{"type":"Feature","properties":{"vid":"K64G06S00003","name":"内野村","reading":"うちの","gun":"小城郡","domains":["ogi"],"isShared":false,"shared":[]},"geometry":{"type":"Polygon","coordinates":[[[130.25292,33.3595],[130.24931,33.36435],[130.24234,33.36036],[130.24321,33.35731],[130.25087,33.35663],[130.25292,33.3595]]]}},{"type":"Feature","properties":{"vid":"K64G06S00004","name":"上熊川村","reading":"かみくまのかわ","gun":"小城郡","domains":["ogi"],"isShared":false,"shared":[]},"geometry":{"type":"MultiPolygon","coordinates":[[[[130.21726,33.36357],[130.21248,33.36521],[130.20327,33.36016],[130.21017,33.3509],[130.20641,33.34175],[130.21951,33.33558],[130.22236,33.33654],[130.22273,33.34217],[130.22907,33.34646],[130.21959,33.34804],[130.2171,33.35173],[130.21012,33.35311],[130.21283,33.3607],[130.21726,33.36357]]],[[[130.21726,33.36357],[130.21283,33.3607],[130.21012,33.35311],[130.22621,33.34661],[130.2357,33.34645],[130.23945,33.3531],[130.24668,33.35725],[130.24321,33.35731],[130.24234,33.36036],[130.23855,33.35994],[130.2334,33.36555],[130.22382,33.36562],[130.2186,33.36188],[130.21726,33.36357]]],[[[130.24504,33.36291],[130.24235,33.36645],[130.23663,33.36422],[130.23888,33.35984],[130.24504,33.36291]]]]}},{"type":"Feature","properties":{"vid":"K64G06S00005","name":"古湯村","reading":"ふるゆ","gun":"小城郡","domains":["ogi"],"isShared":false,"shared":[]},"geometry":{"type":"MultiPolygon","coordinates":[[[[130.1918,33.36808],[130.20086,33.37335],[130.19541,33.3878],[130.19119,33.39002],[130.18224,33.38929],[130.17794,33.38328],[130.1783,33.37552],[130.18561,33.36964],[130.1918,33.36808]]],[[[130.21248,33.36521],[130.20543,33.36764],[130.21677,33.38931],[130.20544,33.38891],[130.20336,33.39315],[130.20119,33.38924],[130.19521,33.38743],[130.20076,33.37309],[130.1918,33.36808],[130.18823,33.36297],[130.20575,33.36097],[130.21248,33.36521]]]]}},{"type":"Feature","properties":{"vid":"K64G06S00006","name":"苣木村","reading":"ちやのき","gun":"小城郡","domains":["ogi"],"isShared":false,"shared":[]},"geometry":{"type":"Polygon","coordinates":[[[130.19244,33.36153],[130.18823,33.36297],[130.1919,33.36875],[130.17342,33.37485],[130.17355,33.36305],[130.17971,33.35855],[130.18514,33.35835],[130.18034,33.35517],[130.17933,33.34782],[130.18513,33.35132],[130.18742,33.35808],[130.19244,33.36153]]]}},{"type":"Feature","properties":{"vid":"K64G06S00007","name":"鎌原村","reading":"かまばる","gun":"小城郡","domains":["ogi"],"isShared":false,"shared":[]},"geometry":{"type":"Polygon","coordinates":[[[130.20367,33.36176],[130.18975,33.36067],[130.18553,33.35176],[130.17933,33.34782],[130.18159,33.3428],[130.18365,33.34103],[130.20843,33.3408],[130.20641,33.34175],[130.21017,33.3509],[130.20375,33.35814],[130.20367,33.36176]]]}},{"type":"Feature","properties":{"vid":"K64G06S00008","name":"市川村","reading":"いちかわ","gun":"小城郡","domains":["ogi"],"isShared":false,"shared":[]},"geometry":{"type":"MultiPolygon","coordinates":[[[[130.17359,33.374],[130.16776,33.37428],[130.16409,33.37938],[130.15582,33.38359],[130.14497,33.38438],[130.14116,33.38082],[130.13943,33.3722],[130.14458,33.36458],[130.14619,33.35543],[130.14092,33.34668],[130.14281,33.33888],[130.16122,33.34032],[130.16826,33.33785],[130.18365,33.34103],[130.17964,33.34634],[130.17181,33.35062],[130.16906,33.35559],[130.17227,33.35909],[130.17359,33.374]]],[[[130.17323,33.36437],[130.16906,33.35559],[130.17319,33.34933],[130.17933,33.34617],[130.18034,33.35517],[130.18514,33.35835],[130.17911,33.35882],[130.17323,33.36437]]]]}},{"type":"Feature","properties":{"vid":"K64G06S00009","name":"杉山村","reading":"すぎやま","gun":"小城郡","domains":["ogi"],"isShared":false,"shared":[]},"geometry":{"type":"MultiPolygon","coordinates":[[[[130.17906,33.37395],[130.1772,33.38018],[130.18262,33.38769],[130.18291,33.39333],[130.17719,33.39483],[130.17256,33.38531],[130.16409,33.37938],[130.16796,33.37418],[130.17493,33.37543],[130.17764,33.37239],[130.17906,33.37395]]],[[[130.16409,33.37938],[130.17256,33.38531],[130.17719,33.39483],[130.17148,33.39879],[130.16979,33.41464],[130.16451,33.40942],[130.15625,33.40915],[130.15777,33.4008],[130.15357,33.39499],[130.15393,33.39169],[130.14497,33.38438],[130.15582,33.38359],[130.16409,33.37938]]]]}},{"type":"Feature","properties":{"vid":"K64G06S00010","name":"畑瀬村","reading":"はたぜ","gun":"小城郡","domains":["ogi"],"isShared":false,"shared":[]},"geometry":{"type":"Polygon","coordinates":[[[130.2201,33.40406],[130.21483,33.40503],[130.20336,33.39315],[130.20453,33.38935],[130.21946,33.3901],[130.21967,33.39523],[130.22446,33.39838],[130.2201,33.40406]]]}},{"type":"Feature","properties":{"vid":"K64G06S00011","name":"栗並村","reading":"くりなみ","gun":"小城郡","domains":["ogi"],"isShared":false,"shared":[]},"geometry":{"type":"Polygon","coordinates":[[[130.21483,33.40503],[130.21336,33.40904],[130.2084,33.41048],[130.20893,33.41299],[130.20004,33.41627],[130.19943,33.41963],[130.19469,33.41949],[130.19285,33.41444],[130.17482,33.40379],[130.17358,33.39684],[130.18276,33.39383],[130.18224,33.38929],[130.19119,33.39002],[130.19592,33.38769],[130.20129,33.38931],[130.21483,33.40503]]]}},{"type":"Feature","properties":{"vid":"K64G06S00012","name":"摩那古村","reading":"まなご","gun":"小城郡","domains":["ogi"],"isShared":false,"shared":[]},"geometry":{"type":"Polygon","coordinates":[[[130.20636,33.44569],[130.20563,33.44764],[130.19361,33.44779],[130.18841,33.45033],[130.18129,33.4489],[130.1694,33.45121],[130.16711,33.42894],[130.16347,33.42322],[130.15786,33.42213],[130.15653,33.41953],[130.15953,33.41585],[130.17083,33.4168],[130.1753,33.42018],[130.17768,33.42651],[130.18998,33.43024],[130.1897,33.43523],[130.19727,33.43676],[130.20258,33.44576],[130.20636,33.44569]]]}},{"type":"Feature","properties":{"vid":"K64G06S00013","name":"中原村","reading":"なかばる","gun":"小城郡","domains":["ogi"],"isShared":false,"shared":[]},"geometry":{"type":"Polygon","coordinates":[[[130.20636,33.44569],[130.20258,33.44576],[130.19737,33.43682],[130.18966,33.43518],[130.19039,33.43054],[130.17768,33.42651],[130.17833,33.42421],[130.19337,33.43035],[130.20172,33.42979],[130.20636,33.44569]]]}},{"type":"Feature","properties":{"vid":"K64G06S00014","name":"大野村","reading":"おおの","gun":"小城郡","domains":["ogi"],"isShared":false,"shared":[]},"geometry":{"type":"Polygon","coordinates":[[[130.21404,33.40749],[130.22129,33.42169],[130.21542,33.42417],[130.21271,33.43009],[130.20315,33.43152],[130.18942,33.42846],[130.19952,33.41959],[130.19995,33.41634],[130.20893,33.41299],[130.2084,33.41048],[130.21404,33.40749]]]}},{"type":"Feature","properties":{"vid":"K64G06S00015","name":"大串村","reading":"おおくし","gun":"小城郡","domains":["ogi"],"isShared":false,"shared":[]},"geometry":{"type":"Polygon","coordinates":[[[130.16979,33.41464],[130.17041,33.40207],[130.17358,33.39684],[130.17482,33.40379],[130.19285,33.41444],[130.19463,33.41946],[130.19879,33.41967],[130.1891,33.42741],[130.17842,33.42417],[130.17747,33.42607],[130.16979,33.41464]]]}},{"type":"Feature","properties":{"vid":"K64G06S00016","name":"上無津呂村","reading":"かみむつろ","gun":"小城郡","domains":["ogi"],"isShared":false,"shared":[]},"geometry":{"type":"MultiPolygon","coordinates":[[[[130.1694,33.45121],[130.20181,33.44748],[130.19819,33.4577],[130.20116,33.46225],[130.19368,33.46746],[130.18635,33.46836],[130.17605,33.46592],[130.16879,33.46765],[130.17,33.46337],[130.16449,33.45526],[130.1694,33.45121]]],[[[130.18635,33.46836],[130.19483,33.46725],[130.20065,33.4631],[130.19819,33.4577],[130.20209,33.44877],[130.20535,33.45444],[130.21296,33.45229],[130.22115,33.45481],[130.22774,33.46526],[130.22505,33.47239],[130.2267,33.47672],[130.20388,33.48157],[130.19852,33.48117],[130.19849,33.4773],[130.18879,33.47489],[130.18635,33.46836]]]]}},{"type":"Feature","properties":{"vid":"K64G06S00017","name":"下無津呂村","reading":"しもむつろ","gun":"小城郡","domains":["ogi"],"isShared":false,"shared":[]},"geometry":{"type":"Polygon","coordinates":[[[130.20636,33.44569],[130.20232,33.43548],[130.20315,33.43152],[130.21271,33.43009],[130.22474,33.45899],[130.21691,33.45294],[130.20468,33.45411],[130.20215,33.44779],[130.20636,33.44569]]]}},{"type":"Feature","properties":{"vid":"K64G06S00018","name":"古場村","reading":"こば","gun":"小城郡","domains":["ogi"],"isShared":false,"shared":[]},"geometry":{"type":"Polygon","coordinates":[[[130.24197,33.43363],[130.25048,33.43312],[130.25514,33.45125],[130.25053,33.45406],[130.25078,33.45811],[130.24736,33.46074],[130.2469,33.46741],[130.24987,33.47051],[130.24227,33.47486],[130.23366,33.47268],[130.23141,33.46508],[130.23374,33.45927],[130.22765,33.45823],[130.22412,33.44894],[130.22855,33.44443],[130.22743,33.43826],[130.23289,33.43785],[130.23534,33.43499],[130.24118,33.43612],[130.24197,33.43363]]]}},{"type":"Feature","properties":{"vid":"K64G06S00019","name":"上合瀬村","reading":"かみおうせ","gun":"小城郡","domains":["ogi"],"isShared":false,"shared":[]},"geometry":{"type":"Polygon","coordinates":[[[130.24987,33.47051],[130.24685,33.4668],[130.25053,33.45406],[130.26113,33.44785],[130.26832,33.44706],[130.27171,33.45378],[130.26969,33.45666],[130.26389,33.45785],[130.262,33.46178],[130.26494,33.46372],[130.27404,33.46159],[130.27515,33.4674],[130.28176,33.47467],[130.27558,33.47944],[130.27104,33.47993],[130.25759,33.47613],[130.24987,33.47051]]]}},{"type":"Feature","properties":{"vid":"K64G06S00020","name":"下合瀬村","reading":"しもおうせ","gun":"小城郡","domains":["ogi"],"isShared":false,"shared":[]},"geometry":{"type":"Polygon","coordinates":[[[130.25274,33.43275],[130.25555,33.4387],[130.25934,33.43867],[130.26253,33.44336],[130.27517,33.44923],[130.27404,33.46159],[130.26494,33.46372],[130.262,33.46178],[130.26389,33.45785],[130.26969,33.45666],[130.27171,33.45378],[130.26832,33.44706],[130.26113,33.44785],[130.25466,33.45228],[130.25348,33.43907],[130.25045,33.43405],[130.25274,33.43275]]]}},{"type":"Feature","properties":{"vid":"K64G06S00021","name":"藤瀬村","reading":"ふじせ","gun":"小城郡","domains":["ogi"],"isShared":false,"shared":[]},"geometry":{"type":"Polygon","coordinates":[[[130.22421,33.42799],[130.2301,33.43345],[130.24197,33.43363],[130.24118,33.43612],[130.23534,33.43499],[130.23289,33.43785],[130.22743,33.43826],[130.22855,33.44443],[130.22413,33.44884],[130.22765,33.45823],[130.23374,33.45927],[130.23147,33.46666],[130.23375,33.4728],[130.23819,33.47402],[130.23331,33.47892],[130.22553,33.47559],[130.22772,33.46514],[130.22394,33.46141],[130.22482,33.45558],[130.21603,33.44065],[130.21268,33.43],[130.21542,33.42417],[130.22129,33.42169],[130.22421,33.42799]]]}},{"type":"Feature","properties":{"vid":"K64G06S00022","name":"牛津本町","reading":"うしづほんまち","gun":"小城郡","domains":["ogi"],"isShared":false,"shared":[]},"geometry":{"type":"MultiPolygon","coordinates":[[[[130.20543,33.24629],[130.20284,33.24845],[130.19468,33.2437],[130.20192,33.23997],[130.20543,33.24629]]],[[[130.20543,33.24629],[130.20317,33.24118],[130.21127,33.24138],[130.21018,33.2468],[130.20543,33.24629]]],[[[130.21026,33.2472],[130.20443,33.24913],[130.20543,33.24629],[130.21026,33.2472]]],[[[130.19395,33.24737],[130.19366,33.24576],[130.19989,33.2486],[130.19395,33.24737]]],[[[130.20553,33.24959],[130.20325,33.25362],[130.19958,33.24741],[130.19376,33.24522],[130.199,33.24457],[130.20553,33.24959]]]]}},{"type":"Feature","properties":{"vid":"K64G06S00023","name":"金田刈","reading":"かなだ","gun":"小城郡","domains":["ogi"],"isShared":false,"shared":[]},"geometry":{"type":"MultiPolygon","coordinates":[[[[130.24413,33.25865],[130.24387,33.26436],[130.23599,33.26348],[130.23678,33.25747],[130.24413,33.25865]]],[[[130.24413,33.25865],[130.23462,33.2571],[130.23562,33.25241],[130.24442,33.25154],[130.24413,33.25865]]],[[[130.22965,33.25609],[130.23678,33.25747],[130.23599,33.26348],[130.22865,33.26224],[130.22965,33.25609]]],[[[130.22309,33.25502],[130.22965,33.25609],[130.22897,33.26062],[130.22346,33.26018],[130.22309,33.25502]]]]}},{"type":"Feature","properties":{"vid":"K64G06S00024","name":"樋口刈","reading":"ひぐちがり","gun":"小城郡","domains":["ogi","saga"],"isShared":true,"shared":[]},"geometry":{"type":"MultiPolygon","coordinates":[[[[130.22865,33.26819],[130.22204,33.26794],[130.22346,33.26018],[130.2288,33.26062],[130.23096,33.26336],[130.22865,33.26819]]],[[[130.22728,33.27415],[130.22033,33.27293],[130.22184,33.2671],[130.22833,33.26814],[130.22728,33.27415]]],[[[130.22309,33.25502],[130.22356,33.26138],[130.21597,33.26008],[130.21857,33.24864],[130.22309,33.25502]]],[[[130.21597,33.26008],[130.22356,33.26138],[130.22184,33.2671],[130.2147,33.26562],[130.21597,33.26008]]],[[[130.22184,33.2671],[130.22037,33.27291],[130.21334,33.27168],[130.2147,33.26562],[130.22184,33.2671]]]]}},{"type":"Feature","properties":{"vid":"K64G06S00025","name":"乙柳刈","reading":"おとやなぎがり","gun":"小城郡","domains":["ogi","saga"],"isShared":true,"shared":[]},"geometry":{"type":"MultiPolygon","coordinates":[[[[130.21597,33.26008],[130.2147,33.26562],[130.20744,33.26433],[130.20887,33.25889],[130.21597,33.26008]]],[[[130.20099,33.26314],[130.20254,33.25738],[130.20887,33.25889],[130.20744,33.26433],[130.20099,33.26314]]],[[[130.20618,33.2703],[130.19987,33.26915],[130.20099,33.26314],[130.20723,33.26435],[130.20618,33.2703]]],[[[130.2147,33.26562],[130.21334,33.27168],[130.20618,33.2703],[130.20723,33.26435],[130.2147,33.26562]]]]}},{"type":"Feature","properties":{"vid":"K64G06S00026","name":"堀江村","reading":"ほりえ","gun":"小城郡","domains":["ogi"],"isShared":false,"shared":[]},"geometry":{"type":"MultiPolygon","coordinates":[[[[130.24421,33.27136],[130.24352,33.27692],[130.23373,33.27665],[130.23484,33.26896],[130.24421,33.27136]]],[[[130.22728,33.27415],[130.22833,33.26814],[130.23484,33.26896],[130.2336,33.27537],[130.22728,33.27415]]],[[[130.24387,33.26436],[130.24421,33.27136],[130.23555,33.27005],[130.23619,33.26377],[130.24387,33.26436]]],[[[130.23538,33.269],[130.22865,33.26819],[130.23096,33.26336],[130.23599,33.26348],[130.23538,33.269]]]]}},{"type":"Feature","properties":{"vid":"K64G06S00027","name":"勝ヶ里","reading":"かすかり","gun":"小城郡","domains":["ogi","saga"],"isShared":true,"shared":[]},"geometry":{"type":"MultiPolygon","coordinates":[[[[130.19387,33.26204],[130.19526,33.25608],[130.20253,33.25717],[130.20091,33.26354],[130.19387,33.26204]]],[[[130.19522,33.25625],[130.19119,33.25563],[130.18608,33.24963],[130.19644,33.2514],[130.19522,33.25625]]],[[[130.20325,33.25362],[130.20253,33.25717],[130.19526,33.25608],[130.19905,33.25063],[130.20314,33.25156],[130.20325,33.25362]]],[[[130.19267,33.26792],[130.19387,33.26204],[130.20091,33.26354],[130.19987,33.26915],[130.19267,33.26792]]],[[[130.19395,33.24737],[130.20089,33.2491],[130.20076,33.25073],[130.19688,33.25276],[130.19504,33.2508],[130.19107,33.25146],[130.19039,33.24724],[130.19395,33.24737]]]]}},{"type":"Feature","properties":{"vid":"K64G06S00028","name":"道免村","reading":"どうめ","gun":"小城郡","domains":["ogi"],"isShared":false,"shared":[]},"geometry":{"type":"MultiPolygon","coordinates":[[[[130.21879,33.23694],[130.21209,33.23464],[130.2123,33.2306],[130.21815,33.23208],[130.21879,33.23694]]],[[[130.21973,33.22241],[130.21906,33.22632],[130.21574,33.22597],[130.21766,33.20684],[130.22145,33.20741],[130.21973,33.22241]]],[[[130.2123,33.2306],[130.21288,33.22666],[130.21906,33.22632],[130.21815,33.23208],[130.2123,33.2306]]],[[[130.20637,33.21602],[130.19994,33.21335],[130.20762,33.2129],[130.20637,33.21602]]],[[[130.19994,33.21335],[130.20291,33.21102],[130.208,33.21129],[130.20653,33.21373],[130.19994,33.21335]]],[[[130.21289,33.21757],[130.20649,33.21786],[130.20637,33.21602],[130.21074,33.21456],[130.21016,33.20955],[130.21736,33.21],[130.21665,33.2177],[130.21289,33.21757]]],[[[130.20765,33.21325],[130.20744,33.20996],[130.21016,33.20955],[130.21074,33.21456],[130.20768,33.21524],[130.20765,33.21325]]],[[[130.21288,33.22666],[130.21162,33.21851],[130.21665,33.2177],[130.21574,33.22597],[130.21288,33.22666]]],[[[130.23233,33.19795],[130.23495,33.19811],[130.23459,33.20419],[130.22933,33.20398],[130.2282,33.21071],[130.21643,33.20673],[130.21592,33.19953],[130.22123,33.19818],[130.2312,33.2006],[130.23233,33.19795]]],[[[130.21571,33.19681],[130.21736,33.21],[130.20066,33.21195],[130.20109,33.20564],[130.21137,33.20399],[130.21032,33.19971],[130.21247,33.19594],[130.21571,33.19681]]],[[[130.21247,33.19594],[130.21032,33.19971],[130.21137,33.20399],[130.20507,33.20354],[130.20015,33.2067],[130.19656,33.20395],[130.19891,33.19986],[130.20532,33.19952],[130.20421,33.19389],[130.21247,33.19594]]],[[[130.20421,33.19389],[130.20532,33.19952],[130.19891,33.19986],[130.19656,33.20395],[130.19812,33.20552],[130.19423,33.20816],[130.19169,33.20711],[130.20044,33.19523],[130.20421,33.19389]]]]}},{"type":"Feature","properties":{"vid":"K64G06S00029","name":"川越村","reading":"かわごえ","gun":"小城郡","domains":["ogi"],"isShared":false,"shared":[]},"geometry":{"type":"MultiPolygon","coordinates":[[[[130.20317,33.24118],[130.20154,33.23487],[130.19694,33.23475],[130.19707,33.23105],[130.20648,33.23024],[130.2077,33.23214],[130.20728,33.24132],[130.20317,33.24118]]],[[[130.18955,33.23529],[130.19057,33.23202],[130.1867,33.22896],[130.19708,33.23008],[130.19694,33.23475],[130.18955,33.23529]]],[[[130.2077,33.23214],[130.20166,33.23016],[130.20174,33.2272],[130.21288,33.22666],[130.21217,33.23156],[130.2077,33.23214]]]]}},{"type":"Feature","properties":{"vid":"K64G06S00030","name":"八枝村","reading":"やつえだ","gun":"小城郡","domains":["ogi"],"isShared":false,"shared":[]},"geometry":{"type":"MultiPolygon","coordinates":[[[[130.19983,33.24061],[130.1953,33.24285],[130.19687,33.23775],[130.19984,33.23782],[130.19983,33.24061]]],[[[130.20248,33.24043],[130.19687,33.23775],[130.19694,33.23475],[130.20154,33.23487],[130.20248,33.24043]]],[[[130.19529,33.24117],[130.18955,33.23529],[130.19694,33.23475],[130.19529,33.24117]]]]}},{"type":"Feature","properties":{"vid":"K64G06S00031","name":"柿樋瀬村","reading":"かきひせ","gun":"小城郡","domains":["ogi"],"isShared":false,"shared":[]},"geometry":{"type":"MultiPolygon","coordinates":[[[[130.21856,33.24737],[130.21619,33.25984],[130.20887,33.25889],[130.21305,33.24721],[130.21856,33.24737]]],[[[130.20887,33.25889],[130.20254,33.25738],[130.20353,33.25202],[130.20641,33.24771],[130.21305,33.24721],[130.20887,33.25889]]]]}},{"type":"Feature","properties":{"vid":"K64G06S00032","name":"小城町","reading":"おぎまち","gun":"小城郡","domains":["ogi","saga"],"isShared":true,"shared":[]},"geometry":{"type":"MultiPolygon","coordinates":[[[[130.20104,33.29385],[130.20077,33.29397],[130.2006,33.29378],[130.20044,33.29382],[130.20041,33.29371],[130.20022,33.29358],[130.20004,33.29322],[130.20034,33.29311],[130.20029,33.29142],[130.20006,33.29143],[130.20006,33.2912],[130.20028,33.29119],[130.20022,33.28976],[130.20056,33.28976],[130.20057,33.28932],[130.20062,33.28927],[130.20092,33.28928],[130.20091,33.28799],[130.20085,33.28695],[130.20078,33.28695],[130.20077,33.28655],[130.20075,33.28612],[130.20074,33.28568],[130.20077,33.28543],[130.20079,33.28528],[130.20089,33.28525],[130.20085,33.28516],[130.20094,33.28512],[130.20104,33.28529],[130.20139,33.28516],[130.2014,33.28509],[130.20165,33.28512],[130.20155,33.28556],[130.20149,33.28575],[130.20174,33.28583],[130.20174,33.28634],[130.20174,33.2867],[130.20176,33.28689],[130.20182,33.28692],[130.20184,33.28724],[130.20186,33.28789],[130.20186,33.28818],[130.20185,33.28848],[130.20183,33.28909],[130.20166,33.28911],[130.20165,33.28933],[130.2019,33.28933],[130.20189,33.28948],[130.20189,33.2896],[130.2019,33.28994],[130.20191,33.29013],[130.20208,33.29015],[130.20212,33.2909],[130.20215,33.29148],[130.20216,33.29185],[130.20215,33.2923],[130.20215,33.29298],[130.20225,33.29329],[130.20219,33.29355],[130.20197,33.29359],[130.20172,33.29366],[130.20144,33.29373],[130.20104,33.29385]]],[[[130.20879,33.29526],[130.21055,33.30016],[130.20509,33.30174],[130.19992,33.29963],[130.20349,33.29448],[130.20879,33.29526]]],[[[130.202,33.29596],[130.19731,33.29172],[130.1973,33.28719],[130.20077,33.28655],[130.20004,33.29322],[130.202,33.29596]]],[[[130.20029,33.29743],[130.19535,33.29824],[130.19097,33.2934],[130.19892,33.29215],[130.20029,33.29743]]],[[[130.19273,33.28701],[130.19722,33.28741],[130.19828,33.29291],[130.19115,33.29309],[130.19273,33.28701]]]]}},{"type":"Feature","properties":{"vid":"K64G06S00033","name":"岩蔵村","reading":"いわくら","gun":"小城郡","domains":["ogi","saga"],"isShared":true,"shared":[]},"geometry":{"type":"MultiPolygon","coordinates":[[[[130.19965,33.31462],[130.20187,33.30333],[130.20519,33.3079],[130.20177,33.31161],[130.20267,33.31517],[130.19965,33.31462]]],[[[130.20091,33.30246],[130.20184,33.30816],[130.1991,33.31287],[130.1965,33.30732],[130.20091,33.30246]]],[[[130.20772,33.31187],[130.20498,33.31552],[130.20187,33.3139],[130.20519,33.3079],[130.20772,33.31187]]],[[[130.19965,33.31462],[130.19904,33.31643],[130.19654,33.31558],[130.19337,33.30957],[130.19795,33.30812],[130.19965,33.31462]]],[[[130.19319,33.3101],[130.19518,33.31669],[130.19238,33.31826],[130.19319,33.3101]]],[[[130.19904,33.31643],[130.20033,33.32069],[130.19673,33.32455],[130.1953,33.32214],[130.18951,33.32248],[130.19518,33.31669],[130.19487,33.3142],[130.19904,33.31643]]],[[[130.19215,33.30241],[130.19803,33.30484],[130.19184,33.31247],[130.18371,33.31793],[130.17521,33.3168],[130.17645,33.31378],[130.18652,33.30849],[130.18762,33.30444],[130.19215,33.30241]]],[[[130.19225,33.31206],[130.1938,33.3154],[130.19126,33.32101],[130.18568,33.32195],[130.18627,33.31793],[130.18371,33.31793],[130.19225,33.31206]]],[[[130.17698,33.33901],[130.16728,33.33783],[130.16122,33.34032],[130.15374,33.3396],[130.15304,33.33755],[130.16137,33.33078],[130.16514,33.3223],[130.16947,33.32183],[130.17521,33.3168],[130.18627,33.31793],[130.18568,33.32195],[130.18951,33.32248],[130.18887,33.32422],[130.18304,33.32835],[130.18258,33.33229],[130.17698,33.33901]]],[[[130.18365,33.34103],[130.1769,33.33848],[130.18258,33.33229],[130.18304,33.32835],[130.18951,33.32248],[130.1953,33.32214],[130.19673,33.32455],[130.20215,33.32132],[130.20191,33.32492],[130.20529,33.32612],[130.20345,33.33061],[130.20598,33.33351],[130.20538,33.34074],[130.18365,33.34103]]]]}},{"type":"Feature","properties":{"vid":"K64G06S00034","name":"松尾村","reading":"まつお","gun":"小城郡","domains":["ogi"],"isShared":false,"shared":[]},"geometry":{"type":"MultiPolygon","coordinates":[[[[130.20772,33.31187],[130.20343,33.30432],[130.20559,33.302],[130.21183,33.30385],[130.21096,33.30611],[130.2153,33.30643],[130.21302,33.31219],[130.20906,33.30929],[130.20772,33.31187]]],[[[130.20559,33.302],[130.21132,33.29957],[130.20879,33.29526],[130.21423,33.29633],[130.21183,33.30385],[130.20559,33.302]]],[[[130.20559,33.302],[130.20415,33.30421],[130.20084,33.30241],[130.20143,33.30069],[130.20559,33.302]]],[[[130.1983,33.29867],[130.19803,33.30484],[130.19222,33.30317],[130.19562,33.29821],[130.1983,33.29867]]],[[[130.20843,33.3408],[130.20538,33.34074],[130.20598,33.33351],[130.20345,33.33061],[130.20803,33.32436],[130.20846,33.31407],[130.2172,33.32415],[130.21918,33.32932],[130.21517,33.33012],[130.22208,33.3336],[130.20843,33.3408]]],[[[130.22283,33.33252],[130.21711,33.3323],[130.21517,33.33012],[130.21922,33.32919],[130.2112,33.31524],[130.20704,33.31471],[130.20787,33.30948],[130.21861,33.31679],[130.21767,33.31849],[130.22092,33.3206],[130.2184,33.32303],[130.22283,33.33252]]],[[[130.20819,33.3144],[130.20765,33.32513],[130.20191,33.32492],[130.19911,33.31486],[130.20819,33.3144]]]]}},{"type":"Feature","properties":{"vid":"K64G06S00035","name":"織島刈","reading":"おりしまかり","gun":"小城郡","domains":["ogi"],"isShared":false,"shared":[]},"geometry":{"type":"MultiPolygon","coordinates":[[[[130.21832,33.31655],[130.21302,33.31219],[130.21451,33.30579],[130.22134,33.30177],[130.2269,33.3029],[130.22442,33.31059],[130.21832,33.31655]]],[[[130.21451,33.30579],[130.21096,33.30611],[130.21218,33.2984],[130.21423,33.29633],[130.22095,33.29763],[130.21785,33.29882],[130.2182,33.3034],[130.21451,33.30579]]],[[[130.2219,33.3019],[130.21821,33.30354],[130.21785,33.29882],[130.22168,33.29725],[130.2219,33.3019]]],[[[130.22773,33.30304],[130.2219,33.3019],[130.22215,33.29786],[130.22762,33.29866],[130.22773,33.30304]]],[[[130.22952,33.31156],[130.22383,33.32044],[130.22748,33.3313],[130.22283,33.33252],[130.21839,33.32297],[130.22091,33.32056],[130.21773,33.318],[130.22442,33.31059],[130.2269,33.3029],[130.23361,33.30382],[130.22952,33.31156]]],[[[130.21423,33.29633],[130.21551,33.29052],[130.22247,33.29181],[130.22095,33.29763],[130.21423,33.29633]]],[[[130.23347,33.30318],[130.22773,33.30304],[130.22804,33.30066],[130.23346,33.30106],[130.23347,33.30318]]],[[[130.23636,33.29441],[130.23148,33.29825],[130.23401,33.2988],[130.23346,33.30106],[130.22755,33.30038],[130.22949,33.29315],[130.23636,33.29441]]],[[[130.22215,33.29786],[130.22247,33.29181],[130.22949,33.29315],[130.22762,33.29866],[130.22215,33.29786]]]]}},{"type":"Feature","properties":{"vid":"K64G06S00036","name":"久米刈","reading":"くめかり","gun":"小城郡","domains":["ogi","saga"],"isShared":true,"shared":[]},"geometry":{"type":"Polygon","coordinates":[[[130.19651,33.2808],[130.198,33.27493],[130.20477,33.27612],[130.20311,33.28229],[130.19651,33.2808]]]}},{"type":"Feature","properties":{"vid":"K64G06S00037","name":"畑田刈","reading":"はたけだかり","gun":"小城郡","domains":["ogi"],"isShared":false,"shared":[]},"geometry":{"type":"MultiPolygon","coordinates":[[[[130.19081,33.27478],[130.198,33.27493],[130.19651,33.2808],[130.18953,33.2796],[130.19081,33.27478]]],[[[130.18953,33.2796],[130.19651,33.2808],[130.1951,33.28648],[130.18801,33.28536],[130.18953,33.2796]]],[[[130.18718,33.28839],[130.19308,33.28832],[130.1924,33.29222],[130.18771,33.29145],[130.18718,33.28839]]],[[[130.18801,33.28536],[130.1924,33.28827],[130.18718,33.28839],[130.18801,33.28536]]],[[[130.19562,33.29821],[130.19189,33.30253],[130.18984,33.29602],[130.19391,33.29515],[130.19562,33.29821]]],[[[130.19189,33.30253],[130.18769,33.30437],[130.18309,33.30098],[130.18771,33.29145],[130.19115,33.29309],[130.18991,33.2969],[130.19189,33.30253]]],[[[130.18681,33.29025],[130.18586,33.29833],[130.18309,33.30098],[130.18681,33.29025]]]]}},{"type":"Feature","properties":{"vid":"K64G06S00038","name":"下古賀村","reading":"しもこが","gun":"小城郡","domains":["ogi"],"isShared":false,"shared":[]},"geometry":{"type":"MultiPolygon","coordinates":[[[[130.2219,33.23319],[130.22272,33.2363],[130.21899,33.23603],[130.21832,33.23137],[130.2219,33.23319]]],[[[130.2219,33.23319],[130.21832,33.23137],[130.21973,33.22241],[130.22593,33.2231],[130.22141,33.22927],[130.2219,33.23319]]],[[[130.2288,33.21637],[130.22593,33.2231],[130.21973,33.22241],[130.22145,33.20741],[130.22983,33.21107],[130.2288,33.21637]]]]}},{"type":"Feature","properties":{"vid":"K64G06S00039","name":"船田刈","reading":"ふなだかり","gun":"小城郡","domains":["ogi"],"isShared":false,"shared":[]},"geometry":{"type":"MultiPolygon","coordinates":[[[[130.18953,33.2796],[130.18801,33.28536],[130.18064,33.28373],[130.18258,33.27821],[130.18953,33.2796]]],[[[130.19081,33.27478],[130.18953,33.2796],[130.18428,33.27856],[130.18568,33.27376],[130.19081,33.27478]]],[[[130.198,33.27493],[130.19108,33.2737],[130.19259,33.26791],[130.1997,33.2691],[130.198,33.27493]]]]}},{"type":"Feature","properties":{"vid":"K64G06S00040","name":"甲柳原刈","reading":"こうやなぎばらかり","gun":"小城郡","domains":["ogi"],"isShared":false,"shared":[]},"geometry":{"type":"Polygon","coordinates":[[[130.21334,33.27168],[130.21193,33.27747],[130.20477,33.27612],[130.20656,33.2704],[130.21334,33.27168]]]}},{"type":"Feature","properties":{"vid":"K64G06S00041","name":"石木刈","reading":"いしきかり","gun":"小城郡","domains":["ogi"],"isShared":false,"shared":[]},"geometry":{"type":"Polygon","coordinates":[[[130.198,33.27493],[130.1997,33.2691],[130.20656,33.2704],[130.20477,33.27612],[130.198,33.27493]]]}},{"type":"Feature","properties":{"vid":"K64G06S00042","name":"長神田刈","reading":"ちょうかんだかり","gun":"小城郡","domains":["ogi","saga"],"isShared":true,"shared":[]},"geometry":{"type":"MultiPolygon","coordinates":[[[[130.21334,33.27168],[130.22033,33.27293],[130.21891,33.27871],[130.21193,33.27747],[130.21334,33.27168]]],[[[130.22728,33.27415],[130.22551,33.28002],[130.21891,33.27871],[130.22033,33.27293],[130.22728,33.27415]]],[[[130.2241,33.28604],[130.21721,33.28476],[130.21882,33.27869],[130.22585,33.28024],[130.2241,33.28604]]],[[[130.21193,33.27747],[130.21882,33.27869],[130.21725,33.28463],[130.21017,33.28337],[130.21193,33.27747]]],[[[130.21551,33.29052],[130.20953,33.28937],[130.21017,33.28337],[130.21725,33.28463],[130.21551,33.29052]]],[[[130.22247,33.29181],[130.21551,33.29052],[130.21721,33.28476],[130.2241,33.28604],[130.22247,33.29181]]],[[[130.21156,33.27739],[130.21017,33.28337],[130.20318,33.28197],[130.20477,33.27612],[130.21156,33.27739]]]]}},{"type":"Feature","properties":{"vid":"K64G06S00043","name":"三島刈","reading":"みかしまかり","gun":"小城郡","domains":["ogi"],"isShared":false,"shared":[]},"geometry":{"type":"Polygon","coordinates":[[[130.23009,33.28701],[130.2241,33.28604],[130.22728,33.27415],[130.23405,33.27546],[130.23009,33.28701]]]}},{"type":"Feature","properties":{"vid":"K64G06S00044","name":"道辺刈","reading":"みちべかり","gun":"小城郡","domains":["ogi","saga"],"isShared":true,"shared":[]},"geometry":{"type":"MultiPolygon","coordinates":[[[[130.23951,33.28922],[130.23759,33.29448],[130.22949,33.29315],[130.23095,33.28718],[130.23951,33.28922]]],[[[130.22949,33.29315],[130.22247,33.29181],[130.2241,33.28604],[130.23095,33.28718],[130.22949,33.29315]]],[[[130.24072,33.28287],[130.23951,33.28922],[130.23009,33.28701],[130.23238,33.28142],[130.24072,33.28287]]],[[[130.24352,33.27692],[130.24072,33.28287],[130.23238,33.28142],[130.23526,33.27587],[130.24352,33.27692]]]]}},{"type":"Feature","properties":{"vid":"K64G06S00045","name":"池上刈","reading":"いけのうえかり","gun":"小城郡","domains":["ogi","saga"],"isShared":true,"shared":[]},"geometry":{"type":"MultiPolygon","coordinates":[[[[130.19081,33.27478],[130.18133,33.27232],[130.1853,33.26804],[130.19183,33.27085],[130.19081,33.27478]]],[[[130.19409,33.26111],[130.18889,33.26003],[130.18749,33.25247],[130.19522,33.25625],[130.19409,33.26111]]],[[[130.17691,33.26044],[130.17979,33.26009],[130.18496,33.26427],[130.18409,33.27122],[130.17745,33.27478],[130.17885,33.26278],[130.17691,33.26044]]],[[[130.16645,33.27614],[130.16814,33.27218],[130.17763,33.27406],[130.17848,33.27649],[130.17206,33.27832],[130.17181,33.28318],[130.16318,33.27991],[130.16645,33.27614]]],[[[130.17691,33.26044],[130.17885,33.26278],[130.17763,33.27406],[130.16814,33.27218],[130.1707,33.26936],[130.1698,33.26701],[130.17429,33.265],[130.17691,33.26044]]],[[[130.19183,33.27085],[130.186,33.26973],[130.18389,33.26646],[130.18437,33.26265],[130.18873,33.25995],[130.19409,33.26111],[130.19183,33.27085]]],[[[130.18429,33.26321],[130.1813,33.26071],[130.18709,33.25309],[130.18889,33.26003],[130.18429,33.26321]]],[[[130.18279,33.25045],[130.18494,33.2562],[130.1816,33.26158],[130.17779,33.25976],[130.18279,33.25045]]]]}},{"type":"Feature","properties":{"vid":"K64G06S00046","name":"栗原刈","reading":"くりはらかり","gun":"小城郡","domains":["ogi"],"isShared":false,"shared":[]},"geometry":{"type":"MultiPolygon","coordinates":[[[[130.17033,33.28552],[130.17485,33.28154],[130.18117,33.283],[130.18028,33.28801],[130.17033,33.28552]]],[[[130.18117,33.283],[130.17645,33.28221],[130.18122,33.27904],[130.18117,33.283]]],[[[130.18228,33.27926],[130.17745,33.27478],[130.18062,33.27239],[130.18568,33.27376],[130.18228,33.27926]]],[[[130.16693,33.2884],[130.17033,33.28552],[130.17903,33.28772],[130.17914,33.29054],[130.16693,33.2884]]],[[[130.17703,33.28183],[130.17332,33.28203],[130.17199,33.27841],[130.1795,33.27661],[130.18047,33.27909],[130.17703,33.28183]]]]}},{"type":"Feature","properties":{"vid":"K64G06S00047","name":"多久町村","reading":"たくまち","gun":"小城郡","domains":["saga"],"isShared":false,"shared":[]},"geometry":{"type":"MultiPolygon","coordinates":[[[[130.08869,33.26586],[130.09193,33.27028],[130.09674,33.27001],[130.09329,33.27189],[130.09364,33.27519],[130.07665,33.27793],[130.07913,33.27232],[130.08869,33.26586]]],[[[130.10929,33.2588],[130.11154,33.26532],[130.10924,33.27045],[130.10086,33.27057],[130.09802,33.26435],[130.10472,33.26379],[130.10929,33.2588]]],[[[130.10523,33.24655],[130.10814,33.25171],[130.10489,33.2567],[130.10929,33.2588],[130.10472,33.26379],[130.09802,33.26435],[130.10086,33.27057],[130.09193,33.27028],[130.08869,33.26586],[130.09014,33.25815],[130.09731,33.25217],[130.10098,33.24401],[130.10523,33.24655]]],[[[130.08902,33.26103],[130.08322,33.25852],[130.08247,33.25592],[130.09013,33.24822],[130.09324,33.23937],[130.09684,33.23838],[130.10084,33.24518],[130.08902,33.26103]]],[[[130.09405,33.23842],[130.08705,33.2528],[130.08014,33.25667],[130.08048,33.24799],[130.07453,33.24022],[130.08027,33.23698],[130.09405,33.23842]]],[[[130.07453,33.24022],[130.08048,33.24799],[130.08015,33.25204],[130.078,33.25421],[130.06875,33.2551],[130.06313,33.24371],[130.0695,33.23951],[130.07453,33.24022]]],[[[130.07886,33.25383],[130.08085,33.26156],[130.07633,33.26613],[130.07174,33.2579],[130.06815,33.25854],[130.06976,33.25525],[130.07886,33.25383]]],[[[130.08869,33.26586],[130.07913,33.27232],[130.0777,33.2661],[130.08265,33.25974],[130.08629,33.26108],[130.08869,33.26586]]],[[[130.08248,33.25669],[130.08785,33.26066],[130.08699,33.26388],[130.08532,33.26065],[130.08085,33.26156],[130.08014,33.25667],[130.08248,33.25669]]],[[[130.08902,33.26103],[130.08869,33.26586],[130.08675,33.26474],[130.08902,33.26103]]],[[[130.07665,33.27793],[130.09364,33.27519],[130.0946,33.28232],[130.08858,33.28632],[130.08011,33.28639],[130.07341,33.2826],[130.07665,33.27793]]],[[[130.10924,33.27045],[130.10559,33.27313],[130.10368,33.27907],[130.09444,33.28285],[130.09329,33.27189],[130.09729,33.26981],[130.10924,33.27045]]],[[[130.11172,33.23928],[130.10745,33.24079],[130.10583,33.24682],[130.09684,33.23838],[130.10401,33.23507],[130.11172,33.23928]]]]}},{"type":"Feature","properties":{"vid":"K64G06S00048","name":"板屋村","reading":"いたや","gun":"小城郡","domains":["saga"],"isShared":false,"shared":[]},"geometry":{"type":"MultiPolygon","coordinates":[[[[130.03221,33.25744],[130.03211,33.2594],[130.02306,33.26411],[130.02279,33.25846],[130.02619,33.25521],[130.03221,33.25744]]],[[[130.06976,33.25525],[130.06818,33.25862],[130.07174,33.2579],[130.07554,33.26589],[130.0777,33.2661],[130.07913,33.27232],[130.0783,33.27677],[130.07189,33.28482],[130.05955,33.28186],[130.05706,33.27884],[130.05908,33.27063],[130.06485,33.26744],[130.06646,33.25865],[130.06976,33.25525]]],[[[130.06646,33.25865],[130.06485,33.26744],[130.06075,33.26989],[130.06122,33.26271],[130.05891,33.25982],[130.06646,33.25865]]],[[[130.06075,33.26989],[130.0571,33.27838],[130.05641,33.27645],[130.0476,33.27555],[130.05019,33.26557],[130.05356,33.26233],[130.05283,33.25798],[130.05882,33.25529],[130.06382,33.25883],[130.05891,33.25982],[130.06122,33.26271],[130.06075,33.26989]]],[[[130.05349,33.25728],[130.05356,33.26233],[130.05016,33.26564],[130.04802,33.27506],[130.04406,33.27583],[130.04349,33.26574],[130.04755,33.26178],[130.04597,33.25759],[130.05349,33.25728]]],[[[130.04626,33.25837],[130.04755,33.26178],[130.04349,33.26574],[130.04406,33.27583],[130.03946,33.27473],[130.03944,33.26431],[130.04202,33.25988],[130.04626,33.25837]]],[[[130.04202,33.25988],[130.03877,33.26632],[130.03946,33.27473],[130.03499,33.27698],[130.03326,33.26879],[130.0294,33.26411],[130.02317,33.26487],[130.03492,33.25621],[130.0386,33.25849],[130.04134,33.25608],[130.04202,33.25988]]],[[[130.03436,33.27766],[130.02763,33.28084],[130.02317,33.26487],[130.0294,33.26411],[130.03231,33.26724],[130.03436,33.27766]]],[[[130.03221,33.25744],[130.02685,33.2549],[130.02745,33.24983],[130.04589,33.2507],[130.0386,33.25849],[130.03539,33.25619],[130.03221,33.25744]]],[[[130.05033,33.25744],[130.04133,33.2595],[130.04109,33.25495],[130.04593,33.25208],[130.04423,33.25032],[130.04624,33.24822],[130.04895,33.25048],[130.05331,33.24868],[130.05033,33.25744]]],[[[130.0571,33.27838],[130.05955,33.28186],[130.05044,33.28061],[130.04834,33.28245],[130.04442,33.2797],[130.04663,33.2754],[130.05641,33.27645],[130.0571,33.27838]]],[[[130.05331,33.24868],[130.04895,33.25048],[130.04624,33.24822],[130.05554,33.23867],[130.06072,33.24185],[130.05331,33.24868]]],[[[130.06313,33.24371],[130.06374,33.24807],[130.05331,33.24868],[130.06072,33.24185],[130.06313,33.24371]]],[[[130.06374,33.24807],[130.06975,33.25519],[130.0667,33.25856],[130.05882,33.25529],[130.05033,33.25744],[130.05331,33.24868],[130.06374,33.24807]]],[[[130.06089,33.29518],[130.05538,33.28897],[130.04496,33.28611],[130.03435,33.27704],[130.04233,33.27436],[130.04663,33.2754],[130.04442,33.2797],[130.04808,33.28239],[130.05044,33.28061],[130.05318,33.28241],[130.06163,33.28162],[130.07189,33.28482],[130.06132,33.29264],[130.06089,33.29518]]]]}},{"type":"Feature","properties":{"vid":"K64G06S00049","name":"小侍村","reading":"こさむらい","gun":"小城郡","domains":["saga"],"isShared":false,"shared":[]},"geometry":{"type":"MultiPolygon","coordinates":[[[[130.11196,33.30028],[130.09981,33.29776],[130.09894,33.28951],[130.10756,33.28837],[130.11221,33.29018],[130.11196,33.30028]]],[[[130.11265,33.32533],[130.10189,33.31734],[130.10724,33.30013],[130.11196,33.30028],[130.11512,33.30469],[130.11265,33.32533]]],[[[130.09544,33.3144],[130.09924,33.30993],[130.09796,33.30373],[130.09981,33.29776],[130.10295,33.29742],[130.10668,33.30057],[130.1024,33.31643],[130.09544,33.3144]]],[[[130.09544,33.3144],[130.09129,33.31318],[130.09396,33.3048],[130.09272,33.30101],[130.09784,33.29338],[130.09981,33.29776],[130.09796,33.30373],[130.09924,33.30993],[130.09544,33.3144]]],[[[130.09129,33.31318],[130.08611,33.31223],[130.08235,33.30667],[130.07816,33.30606],[130.0779,33.30346],[130.08077,33.30277],[130.0805,33.29783],[130.09272,33.30101],[130.09396,33.3048],[130.09129,33.31318]]],[[[130.09894,33.28951],[130.09303,33.30089],[130.0805,33.29783],[130.08074,33.29496],[130.0907,33.29134],[130.09406,33.28497],[130.09894,33.28951]]],[[[130.09444,33.28285],[130.0907,33.29134],[130.08397,33.29458],[130.08074,33.29496],[130.06919,33.28771],[130.07341,33.2826],[130.08112,33.28655],[130.08858,33.28632],[130.09444,33.28285]]],[[[130.10601,33.28512],[130.10322,33.28899],[130.09894,33.28951],[130.09388,33.28365],[130.10197,33.28047],[130.10601,33.28512]]],[[[130.0779,33.30346],[130.074,33.29977],[130.06332,33.29722],[130.06132,33.29264],[130.06919,33.28771],[130.08002,33.29298],[130.08077,33.30277],[130.0779,33.30346]]]]}},{"type":"Feature","properties":{"vid":"K64G06S00050","name":"多久原村","reading":"たくばる","gun":"小城郡","domains":["saga"],"isShared":false,"shared":[]},"geometry":{"type":"MultiPolygon","coordinates":[[[[130.12654,33.2909],[130.12935,33.2997],[130.12521,33.29999],[130.11824,33.29618],[130.12012,33.29234],[130.12654,33.2909]]],[[[130.13846,33.30024],[130.14056,33.30374],[130.12968,33.30006],[130.12654,33.2909],[130.13358,33.28827],[130.13593,33.29299],[130.1329,33.29588],[130.13846,33.30024]]],[[[130.13424,33.28605],[130.12958,33.2906],[130.12259,33.29098],[130.12892,33.28525],[130.13424,33.28605]]],[[[130.12677,33.28439],[130.12892,33.28525],[130.12488,33.28904],[130.12072,33.28726],[130.1224,33.28403],[130.12677,33.28439]]],[[[130.14056,33.30374],[130.14293,33.30879],[130.1418,33.31143],[130.13315,33.31139],[130.11645,33.29873],[130.11738,33.29644],[130.12063,33.29655],[130.12521,33.29999],[130.14056,33.30374]]],[[[130.11732,33.29939],[130.13315,33.31139],[130.13747,33.31137],[130.13693,33.31365],[130.1308,33.31409],[130.11196,33.30028],[130.11732,33.29939]]],[[[130.11032,33.28556],[130.1224,33.28403],[130.12072,33.28726],[130.12488,33.28904],[130.11764,33.29658],[130.11622,33.29372],[130.11167,33.29467],[130.11328,33.29175],[130.11145,33.29172],[130.11032,33.28556]]],[[[130.14281,33.33888],[130.12747,33.33976],[130.11979,33.33325],[130.11677,33.3269],[130.11265,33.32533],[130.1146,33.30358],[130.1308,33.31409],[130.13693,33.31365],[130.13853,33.31813],[130.13651,33.32038],[130.13975,33.32387],[130.13815,33.33346],[130.14281,33.33888]]],[[[130.11738,33.29644],[130.11698,33.30044],[130.11176,33.30005],[130.11167,33.29467],[130.11622,33.29372],[130.11738,33.29644]]],[[[130.10601,33.28512],[130.11182,33.28626],[130.11221,33.29018],[130.10322,33.28899],[130.10601,33.28512]]]]}},{"type":"Feature","properties":{"vid":"K64G06S00051","name":"別府村","reading":"べふ","gun":"小城郡","domains":["saga"],"isShared":false,"shared":[]},"geometry":{"type":"MultiPolygon","coordinates":[[[[130.16693,33.2884],[130.16208,33.28456],[130.16185,33.2798],[130.17183,33.2832],[130.16693,33.2884]]],[[[130.16693,33.2884],[130.15736,33.29289],[130.1583,33.28153],[130.16185,33.2798],[130.16208,33.28456],[130.16693,33.2884]]],[[[130.1583,33.28153],[130.15558,33.29951],[130.15819,33.30204],[130.15514,33.30528],[130.15128,33.28616],[130.1529,33.28409],[130.15014,33.28003],[130.1583,33.28153]]],[[[130.15014,33.28003],[130.1529,33.28409],[130.15128,33.28616],[130.15455,33.30348],[130.1471,33.28399],[130.15014,33.28003]]],[[[130.15884,33.26986],[130.16645,33.27614],[130.1565,33.28207],[130.15309,33.28038],[130.15439,33.27255],[130.15884,33.26986]]],[[[130.13453,33.28519],[130.13804,33.27866],[130.14444,33.27855],[130.1402,33.28686],[130.13785,33.28607],[130.13858,33.28409],[130.13453,33.28519]]],[[[130.15014,33.28003],[130.1471,33.28399],[130.15255,33.29459],[130.14406,33.28394],[130.15014,33.28003]]],[[[130.15255,33.29459],[130.15305,33.29953],[130.1402,33.28686],[130.14453,33.2789],[130.14764,33.27993],[130.14406,33.28394],[130.15255,33.29459]]],[[[130.15523,33.26895],[130.15884,33.26986],[130.15439,33.27255],[130.15309,33.28038],[130.13804,33.27866],[130.13935,33.27393],[130.1523,33.26827],[130.15523,33.26895]]],[[[130.15455,33.30348],[130.1528,33.30774],[130.1478,33.3102],[130.14195,33.30829],[130.13846,33.30024],[130.1402,33.28686],[130.15178,33.29729],[130.15455,33.30348]]],[[[130.13453,33.28519],[130.13858,33.28409],[130.13785,33.28607],[130.1402,33.28686],[130.13846,33.30024],[130.1329,33.29588],[130.13593,33.29299],[130.1336,33.29122],[130.13453,33.28519]]]]}},{"type":"Feature","properties":{"vid":"K64G06S00052","name":"下多久村","reading":"しもたく","gun":"小城郡","domains":["saga"],"isShared":false,"shared":[]},"geometry":{"type":"MultiPolygon","coordinates":[[[[130.11154,33.26532],[130.11814,33.26859],[130.12138,33.27558],[130.11551,33.27693],[130.11516,33.27928],[130.10345,33.27926],[130.11154,33.26532]]],[[[130.12397,33.25198],[130.12624,33.25135],[130.13191,33.2563],[130.13507,33.26044],[130.13315,33.26288],[130.12555,33.26335],[130.12232,33.25667],[130.12397,33.25198]]],[[[130.11502,33.23684],[130.12099,33.24406],[130.12995,33.24956],[130.12397,33.25198],[130.1157,33.24997],[130.11307,33.23789],[130.11502,33.23684]]],[[[130.1157,33.24997],[130.12397,33.25198],[130.12232,33.25667],[130.12388,33.26056],[130.12081,33.26549],[130.1138,33.25547],[130.1157,33.24997]]],[[[130.11307,33.23789],[130.11585,33.25092],[130.1138,33.25547],[130.10546,33.25759],[130.10814,33.25171],[130.10518,33.2479],[130.10603,33.24335],[130.11307,33.23789]]],[[[130.12081,33.26549],[130.11889,33.26859],[130.11333,33.26733],[130.10724,33.25812],[130.11523,33.25569],[130.12081,33.26549]]],[[[130.11613,33.27746],[130.12083,33.28226],[130.11823,33.28564],[130.10601,33.28512],[130.10197,33.28047],[130.11516,33.27928],[130.11613,33.27746]]],[[[130.12081,33.26549],[130.12389,33.2604],[130.12555,33.26335],[130.12419,33.26911],[130.12732,33.26915],[130.12691,33.27716],[130.12138,33.27558],[130.11902,33.27199],[130.11814,33.26859],[130.12081,33.26549]]],[[[130.14082,33.27315],[130.13373,33.27388],[130.1293,33.27838],[130.12755,33.27567],[130.12754,33.27241],[130.14082,33.27315]]],[[[130.11613,33.27746],[130.12138,33.27558],[130.12927,33.27647],[130.1293,33.27838],[130.12546,33.28434],[130.12052,33.28383],[130.11613,33.27746]]],[[[130.13453,33.28519],[130.12677,33.28439],[130.1296,33.27777],[130.13373,33.27388],[130.14082,33.27315],[130.13453,33.28519]]],[[[130.14087,33.26661],[130.14082,33.27315],[130.12661,33.27232],[130.12732,33.26915],[130.12419,33.26911],[130.12555,33.26335],[130.13315,33.26288],[130.13482,33.26046],[130.13853,33.26005],[130.14087,33.26661]]],[[[130.12624,33.25135],[130.12747,33.24905],[130.13215,33.25239],[130.13967,33.25112],[130.14257,33.25311],[130.14036,33.25531],[130.14117,33.25867],[130.13507,33.26044],[130.12624,33.25135]]]]}},{"type":"Feature","properties":{"vid":"K64G06S00053","name":"納所村","reading":"のうさ","gun":"小城郡","domains":["saga"],"isShared":false,"shared":[]},"geometry":{"type":"MultiPolygon","coordinates":[[[[130.16795,33.25519],[130.16883,33.25714],[130.16479,33.25881],[130.15235,33.2585],[130.15581,33.25337],[130.16795,33.25519]]],[[[130.17017,33.25777],[130.17025,33.26215],[130.16729,33.26328],[130.15239,33.26586],[130.14918,33.26374],[130.15235,33.2585],[130.17017,33.25777]]],[[[130.17017,33.25777],[130.17666,33.26165],[130.1712,33.2633],[130.17017,33.25777]]],[[[130.16309,33.26432],[130.17598,33.26219],[130.1699,33.26689],[130.1707,33.26936],[130.16824,33.272],[130.16309,33.26432]]],[[[130.16517,33.26747],[130.16824,33.272],[130.16645,33.27614],[130.15523,33.26895],[130.16517,33.26747]]],[[[130.15239,33.26586],[130.16309,33.26432],[130.16517,33.26747],[130.15523,33.26895],[130.15239,33.26586]]],[[[130.14918,33.26374],[130.15523,33.26895],[130.15043,33.26888],[130.14043,33.27394],[130.14106,33.26629],[130.14918,33.26374]]],[[[130.18279,33.25045],[130.1812,33.25607],[130.16337,33.24622],[130.16571,33.24372],[130.16989,33.24561],[130.17327,33.24433],[130.17585,33.24662],[130.18156,33.24636],[130.17904,33.2483],[130.18279,33.25045]]],[[[130.16337,33.24622],[130.18111,33.25627],[130.17892,33.2582],[130.16976,33.25461],[130.15892,33.25405],[130.16337,33.24622]]],[[[130.16795,33.25519],[130.17892,33.2582],[130.17691,33.26044],[130.17281,33.25931],[130.16795,33.25519]]]]}},{"type":"Feature","properties":{"vid":"K64G06S00055","name":"晴気村","reading":"はるけ","gun":"小城郡","domains":["saga"],"isShared":false,"shared":[]},"geometry":{"type":"MultiPolygon","coordinates":[[[[130.1829,33.29155],[130.18042,33.29204],[130.18086,33.29427],[130.17646,33.29414],[130.17903,33.28772],[130.18338,33.28959],[130.1829,33.29155]]],[[[130.18801,33.28536],[130.18679,33.29128],[130.18398,33.29218],[130.18338,33.28959],[130.18082,33.28986],[130.18064,33.28373],[130.18801,33.28536]]],[[[130.15736,33.29289],[130.16319,33.28889],[130.17355,33.29088],[130.15664,33.29602],[130.15736,33.29289]]],[[[130.18769,33.30437],[130.18652,33.30849],[130.18026,33.31212],[130.17709,33.30591],[130.17793,33.2966],[130.17521,33.29513],[130.18086,33.29427],[130.18168,33.29126],[130.18517,33.29183],[130.18309,33.30098],[130.18769,33.30437]]],[[[130.17494,33.29572],[130.17793,33.2966],[130.17746,33.29833],[130.17388,33.29711],[130.17494,33.29572]]],[[[130.17746,33.29833],[130.17709,33.30591],[130.17051,33.30284],[130.17388,33.29711],[130.17746,33.29833]]],[[[130.18026,33.31212],[130.1751,33.30783],[130.16915,33.30714],[130.17051,33.30284],[130.17831,33.3067],[130.18026,33.31212]]],[[[130.17842,33.31239],[130.17521,33.3168],[130.17041,33.31465],[130.16851,33.30682],[130.1751,33.30783],[130.17842,33.31239]]],[[[130.17646,33.29414],[130.17195,33.29464],[130.1741,33.29053],[130.17739,33.2926],[130.17646,33.29414]]],[[[130.17521,33.3168],[130.16947,33.32183],[130.16264,33.32375],[130.16187,33.32042],[130.16774,33.31704],[130.1669,33.31066],[130.17521,33.3168]]],[[[130.1693,33.30448],[130.16626,33.31358],[130.16774,33.31704],[130.16169,33.32153],[130.16424,33.31467],[130.16305,33.31164],[130.1693,33.30448]]],[[[130.15818,33.30205],[130.15561,33.29963],[130.15664,33.29602],[130.17286,33.2916],[130.17176,33.29542],[130.1631,33.2979],[130.15818,33.30205]]],[[[130.14293,33.30879],[130.14767,33.31022],[130.15302,33.3068],[130.16133,33.3097],[130.1653,33.30849],[130.16572,33.31027],[130.16305,33.31164],[130.16424,33.31467],[130.16163,33.31903],[130.15829,33.31688],[130.15563,33.32029],[130.15069,33.31908],[130.14688,33.31288],[130.14172,33.31148],[130.14293,33.30879]]],[[[130.15514,33.30528],[130.16838,33.30462],[130.16133,33.3097],[130.15302,33.3068],[130.15514,33.30528]]],[[[130.15638,33.30396],[130.16448,33.30023],[130.17155,33.30134],[130.1693,33.30448],[130.15909,33.30576],[130.15638,33.30396]]],[[[130.17494,33.29572],[130.17155,33.30134],[130.16032,33.30129],[130.1631,33.2979],[130.17195,33.29464],[130.17494,33.29572]]],[[[130.14297,33.33891],[130.13815,33.33346],[130.13975,33.32387],[130.13651,33.32038],[130.13853,33.31813],[130.13742,33.31138],[130.14688,33.31288],[130.15069,33.31908],[130.15563,33.32029],[130.14297,33.33891]]],[[[130.15312,33.33923],[130.14297,33.33891],[130.15905,33.31678],[130.16264,33.32375],[130.16472,33.32389],[130.15312,33.33923]]]]}},{"type":"Feature","properties":{"vid":"K64G06S00062","name":"三間寺分","reading":"さんげんじぶん","gun":"小城郡","domains":["saga"],"isShared":false,"shared":[]},"geometry":{"type":"Polygon","coordinates":[[[130.20372,33.30089],[130.1987,33.30232],[130.19825,33.29698],[130.20372,33.30089]]]}},{"type":"Feature","properties":{"vid":"K64G06S00065","name":"芦刈村","reading":"あしかり","gun":"小城郡","domains":["saga"],"isShared":false,"shared":[]},"geometry":{"type":"MultiPolygon","coordinates":[[[[130.21127,33.24138],[130.20729,33.24122],[130.20766,33.23862],[130.21832,33.23898],[130.218,33.24181],[130.21127,33.24138]]],[[[130.21832,33.23898],[130.20766,33.23862],[130.20767,33.2366],[130.21625,33.23597],[130.21879,33.23694],[130.21832,33.23898]]],[[[130.21691,33.2473],[130.21015,33.2472],[130.21127,33.24138],[130.218,33.24181],[130.21691,33.2473]]],[[[130.21856,33.24651],[130.21691,33.2473],[130.21899,33.23603],[130.22272,33.2363],[130.2233,33.24051],[130.21856,33.24651]]],[[[130.1867,33.22896],[130.19374,33.22214],[130.20667,33.22232],[130.20654,33.22723],[130.20174,33.2272],[130.20166,33.23016],[130.19904,33.23109],[130.1867,33.22896]]],[[[130.21463,33.23593],[130.21201,33.23588],[130.21199,33.23778],[130.20767,33.2366],[130.2077,33.23214],[130.21217,33.23156],[130.21209,33.23464],[130.21463,33.23593]]],[[[130.20657,33.22626],[130.20649,33.21786],[130.2129,33.21702],[130.21288,33.22666],[130.20657,33.22626]]],[[[130.20667,33.22232],[130.19929,33.22217],[130.19984,33.21335],[130.20637,33.21602],[130.20667,33.22232]]],[[[130.19374,33.22214],[130.19034,33.21998],[130.19083,33.21687],[130.19388,33.21409],[130.19931,33.21418],[130.19929,33.22217],[130.19374,33.22214]]]]}},{"type":"Feature","properties":{"vid":"K64G06S00066","name":"上砥川村","reading":"かみとがわ","gun":"小城郡","domains":["saga"],"isShared":false,"shared":[]},"geometry":{"type":"MultiPolygon","coordinates":[[[[130.18279,33.25045],[130.17904,33.2483],[130.18156,33.24636],[130.16764,33.24414],[130.17823,33.24013],[130.1909,33.24706],[130.18966,33.24985],[130.18592,33.24985],[130.18684,33.25324],[130.18279,33.25045]]],[[[130.1953,33.24285],[130.19366,33.24576],[130.18663,33.2427],[130.19304,33.23856],[130.1953,33.24285]]],[[[130.18823,33.24358],[130.18736,33.24486],[130.17966,33.24056],[130.18225,33.2398],[130.18823,33.24358]]],[[[130.17833,33.2312],[130.17201,33.23902],[130.16464,33.24063],[130.15981,33.23744],[130.15924,33.23272],[130.16253,33.2286],[130.17504,33.22793],[130.17833,33.2312]]],[[[130.16764,33.24414],[130.16473,33.24051],[130.17201,33.23902],[130.17833,33.2312],[130.18096,33.23236],[130.18225,33.2398],[130.16764,33.24414]]],[[[130.19395,33.24737],[130.19385,33.24749],[130.19369,33.24761],[130.19345,33.24771],[130.19321,33.24773],[130.19301,33.24773],[130.19278,33.2477],[130.19234,33.24748],[130.19179,33.24718],[130.19158,33.2471],[130.19126,33.24706],[130.1909,33.24706],[130.19034,33.24665],[130.18953,33.24622],[130.1892,33.24611],[130.18819,33.24556],[130.18865,33.24497],[130.18769,33.24443],[130.18776,33.2443],[130.18823,33.24358],[130.18936,33.24391],[130.18956,33.2441],[130.18976,33.24418],[130.19006,33.24439],[130.19019,33.24446],[130.19068,33.24458],[130.19112,33.24472],[130.19159,33.24498],[130.19205,33.24524],[130.1929,33.24556],[130.19366,33.24576],[130.19363,33.24606],[130.19363,33.24625],[130.19368,33.24641],[130.19383,33.2467],[130.19395,33.24699],[130.19398,33.24718],[130.19395,33.24737]]],[[[130.19304,33.23856],[130.18634,33.24311],[130.18236,33.24052],[130.18186,33.23458],[130.18969,33.23419],[130.19304,33.23856]]]]}},{"type":"Feature","properties":{"vid":"K64G06S00067","name":"下砥川村","reading":"しもとがわ","gun":"小城郡","domains":["saga"],"isShared":false,"shared":[]},"geometry":{"type":"MultiPolygon","coordinates":[[[[130.18259,33.22745],[130.17848,33.22768],[130.18014,33.22598],[130.18259,33.22745]]],[[[130.19984,33.21335],[130.19082,33.21688],[130.187,33.21532],[130.18966,33.2107],[130.18338,33.20868],[130.1863,33.20415],[130.19381,33.20818],[130.19866,33.20555],[130.20156,33.21012],[130.19984,33.21335]]],[[[130.19122,33.22064],[130.18452,33.21984],[130.187,33.21532],[130.19082,33.21688],[130.19122,33.22064]]],[[[130.18553,33.23368],[130.18186,33.23458],[130.17504,33.22793],[130.18259,33.22745],[130.18553,33.23368]]],[[[130.18969,33.23419],[130.1858,33.2347],[130.18343,33.22824],[130.19028,33.23167],[130.18969,33.23419]]],[[[130.18259,33.22745],[130.17956,33.22478],[130.18457,33.21989],[130.19431,33.22275],[130.1867,33.22896],[130.18259,33.22745]]]]}},{"type":"Feature","properties":{"vid":"K64G07S00001","name":"上小田村","reading":"かみおだ","gun":"杵島郡","domains":["saga"],"isShared":false,"shared":[]},"geometry":{"type":"MultiPolygon","coordinates":[[[[130.14521,33.23117],[130.13958,33.2244],[130.14618,33.21954],[130.15184,33.22763],[130.14521,33.23117]]],[[[130.12861,33.23929],[130.12556,33.23426],[130.1269,33.23127],[130.14022,33.22958],[130.1419,33.22817],[130.13997,33.2263],[130.14522,33.22918],[130.14449,33.23271],[130.13616,33.23305],[130.12861,33.23929]]],[[[130.1257,33.22657],[130.1389,33.22363],[130.1419,33.22817],[130.12848,33.23231],[130.12626,33.23209],[130.1257,33.22657]]],[[[130.12742,33.22482],[130.14044,33.21522],[130.14335,33.21843],[130.14801,33.21611],[130.14,33.22426],[130.12742,33.22482]]]]}},{"type":"Feature","properties":{"vid":"K64G07S00002","name":"下小田村","reading":"しもおだ","gun":"杵島郡","domains":["saga"],"isShared":false,"shared":[]},"geometry":{"type":"MultiPolygon","coordinates":[[[[130.14268,33.20564],[130.14291,33.20389],[130.13582,33.20021],[130.1369,33.19623],[130.14683,33.19684],[130.14427,33.20317],[130.148,33.20696],[130.14581,33.20849],[130.14268,33.20564]]],[[[130.13628,33.21853],[130.13775,33.21582],[130.13414,33.21373],[130.13495,33.20865],[130.14291,33.20389],[130.14107,33.21062],[130.14541,33.21629],[130.14779,33.21451],[130.14907,33.21715],[130.14614,33.21944],[130.14801,33.21611],[130.14335,33.21843],[130.14044,33.21522],[130.13628,33.21853]]],[[[130.14779,33.21451],[130.14541,33.21629],[130.14107,33.21062],[130.14268,33.20564],[130.14581,33.20849],[130.15291,33.20782],[130.14779,33.21451]]]]}},{"type":"Feature","properties":{"vid":"K64G07S00003","name":"八町村","reading":"はっちょう","gun":"杵島郡","domains":["saga"],"isShared":false,"shared":[]},"geometry":{"type":"MultiPolygon","coordinates":[[[[130.14859,33.19732],[130.16474,33.19499],[130.15781,33.1975],[130.16085,33.19964],[130.14809,33.19968],[130.14859,33.19732]]],[[[130.14694,33.19732],[130.14534,33.19531],[130.15998,33.18859],[130.16792,33.19335],[130.14694,33.19732]]],[[[130.15253,33.20834],[130.14888,33.20784],[130.14427,33.20317],[130.14694,33.19732],[130.14809,33.19968],[130.16085,33.19964],[130.1601,33.2059],[130.15253,33.20834]]]]}},{"type":"Feature","properties":{"vid":"K64G07S00004","name":"大町村","reading":"おおまち","gun":"杵島郡","domains":["saga"],"isShared":false,"shared":[]},"geometry":{"type":"MultiPolygon","coordinates":[[[[130.12005,33.20933],[130.11922,33.21716],[130.11579,33.21725],[130.11546,33.20936],[130.12005,33.20933]]],[[[130.11335,33.20823],[130.11546,33.20786],[130.11692,33.21449],[130.11422,33.21902],[130.11016,33.21576],[130.11335,33.20823]]],[[[130.13009,33.20632],[130.13495,33.20865],[130.13414,33.21373],[130.13775,33.21582],[130.12763,33.22631],[130.12412,33.22626],[130.12663,33.22051],[130.12526,33.21693],[130.13009,33.20632]]],[[[130.12207,33.21163],[130.12148,33.21656],[130.11904,33.21798],[130.1192,33.21315],[130.12207,33.21163]]],[[[130.13009,33.20632],[130.12526,33.21693],[130.12615,33.22138],[130.12089,33.21707],[130.12096,33.21423],[130.12792,33.20591],[130.13009,33.20632]]],[[[130.12207,33.21163],[130.12029,33.21122],[130.12083,33.20516],[130.11588,33.20146],[130.12813,33.19629],[130.13062,33.20096],[130.12622,33.20211],[130.12792,33.20591],[130.12478,33.21136],[130.12207,33.21163]]],[[[130.11588,33.20146],[130.12083,33.20516],[130.12005,33.20933],[130.11316,33.20821],[130.11275,33.20307],[130.11588,33.20146]]],[[[130.12615,33.22138],[130.12374,33.22506],[130.1193,33.224],[130.12258,33.2283],[130.12025,33.23268],[130.10811,33.23219],[130.11028,33.21684],[130.11422,33.21902],[130.11532,33.21695],[130.12232,33.21692],[130.12615,33.22138]]],[[[130.12556,33.23426],[130.11186,33.23927],[130.10633,33.23573],[130.10811,33.23219],[130.12025,33.23268],[130.12258,33.2283],[130.11935,33.22398],[130.12611,33.22607],[130.12556,33.23426]]]]}},{"type":"Feature","properties":{"vid":"K64G07S00005","name":"佐留志村","reading":"さるし","gun":"杵島郡","domains":["saga"],"isShared":false,"shared":[]},"geometry":{"type":"MultiPolygon","coordinates":[[[[130.16885,33.22861],[130.16299,33.22848],[130.1637,33.21607],[130.17275,33.21772],[130.16851,33.22445],[130.16885,33.22861]]],[[[130.17343,33.20681],[130.17278,33.21053],[130.1762,33.21156],[130.1769,33.2151],[130.17275,33.21772],[130.17343,33.20681]]],[[[130.17343,33.20681],[130.17194,33.21055],[130.17398,33.21449],[130.17199,33.21738],[130.16742,33.21615],[130.16531,33.2041],[130.17295,33.20284],[130.17343,33.20681]]],[[[130.1637,33.21607],[130.16119,33.21618],[130.16085,33.19964],[130.15781,33.1975],[130.16796,33.19409],[130.1663,33.20005],[130.16847,33.20474],[130.16531,33.2041],[130.16742,33.21615],[130.1637,33.21607]]]]}},{"type":"Feature","properties":{"vid":"K64G07S00006","name":"総領分村","reading":"そうりょうぶん","gun":"杵島郡","domains":["saga"],"isShared":false,"shared":[]},"geometry":{"type":"MultiPolygon","coordinates":[[[[130.18457,33.21989],[130.18148,33.2243],[130.17673,33.2232],[130.18272,33.21426],[130.18093,33.21275],[130.18338,33.20868],[130.18966,33.2107],[130.18457,33.21989]]],[[[130.18338,33.20868],[130.18093,33.21275],[130.18185,33.21577],[130.17819,33.22104],[130.17625,33.22014],[130.18237,33.20603],[130.18338,33.20868]]],[[[130.18412,33.20692],[130.1813,33.20758],[130.17587,33.2208],[130.17215,33.21875],[130.1769,33.2151],[130.1762,33.21156],[130.17278,33.21053],[130.17295,33.20284],[130.18246,33.2002],[130.1863,33.20415],[130.18412,33.20692]]],[[[130.17504,33.22793],[130.16885,33.22861],[130.16851,33.22445],[130.17215,33.21875],[130.17819,33.22104],[130.17673,33.2232],[130.1805,33.22543],[130.17504,33.22793]]]]}},{"type":"Feature","properties":{"vid":"K64G07S00007","name":"山口村","reading":"やまぐち","gun":"杵島郡","domains":["saga"],"isShared":false,"shared":[]},"geometry":{"type":"MultiPolygon","coordinates":[[[[130.15612,33.21847],[130.16261,33.21827],[130.16333,33.22197],[130.15674,33.22084],[130.15612,33.21847]]],[[[130.13487,33.24752],[130.12995,33.24956],[130.1252,33.24725],[130.11502,33.23684],[130.12556,33.23426],[130.12817,33.23579],[130.12702,33.23891],[130.1326,33.24049],[130.13487,33.24752]]],[[[130.15025,33.261],[130.14918,33.26374],[130.13967,33.26689],[130.13838,33.26115],[130.14117,33.25867],[130.14042,33.25513],[130.14805,33.2574],[130.15025,33.261]]],[[[130.13487,33.24752],[130.13746,33.2442],[130.13904,33.24686],[130.14147,33.24463],[130.14546,33.24636],[130.14257,33.25311],[130.1377,33.25092],[130.13215,33.25239],[130.12947,33.25005],[130.13487,33.24752]]],[[[130.15758,33.25327],[130.15428,33.25435],[130.15432,33.25733],[130.15025,33.261],[130.14805,33.2574],[130.14042,33.25513],[130.14606,33.24535],[130.14972,33.24401],[130.15013,33.24889],[130.15428,33.24908],[130.15758,33.25327]]],[[[130.16299,33.22848],[130.15987,33.23129],[130.15299,33.22899],[130.14738,33.22363],[130.15342,33.22042],[130.16333,33.22197],[130.16299,33.22848]]],[[[130.15088,33.2101],[130.1599,33.206],[130.16119,33.21618],[130.1637,33.21607],[130.16385,33.21901],[130.15612,33.21847],[130.15088,33.2101]]],[[[130.14854,33.22304],[130.14614,33.21944],[130.14922,33.21631],[130.14707,33.21362],[130.15088,33.2101],[130.15612,33.21847],[130.14854,33.22304]]],[[[130.15987,33.23129],[130.15843,33.23554],[130.14971,33.23751],[130.14838,33.24071],[130.14381,33.24015],[130.14169,33.23482],[130.14654,33.23358],[130.14485,33.2313],[130.15277,33.22715],[130.15987,33.23129]]],[[[130.16571,33.24372],[130.15881,33.25411],[130.15428,33.24908],[130.15013,33.24889],[130.14972,33.24401],[130.14541,33.24629],[130.14381,33.24015],[130.14838,33.24071],[130.14971,33.23751],[130.15934,33.234],[130.16571,33.24372]]],[[[130.13487,33.24752],[130.1326,33.24049],[130.12861,33.23929],[130.13616,33.23305],[130.14609,33.23254],[130.14169,33.23482],[130.14541,33.24629],[130.14147,33.24463],[130.13904,33.24686],[130.13746,33.2442],[130.13487,33.24752]]]]}},{"type":"Feature","properties":{"vid":"K64G07S00008","name":"福母村","reading":"ふくも","gun":"杵島郡","domains":["saga"],"isShared":false,"shared":[]},"geometry":{"type":"MultiPolygon","coordinates":[[[[130.09965,33.20652],[130.099,33.20282],[130.10584,33.20293],[130.10766,33.21246],[130.1006,33.21312],[130.10252,33.21165],[130.10139,33.20633],[130.09965,33.20652]]],[[[130.11327,33.20208],[130.11426,33.20613],[130.11037,33.21245],[130.10963,33.20421],[130.11327,33.20208]]],[[[130.10349,33.23508],[130.10003,33.22786],[130.10304,33.22341],[130.09905,33.21943],[130.10247,33.21828],[130.10032,33.21591],[130.1022,33.21541],[130.10142,33.213],[130.10766,33.21246],[130.10799,33.21005],[130.11136,33.21245],[130.10922,33.21749],[130.11048,33.22492],[130.10651,33.23559],[130.10349,33.23508]]],[[[130.10014,33.2264],[130.09334,33.21465],[130.08873,33.21395],[130.10139,33.20633],[130.10252,33.21165],[130.10034,33.2121],[130.1022,33.21541],[130.10032,33.21591],[130.10247,33.21828],[130.09905,33.21946],[130.10304,33.22349],[130.10014,33.2264]]]]}},{"type":"Feature","properties":{"vid":"K64G07S00009","name":"福田村","reading":"ふくた","gun":"杵島郡","domains":["saga"],"isShared":false,"shared":[]},"geometry":{"type":"MultiPolygon","coordinates":[[[[130.13575,33.1876],[130.1374,33.18506],[130.14022,33.18632],[130.13575,33.1876]]],[[[130.17183,33.18583],[130.15805,33.18689],[130.15463,33.18335],[130.16284,33.17883],[130.16203,33.17169],[130.16833,33.1715],[130.17288,33.17255],[130.17025,33.17286],[130.17183,33.18583]]],[[[130.13575,33.1876],[130.13389,33.18803],[130.13258,33.18421],[130.12577,33.18582],[130.1248,33.18296],[130.13601,33.18138],[130.13575,33.1876]]],[[[130.15736,33.18025],[130.15778,33.18304],[130.15463,33.18335],[130.15492,33.18511],[130.14787,33.18593],[130.14663,33.1799],[130.15736,33.18025]]],[[[130.13605,33.18546],[130.13601,33.18138],[130.14663,33.1799],[130.14714,33.18266],[130.13605,33.18546]]],[[[130.14714,33.18266],[130.14743,33.18597],[130.14024,33.18669],[130.13942,33.18388],[130.14714,33.18266]]]]}},{"type":"Feature","properties":{"vid":"K64G07S00010","name":"福富下分村","reading":"ふくどみしもぶん","gun":"杵島郡","domains":["saga"],"isShared":false,"shared":[]},"geometry":{"type":"MultiPolygon","coordinates":[[[[130.21571,33.19681],[130.21179,33.19575],[130.21069,33.19109],[130.22023,33.18589],[130.22177,33.19189],[130.21571,33.19681]]],[[[130.20824,33.19478],[130.20859,33.1914],[130.20539,33.18951],[130.2131,33.18457],[130.21306,33.19027],[130.21069,33.19109],[130.21179,33.19575],[130.20824,33.19478]]],[[[130.20711,33.18863],[130.203,33.18294],[130.20656,33.17997],[130.2131,33.18457],[130.20711,33.18863]]],[[[130.20656,33.17997],[130.20448,33.17811],[130.20828,33.17435],[130.21573,33.18271],[130.21635,33.18761],[130.2133,33.188],[130.21268,33.18333],[130.20656,33.17997]]],[[[130.20038,33.1953],[130.19295,33.20355],[130.19108,33.19874],[130.19266,33.19084],[130.20038,33.1953]]],[[[130.20824,33.19478],[130.19879,33.19443],[130.20711,33.19127],[130.20824,33.19478]]],[[[130.19284,33.19078],[130.19271,33.18531],[130.19967,33.18541],[130.19842,33.19415],[130.19284,33.19078]]],[[[130.19879,33.19443],[130.19852,33.18719],[130.20696,33.18733],[130.20569,33.19125],[130.19879,33.19443]]],[[[130.20033,33.18715],[130.1994,33.18391],[130.20337,33.1831],[130.20519,33.18639],[130.20033,33.18715]]],[[[130.19967,33.18541],[130.19596,33.18597],[130.19758,33.18094],[130.20448,33.17811],[130.20635,33.17958],[130.19967,33.18541]]]]}},{"type":"Feature","properties":{"vid":"K64G07S00011","name":"福吉村","reading":"ふくよし","gun":"杵島郡","domains":["saga"],"isShared":false,"shared":[]},"geometry":{"type":"MultiPolygon","coordinates":[[[[130.16635,33.19135],[130.15847,33.18687],[130.16633,33.1864],[130.16795,33.19034],[130.16635,33.19135]]],[[[130.15492,33.18511],[130.15862,33.18736],[130.14047,33.18966],[130.13299,33.18841],[130.15492,33.18511]]],[[[130.16635,33.19135],[130.16795,33.19034],[130.16633,33.1864],[130.17933,33.1851],[130.17776,33.1878],[130.17971,33.1999],[130.1681,33.20251],[130.16635,33.19135]]]]}},{"type":"Feature","properties":{"vid":"K64G07S00012","name":"東郷村","reading":"ひがしごう","gun":"杵島郡","domains":["saga"],"isShared":false,"shared":[]},"geometry":{"type":"MultiPolygon","coordinates":[[[[130.15963,33.18871],[130.15371,33.19301],[130.15041,33.19124],[130.13753,33.19392],[130.13515,33.18968],[130.15963,33.18871]]],[[[130.14534,33.19531],[130.13587,33.19743],[130.13211,33.19046],[130.13515,33.18968],[130.13753,33.19392],[130.15041,33.19124],[130.15233,33.19328],[130.14534,33.19531]]],[[[130.13009,33.20632],[130.12845,33.20603],[130.13507,33.20256],[130.13446,33.19902],[130.13055,33.19998],[130.12898,33.19682],[130.12768,33.19145],[130.13211,33.19046],[130.13582,33.20021],[130.14211,33.20427],[130.13463,33.20872],[130.13009,33.20632]]]]}},{"type":"Feature","properties":{"vid":"K64G07S00013","name":"今泉村","reading":"いまいずみ","gun":"杵島郡","domains":["saga"],"isShared":false,"shared":[]},"geometry":{"type":"MultiPolygon","coordinates":[[[[130.1248,33.18296],[130.12577,33.18582],[130.11928,33.18757],[130.11709,33.18186],[130.12214,33.17877],[130.1248,33.18296]]],[[[130.12591,33.18578],[130.13258,33.18421],[130.13484,33.18975],[130.12783,33.19142],[130.12591,33.18578]]],[[[130.12898,33.19682],[130.11908,33.19881],[130.11809,33.1937],[130.12768,33.19145],[130.12898,33.19682]]],[[[130.12845,33.20603],[130.12622,33.20211],[130.13446,33.19902],[130.13507,33.20256],[130.12845,33.20603]]],[[[130.12577,33.18582],[130.12783,33.19142],[130.12072,33.19305],[130.11884,33.1877],[130.12577,33.18582]]]]}},{"type":"Feature","properties":{"vid":"K64G07S00014","name":"廿治村","reading":"はたち","gun":"杵島郡","domains":["saga"],"isShared":false,"shared":[]},"geometry":{"type":"MultiPolygon","coordinates":[[[[130.13249,33.18111],[130.1248,33.18296],[130.12136,33.17666],[130.13073,33.17343],[130.13249,33.18111]]],[[[130.13185,33.17395],[130.12136,33.17666],[130.11851,33.16799],[130.12786,33.16575],[130.13185,33.17395]]],[[[130.13601,33.18138],[130.13284,33.18207],[130.1328,33.17795],[130.13868,33.17666],[130.13972,33.18071],[130.13601,33.18138]]],[[[130.16242,33.1755],[130.16235,33.17911],[130.15333,33.18063],[130.15308,33.17901],[130.13972,33.18071],[130.13868,33.17666],[130.16242,33.1755]]]]}},{"type":"Feature","properties":{"vid":"K64G07S00017","name":"戸ヶ里村","reading":"とがり","gun":"杵島郡","domains":["saga"],"isShared":false,"shared":[]},"geometry":{"type":"MultiPolygon","coordinates":[[[[130.12965,33.15933],[130.12657,33.16037],[130.12235,33.15324],[130.12324,33.15016],[130.12965,33.15933]]],[[[130.13114,33.15888],[130.12495,33.15436],[130.12324,33.15016],[130.12824,33.13462],[130.12747,33.13066],[130.13235,33.12941],[130.13032,33.14036],[130.13114,33.15888]]],[[[130.11956,33.16773],[130.11755,33.16168],[130.11562,33.16175],[130.11633,33.15688],[130.12235,33.15324],[130.12786,33.16575],[130.11956,33.16773]]],[[[130.11956,33.16773],[130.11549,33.16656],[130.11419,33.16214],[130.11664,33.15492],[130.11869,33.15471],[130.11562,33.16175],[130.11755,33.16168],[130.11956,33.16773]]]]}},{"type":"Feature","properties":{"vid":"K64G07S00018","name":"辺田村","reading":"へた","gun":"杵島郡","domains":["saga"],"isShared":false,"shared":[]},"geometry":{"type":"MultiPolygon","coordinates":[[[[130.11851,33.16799],[130.10765,33.17037],[130.10693,33.16651],[130.10996,33.16578],[130.109,33.16273],[130.11419,33.16214],[130.11549,33.16656],[130.11851,33.16799]]],[[[130.12214,33.17877],[130.11874,33.17955],[130.11712,33.1751],[130.1098,33.17679],[130.10845,33.17263],[130.11157,33.17295],[130.11151,33.16957],[130.11851,33.16799],[130.12214,33.17877]]],[[[130.07955,33.16895],[130.07968,33.16245],[130.10335,33.16152],[130.11397,33.15545],[130.11602,33.15623],[130.11526,33.16202],[130.109,33.16273],[130.10996,33.16578],[130.10466,33.16673],[130.0957,33.16353],[130.09091,33.16702],[130.07955,33.16895]]]]}},{"type":"Feature","properties":{"vid":"K64G07S00019","name":"田野上村","reading":"たのうえ","gun":"杵島郡","domains":["saga"],"isShared":false,"shared":[]},"geometry":{"type":"MultiPolygon","coordinates":[[[[130.10854,33.15905],[130.10118,33.16124],[130.10583,33.15432],[130.09942,33.14939],[130.10935,33.15203],[130.10854,33.15905]]],[[[130.07968,33.16245],[130.0838,33.15844],[130.08439,33.15432],[130.08821,33.15211],[130.08657,33.14904],[130.09942,33.14939],[130.10583,33.15432],[130.10118,33.16124],[130.09427,33.16072],[130.08554,33.16364],[130.07968,33.16245]]],[[[130.11602,33.15623],[130.10854,33.15905],[130.10935,33.15203],[130.11602,33.15623]]]]}},{"type":"Feature","properties":{"vid":"K64G07S00020","name":"坂田村","reading":"さかだ","gun":"杵島郡","domains":["saga"],"isShared":false,"shared":[]},"geometry":{"type":"MultiPolygon","coordinates":[[[[130.08581,33.14728],[130.08363,33.14148],[130.10334,33.13387],[130.10156,33.13874],[130.09803,33.14088],[130.10193,33.14043],[130.1022,33.14461],[130.08663,33.14887],[130.08581,33.14728]]],[[[130.08657,33.14904],[130.1022,33.14461],[130.10236,33.1403],[130.11413,33.14145],[130.10948,33.15208],[130.09995,33.14928],[130.08657,33.14904]]],[[[130.11409,33.15398],[130.10948,33.15208],[130.11288,33.14428],[130.1216,33.14154],[130.11409,33.15398]]],[[[130.1244,33.1425],[130.12335,33.15239],[130.11772,33.15498],[130.11409,33.15398],[130.1216,33.14154],[130.1244,33.1425]]]]}},{"type":"Feature","properties":{"vid":"K64G07S00021","name":"深浦村","reading":"ふかうら","gun":"杵島郡","domains":["saga"],"isShared":false,"shared":[]},"geometry":{"type":"MultiPolygon","coordinates":[[[[130.08504,33.13002],[130.09341,33.12963],[130.09279,33.1374],[130.0886,33.13902],[130.08504,33.13002]]],[[[130.12687,33.13793],[130.1244,33.1425],[130.11563,33.14313],[130.1115,33.14021],[130.11749,33.13681],[130.12687,33.13793]]],[[[130.11011,33.13156],[130.11265,33.12845],[130.12053,33.12864],[130.11975,33.1369],[130.11373,33.13996],[130.09811,33.1413],[130.10334,33.13387],[130.10953,33.13431],[130.11011,33.13156]]],[[[130.08237,33.13077],[130.08504,33.13002],[130.0886,33.13902],[130.08363,33.14148],[130.07802,33.14058],[130.07041,33.13467],[130.07244,33.13109],[130.07788,33.13093],[130.07786,33.12916],[130.08237,33.13077]]],[[[130.09404,33.13036],[130.10144,33.13055],[130.10176,33.13436],[130.09279,33.1374],[130.09404,33.13036]]],[[[130.12328,33.12322],[130.12282,33.12476],[130.13024,33.12589],[130.12687,33.13793],[130.11971,33.13675],[130.11915,33.13191],[130.12328,33.12322]]],[[[130.11011,33.13156],[130.10953,33.13431],[130.10176,33.13436],[130.10144,33.13055],[130.11011,33.13156]]]]}},{"type":"Feature","properties":{"vid":"K64G07S00022","name":"築切村","reading":"ついきり","gun":"杵島郡","domains":["saga"],"isShared":false,"shared":[]},"geometry":{"type":"MultiPolygon","coordinates":[[[[130.14392,33.1639],[130.1417,33.16394],[130.14278,33.16106],[130.14702,33.16034],[130.14392,33.1639]]],[[[130.14397,33.16633],[130.14508,33.16387],[130.146,33.16752],[130.14397,33.16633]]],[[[130.14508,33.16387],[130.14738,33.16197],[130.14498,33.15823],[130.14926,33.15704],[130.15099,33.16175],[130.14751,33.16259],[130.14848,33.16571],[130.14508,33.16387]]],[[[130.14848,33.16571],[130.14751,33.16259],[130.15099,33.16175],[130.14848,33.16571]]],[[[130.15099,33.16175],[130.14979,33.15806],[130.15387,33.15513],[130.15905,33.15613],[130.14949,33.16549],[130.15099,33.16175]]],[[[130.14438,33.16879],[130.14536,33.16503],[130.14866,33.16697],[130.14438,33.16879]]],[[[130.14752,33.16597],[130.14945,33.1655],[130.14931,33.1681],[130.14752,33.16597]]],[[[130.14945,33.1655],[130.15283,33.16721],[130.14931,33.1681],[130.14945,33.1655]]],[[[130.14979,33.16544],[130.15905,33.15613],[130.16803,33.16336],[130.15283,33.16721],[130.14979,33.16544]]],[[[130.16803,33.16336],[130.16163,33.15788],[130.16606,33.1594],[130.17001,33.15436],[130.174,33.15741],[130.16803,33.16336]]],[[[130.15905,33.15613],[130.15732,33.15512],[130.15885,33.15372],[130.16156,33.15543],[130.16458,33.15177],[130.16893,33.15557],[130.16415,33.1597],[130.15905,33.15613]]],[[[130.13882,33.16962],[130.14397,33.16633],[130.14438,33.16879],[130.13882,33.16962]]],[[[130.13845,33.16834],[130.13613,33.16913],[130.1439,33.16385],[130.14397,33.16633],[130.13845,33.16834]]]]}},{"type":"Feature","properties":{"vid":"K64G07S00023","name":"牛屋村","reading":"うしや","gun":"杵島郡","domains":["saga"],"isShared":false,"shared":[]},"geometry":{"type":"MultiPolygon","coordinates":[[[[130.15772,33.14596],[130.15065,33.15178],[130.13114,33.15888],[130.13159,33.15131],[130.13774,33.15068],[130.13773,33.14344],[130.14592,33.13377],[130.15772,33.14596]]],[[[130.14599,33.13374],[130.13773,33.14344],[130.13774,33.15068],[130.13159,33.15131],[130.13032,33.14036],[130.13235,33.12941],[130.13644,33.12826],[130.14599,33.13374]]]]}},{"type":"Feature","properties":{"vid":"K64G07S00024","name":"横手村","reading":"よこて","gun":"杵島郡","domains":["saga"],"isShared":false,"shared":[]},"geometry":{"type":"MultiPolygon","coordinates":[[[[130.13185,33.17395],[130.1261,33.16054],[130.12965,33.15933],[130.13466,33.1674],[130.13831,33.16812],[130.13427,33.16966],[130.1349,33.17343],[130.13185,33.17395]]],[[[130.1417,33.16394],[130.13869,33.16795],[130.13466,33.1674],[130.12965,33.15933],[130.15065,33.15178],[130.15772,33.14596],[130.16458,33.15177],[130.16156,33.15543],[130.159,33.15367],[130.14558,33.15785],[130.1417,33.16394]]]]}},{"type":"Feature","properties":{"vid":"K64G07S00025","name":"遠江村","reading":"とおのえ","gun":"杵島郡","domains":["saga"],"isShared":false,"shared":[]},"geometry":{"type":"MultiPolygon","coordinates":[[[[130.13868,33.17666],[130.1328,33.17795],[130.13185,33.17395],[130.14596,33.1712],[130.14474,33.17589],[130.13868,33.17666]]],[[[130.15663,33.17469],[130.14474,33.17589],[130.1444,33.17262],[130.15592,33.16965],[130.15663,33.17469]]],[[[130.16794,33.16447],[130.17489,33.15637],[130.17812,33.15847],[130.17658,33.16082],[130.17873,33.16219],[130.17482,33.16927],[130.16794,33.16447]]],[[[130.13882,33.16962],[130.14537,33.16877],[130.14596,33.1712],[130.13869,33.17274],[130.13882,33.16962]]],[[[130.14537,33.16877],[130.15341,33.16712],[130.15372,33.16986],[130.14606,33.17166],[130.14537,33.16877]]],[[[130.15341,33.16712],[130.16373,33.16554],[130.16434,33.16959],[130.15372,33.16986],[130.15341,33.16712]]],[[[130.13882,33.16962],[130.13926,33.17168],[130.13533,33.17264],[130.13427,33.16966],[130.13882,33.16962]]],[[[130.17289,33.1726],[130.16203,33.17169],[130.16242,33.1755],[130.15924,33.17586],[130.15663,33.17469],[130.15592,33.16965],[130.16434,33.16959],[130.16373,33.16554],[130.16794,33.16447],[130.17482,33.16927],[130.17289,33.1726]]],[[[130.17289,33.1726],[130.17867,33.16233],[130.18261,33.16357],[130.18453,33.16025],[130.18804,33.16182],[130.17979,33.17299],[130.17289,33.1726]]]]}},{"type":"Feature","properties":{"vid":"K64G07S00026","name":"大崎村","reading":"おおさき","gun":"杵島郡","domains":["saga"],"isShared":false,"shared":[]},"geometry":{"type":"MultiPolygon","coordinates":[[[[130.06291,33.21238],[130.06194,33.21696],[130.05794,33.21687],[130.05412,33.21104],[130.05545,33.20971],[130.06291,33.21238]]],[[[130.04431,33.24987],[130.04005,33.25125],[130.039,33.23583],[130.04902,33.2409],[130.05237,33.24019],[130.04431,33.24987]]],[[[130.04964,33.21468],[130.04779,33.21152],[130.05357,33.20801],[130.05722,33.21648],[130.05173,33.21731],[130.04964,33.21468]]],[[[130.06299,33.22878],[130.06753,33.23532],[130.06289,33.23984],[130.0582,33.23986],[130.05472,33.2306],[130.05823,33.22753],[130.05631,33.22348],[130.06012,33.22771],[130.05965,33.22485],[130.06214,33.22288],[130.06299,33.22878]]],[[[130.06194,33.21696],[130.05984,33.22772],[130.05632,33.22064],[130.05794,33.21687],[130.06194,33.21696]]],[[[130.05173,33.21731],[130.05809,33.21637],[130.05628,33.22212],[130.05823,33.22753],[130.05472,33.2306],[130.05213,33.2282],[130.05173,33.21731]]],[[[130.05804,33.24041],[130.05549,33.23867],[130.04869,33.24076],[130.04893,33.2344],[130.0456,33.23176],[130.04794,33.22667],[130.0472,33.22174],[130.05131,33.21738],[130.05213,33.2282],[130.05761,33.23463],[130.05804,33.24041]]],[[[130.04476,33.22022],[130.05053,33.2177],[130.0472,33.22174],[130.04794,33.22667],[130.04555,33.23007],[130.04893,33.2344],[130.04838,33.24001],[130.039,33.23583],[130.03604,33.23012],[130.04381,33.22387],[130.04476,33.22022]]],[[[130.03981,33.25023],[130.0278,33.24974],[130.02721,33.24743],[130.03048,33.24781],[130.0319,33.24529],[130.03094,33.23328],[130.03438,33.23475],[130.03051,33.22749],[130.03766,33.23158],[130.03981,33.25023]]],[[[130.03532,33.22268],[130.03701,33.2207],[130.03918,33.22392],[130.04235,33.2206],[130.04551,33.2217],[130.03604,33.23012],[130.03145,33.22658],[130.03532,33.22268]]],[[[130.06936,33.23971],[130.06414,33.24395],[130.05804,33.24041],[130.06289,33.23984],[130.06753,33.23532],[130.06936,33.23971]]]]}},{"type":"Feature","properties":{"vid":"K64G07S00027","name":"大渡村","reading":"おおわたり","gun":"杵島郡","domains":["saga"],"isShared":false,"shared":[]},"geometry":{"type":"MultiPolygon","coordinates":[[[[130.08826,33.19699],[130.08575,33.1885],[130.09395,33.19232],[130.09359,33.18993],[130.09626,33.18971],[130.09785,33.19391],[130.10075,33.1935],[130.10058,33.19741],[130.09181,33.19551],[130.08826,33.19699]]],[[[130.10917,33.21053],[130.10605,33.20828],[130.10584,33.20293],[130.09879,33.20296],[130.09814,33.20006],[130.10857,33.19904],[130.11125,33.20681],[130.10917,33.21053]]],[[[130.10662,33.19112],[130.10857,33.19904],[130.10146,33.19883],[130.10034,33.19231],[130.10662,33.19112]]],[[[130.11168,33.20246],[130.10906,33.20226],[130.10857,33.19904],[130.1117,33.20009],[130.11168,33.20246]]],[[[130.09633,33.20491],[130.09252,33.20065],[130.09086,33.20181],[130.08826,33.19699],[130.09181,33.19551],[130.10092,33.19732],[130.09814,33.20006],[130.09823,33.20494],[130.09633,33.20491]]],[[[130.09633,33.20491],[130.08784,33.20729],[130.08577,33.20309],[130.09089,33.2042],[130.09252,33.20065],[130.09633,33.20491]]],[[[130.06989,33.19148],[130.06823,33.18919],[130.07129,33.17976],[130.07028,33.18163],[130.07322,33.18421],[130.08403,33.18411],[130.09089,33.2042],[130.07703,33.1971],[130.07135,33.19892],[130.06913,33.19547],[130.06989,33.19148]]],[[[130.09633,33.20491],[130.09928,33.20804],[130.09009,33.21319],[130.08816,33.20683],[130.09633,33.20491]]]]}},{"type":"Feature","properties":{"vid":"K64G07S00028","name":"馬洗村","reading":"もうらい","gun":"杵島郡","domains":["saga"],"isShared":false,"shared":[]},"geometry":{"type":"MultiPolygon","coordinates":[[[[130.11908,33.19881],[130.11606,33.20123],[130.11234,33.18977],[130.11911,33.18708],[130.12072,33.19305],[130.11809,33.1937],[130.11908,33.19881]]],[[[130.11606,33.20123],[130.11168,33.20246],[130.10662,33.19112],[130.11234,33.18977],[130.11606,33.20123]]],[[[130.07521,33.17587],[130.07734,33.17342],[130.07556,33.17791],[130.08692,33.18535],[130.10172,33.18441],[130.10488,33.18745],[130.11107,33.18604],[130.11234,33.18977],[130.09785,33.19391],[130.09626,33.18971],[130.09359,33.18993],[130.09395,33.19232],[130.08379,33.18751],[130.08403,33.18411],[130.07308,33.18414],[130.07028,33.18163],[130.07521,33.17587]]],[[[130.11709,33.18186],[130.11798,33.18807],[130.11234,33.18977],[130.11107,33.18604],[130.10488,33.18745],[130.10858,33.18508],[130.10812,33.17973],[130.11046,33.18348],[130.11709,33.18186]]]]}},{"type":"Feature","properties":{"vid":"K64G07S00029","name":"湯崎村","reading":"ゆざき","gun":"杵島郡","domains":["saga"],"isShared":false,"shared":[]},"geometry":{"type":"MultiPolygon","coordinates":[[[[130.10806,33.17153],[130.11151,33.16957],[130.11157,33.17295],[130.10806,33.17153]]],[[[130.11874,33.17955],[130.1192,33.18113],[130.11046,33.18348],[130.1085,33.17828],[130.11712,33.1751],[130.11874,33.17955]]],[[[130.10861,33.17818],[130.10215,33.17912],[130.09584,33.1726],[130.10806,33.17153],[130.10861,33.17818]]],[[[130.09584,33.1726],[130.08911,33.16739],[130.0959,33.16351],[130.10691,33.16632],[130.10806,33.17153],[130.09584,33.1726]]]]}},{"type":"Feature","properties":{"vid":"K64G07S00030","name":"堤村","reading":"つつみ","gun":"杵島郡","domains":["saga"],"isShared":false,"shared":[]},"geometry":{"type":"MultiPolygon","coordinates":[[[[130.1045,33.18619],[130.1016,33.18612],[130.10384,33.1821],[130.10215,33.17912],[130.10741,33.17759],[130.10953,33.17945],[130.10858,33.18508],[130.1045,33.18619]]],[[[130.10252,33.18455],[130.09602,33.18344],[130.08786,33.18565],[130.07551,33.17705],[130.07832,33.17458],[130.08086,33.17782],[130.08781,33.1799],[130.09141,33.18044],[130.09189,33.17815],[130.10238,33.17995],[130.10252,33.18455]]],[[[130.07734,33.17342],[130.07955,33.16895],[130.08911,33.16739],[130.10238,33.17995],[130.09189,33.17815],[130.09141,33.18044],[130.08781,33.1799],[130.08086,33.17782],[130.07734,33.17342]]]]}},{"type":"Feature","properties":{"vid":"K64G07S00031","name":"志久村","reading":"しく","gun":"杵島郡","domains":["saga"],"isShared":false,"shared":[]},"geometry":{"type":"MultiPolygon","coordinates":[[[[130.07562,33.23928],[130.06936,33.23971],[130.06299,33.22878],[130.07238,33.22853],[130.07562,33.23928]]],[[[130.08367,33.21291],[130.08311,33.22035],[130.08565,33.22527],[130.08389,33.23629],[130.08088,33.22766],[130.0771,33.22513],[130.07602,33.21304],[130.08367,33.21291]]],[[[130.07602,33.21304],[130.0771,33.22513],[130.08088,33.22766],[130.08342,33.23377],[130.07549,33.234],[130.07324,33.23142],[130.07221,33.21483],[130.07602,33.21304]]],[[[130.07237,33.22439],[130.07238,33.22853],[130.06299,33.22878],[130.06291,33.21238],[130.06695,33.21367],[130.06666,33.21746],[130.06924,33.21858],[130.0711,33.22543],[130.07237,33.22439]]],[[[130.10198,33.2303],[130.0958,33.23426],[130.09227,33.22658],[130.09674,33.2265],[130.09498,33.22297],[130.09695,33.22335],[130.09681,33.22051],[130.10198,33.2303]]],[[[130.07221,33.21483],[130.07327,33.22034],[130.07124,33.22545],[130.06656,33.21459],[130.07221,33.21483]]],[[[130.10349,33.23508],[130.09849,33.23706],[130.0943,33.23357],[130.10198,33.2303],[130.10349,33.23508]]],[[[130.09664,33.22093],[130.09695,33.22335],[130.09498,33.22297],[130.09674,33.2265],[130.09227,33.22658],[130.0958,33.23426],[130.08536,33.22461],[130.08311,33.22035],[130.08367,33.21291],[130.09334,33.21465],[130.09664,33.22093]]],[[[130.09684,33.23838],[130.08415,33.23699],[130.08555,33.22472],[130.09849,33.23706],[130.09684,33.23838]]],[[[130.08415,33.23699],[130.07562,33.23928],[130.07549,33.234],[130.08342,33.23377],[130.08415,33.23699]]]]}},{"type":"Feature","properties":{"vid":"K64G07S00032","name":"芦原村","reading":"あしはら","gun":"杵島郡","domains":["saga"],"isShared":false,"shared":[]},"geometry":{"type":"MultiPolygon","coordinates":[[[[130.08874,33.21394],[130.07949,33.2128],[130.0803,33.20764],[130.08727,33.20607],[130.0899,33.21197],[130.08874,33.21394]]],[[[130.05366,33.2081],[130.05391,33.20602],[130.05954,33.20563],[130.06035,33.20115],[130.07059,33.19552],[130.07299,33.21453],[130.05366,33.2081]]],[[[130.07949,33.2128],[130.07275,33.21308],[130.07125,33.19906],[130.07476,33.19882],[130.07443,33.19722],[130.08381,33.19942],[130.08689,33.20527],[130.0803,33.20764],[130.07949,33.2128]]]]}},{"type":"Feature","properties":{"vid":"K64G07S00033","name":"本部村","reading":"もとべ","gun":"杵島郡","domains":["hasuike","saga"],"isShared":true,"shared":[]},"geometry":{"type":"MultiPolygon","coordinates":[[[[129.97574,33.27072],[129.97244,33.26858],[129.97106,33.26166],[129.96535,33.26047],[129.96481,33.25791],[129.97557,33.26065],[129.97574,33.27072]]],[[[130.00642,33.25245],[130.00506,33.25723],[130.00833,33.26351],[130.0039,33.25886],[130.00143,33.25987],[129.99774,33.25478],[130.00324,33.25155],[130.00642,33.25245]]],[[[130.02763,33.28084],[130.02542,33.28303],[130.02226,33.28097],[130.0133,33.28209],[130.00635,33.27813],[130.00854,33.27705],[130.00551,33.26208],[130.01151,33.2677],[130.026,33.27126],[130.02526,33.27612],[130.02763,33.28084]]],[[[129.99386,33.2787],[129.99154,33.2775],[129.99704,33.26639],[129.99577,33.26407],[130.00269,33.26268],[130.00143,33.25987],[130.0039,33.25886],[130.00758,33.26829],[130.00854,33.27705],[130.00632,33.27806],[130.00824,33.27952],[130.0023,33.28087],[129.99386,33.2787]]],[[[129.98422,33.27515],[129.97574,33.27072],[129.97557,33.26065],[129.98309,33.26041],[129.97983,33.26855],[129.98472,33.26872],[129.98422,33.27515]]],[[[129.98289,33.25797],[129.9812,33.2615],[129.97557,33.26065],[129.98289,33.25797]]],[[[129.96481,33.25791],[129.96133,33.25417],[129.96731,33.24665],[129.97831,33.24938],[129.98268,33.25463],[129.98289,33.25797],[129.97557,33.26065],[129.96481,33.25791]]],[[[129.99082,33.2405],[129.98135,33.25285],[129.97831,33.24938],[129.97416,33.24883],[129.97465,33.24441],[129.98121,33.23757],[129.99082,33.2405]]]]}},{"type":"Feature","properties":{"vid":"K64G07S00034","name":"中野村","reading":"なかの","gun":"杵島郡","domains":["saga"],"isShared":false,"shared":[]},"geometry":{"type":"MultiPolygon","coordinates":[[[[130.01388,33.2151],[130.02215,33.20899],[130.03361,33.20836],[130.03848,33.21247],[130.02953,33.21941],[130.01388,33.2151]]],[[[130.01046,33.21814],[130.01388,33.2151],[130.02829,33.21784],[130.02422,33.2256],[130.01046,33.21814]]],[[[130.00774,33.21728],[130.02422,33.2256],[130.01558,33.23237],[130.012,33.24231],[130.01049,33.23662],[130.00043,33.22861],[130.00205,33.22227],[130.00774,33.21728]]]]}},{"type":"Feature","properties":{"vid":"K64G07S00035","name":"川古村","reading":"かわご","gun":"杵島郡","domains":["saga"],"isShared":false,"shared":[]},"geometry":{"type":"MultiPolygon","coordinates":[[[[130.02685,33.2549],[130.02546,33.25729],[130.01706,33.25502],[130.01691,33.25103],[130.01216,33.25046],[130.0148,33.2445],[130.02094,33.2443],[130.02722,33.24745],[130.02845,33.2534],[130.02685,33.2549]]],[[[130.02546,33.25729],[130.02295,33.25813],[130.02227,33.26211],[130.01896,33.25799],[130.01323,33.26077],[130.00904,33.25804],[130.00769,33.26097],[130.00506,33.25723],[130.00642,33.25245],[130.01339,33.25066],[130.01691,33.25103],[130.01706,33.25502],[130.02546,33.25729]]],[[[129.98772,33.24443],[129.99157,33.25065],[130.00029,33.25681],[130.00269,33.26268],[129.99562,33.26205],[129.99469,33.25704],[129.98532,33.2501],[129.98772,33.24443]]],[[[129.99242,33.24028],[129.99589,33.24389],[130.00175,33.24109],[130.00188,33.25353],[129.99747,33.25481],[129.99157,33.25065],[129.98772,33.24443],[129.99242,33.24028]]],[[[129.99154,33.2775],[129.98422,33.27515],[129.98472,33.26872],[129.97983,33.26855],[129.98309,33.26071],[129.98135,33.25285],[129.98443,33.249],[129.99469,33.25704],[129.99686,33.26279],[129.99154,33.2775]]]]}},{"type":"Feature","properties":{"vid":"K64G07S00036","name":"富岡村","reading":"とみおか","gun":"杵島郡","domains":["saga"],"isShared":false,"shared":[]},"geometry":{"type":"MultiPolygon","coordinates":[[[[130.03039,33.19386],[130.03462,33.19598],[130.03228,33.19912],[130.0276,33.20007],[130.02612,33.19827],[130.03039,33.19386]]],[[[130.01781,33.19336],[130.02664,33.19052],[130.03039,33.19386],[130.02612,33.19827],[130.01789,33.19725],[130.01485,33.20042],[130.00729,33.2022],[130.01623,33.19507],[130.02041,33.19502],[130.01781,33.19336]]],[[[130.01485,33.20042],[130.01789,33.19725],[130.02612,33.19827],[130.02376,33.20118],[130.01485,33.20042]]],[[[130.00082,33.20508],[130.01173,33.20006],[130.02376,33.20118],[130.02612,33.19827],[130.02974,33.20051],[130.03418,33.19647],[130.04108,33.20485],[130.03591,33.20224],[130.02517,33.20243],[130.02519,33.20701],[130.03322,33.20848],[130.02151,33.20918],[130.0101,33.21828],[130.00362,33.21382],[130.00471,33.21008],[130.00082,33.20508]]]]}},{"type":"Feature","properties":{"vid":"K64G07S00037","name":"永島村","reading":"ながしま","gun":"杵島郡","domains":["saga"],"isShared":false,"shared":[]},"geometry":{"type":"MultiPolygon","coordinates":[[[[130.03039,33.19386],[130.03593,33.19005],[130.03537,33.18803],[130.04165,33.18933],[130.0433,33.19406],[130.04042,33.19731],[130.04283,33.20079],[130.04096,33.20242],[130.03039,33.19386]]],[[[130.02705,33.17851],[130.02755,33.17218],[130.0316,33.16901],[130.04039,33.17158],[130.04414,33.17825],[130.02705,33.17851]]],[[[130.03201,33.1918],[130.02752,33.18858],[130.02927,33.18657],[130.02705,33.17851],[130.04367,33.17938],[130.04047,33.18445],[130.04299,33.18484],[130.04265,33.19036],[130.03537,33.18803],[130.03524,33.19084],[130.03201,33.1918]]],[[[130.04039,33.17158],[130.04574,33.16924],[130.04775,33.17804],[130.04279,33.17791],[130.04315,33.17403],[130.04039,33.17158]]]]}},{"type":"Feature","properties":{"vid":"K64G07S00038","name":"武雄村","reading":"たけお","gun":"杵島郡","domains":["saga"],"isShared":false,"shared":[]},"geometry":{"type":"MultiPolygon","coordinates":[[[[130.01397,33.18989],[130.01336,33.17768],[130.02705,33.17453],[130.0269,33.1822],[130.02927,33.18657],[130.02741,33.18816],[130.03201,33.1918],[130.03039,33.19386],[130.02664,33.19052],[130.01781,33.19336],[130.01397,33.18989]]],[[[129.97724,33.16661],[129.9897,33.17672],[130.00323,33.17748],[130.00861,33.18225],[130.00844,33.18746],[129.9958,33.19888],[129.99493,33.20235],[129.98792,33.19052],[129.98687,33.18391],[129.98343,33.18424],[129.98332,33.1807],[129.97972,33.18057],[129.97678,33.17599],[129.9754,33.16845],[129.97724,33.16661]]],[[[130.01397,33.18989],[130.01255,33.19826],[130.00723,33.20225],[130.00015,33.20514],[129.99498,33.20255],[129.9958,33.19888],[130.00844,33.18746],[130.00861,33.18225],[130.00348,33.1762],[130.00818,33.17719],[130.01425,33.17475],[130.01397,33.18989]]],[[[130.01397,33.18989],[130.02041,33.19502],[130.01278,33.19769],[130.01397,33.18989]]]]}},{"type":"Feature","properties":{"vid":"K64G07S00039","name":"甘久村","reading":"あまぐ","gun":"杵島郡","domains":["saga"],"isShared":false,"shared":[]},"geometry":{"type":"Polygon","coordinates":[[[130.03322,33.20848],[130.02519,33.20701],[130.02517,33.20243],[130.03591,33.20224],[130.04145,33.20599],[130.03594,33.21028],[130.03322,33.20848]]]}},{"type":"Feature","properties":{"vid":"K64G07S00040","name":"大日村","reading":"だいにち","gun":"杵島郡","domains":["hasuike","saga"],"isShared":true,"shared":[]},"geometry":{"type":"MultiPolygon","coordinates":[[[[130.04305,33.19465],[130.04269,33.18673],[130.04772,33.18503],[130.05539,33.19552],[130.05457,33.19775],[130.04305,33.19465]]],[[[130.04269,33.18673],[130.04299,33.18484],[130.04049,33.18439],[130.04609,33.17747],[130.04919,33.18411],[130.04269,33.18673]]],[[[130.05876,33.17996],[130.05039,33.181],[130.04735,33.17827],[130.04758,33.17181],[130.05524,33.17214],[130.05876,33.17996]]],[[[130.05524,33.17214],[130.05685,33.16848],[130.05376,33.16689],[130.05977,33.16447],[130.05916,33.16701],[130.06132,33.16771],[130.0716,33.16657],[130.07735,33.17351],[130.07521,33.17587],[130.0677,33.17109],[130.05524,33.17214]]],[[[130.06944,33.18308],[130.05876,33.17996],[130.05569,33.17124],[130.0677,33.17109],[130.07521,33.17587],[130.06944,33.18308]]]]}},{"type":"Feature","properties":{"vid":"K64G07S00041","name":"片白村","reading":"かたじろ","gun":"杵島郡","domains":["hasuike","saga"],"isShared":true,"shared":[]},"geometry":{"type":"MultiPolygon","coordinates":[[[[130.06051,33.20109],[130.05504,33.19686],[130.05513,33.194],[130.07006,33.19156],[130.06936,33.1971],[130.06051,33.20109]]],[[[130.06989,33.19148],[130.05688,33.1948],[130.05341,33.19242],[130.05395,33.19025],[130.0586,33.18959],[130.06829,33.18941],[130.06989,33.19148]]],[[[130.0534,33.20798],[130.04451,33.20744],[130.04329,33.20261],[130.04966,33.19902],[130.05363,33.20089],[130.05503,33.20439],[130.0534,33.20798]]],[[[130.04025,33.20563],[130.0387,33.20307],[130.04283,33.20079],[130.04042,33.19731],[130.04305,33.19465],[130.05055,33.19676],[130.04329,33.20261],[130.04406,33.20704],[130.04025,33.20563]]],[[[130.06829,33.18941],[130.05453,33.19001],[130.05341,33.19242],[130.04832,33.18785],[130.04813,33.17895],[130.05039,33.181],[130.058,33.17972],[130.06944,33.18308],[130.06829,33.18941]]]]}},{"type":"Feature","properties":{"vid":"K64G07S00042","name":"鳥海村","reading":"とのみ","gun":"杵島郡","domains":["saga"],"isShared":false,"shared":[]},"geometry":{"type":"MultiPolygon","coordinates":[[[[129.96847,33.20277],[129.96255,33.20038],[129.96255,33.19625],[129.966,33.19658],[129.96847,33.20277]]],[[[129.96847,33.20277],[129.966,33.19658],[129.97421,33.19687],[129.97255,33.19964],[129.97507,33.20183],[129.96847,33.20277]]],[[[129.96937,33.18426],[129.97306,33.18411],[129.97154,33.18993],[129.97495,33.19657],[129.96255,33.19625],[129.96512,33.19589],[129.9654,33.18975],[129.96937,33.18426]]],[[[129.94448,33.16476],[129.95218,33.15651],[129.95489,33.15805],[129.95919,33.16835],[129.95638,33.17061],[129.95407,33.16631],[129.94779,33.16754],[129.94448,33.16476]]],[[[129.96223,33.198],[129.96439,33.20139],[129.96229,33.20251],[129.96079,33.20098],[129.95237,33.20239],[129.95802,33.19795],[129.96223,33.198]]],[[[129.95041,33.2054],[129.94915,33.20389],[129.95486,33.2013],[129.96209,33.20155],[129.96085,33.20375],[129.95041,33.2054]]],[[[129.96634,33.20344],[129.97215,33.21139],[129.9534,33.20615],[129.95394,33.20357],[129.96085,33.20375],[129.96439,33.20139],[129.96634,33.20344]]],[[[129.95446,33.18444],[129.95374,33.1882],[129.94556,33.18096],[129.94951,33.18079],[129.95446,33.18444]]],[[[129.94402,33.19097],[129.94611,33.18802],[129.94381,33.18439],[129.93707,33.18118],[129.93862,33.17999],[129.94366,33.17975],[129.9488,33.18517],[129.95358,33.18661],[129.94937,33.19252],[129.94402,33.19097]]],[[[129.95947,33.17782],[129.95446,33.18444],[129.94864,33.18023],[129.95278,33.18088],[129.95947,33.17782]]],[[[129.95914,33.17349],[129.96136,33.17516],[129.95947,33.17782],[129.95114,33.18076],[129.95914,33.17349]]],[[[129.94336,33.16444],[129.94779,33.16754],[129.95407,33.16631],[129.95914,33.17349],[129.94679,33.18142],[129.93862,33.17999],[129.94574,33.17412],[129.94374,33.17322],[129.94425,33.16922],[129.938,33.16579],[129.94336,33.16444]]],[[[129.93613,33.1808],[129.93183,33.17911],[129.93179,33.17332],[129.92967,33.17637],[129.92849,33.17378],[129.93652,33.16661],[129.94013,33.16611],[129.94443,33.16943],[129.94374,33.17322],[129.94574,33.17412],[129.93613,33.1808]]]]}},{"type":"Feature","properties":{"vid":"K64G07S00043","name":"犬走村","reading":"いぬばしり","gun":"杵島郡","domains":["saga"],"isShared":false,"shared":[]},"geometry":{"type":"MultiPolygon","coordinates":[[[[129.96945,33.16938],[129.97157,33.1737],[129.96564,33.17663],[129.9604,33.17588],[129.95644,33.17075],[129.965,33.17201],[129.96945,33.16938]]],[[[129.97724,33.16661],[129.97541,33.16838],[129.976,33.1738],[129.97141,33.1742],[129.96788,33.16485],[129.97254,33.16305],[129.97724,33.16661]]],[[[129.95647,33.16238],[129.96544,33.16485],[129.96882,33.16814],[129.96553,33.17194],[129.95644,33.17075],[129.9592,33.16827],[129.95647,33.16238]]],[[[129.95666,33.15476],[129.96291,33.1561],[129.96529,33.16218],[129.96857,33.16395],[129.96945,33.16938],[129.96544,33.16485],[129.95538,33.16148],[129.95218,33.15651],[129.95666,33.15476]]],[[[129.976,33.1738],[129.97972,33.18057],[129.98332,33.1807],[129.98308,33.18309],[129.96937,33.18426],[129.96443,33.17841],[129.95951,33.17772],[129.9604,33.17588],[129.976,33.1738]]],[[[129.98308,33.18309],[129.98687,33.18391],[129.98825,33.19015],[129.97495,33.19657],[129.97156,33.19004],[129.97231,33.18459],[129.98308,33.18309]]],[[[129.98825,33.19015],[129.9899,33.19489],[129.99301,33.19623],[129.99245,33.2],[129.98184,33.20093],[129.98051,33.20324],[129.97255,33.19964],[129.98189,33.19184],[129.98825,33.19015]]]]}},{"type":"Feature","properties":{"vid":"K64G07S00044","name":"袴野村","reading":"はかまの","gun":"杵島郡","domains":["saga"],"isShared":false,"shared":[]},"geometry":{"type":"MultiPolygon","coordinates":[[[[130.01408,33.17455],[130.00608,33.1767],[130.00655,33.17144],[130.00968,33.16975],[130.01532,33.16958],[130.01408,33.17455]]],[[[130.02705,33.17453],[130.02188,33.17713],[130.01502,33.17599],[130.01532,33.16958],[130.01183,33.16775],[130.01282,33.16473],[130.03228,33.16939],[130.02705,33.17453]]],[[[130.03494,33.16968],[130.01659,33.16687],[130.01025,33.16371],[130.01271,33.1625],[130.0125,33.1539],[130.01502,33.1491],[130.01956,33.15154],[130.0281,33.1484],[130.03008,33.14977],[130.03364,33.15383],[130.03257,33.16749],[130.03494,33.16968]]],[[[129.97724,33.16661],[129.98158,33.16075],[130.00218,33.15891],[130.01421,33.15096],[130.01271,33.1625],[130.01025,33.16371],[130.01282,33.16473],[130.01325,33.16958],[130.00655,33.17144],[130.00608,33.1767],[129.98974,33.17673],[129.97724,33.16661]]],[[[129.98158,33.16075],[129.98175,33.1519],[129.98983,33.14827],[129.99464,33.14311],[130.01502,33.1491],[130.00218,33.15891],[129.98158,33.16075]]],[[[129.97907,33.13847],[129.98673,33.13598],[130.00015,33.13661],[130.00464,33.13891],[130.00415,33.1443],[129.99464,33.14311],[129.98158,33.1532],[129.97974,33.14115],[129.97724,33.13962],[129.97907,33.13847]]]]}},{"type":"Feature","properties":{"vid":"K64G07S00045","name":"真手野村","reading":"まての","gun":"杵島郡","domains":["saga"],"isShared":false,"shared":[]},"geometry":{"type":"MultiPolygon","coordinates":[[[[129.96775,33.23324],[129.96246,33.23812],[129.9574,33.23173],[129.96038,33.22885],[129.96555,33.22858],[129.96775,33.23324]]],[[[129.99234,33.20004],[129.99611,33.20322],[129.9908,33.20833],[129.98496,33.21319],[129.97794,33.2132],[129.98463,33.20931],[129.98036,33.20433],[129.98144,33.2012],[129.99234,33.20004]]],[[[129.98107,33.23788],[129.97427,33.24515],[129.9716,33.24106],[129.96932,33.24134],[129.96727,33.2354],[129.98107,33.23788]]],[[[129.96775,33.23324],[129.96972,33.23125],[129.97495,33.23659],[129.96727,33.2354],[129.96775,33.23324]]],[[[129.99758,33.23357],[129.99761,33.23703],[129.99195,33.24049],[129.97726,33.23607],[129.99123,33.23115],[129.99758,33.23357]]],[[[129.93338,33.23405],[129.93162,33.22954],[129.94154,33.23121],[129.94696,33.22893],[129.94868,33.22554],[129.95892,33.22249],[129.96313,33.22849],[129.9574,33.23173],[129.9598,33.23573],[129.94591,33.24663],[129.93811,33.24131],[129.93338,33.23405]]],[[[129.95902,33.21535],[129.96298,33.21551],[129.96318,33.21343],[129.96683,33.21481],[129.96508,33.21852],[129.96716,33.22348],[129.96093,33.22357],[129.95766,33.21958],[129.95902,33.21535]]],[[[129.95314,33.21349],[129.95913,33.21339],[129.95715,33.22308],[129.94868,33.22554],[129.9498,33.22245],[129.94549,33.21548],[129.95314,33.21349]]],[[[130.0014,33.22519],[130.00203,33.23089],[129.99758,33.23357],[129.99123,33.23115],[129.97726,33.23607],[129.97212,33.23363],[129.97814,33.22623],[129.98511,33.22353],[130.0014,33.22519]]],[[[129.97411,33.24805],[129.96731,33.24665],[129.96568,33.24895],[129.96396,33.24719],[129.96536,33.24333],[129.96246,33.23812],[129.96664,33.23467],[129.96932,33.24134],[129.9716,33.24106],[129.97457,33.24518],[129.97411,33.24805]]],[[[130.00313,33.22094],[130.0014,33.22519],[129.98868,33.22296],[129.97924,33.2266],[129.97225,33.22403],[129.97364,33.21846],[129.98051,33.21281],[129.9859,33.21252],[129.98597,33.21774],[130.00313,33.22094]]],[[[129.96982,33.21471],[129.97364,33.21846],[129.97233,33.22426],[129.97016,33.22901],[129.96589,33.22888],[129.96768,33.22351],[129.96528,33.21562],[129.96982,33.21471]]],[[[129.97233,33.22426],[129.97814,33.22623],[129.97212,33.23363],[129.96972,33.23125],[129.96775,33.23324],[129.96589,33.22888],[129.97016,33.22901],[129.97233,33.22426]]],[[[129.96123,33.25487],[129.95065,33.25702],[129.951,33.25439],[129.94664,33.25154],[129.94497,33.24661],[129.9598,33.23573],[129.96536,33.24333],[129.96363,33.24619],[129.96569,33.24922],[129.96123,33.25487]]],[[[129.9578,33.21975],[129.96093,33.22357],[129.96768,33.22351],[129.96589,33.22888],[129.96319,33.22899],[129.95892,33.22249],[129.95715,33.22308],[129.9578,33.21975]]],[[[129.98177,33.21114],[129.97757,33.21329],[129.97528,33.21871],[129.96829,33.21131],[129.98177,33.21114]]],[[[129.96835,33.21087],[129.96982,33.21471],[129.96682,33.21568],[129.96318,33.21343],[129.96298,33.21551],[129.95902,33.21535],[129.95913,33.21339],[129.9514,33.21197],[129.95041,33.20542],[129.96835,33.21087]]],[[[129.99611,33.20322],[130.00082,33.20508],[130.00471,33.21008],[130.00358,33.21376],[130.00735,33.21626],[130.00313,33.22094],[129.98597,33.21774],[129.9859,33.21252],[129.99611,33.20322]]],[[[129.98177,33.21114],[129.97305,33.21044],[129.96634,33.20344],[129.98075,33.20316],[129.98463,33.20931],[129.98177,33.21114]]]]}},{"type":"Feature","properties":{"vid":"K64G07S00046","name":"永野村","reading":"ながの","gun":"杵島郡","domains":["saga"],"isShared":false,"shared":[]},"geometry":{"type":"Polygon","coordinates":[[[130.02306,33.26411],[130.026,33.27126],[130.01147,33.26767],[130.008,33.25932],[130.00988,33.25814],[130.01323,33.26077],[130.01896,33.25799],[130.02306,33.26411]]]}},{"type":"Feature","properties":{"vid":"K64G07S00047","name":"大野村","reading":"おおの","gun":"杵島郡","domains":["saga"],"isShared":false,"shared":[]},"geometry":{"type":"MultiPolygon","coordinates":[[[[129.95041,33.2054],[129.94572,33.20822],[129.94506,33.21152],[129.93877,33.2098],[129.94037,33.2041],[129.94823,33.20262],[129.95041,33.2054]]],[[[129.94547,33.21557],[129.94944,33.22191],[129.94549,33.22075],[129.93839,33.22346],[129.93645,33.2186],[129.94547,33.21557]]],[[[129.94944,33.22191],[129.94696,33.22893],[129.93998,33.23145],[129.93518,33.22977],[129.93839,33.22346],[129.94549,33.22075],[129.94944,33.22191]]],[[[129.95041,33.2054],[129.95314,33.21349],[129.94974,33.21587],[129.94221,33.21311],[129.94143,33.21084],[129.94584,33.21121],[129.94572,33.20822],[129.95041,33.2054]]],[[[129.93178,33.20652],[129.9376,33.20797],[129.93638,33.21178],[129.93217,33.21289],[129.92987,33.21079],[129.93178,33.20652]]],[[[129.94823,33.20262],[129.94037,33.2041],[129.93877,33.2098],[129.94286,33.21335],[129.94048,33.21608],[129.93245,33.21363],[129.93638,33.21178],[129.93761,33.20811],[129.93245,33.20561],[129.9349,33.2029],[129.93876,33.20339],[129.94085,33.19657],[129.94517,33.19637],[129.94823,33.20262]]],[[[129.94547,33.21557],[129.93705,33.21832],[129.94057,33.21387],[129.94547,33.21557]]]]}},{"type":"Feature","properties":{"vid":"K64G07S00048","name":"神六村","reading":"じんろく","gun":"杵島郡","domains":["saga"],"isShared":false,"shared":[]},"geometry":{"type":"MultiPolygon","coordinates":[[[[129.95666,33.15476],[129.94336,33.16444],[129.94153,33.15758],[129.94807,33.14094],[129.95501,33.14725],[129.95666,33.15476]]],[[[129.97907,33.13847],[129.97665,33.13293],[129.98216,33.13283],[129.98488,33.13715],[129.97907,33.13847]]],[[[129.97665,33.13293],[129.9738,33.13361],[129.9745,33.13033],[129.97123,33.13083],[129.96809,33.11926],[129.96364,33.115],[129.96905,33.11527],[129.97602,33.11033],[129.98663,33.11734],[129.99229,33.11574],[129.99522,33.12575],[129.98817,33.13385],[129.99298,33.13683],[129.98488,33.13715],[129.98216,33.13283],[129.97665,33.13293]]],[[[129.95666,33.15476],[129.95501,33.14725],[129.94807,33.14094],[129.94991,33.13327],[129.96605,33.14107],[129.96122,33.15528],[129.95666,33.15476]]],[[[129.96185,33.15376],[129.96605,33.14107],[129.94991,33.13327],[129.95351,33.13233],[129.95646,33.12787],[129.95666,33.11804],[129.95129,33.10996],[129.95434,33.10821],[129.95856,33.10913],[129.95989,33.11288],[129.96713,33.11781],[129.97119,33.13077],[129.9745,33.13033],[129.973,33.13261],[129.97665,33.13293],[129.97932,33.13743],[129.96966,33.1444],[129.9662,33.15307],[129.96185,33.15376]]],[[[129.96122,33.15528],[129.9662,33.15307],[129.97004,33.14403],[129.9792,33.14027],[129.98158,33.16078],[129.9776,33.16572],[129.97546,33.16362],[129.96696,33.16337],[129.96122,33.15528]]]]}},{"type":"Feature","properties":{"vid":"K64G07S00049","name":"宮野村","reading":"みやの","gun":"杵島郡","domains":["saga"],"isShared":false,"shared":[]},"geometry":{"type":"MultiPolygon","coordinates":[[[[129.94085,33.19657],[129.93876,33.20339],[129.93537,33.19927],[129.93051,33.19804],[129.93445,33.19337],[129.93714,33.19409],[129.93677,33.19686],[129.9412,33.19464],[129.94085,33.19657]]],[[[129.93178,33.20652],[129.92983,33.21066],[129.92476,33.20847],[129.92796,33.20564],[129.93178,33.20652]]],[[[129.9272,33.1891],[129.92914,33.18676],[129.92594,33.17747],[129.91765,33.1743],[129.91725,33.17124],[129.92849,33.17378],[129.92967,33.17637],[129.93179,33.17332],[129.93183,33.17911],[129.93613,33.1808],[129.92967,33.19131],[129.9272,33.1891]]],[[[129.92302,33.19813],[129.91946,33.19487],[129.91253,33.19559],[129.91139,33.19384],[129.912,33.18627],[129.91463,33.18655],[129.91896,33.1805],[129.91765,33.1743],[129.92594,33.17747],[129.92891,33.18526],[129.92446,33.19006],[129.92302,33.19813]]],[[[129.92302,33.19813],[129.92452,33.18998],[129.9272,33.1891],[129.92967,33.19131],[129.93108,33.1867],[129.93452,33.1851],[129.93287,33.19577],[129.93051,33.19804],[129.92302,33.19813]]],[[[129.93178,33.20652],[129.92675,33.2063],[129.92205,33.19851],[129.93537,33.19927],[129.93693,33.20261],[129.93178,33.20652]]],[[[129.91253,33.19559],[129.91946,33.19487],[129.92697,33.20734],[129.91758,33.20675],[129.91736,33.20385],[129.91281,33.20545],[129.90972,33.20096],[129.91253,33.19559]]],[[[129.93452,33.1851],[129.93613,33.1808],[129.94381,33.18439],[129.94611,33.18802],[129.93708,33.19696],[129.93714,33.19409],[129.93378,33.19351],[129.93452,33.1851]]],[[[129.93499,33.22935],[129.93223,33.22943],[129.92941,33.22523],[129.93205,33.22169],[129.93217,33.21289],[129.93945,33.21665],[129.93645,33.2186],[129.93846,33.22366],[129.93499,33.22935]]],[[[129.92983,33.21066],[129.93217,33.21289],[129.93152,33.22201],[129.91768,33.21794],[129.92552,33.20886],[129.92983,33.21066]]],[[[129.91096,33.19791],[129.90973,33.20104],[129.91281,33.20545],[129.91736,33.20385],[129.91758,33.20675],[129.92559,33.20873],[129.92326,33.21325],[129.91281,33.22092],[129.91198,33.21897],[129.90675,33.22249],[129.90117,33.21769],[129.90168,33.21415],[129.9065,33.20652],[129.90559,33.20013],[129.91096,33.19791]]],[[[129.9312,33.22993],[129.92431,33.22972],[129.92095,33.22593],[129.90381,33.22778],[129.89739,33.22366],[129.90117,33.21769],[129.90681,33.2225],[129.91766,33.21657],[129.92144,33.22021],[129.92329,33.21829],[129.93205,33.22169],[129.9294,33.22518],[129.93256,33.22792],[129.9312,33.22993]]]]}},{"type":"Feature","properties":{"vid":"K64G07S00050","name":"三間坂村","reading":"みまさか","gun":"杵島郡","domains":["saga"],"isShared":false,"shared":[]},"geometry":{"type":"MultiPolygon","coordinates":[[[[129.96238,33.19567],[129.96223,33.198],[129.95795,33.19799],[129.95595,33.19218],[129.96238,33.19567]]],[[[129.95795,33.19799],[129.95185,33.20174],[129.9565,33.19556],[129.95795,33.19799]]],[[[129.95262,33.19324],[129.95575,33.19417],[129.956,33.19696],[129.95207,33.19705],[129.95262,33.19324]]],[[[129.94915,33.20389],[129.94708,33.20043],[129.94939,33.1991],[129.94896,33.19616],[129.9547,33.19675],[129.95241,33.20234],[129.94915,33.20389]]],[[[129.94708,33.20043],[129.94505,33.19458],[129.94881,33.19566],[129.94939,33.1991],[129.94708,33.20043]]],[[[129.95951,33.17772],[129.96443,33.17841],[129.96957,33.18396],[129.95473,33.18731],[129.95446,33.18444],[129.95951,33.17772]]],[[[129.95473,33.18731],[129.95871,33.18654],[129.95886,33.19246],[129.95045,33.19313],[129.95473,33.18731]]],[[[129.96874,33.18505],[129.9654,33.18975],[129.96512,33.19589],[129.95848,33.19457],[129.95871,33.18654],[129.96874,33.18505]]],[[[129.94517,33.19637],[129.9407,33.19613],[129.94536,33.19084],[129.94909,33.19389],[129.94505,33.19458],[129.94517,33.19637]]],[[[129.9496,33.19202],[129.95247,33.19509],[129.94896,33.19616],[129.9496,33.19202]]]]}},{"type":"Feature","properties":{"vid":"K64G07S00051","name":"川上村","reading":"かわかみ","gun":"杵島郡","domains":["hasuike"],"isShared":false,"shared":[]},"geometry":{"type":"Polygon","coordinates":[[[130.03485,33.21589],[130.03682,33.21808],[130.03329,33.22057],[130.03532,33.22268],[130.03145,33.22658],[130.03364,33.22877],[130.03016,33.22768],[130.03438,33.23469],[130.03104,33.23321],[130.02996,33.23644],[130.0319,33.24529],[130.03044,33.24782],[130.0253,33.24714],[130.01383,33.24062],[130.01466,33.23505],[130.02776,33.21959],[130.03485,33.21589]]]}},{"type":"Feature","properties":{"vid":"K64G07S00053","name":"山中村","reading":"やまなか","gun":"杵島郡","domains":["hasuike"],"isShared":false,"shared":[]},"geometry":{"type":"Polygon","coordinates":[[[130.00185,33.23103],[130.01049,33.23662],[130.01075,33.24194],[130.01627,33.24065],[130.0193,33.24401],[130.0148,33.2445],[130.0115,33.25184],[130.00457,33.25276],[130.00175,33.24109],[129.99589,33.24389],[129.99242,33.24028],[129.99761,33.23703],[129.99783,33.23282],[130.00185,33.23103]]]}},{"type":"Feature","properties":{"vid":"K64G07S00054","name":"上野村","reading":"かみの","gun":"杵島郡","domains":["hasuike"],"isShared":false,"shared":[]},"geometry":{"type":"Polygon","coordinates":[[[130.04039,33.17158],[130.0377,33.1721],[130.03258,33.16753],[130.03359,33.15781],[130.04188,33.15949],[130.04297,33.15769],[130.05651,33.16176],[130.05785,33.1659],[130.05376,33.16689],[130.05685,33.16848],[130.05524,33.17214],[130.04758,33.17181],[130.04335,33.16898],[130.04039,33.17158]]]}},{"type":"Feature","properties":{"vid":"K64G07S00055","name":"上滝村","reading":"わたき","gun":"杵島郡","domains":["hasuike"],"isShared":false,"shared":[]},"geometry":{"type":"MultiPolygon","coordinates":[[[[130.04034,33.21411],[130.04457,33.21601],[130.04854,33.21396],[130.05173,33.21731],[130.04235,33.2206],[130.04013,33.22384],[130.03719,33.22071],[130.03532,33.22268],[130.03329,33.22057],[130.04034,33.21411]],[[130.04107,33.21857],[130.03961,33.21495],[130.0369,33.21687],[130.04107,33.21857]]],[[[130.04034,33.21411],[130.04381,33.20872],[130.04701,33.20874],[130.04034,33.21411]]],[[[130.03594,33.21028],[130.04145,33.20599],[130.0534,33.20798],[130.04779,33.21152],[130.05014,33.21424],[130.04457,33.21601],[130.04034,33.21411],[130.04701,33.20874],[130.04381,33.20872],[130.03596,33.2166],[130.03855,33.21362],[130.03594,33.21028]]],[[[130.04107,33.21857],[130.0369,33.21687],[130.03961,33.21495],[130.04107,33.21857]]]]}},{"type":"Feature","properties":{"vid":"K64G07S00058","name":"成瀬村","reading":"なるせ","gun":"杵島郡","domains":["hasuike"],"isShared":false,"shared":[]},"geometry":{"type":"Polygon","coordinates":[[[130.05436,33.20607],[130.05363,33.20089],[130.04976,33.19906],[130.05055,33.19676],[130.05649,33.19745],[130.06105,33.20204],[130.05938,33.20577],[130.05436,33.20607]]]}},{"type":"Feature","properties":{"vid":"K64G08S00001","name":"中村","reading":"なか","gun":"藤津郡","domains":["kashima"],"isShared":false,"shared":[]},"geometry":{"type":"MultiPolygon","coordinates":[[[[130.09322,33.11502],[130.09693,33.12193],[130.0814,33.12287],[130.07923,33.1187],[130.09322,33.11502]]],[[[130.08473,33.11183],[130.09322,33.11502],[130.07923,33.1187],[130.08473,33.11183]]],[[[130.09491,33.11502],[130.09498,33.11494],[130.09507,33.11489],[130.09518,33.11486],[130.09533,33.11485],[130.0955,33.11489],[130.09585,33.11501],[130.0961,33.11513],[130.09617,33.11516],[130.09653,33.11578],[130.09677,33.11623],[130.09672,33.11635],[130.09678,33.11641],[130.09682,33.11646],[130.09682,33.11654],[130.09682,33.11661],[130.09679,33.11669],[130.09676,33.11677],[130.09678,33.11683],[130.09684,33.11691],[130.09685,33.11698],[130.09688,33.11707],[130.09689,33.11717],[130.09698,33.1174],[130.09699,33.11746],[130.09702,33.11756],[130.09674,33.1176],[130.09602,33.11777],[130.09556,33.11808],[130.09544,33.11778],[130.09539,33.11763],[130.09528,33.11731],[130.09512,33.11727],[130.09483,33.11676],[130.09403,33.11572],[130.09379,33.11573],[130.09361,33.1157],[130.09368,33.11546],[130.09378,33.1152],[130.0939,33.11524],[130.09405,33.11527],[130.09419,33.11528],[130.09431,33.11527],[130.09441,33.11525],[130.09461,33.11519],[130.09481,33.11508],[130.09491,33.11502]]],[[[130.09556,33.11808],[130.09801,33.11774],[130.09895,33.12152],[130.09693,33.12193],[130.09556,33.11808]]]]}},{"type":"Feature","properties":{"vid":"K64G08S00002","name":"森村","reading":"もり","gun":"藤津郡","domains":["kashima"],"isShared":false,"shared":[]},"geometry":{"type":"MultiPolygon","coordinates":[[[[130.08357,33.12223],[130.09249,33.12251],[130.09345,33.12967],[130.08237,33.13077],[130.08081,33.12765],[130.08357,33.12223]]],[[[130.09693,33.12193],[130.09907,33.12184],[130.09923,33.13082],[130.0956,33.13123],[130.09345,33.12967],[130.09249,33.12251],[130.09693,33.12193]]]]}},{"type":"Feature","properties":{"vid":"K64G08S00003","name":"八本木村","reading":"はちほんぎ","gun":"藤津郡","domains":["kashima"],"isShared":false,"shared":[]},"geometry":{"type":"MultiPolygon","coordinates":[[[[130.11613,33.10084],[130.11383,33.09806],[130.11171,33.09996],[130.10752,33.09562],[130.11359,33.09259],[130.12152,33.10114],[130.11613,33.10084]]],[[[130.11359,33.09259],[130.11607,33.0918],[130.1183,33.09419],[130.11648,33.09584],[130.11359,33.09259]]],[[[130.1183,33.09419],[130.11607,33.0918],[130.11948,33.09177],[130.1183,33.09419]]],[[[130.12766,33.10358],[130.12062,33.10191],[130.11591,33.09636],[130.11948,33.09177],[130.1377,33.09668],[130.13525,33.0974],[130.132,33.10428],[130.12766,33.10358]]],[[[130.12938,33.0928],[130.12549,33.09412],[130.11948,33.09177],[130.12938,33.0928]]],[[[130.11173,33.0782],[130.11468,33.07514],[130.11427,33.0846],[130.11896,33.08969],[130.11794,33.09152],[130.11014,33.08814],[130.11173,33.0782]]],[[[130.11948,33.09177],[130.11758,33.09036],[130.12079,33.08969],[130.11948,33.09177]]],[[[130.11443,33.08254],[130.11682,33.07721],[130.11772,33.08112],[130.12786,33.09061],[130.1246,33.09235],[130.11715,33.08901],[130.11443,33.08254]]],[[[130.11682,33.07721],[130.11828,33.07382],[130.12323,33.07172],[130.12988,33.09181],[130.12324,33.08752],[130.11682,33.07721]]]]}},{"type":"Feature","properties":{"vid":"K64G08S00004","name":"古枝村","reading":"ふるえだ","gun":"藤津郡","domains":["kashima"],"isShared":false,"shared":[]},"geometry":{"type":"MultiPolygon","coordinates":[[[[130.11173,33.0782],[130.11059,33.08638],[130.10668,33.08752],[130.1045,33.07516],[130.10918,33.07456],[130.11173,33.0782]]],[[[130.10528,33.05011],[130.09874,33.03612],[130.10347,33.03507],[130.10787,33.04096],[130.1083,33.04787],[130.10528,33.05011]]],[[[130.09506,33.02663],[130.10347,33.03507],[130.09712,33.03483],[130.09506,33.02663]]],[[[130.10683,33.03299],[130.10955,33.03454],[130.10969,33.04061],[130.10611,33.03853],[130.10683,33.03299]]],[[[130.10248,33.06113],[130.10461,33.05108],[130.1083,33.04787],[130.10754,33.04045],[130.11009,33.0403],[130.10955,33.03454],[130.10716,33.03245],[130.11714,33.0373],[130.11655,33.05553],[130.10779,33.062],[130.10248,33.06113]]],[[[130.10107,33.07163],[130.10248,33.06113],[130.10779,33.062],[130.1124,33.07751],[130.1107,33.07822],[130.10918,33.07456],[130.1046,33.07522],[130.10107,33.07163]]],[[[130.10391,33.09261],[130.09682,33.08527],[130.10021,33.08301],[130.10107,33.07163],[130.1038,33.07286],[130.10744,33.08988],[130.10391,33.09261]]],[[[130.10391,33.09261],[130.10721,33.09098],[130.10668,33.08752],[130.11059,33.08638],[130.1147,33.0916],[130.10752,33.09562],[130.10391,33.09261]]],[[[130.10779,33.062],[130.11655,33.05553],[130.12027,33.06223],[130.12237,33.07116],[130.11814,33.07398],[130.11484,33.08266],[130.11468,33.07514],[130.11151,33.07528],[130.10779,33.062]]],[[[130.09506,33.02663],[130.09174,33.01403],[130.09627,33.0048],[130.09689,33.01424],[130.1104,33.02356],[130.1133,33.02341],[130.11757,33.03674],[130.10716,33.03245],[130.10611,33.03853],[130.09506,33.02663]]]]}},{"type":"Feature","properties":{"vid":"K64G08S00005","name":"納富分村","reading":"のうどみぶん","gun":"藤津郡","domains":["kashima"],"isShared":false,"shared":[]},"geometry":{"type":"MultiPolygon","coordinates":[[[[130.09539,33.10081],[130.09025,33.09552],[130.09388,33.093],[130.09797,33.09483],[130.09539,33.10081]]],[[[130.09826,33.10533],[130.09539,33.10081],[130.09797,33.09483],[130.10179,33.09592],[130.09826,33.10533]]],[[[130.09858,33.09506],[130.10038,33.09059],[130.10391,33.09261],[130.10179,33.09592],[130.09858,33.09506]]],[[[130.10079,33.09975],[130.10179,33.09592],[130.10845,33.09887],[130.10549,33.1027],[130.10482,33.10028],[130.10079,33.09975]]],[[[130.11613,33.10084],[130.10915,33.09991],[130.11383,33.09806],[130.11613,33.10084]]],[[[130.09868,33.10597],[130.10079,33.09975],[130.10482,33.10028],[130.1054,33.10274],[130.09868,33.10597]]],[[[130.10179,33.09592],[130.10391,33.09261],[130.11051,33.09856],[130.1083,33.09976],[130.10179,33.09592]]],[[[130.09202,33.09865],[130.08434,33.09366],[130.08056,33.08758],[130.09282,33.09408],[130.09025,33.09552],[130.09202,33.09865]]]]}},{"type":"Feature","properties":{"vid":"K64G08S00006","name":"重木村","reading":"じゅうのき","gun":"藤津郡","domains":["kashima"],"isShared":false,"shared":[]},"geometry":{"type":"MultiPolygon","coordinates":[[[[130.11571,33.10204],[130.12022,33.10368],[130.11494,33.10533],[130.11481,33.10226],[130.11175,33.1022],[130.11082,33.10652],[130.10677,33.10639],[130.10916,33.10805],[130.10606,33.10891],[130.10402,33.10577],[130.09868,33.10597],[130.1083,33.09976],[130.11571,33.10204]]],[[[130.11907,33.10631],[130.11066,33.11426],[130.10977,33.10845],[130.10677,33.10639],[130.11082,33.10652],[130.1122,33.10217],[130.11907,33.10631]]],[[[130.10226,33.10709],[130.10402,33.10577],[130.10606,33.10891],[130.10967,33.10832],[130.11066,33.11426],[130.10711,33.11518],[130.10226,33.10709]]],[[[130.10415,33.11591],[130.10023,33.11434],[130.09956,33.1074],[130.10226,33.10709],[130.10679,33.11435],[130.10415,33.11591]]]]}},{"type":"Feature","properties":{"vid":"K64G08S00007","name":"高津原村","reading":"たかつはら","gun":"藤津郡","domains":["kashima"],"isShared":false,"shared":[]},"geometry":{"type":"MultiPolygon","coordinates":[[[[130.09868,33.10597],[130.09759,33.10856],[130.0955,33.10697],[130.09297,33.09933],[130.09727,33.10179],[130.09868,33.10597]]],[[[130.0932,33.10901],[130.08886,33.10992],[130.08036,33.10046],[130.08158,33.09074],[130.09297,33.09933],[130.09011,33.103],[130.0932,33.10901]]],[[[130.09491,33.11502],[130.09198,33.11434],[130.09458,33.10976],[130.09011,33.103],[130.09366,33.10072],[130.09759,33.10856],[130.09502,33.11004],[130.09491,33.11502]]]]}},{"type":"Feature","properties":{"vid":"K64G08S00008","name":"山浦村","reading":"やまうら","gun":"藤津郡","domains":["saga","kashima"],"isShared":true,"shared":[]},"geometry":{"type":"MultiPolygon","coordinates":[[[[130.06865,33.06796],[130.06658,33.05899],[130.08062,33.05498],[130.07883,33.06485],[130.06865,33.06796]]],[[[130.06658,33.05899],[130.06537,33.05262],[130.06848,33.04165],[130.08139,33.04203],[130.08062,33.05498],[130.06658,33.05899]]],[[[130.0934,33.04642],[130.08139,33.04203],[130.08309,33.02948],[130.08635,33.02345],[130.07924,33.01603],[130.09253,33.01685],[130.09614,33.03359],[130.10528,33.05011],[130.10343,33.05391],[130.096,33.04114],[130.09407,33.04079],[130.0934,33.04642]]],[[[130.07529,33.07097],[130.07006,33.07489],[130.06703,33.07444],[130.06865,33.06796],[130.07622,33.065],[130.08146,33.06651],[130.07795,33.07116],[130.07529,33.07097]]],[[[130.09797,33.09483],[130.09388,33.093],[130.09854,33.08922],[130.09161,33.08625],[130.09336,33.07848],[130.10141,33.08911],[130.09797,33.09483]]],[[[130.09336,33.07848],[130.09191,33.08706],[130.09854,33.08922],[130.09449,33.09236],[130.08816,33.0883],[130.08379,33.0786],[130.07936,33.07664],[130.07795,33.07116],[130.08146,33.06651],[130.08909,33.06996],[130.08806,33.07438],[130.09336,33.07848]]],[[[130.09282,33.09408],[130.07885,33.0868],[130.07425,33.07997],[130.07529,33.07097],[130.07795,33.07116],[130.08031,33.07787],[130.08379,33.0786],[130.08816,33.0883],[130.09443,33.09207],[130.09282,33.09408]]],[[[130.09725,33.08464],[130.09549,33.07884],[130.08806,33.07438],[130.08909,33.06996],[130.10182,33.06875],[130.10021,33.08301],[130.09725,33.08464]]],[[[130.08909,33.06996],[130.07829,33.06532],[130.0813,33.05845],[130.08139,33.04203],[130.0934,33.04642],[130.09265,33.04995],[130.09812,33.05895],[130.10296,33.05784],[130.10182,33.06875],[130.08909,33.06996]]],[[[130.06848,33.04165],[130.06099,33.0222],[130.0504,33.01832],[130.05161,33.01566],[130.04854,33.00888],[130.044,33.00562],[130.05128,32.99261],[130.06123,32.98585],[130.07606,32.98756],[130.08047,32.99315],[130.08811,32.99388],[130.09627,33.0048],[130.09282,33.00853],[130.09253,33.01685],[130.07924,33.01603],[130.07615,33.01888],[130.07575,33.04157],[130.06848,33.04165]]],[[[130.10296,33.05784],[130.09812,33.05895],[130.09319,33.05128],[130.09407,33.04079],[130.0969,33.04195],[130.10343,33.05391],[130.10296,33.05784]]],[[[130.08139,33.04203],[130.07575,33.04157],[130.07564,33.02095],[130.07924,33.01603],[130.08635,33.02345],[130.08309,33.02948],[130.08139,33.04203]]]]}},{"type":"Feature","properties":{"vid":"K64G08S00009","name":"両岩村","reading":"もろいわ","gun":"藤津郡","domains":["kashima"],"isShared":false,"shared":[]},"geometry":{"type":"Polygon","coordinates":[[[130.04214,33.07174],[130.03784,33.08165],[130.02477,33.08332],[130.02325,33.08168],[130.02742,33.07078],[130.0329,33.06944],[130.04214,33.07174]]]}},{"type":"Feature","properties":{"vid":"K64G08S00010","name":"常広村","reading":"つねひろ","gun":"藤津郡","domains":["kashima"],"isShared":false,"shared":[]},"geometry":{"type":"MultiPolygon","coordinates":[[[[130.11907,33.10631],[130.12632,33.10693],[130.12873,33.11],[130.11279,33.11719],[130.11141,33.11391],[130.11907,33.10631]]],[[[130.09617,33.11516],[130.10348,33.11611],[130.11141,33.11391],[130.11279,33.11719],[130.11599,33.11564],[130.11665,33.12142],[130.09952,33.12374],[130.09843,33.11848],[130.09989,33.12212],[130.10474,33.12108],[130.10239,33.11665],[130.09718,33.11793],[130.09617,33.11516]]],[[[130.09843,33.11848],[130.10239,33.11665],[130.10474,33.12108],[130.09989,33.12212],[130.09843,33.11848]]]]}},{"type":"Feature","properties":{"vid":"K64G08S00011","name":"三川内村","reading":"みかわち","gun":"藤津郡","domains":["kashima"],"isShared":false,"shared":[]},"geometry":{"type":"MultiPolygon","coordinates":[[[[130.063,33.08103],[130.05669,33.07047],[130.06715,33.07109],[130.06807,33.07723],[130.063,33.08103]]],[[[130.05669,33.07047],[130.04795,33.06239],[130.05757,33.05535],[130.05746,33.04435],[130.06848,33.04165],[130.06535,33.05289],[130.0683,33.06962],[130.05669,33.07047]]],[[[130.05746,33.04435],[130.05757,33.05535],[130.04795,33.06239],[130.04478,33.04471],[130.05746,33.04435]]],[[[130.08158,33.09074],[130.08016,33.09231],[130.07568,33.09098],[130.06901,33.08576],[130.07292,33.07737],[130.07447,33.07698],[130.0745,33.08061],[130.08158,33.09074]]],[[[130.06901,33.08576],[130.063,33.08103],[130.06807,33.07723],[130.06703,33.07444],[130.07006,33.07489],[130.07512,33.07089],[130.07447,33.07698],[130.06901,33.08576]]],[[[130.05549,33.04378],[130.04478,33.04471],[130.04248,33.03775],[130.03914,33.03516],[130.03782,33.0297],[130.03994,33.02555],[130.04452,33.02482],[130.0439,33.02151],[130.04625,33.02168],[130.05005,33.02782],[130.05549,33.04378]]],[[[130.06848,33.04165],[130.06009,33.04493],[130.05549,33.04378],[130.05096,33.02957],[130.0423,33.01807],[130.04739,33.00773],[130.05158,33.01554],[130.0504,33.01832],[130.06099,33.0222],[130.06848,33.04165]]]]}},{"type":"Feature","properties":{"vid":"K64G08S00012","name":"馬場下村","reading":"ばばした","gun":"藤津郡","domains":["hasuike"],"isShared":false,"shared":[]},"geometry":{"type":"MultiPolygon","coordinates":[[[[130.04685,33.12442],[130.05917,33.12478],[130.05717,33.12768],[130.04508,33.12618],[130.04685,33.12442]]],[[[130.05779,33.12816],[130.04564,33.13132],[130.05126,33.12653],[130.05779,33.12816]]],[[[130.03849,33.13305],[130.03437,33.12851],[130.03716,33.12464],[130.04496,33.12448],[130.04262,33.13181],[130.03849,33.13305]]],[[[130.03256,33.14546],[130.03124,33.14752],[130.02835,33.138],[130.02173,33.13816],[130.03437,33.12851],[130.03745,33.13239],[130.03564,33.13335],[130.03706,33.13618],[130.03055,33.14055],[130.03256,33.14546]]],[[[130.04561,33.13385],[130.04262,33.13181],[130.04534,33.1262],[130.05119,33.12656],[130.04564,33.13132],[130.04561,33.13385]]],[[[130.04561,33.13385],[130.04564,33.13132],[130.05779,33.12816],[130.06385,33.13532],[130.05944,33.1354],[130.05516,33.14045],[130.05218,33.13963],[130.05506,33.13699],[130.05402,33.13504],[130.04561,33.13385]]],[[[130.03722,33.10736],[130.04683,33.10427],[130.0498,33.10697],[130.04685,33.12442],[130.03895,33.12228],[130.03722,33.10736]]],[[[130.06486,33.13229],[130.06014,33.13275],[130.05779,33.12816],[130.05917,33.12478],[130.06486,33.13229]]]]}},{"type":"Feature","properties":{"vid":"K64G08S00013","name":"久間村","reading":"くま","gun":"藤津郡","domains":["hasuike","saga"],"isShared":true,"shared":[]},"geometry":{"type":"MultiPolygon","coordinates":[[[[130.0657,33.14202],[130.07294,33.14108],[130.08581,33.14728],[130.06486,33.15171],[130.0657,33.14202]]],[[[130.07671,33.17204],[130.06938,33.16363],[130.06895,33.15943],[130.06243,33.15409],[130.06627,33.15096],[130.07133,33.15174],[130.0739,33.14933],[130.08581,33.14728],[130.08821,33.15211],[130.07998,33.16184],[130.07952,33.16999],[130.07671,33.17204]]],[[[130.07162,33.16658],[130.05916,33.16701],[130.06321,33.15615],[130.06895,33.15943],[130.07162,33.16658]]],[[[130.05785,33.1659],[130.05651,33.16176],[130.04812,33.15873],[130.05791,33.15702],[130.05887,33.15341],[130.06311,33.1535],[130.06272,33.15941],[130.05785,33.1659]]],[[[130.04812,33.15873],[130.04827,33.15218],[130.0569,33.14481],[130.06017,33.14638],[130.05937,33.1508],[130.06461,33.1525],[130.05887,33.15341],[130.05791,33.15702],[130.04812,33.15873]]],[[[130.04809,33.15873],[130.0334,33.15777],[130.03364,33.15383],[130.02917,33.14891],[130.03256,33.14546],[130.04414,33.14635],[130.04892,33.1518],[130.04809,33.15873]]],[[[130.0562,33.14532],[130.04892,33.1518],[130.04414,33.14635],[130.03256,33.14546],[130.0302,33.14162],[130.03705,33.13633],[130.03564,33.13335],[130.03745,33.13239],[130.04356,33.13788],[130.05202,33.14016],[130.0562,33.14532]]],[[[130.03849,33.13305],[130.04188,33.13136],[130.04658,33.13469],[130.05402,33.13504],[130.05506,33.13699],[130.05218,33.13963],[130.05578,33.14157],[130.05297,33.14237],[130.05202,33.14016],[130.04356,33.13788],[130.03849,33.13305]]],[[[130.0657,33.14202],[130.05574,33.14023],[130.05944,33.1354],[130.06385,33.13532],[130.06219,33.13272],[130.07236,33.13116],[130.06668,33.13568],[130.0657,33.14202]]],[[[130.0657,33.14202],[130.06486,33.15171],[130.06016,33.15151],[130.06017,33.14638],[130.05606,33.14525],[130.05574,33.14023],[130.0657,33.14202]]],[[[130.08579,33.14725],[130.08112,33.14356],[130.06692,33.14135],[130.06668,33.13568],[130.07048,33.13446],[130.07802,33.14058],[130.08373,33.14153],[130.08579,33.14725]]]]}},{"type":"Feature","properties":{"vid":"K64G08S00014","name":"大草野村","reading":"おおくさの","gun":"藤津郡","domains":["saga","hasuike"],"isShared":true,"shared":[]},"geometry":{"type":"MultiPolygon","coordinates":[[[[130.00317,33.13818],[129.99849,33.1322],[129.99894,33.12743],[130.00603,33.12851],[130.00317,33.13818]]],[[[130.01788,33.11642],[130.02132,33.12585],[130.01878,33.12969],[130.02003,33.13473],[130.01729,33.13567],[130.0079,33.13072],[130.00481,33.12632],[130.0091,33.12014],[130.01788,33.11642]]],[[[130.02003,33.13473],[130.02223,33.13644],[130.02046,33.13921],[130.00797,33.14093],[130.01476,33.13431],[130.02003,33.13473]]],[[[130.00444,33.14016],[130.00929,33.13152],[130.01476,33.13431],[130.00797,33.14093],[130.00444,33.14016]]],[[[130.00469,33.13923],[130.00317,33.13818],[130.00528,33.12837],[130.00929,33.13152],[130.00469,33.13923]]],[[[129.99308,33.13672],[129.98817,33.13385],[129.9914,33.12925],[129.99894,33.12743],[130.00046,33.13669],[129.99308,33.13672]]]]}},{"type":"Feature","properties":{"vid":"K64G08S00015","name":"不動山村","reading":"ふどうやま","gun":"藤津郡","domains":["hasuike","saga"],"isShared":true,"shared":[]},"geometry":{"type":"MultiPolygon","coordinates":[[[[129.96269,33.08673],[129.96357,33.07684],[129.97314,33.08143],[129.97628,33.08714],[129.96269,33.08673]]],[[[129.96269,33.08673],[129.95625,33.0807],[129.96221,33.07599],[129.96269,33.08673]]],[[[129.96135,33.08724],[129.95213,33.08947],[129.94967,33.09228],[129.94843,33.0889],[129.94653,33.0913],[129.94316,33.08711],[129.94947,33.08623],[129.95115,33.08109],[129.95613,33.07911],[129.96135,33.08724]]],[[[129.9604,33.07687],[129.95115,33.08109],[129.94947,33.08623],[129.94212,33.08772],[129.93315,33.08612],[129.93527,33.08095],[129.93967,33.07776],[129.93951,33.07294],[129.94598,33.07177],[129.95475,33.06597],[129.95863,33.06545],[129.95719,33.06858],[129.96002,33.0712],[129.9604,33.07687]]],[[[129.95471,33.10819],[129.94073,33.11286],[129.93284,33.11108],[129.92527,33.1059],[129.92633,33.09811],[129.92236,33.09049],[129.93307,33.08834],[129.93315,33.08612],[129.94316,33.08711],[129.94653,33.0913],[129.94843,33.0889],[129.95005,33.09227],[129.95213,33.08947],[129.96135,33.08724],[129.95803,33.08907],[129.95383,33.09772],[129.95471,33.10819]]],[[[129.96543,33.07791],[129.96024,33.0767],[129.96002,33.0712],[129.95723,33.06778],[129.9597,33.06473],[129.96802,33.0622],[129.97092,33.06952],[129.96698,33.07188],[129.96543,33.07791]]]]}},{"type":"Feature","properties":{"vid":"K64G08S00016","name":"下宿村","reading":"しもじゅく","gun":"藤津郡","domains":["hasuike","saga"],"isShared":true,"shared":[]},"geometry":{"type":"MultiPolygon","coordinates":[[[[129.99229,33.11574],[129.99792,33.11139],[129.9949,33.10982],[130.00032,33.10509],[130.00687,33.11116],[130.00629,33.1184],[130.00452,33.11709],[130.00191,33.12028],[130.00344,33.1225],[129.99229,33.11574]]],[[[129.99211,33.11559],[129.98684,33.11741],[129.97664,33.11064],[129.98017,33.10674],[129.98868,33.10806],[129.98147,33.10552],[129.98354,33.10247],[129.99214,33.10314],[129.99568,33.10057],[130.00032,33.10509],[129.9949,33.10982],[129.99792,33.11139],[129.99211,33.11559]]],[[[129.97664,33.11064],[129.97384,33.1029],[129.97214,33.10407],[129.96881,33.10103],[129.97837,33.10458],[129.97906,33.10196],[129.98477,33.10765],[129.98867,33.10795],[129.98017,33.10674],[129.97664,33.11064]]],[[[129.96364,33.115],[129.95446,33.10661],[129.96834,33.10106],[129.97214,33.10407],[129.97384,33.1029],[129.97639,33.11051],[129.96905,33.11527],[129.96364,33.115]]],[[[129.99568,33.10057],[129.99214,33.10314],[129.98875,33.10146],[129.98196,33.10372],[129.97884,33.10193],[129.97837,33.10458],[129.96966,33.10059],[129.97651,33.09865],[129.97588,33.10044],[129.97877,33.10111],[129.98151,33.09405],[129.99568,33.10057]]],[[[129.96966,33.10059],[129.95446,33.10661],[129.95383,33.09772],[129.95803,33.08907],[129.9621,33.08673],[129.97628,33.08714],[129.97719,33.09306],[129.98151,33.09405],[129.98116,33.09835],[129.97877,33.10111],[129.97588,33.10044],[129.97651,33.09865],[129.96966,33.10059]]]]}},{"type":"Feature","properties":{"vid":"K64G08S00017","name":"吉田村","reading":"よしだ","gun":"藤津郡","domains":["saga","hasuike"],"isShared":true,"shared":[]},"geometry":{"type":"MultiPolygon","coordinates":[[[[130.02194,33.05232],[130.03112,33.04944],[130.03175,33.0534],[130.0281,33.05663],[130.03092,33.06208],[130.02185,33.06381],[130.02008,33.05679],[130.02194,33.05232]]],[[[130.00944,33.09217],[130.00871,33.08976],[130.01735,33.0881],[130.01516,33.09142],[130.01686,33.09353],[130.01133,33.09443],[130.00944,33.09217]]],[[[130.0191,33.07316],[130.01684,33.07487],[130.01727,33.07919],[130.01269,33.08149],[130.01019,33.06972],[130.01825,33.06918],[130.0191,33.07316]]],[[[130.03822,33.09316],[130.03478,33.09892],[130.02616,33.09629],[130.02917,33.09577],[130.02602,33.09363],[130.02234,33.09528],[130.02038,33.09001],[130.02199,33.08258],[130.03757,33.08178],[130.03822,33.09316]]],[[[130.01653,33.08006],[130.02018,33.0831],[130.01735,33.0881],[130.01351,33.08849],[130.01134,33.08245],[130.01653,33.08006]]],[[[130.04478,33.04471],[130.03849,33.04889],[130.03112,33.04944],[130.02585,33.03743],[130.02575,33.02761],[130.02343,33.02373],[130.02402,33.02112],[130.02902,33.01902],[130.02801,33.01245],[130.03817,33.00857],[130.04299,33.00384],[130.04741,33.00763],[130.04271,33.01442],[130.04478,33.0241],[130.03994,33.02555],[130.03779,33.0305],[130.04478,33.04471]]],[[[130.0191,33.07316],[130.02533,33.076],[130.02189,33.08282],[130.01653,33.08006],[130.01684,33.07487],[130.0191,33.07316]]],[[[130.03345,33.06563],[130.03186,33.06948],[130.02715,33.07097],[130.02252,33.06421],[130.03092,33.06208],[130.03345,33.06563]]],[[[130.02027,33.05732],[130.02185,33.06381],[130.02715,33.07097],[130.02435,33.07583],[130.0191,33.07316],[130.01607,33.06658],[130.02027,33.05732]]],[[[130.01006,33.05514],[130.01176,33.05028],[130.01846,33.04535],[130.01492,33.05209],[130.01636,33.05344],[130.01988,33.04932],[130.02194,33.05232],[130.00824,33.05703],[130.01006,33.05514]]],[[[130.00157,33.08018],[130.00398,33.06954],[130.01166,33.07108],[130.01152,33.07932],[130.00157,33.08018]]],[[[130.02194,33.05232],[130.01656,33.06376],[130.01825,33.06918],[130.00428,33.06956],[130.00404,33.06034],[130.02194,33.05232]]],[[[130.00157,33.08018],[130.01152,33.07932],[130.01351,33.08849],[130.00797,33.09031],[130.00379,33.08799],[129.99891,33.08384],[130.00157,33.08018]]],[[[130.02166,33.0925],[130.01516,33.09142],[130.01969,33.08101],[130.02221,33.08421],[130.02166,33.0925]]],[[[130.031,33.05415],[130.03588,33.05573],[130.03799,33.05923],[130.03345,33.06563],[130.0281,33.05663],[130.031,33.05415]]],[[[130.04732,33.06491],[130.04151,33.06941],[130.04214,33.07174],[130.03074,33.07031],[130.03589,33.06044],[130.04732,33.06491]]],[[[130.0479,33.06388],[130.03873,33.06123],[130.03588,33.05573],[130.031,33.05415],[130.03112,33.04944],[130.04457,33.04581],[130.0479,33.06388]]],[[[130.02194,33.05232],[130.0237,33.04195],[130.01943,33.03019],[130.02345,33.02389],[130.02575,33.02761],[130.02585,33.03743],[130.03112,33.04944],[130.02194,33.05232]]]]}},{"type":"Feature","properties":{"vid":"K64G08S00018","name":"下野村","reading":"しもの","gun":"藤津郡","domains":["hasuike"],"isShared":false,"shared":[]},"geometry":{"type":"MultiPolygon","coordinates":[[[[130.01822,33.11582],[130.0091,33.12014],[130.01092,33.1175],[130.00977,33.112],[130.00474,33.11035],[129.99996,33.10443],[130.00944,33.09217],[130.01416,33.10402],[130.01347,33.10858],[130.01605,33.10934],[130.01822,33.11582]]],[[[130.03722,33.10736],[130.0317,33.10757],[130.01822,33.11582],[130.01605,33.10934],[130.01347,33.10858],[130.01133,33.09443],[130.01751,33.0925],[130.02153,33.09239],[130.02246,33.09532],[130.02602,33.09363],[130.02917,33.09577],[130.02616,33.09629],[130.03535,33.09876],[130.03722,33.10736]]],[[[130.0091,33.12014],[130.00482,33.12769],[130.00162,33.12792],[130.00123,33.12166],[130.00344,33.1225],[130.00294,33.11795],[130.00629,33.1184],[130.00671,33.11102],[130.00981,33.11209],[130.01092,33.1175],[130.0091,33.12014]]],[[[129.99378,33.12795],[129.99514,33.12384],[129.99229,33.11574],[130.00274,33.12399],[130.00162,33.12792],[129.99378,33.12795]]]]}},{"type":"Feature","properties":{"vid":"K64G08S00019","name":"岩屋川内村","reading":"いわやがわち","gun":"藤津郡","domains":["hasuike"],"isShared":false,"shared":[]},"geometry":{"type":"MultiPolygon","coordinates":[[[[129.96817,33.07316],[129.96698,33.07188],[129.97092,33.06952],[129.96854,33.0627],[129.97956,33.05715],[129.97855,33.06961],[129.96817,33.07316]]],[[[129.97644,33.0886],[129.97314,33.08143],[129.96543,33.07791],[129.96817,33.07316],[129.97855,33.06961],[129.97966,33.05741],[129.98672,33.05347],[129.99501,33.05241],[129.99812,33.05465],[129.99897,33.0525],[130.00278,33.05371],[130.0021,33.05654],[130.01006,33.05514],[130.00404,33.06034],[130.0043,33.06342],[130.00182,33.06155],[129.99573,33.06999],[129.99217,33.07118],[129.99132,33.078],[129.97983,33.08338],[129.97644,33.0886]]],[[[129.98545,33.09571],[129.97735,33.09324],[129.97644,33.0886],[129.97983,33.08338],[129.99132,33.078],[129.99099,33.07275],[130.0025,33.06166],[130.00489,33.06833],[130.0017,33.07289],[130.0031,33.07805],[129.99708,33.08608],[129.98716,33.09117],[129.9882,33.09474],[129.98545,33.09571]]]]}},{"type":"Feature","properties":{"vid":"K64G08S00020","name":"伏原村","reading":"ふしわら","gun":"藤津郡","domains":["hasuike"],"isShared":false,"shared":[]},"geometry":{"type":"Polygon","coordinates":[[[130.08348,33.10388],[130.08231,33.11067],[130.07773,33.10437],[130.07086,33.10404],[130.07551,33.10003],[130.07447,33.09773],[130.08147,33.0968],[130.08036,33.10046],[130.08348,33.10388]]]}},{"type":"Feature","properties":{"vid":"K64G08S00021","name":"五丁田村","reading":"ごちょうだ","gun":"藤津郡","domains":["hasuike"],"isShared":false,"shared":[]},"geometry":{"type":"MultiPolygon","coordinates":[[[[130.06486,33.13229],[130.0627,33.12737],[130.0683,33.12525],[130.0715,33.13124],[130.06486,33.13229]]],[[[130.04982,33.11085],[130.06019,33.11256],[130.06598,33.11628],[130.06543,33.1187],[130.07373,33.11869],[130.07145,33.12077],[130.07307,33.12394],[130.0627,33.12737],[130.05791,33.12429],[130.04685,33.12442],[130.04982,33.11085]]]]}},{"type":"Feature","properties":{"vid":"K64G08S00022","name":"谷所村","reading":"たにどころ","gun":"藤津郡","domains":["hasuike"],"isShared":false,"shared":[]},"geometry":{"type":"MultiPolygon","coordinates":[[[[130.03722,33.10736],[130.03535,33.09876],[130.03822,33.09316],[130.04708,33.09805],[130.04685,33.10178],[130.0453,33.10594],[130.03722,33.10736]]],[[[130.05073,33.08687],[130.05687,33.08956],[130.05553,33.09511],[130.05754,33.0995],[130.04815,33.10508],[130.04635,33.10452],[130.04708,33.09805],[130.03822,33.09316],[130.03783,33.08957],[130.04614,33.09414],[130.04563,33.0917],[130.05073,33.08687]]],[[[130.06289,33.0939],[130.06157,33.09911],[130.06614,33.09911],[130.06684,33.10127],[130.05671,33.10148],[130.05687,33.08956],[130.06289,33.0939]]],[[[130.07407,33.09828],[130.07486,33.10104],[130.06596,33.10035],[130.0674,33.0973],[130.07025,33.09935],[130.07407,33.09828]]],[[[130.04815,33.10508],[130.05671,33.10148],[130.06817,33.10208],[130.05134,33.10814],[130.04815,33.10508]]],[[[130.08332,33.11043],[130.08472,33.11185],[130.07772,33.11403],[130.07379,33.11177],[130.07164,33.10439],[130.07592,33.10333],[130.08032,33.106],[130.07975,33.10917],[130.08332,33.11043]]],[[[130.05004,33.10773],[130.06493,33.10428],[130.06915,33.10736],[130.07105,33.11263],[130.05678,33.11317],[130.04982,33.11085],[130.05004,33.10773]]],[[[130.08209,33.11297],[130.07273,33.11696],[130.07123,33.11361],[130.06449,33.11638],[130.05971,33.11241],[130.07105,33.11263],[130.07367,33.11489],[130.08209,33.11297]]],[[[130.08131,33.11421],[130.08079,33.11653],[130.07404,33.11939],[130.06521,33.11854],[130.07123,33.11361],[130.07273,33.11696],[130.08131,33.11421]]],[[[130.0394,33.07923],[130.05073,33.08687],[130.04563,33.0917],[130.04635,33.09408],[130.03786,33.08934],[130.0394,33.07923]]]]}},{"type":"Feature","properties":{"vid":"K64G08S00023","name":"井手村","reading":"いで","gun":"藤津郡","domains":["hasuike"],"isShared":false,"shared":[]},"geometry":{"type":"MultiPolygon","coordinates":[[[[130.09923,33.13082],[130.09907,33.12349],[130.1157,33.1215],[130.11652,33.12787],[130.11179,33.12881],[130.11076,33.13156],[130.09923,33.13082]]],[[[130.12606,33.11718],[130.12117,33.12821],[130.11652,33.12787],[130.11599,33.11564],[130.12873,33.11],[130.12606,33.11718]]]]}},{"type":"Feature","properties":{"vid":"K64G08S00024","name":"真崎村","reading":"まつさき","gun":"藤津郡","domains":["hasuike"],"isShared":false,"shared":[]},"geometry":{"type":"MultiPolygon","coordinates":[[[[130.07923,33.1187],[130.08134,33.12277],[130.07325,33.12429],[130.07145,33.12077],[130.07843,33.11722],[130.07923,33.1187]]],[[[130.08134,33.12277],[130.08418,33.12394],[130.08081,33.12765],[130.08237,33.13077],[130.07786,33.12916],[130.07644,33.13081],[130.07407,33.12426],[130.08134,33.12277]]],[[[130.07236,33.13116],[130.06849,33.12547],[130.07172,33.12365],[130.07673,33.12807],[130.07638,33.13077],[130.07236,33.13116]]]]}},{"type":"Feature","properties":{"vid":"K64G08S00025","name":"鍋野村","reading":"なべの","gun":"藤津郡","domains":["saga"],"isShared":false,"shared":[]},"geometry":{"type":"Polygon","coordinates":[[[130.02917,33.14891],[130.0171,33.15095],[130.0058,33.14654],[130.00363,33.1416],[130.02835,33.138],[130.03124,33.14752],[130.02917,33.14891]]]}},{"type":"Feature","properties":{"vid":"K64G08S00026","name":"大野原村","reading":"おおのはら","gun":"藤津郡","domains":["saga"],"isShared":false,"shared":[]},"geometry":{"type":"Polygon","coordinates":[[[130.01006,33.05514],[130.0021,33.05654],[130.00362,33.0544],[129.99915,33.05247],[129.99812,33.05465],[129.99501,33.05241],[129.98618,33.05371],[129.99639,33.04485],[129.99347,33.03906],[129.99955,33.03206],[130.00083,33.02587],[130.0056,33.02514],[130.00835,33.01968],[130.01565,33.01743],[130.02425,33.02138],[130.01943,33.03019],[130.01944,33.03338],[130.02231,33.03481],[130.02332,33.04499],[130.02194,33.05232],[130.01947,33.04932],[130.01553,33.05313],[130.01728,33.04475],[130.01006,33.05514]]]}},{"type":"Feature","properties":{"vid":"K64G08S00027","name":"井手川内村","reading":"いでがわち","gun":"藤津郡","domains":["saga"],"isShared":false,"shared":[]},"geometry":{"type":"Polygon","coordinates":[[[129.99996,33.10443],[129.98545,33.09571],[129.9882,33.09474],[129.98784,33.09053],[129.99891,33.08384],[130.00944,33.09217],[129.99996,33.10443]]]}},{"type":"Feature","properties":{"vid":"K64G08S00034","name":"糸岐村","reading":"いとき","gun":"藤津郡","domains":["saga"],"isShared":false,"shared":[]},"geometry":{"type":"MultiPolygon","coordinates":[[[[130.18684,33.01021],[130.17726,33.00228],[130.18232,33.00237],[130.18298,33.00664],[130.18684,33.01021]]],[[[130.17808,33.02009],[130.176,33.0196],[130.17394,33.01353],[130.18167,33.0168],[130.17808,33.02009]]],[[[130.18032,33.0123],[130.16886,33.01213],[130.16193,33.0088],[130.1607,33.00474],[130.16855,33.00424],[130.17272,33.00893],[130.1751,33.00973],[130.17682,33.00745],[130.18032,33.0123]]],[[[130.18167,33.0168],[130.17219,33.01194],[130.1806,33.01246],[130.1823,33.01365],[130.18111,33.01617],[130.18526,33.0197],[130.18167,33.0168]]],[[[130.1823,33.01365],[130.17847,33.01147],[130.17712,33.00296],[130.18795,33.01082],[130.1823,33.01365]]],[[[130.1607,33.00474],[130.16193,33.0088],[130.17032,33.0121],[130.16919,33.01433],[130.1571,33.00809],[130.15452,33.00521],[130.15547,33.00084],[130.15733,33.00194],[130.15523,32.99914],[130.1607,33.00474]]],[[[130.176,33.0196],[130.16789,33.0178],[130.17079,33.01595],[130.16871,33.01534],[130.17032,33.0121],[130.17394,33.01353],[130.176,33.0196]]],[[[130.16789,33.0178],[130.16161,33.0176],[130.15141,33.00736],[130.15466,33.00688],[130.16919,33.01433],[130.17079,33.01595],[130.16789,33.0178]]],[[[130.15481,33.0043],[130.1602,33.01005],[130.15139,33.00618],[130.14589,33.00022],[130.14235,33.00031],[130.14427,32.99832],[130.14845,32.99905],[130.15481,33.0043]]],[[[130.15308,33.01001],[130.13153,32.99957],[130.12426,32.98996],[130.11802,32.98617],[130.10561,32.98456],[130.10314,32.97469],[130.10919,32.97176],[130.11519,32.97264],[130.11547,32.97897],[130.11988,32.97879],[130.11587,32.98061],[130.14911,32.99305],[130.14767,32.99842],[130.15523,32.99914],[130.15733,33.00194],[130.15547,33.00084],[130.15481,33.0043],[130.14845,32.99905],[130.14427,32.99832],[130.14235,33.00031],[130.14589,33.00022],[130.15139,33.00618],[130.15485,33.00628],[130.15489,33.00793],[130.15139,33.0074],[130.15308,33.01001]]],[[[130.14911,32.99305],[130.13979,32.99116],[130.13107,32.98497],[130.11581,32.98013],[130.12135,32.97819],[130.13087,32.98203],[130.14253,32.9833],[130.14595,32.98561],[130.14911,32.99305]]],[[[130.15712,33.00018],[130.14767,32.99842],[130.14988,32.99202],[130.14535,32.98497],[130.12135,32.97819],[130.11573,32.97915],[130.11437,32.97239],[130.13368,32.96847],[130.14719,32.98552],[130.15238,32.98788],[130.15392,32.98614],[130.15758,32.99246],[130.15712,33.00018]]],[[[130.17517,32.97768],[130.17987,32.98156],[130.17898,32.98662],[130.17172,32.98659],[130.17028,32.98944],[130.15936,32.98231],[130.16397,32.97938],[130.16347,32.97583],[130.17517,32.97768]]],[[[130.16599,32.98638],[130.17156,32.99197],[130.17016,32.99846],[130.16522,32.99412],[130.16363,32.99628],[130.16072,32.9938],[130.16213,32.98917],[130.16599,32.98638]]],[[[130.15619,32.98981],[130.15346,32.98583],[130.15254,32.98789],[130.14719,32.98552],[130.14441,32.98034],[130.14786,32.98089],[130.14832,32.98363],[130.15786,32.98154],[130.16599,32.98638],[130.16052,32.99221],[130.15619,32.98981]]],[[[130.17028,32.98944],[130.17395,32.98644],[130.1839,32.9907],[130.18152,32.99387],[130.17702,32.99468],[130.17028,32.98944]]],[[[130.17712,33.00296],[130.1751,33.00973],[130.16754,33.00388],[130.1607,33.00474],[130.15716,33.00033],[130.15619,32.98981],[130.16989,32.9985],[130.17148,32.99198],[130.17541,32.9944],[130.17975,32.9936],[130.18051,32.996],[130.17801,32.99689],[130.18255,32.9985],[130.18232,33.00237],[130.17712,33.00296]]],[[[130.18684,33.01021],[130.18284,33.00636],[130.18255,32.9985],[130.17801,32.99689],[130.1839,32.9907],[130.19348,32.99556],[130.19247,32.99951],[130.18684,32.99987],[130.1899,33.0004],[130.18684,33.01021]]],[[[130.14432,32.98059],[130.13368,32.96847],[130.13848,32.96834],[130.14407,32.97196],[130.14979,32.9698],[130.16347,32.97583],[130.16411,32.979],[130.15936,32.98231],[130.14832,32.98363],[130.14786,32.98089],[130.14432,32.98059]]]]}},{"type":"Feature","properties":{"vid":"K64G08S00035","name":"大浦村","reading":"おおうら","gun":"藤津郡","domains":["saga"],"isShared":false,"shared":[]},"geometry":{"type":"MultiPolygon","coordinates":[[[[130.19539,32.98585],[130.19673,32.98426],[130.19266,32.97907],[130.19454,32.97918],[130.19355,32.97718],[130.19964,32.9763],[130.19926,32.9733],[130.20169,32.97381],[130.20404,32.97787],[130.20223,32.98433],[130.19539,32.98585]]],[[[130.17517,32.97768],[130.19448,32.97964],[130.19665,32.98947],[130.19096,32.99084],[130.19373,32.99547],[130.1781,32.98928],[130.1799,32.98165],[130.17517,32.97768]]],[[[130.19665,32.98947],[130.19539,32.98585],[130.20206,32.98464],[130.20293,32.98105],[130.20621,32.98152],[130.20508,32.99092],[130.19665,32.98947]]],[[[130.20658,32.98809],[130.20524,32.98294],[130.20741,32.98098],[130.21106,32.98475],[130.20658,32.98809]]],[[[130.20558,32.98135],[130.20364,32.98104],[130.20169,32.97381],[130.20513,32.97156],[130.20472,32.96894],[130.20984,32.96751],[130.21503,32.98139],[130.21328,32.97906],[130.20558,32.98135]]],[[[130.21523,32.98003],[130.21351,32.97821],[130.21647,32.97483],[130.2196,32.97508],[130.2216,32.96942],[130.22355,32.96978],[130.22398,32.97355],[130.21523,32.98003]]],[[[130.21351,32.97821],[130.21,32.96955],[130.21768,32.9708],[130.22148,32.96917],[130.2196,32.97508],[130.21647,32.97483],[130.21351,32.97821]]],[[[130.20984,32.96751],[130.20472,32.96894],[130.20513,32.97156],[130.20022,32.97093],[130.20322,32.96492],[130.20752,32.96383],[130.20984,32.96751]]],[[[130.20283,32.9683],[130.18824,32.96863],[130.19002,32.96539],[130.19932,32.961],[130.20556,32.96079],[130.20215,32.96473],[130.20283,32.9683]]],[[[130.21235,32.95783],[130.20877,32.96452],[130.20288,32.96508],[130.20209,32.96773],[130.20598,32.96097],[130.20366,32.96042],[130.20466,32.95711],[130.21235,32.95783]]],[[[130.2101,32.96295],[130.21462,32.95904],[130.22081,32.95966],[130.21921,32.96183],[130.22104,32.96074],[130.22177,32.96254],[130.21636,32.96319],[130.21706,32.96755],[130.21188,32.96982],[130.20873,32.96537],[130.2101,32.96295]]],[[[130.20366,32.96042],[130.19002,32.96539],[130.18824,32.96863],[130.18141,32.96808],[130.18135,32.96397],[130.18539,32.95955],[130.19855,32.95962],[130.20466,32.95711],[130.20366,32.96042]]],[[[130.19926,32.9733],[130.19399,32.97428],[130.19179,32.97147],[130.19338,32.96993],[130.19031,32.96839],[130.194,32.96735],[130.20481,32.97092],[130.19926,32.9733]]],[[[130.19266,32.97907],[130.17896,32.97725],[130.18479,32.96832],[130.19181,32.96832],[130.19399,32.97428],[130.19919,32.97327],[130.19973,32.97595],[130.19451,32.97648],[130.19454,32.97918],[130.19266,32.97907]]],[[[130.17517,32.97768],[130.16386,32.976],[130.16206,32.97247],[130.16887,32.97175],[130.17896,32.97725],[130.17517,32.97768]]],[[[130.21188,32.96982],[130.21706,32.96755],[130.21636,32.96319],[130.22259,32.96338],[130.22492,32.96078],[130.22355,32.96978],[130.21188,32.96982]]],[[[130.21709,32.95917],[130.21256,32.9547],[130.21795,32.95049],[130.22031,32.95287],[130.21934,32.95502],[130.22084,32.95324],[130.22516,32.95705],[130.22307,32.96013],[130.2217,32.95828],[130.21709,32.95917]]],[[[130.17356,32.97379],[130.16091,32.97005],[130.15592,32.96446],[130.16943,32.96834],[130.16895,32.97029],[130.17356,32.97379]]],[[[130.18415,32.96],[130.18141,32.96704],[130.17952,32.96522],[130.16722,32.96646],[130.15491,32.96441],[130.16166,32.96123],[130.17306,32.96215],[130.18415,32.96]]],[[[130.16347,32.97583],[130.14936,32.9697],[130.14407,32.97196],[130.14966,32.96279],[130.15512,32.96335],[130.16356,32.97109],[130.1619,32.97363],[130.16347,32.97583]]],[[[130.17896,32.97725],[130.169,32.97036],[130.16953,32.96841],[130.16454,32.9684],[130.16271,32.96587],[130.17952,32.96522],[130.18141,32.96808],[130.18479,32.96832],[130.17896,32.97725]]]]}},{"type":"Feature","properties":{"vid":"K64G08S00036","name":"多良村","reading":"たら","gun":"藤津郡","domains":["saga"],"isShared":false,"shared":[]},"geometry":{"type":"MultiPolygon","coordinates":[[[[130.17439,33.02793],[130.17036,33.02421],[130.17121,33.01864],[130.17808,33.02009],[130.17439,33.02793]]],[[[130.17439,33.02793],[130.16977,33.02893],[130.16595,33.02614],[130.17131,33.02418],[130.17439,33.02793]]],[[[130.17121,33.01864],[130.17036,33.02421],[130.16237,33.02532],[130.15864,33.01718],[130.17121,33.01864]]],[[[130.1497,33.01558],[130.14743,33.01808],[130.14838,33.02028],[130.14571,33.02087],[130.13669,33.01519],[130.14053,33.01332],[130.14038,33.01038],[130.14403,33.0124],[130.14303,33.0139],[130.1497,33.01558]]],[[[130.17136,33.03785],[130.17124,33.04064],[130.16697,33.03989],[130.13314,33.02484],[130.15012,33.02858],[130.17136,33.03785]]],[[[130.16588,33.02705],[130.15606,33.02735],[130.15866,33.0261],[130.15602,33.02552],[130.16872,33.0245],[130.16588,33.02705]]],[[[130.16237,33.02532],[130.1553,33.02646],[130.15574,33.0249],[130.14558,33.01992],[130.14838,33.02028],[130.14743,33.01808],[130.1497,33.01558],[130.15831,33.01793],[130.15746,33.01649],[130.16237,33.02532]]],[[[130.17136,33.03785],[130.15299,33.03061],[130.16717,33.03343],[130.1716,33.03536],[130.17136,33.03785]]],[[[130.15299,33.03061],[130.15012,33.02858],[130.16651,33.02853],[130.17139,33.02959],[130.1698,33.03143],[130.17328,33.03393],[130.1716,33.03536],[130.15909,33.03055],[130.15299,33.03061]]],[[[130.17328,33.03393],[130.1698,33.03143],[130.17523,33.02722],[130.17928,33.02837],[130.1781,33.03078],[130.18225,33.03043],[130.17582,33.03245],[130.17642,33.03023],[130.17328,33.03393]]],[[[130.15012,33.02858],[130.14303,33.02669],[130.1392,33.02338],[130.14431,33.02351],[130.13372,33.01932],[130.13657,33.01785],[130.15146,33.02698],[130.17251,33.02927],[130.15012,33.02858]]],[[[130.17928,33.02837],[130.17529,33.02739],[130.17603,33.02243],[130.18167,33.01753],[130.17936,33.0214],[130.18113,33.02379],[130.17894,33.02339],[130.18273,33.02477],[130.18011,33.02508],[130.17928,33.02837]]],[[[130.11431,33.02688],[130.1133,33.02341],[130.10211,33.01764],[130.11252,33.0162],[130.11495,33.01841],[130.11313,33.01992],[130.11858,33.02088],[130.11352,33.02228],[130.11538,33.02299],[130.11431,33.02688]]],[[[130.14303,33.02669],[130.1125,33.01902],[130.12572,33.02015],[130.12584,33.01766],[130.13687,33.0152],[130.15574,33.0249],[130.1553,33.02646],[130.15866,33.0261],[130.14941,33.02641],[130.13657,33.01785],[130.13394,33.01898],[130.14431,33.02351],[130.1392,33.02338],[130.14303,33.02669]]],[[[130.16059,33.01645],[130.15229,33.01734],[130.14303,33.0139],[130.14403,33.0124],[130.13966,33.00841],[130.13064,33.00578],[130.12759,33.00096],[130.12636,33.00278],[130.12134,32.9921],[130.1262,32.99321],[130.13377,33.00094],[130.15545,33.01109],[130.16059,33.01645]]],[[[130.14038,33.01038],[130.14053,33.01332],[130.13593,33.01526],[130.13533,33.01297],[130.12919,33.01301],[130.12179,33.00906],[130.12056,33.00427],[130.12433,32.99892],[130.12636,33.00278],[130.12776,33.00104],[130.13064,33.00578],[130.13852,33.00774],[130.14038,33.01038]]],[[[130.09503,33.00089],[130.08811,32.99388],[130.08014,32.99295],[130.07606,32.98756],[130.08868,32.97403],[130.10314,32.97469],[130.10561,32.98456],[130.115,32.98459],[130.12612,32.99323],[130.12134,32.9921],[130.12351,32.99961],[130.12008,33.00633],[130.11411,33.00498],[130.11434,33.00705],[130.10762,33.003],[130.09503,33.00089]]],[[[130.09627,33.0048],[130.09503,33.00089],[130.10762,33.003],[130.11434,33.00705],[130.11411,33.00498],[130.11708,33.00484],[130.1278,33.01247],[130.13459,33.01267],[130.13669,33.01519],[130.12584,33.01766],[130.1256,33.02016],[130.1124,33.01614],[130.10209,33.01805],[130.09675,33.01402],[130.09627,33.0048]]]]}},{"type":"Feature","properties":{"vid":"K64G08S00037","name":"飯田村","reading":"いいだ","gun":"藤津郡","domains":["saga"],"isShared":false,"shared":[]},"geometry":{"type":"MultiPolygon","coordinates":[[[[130.16973,33.05103],[130.15359,33.04013],[130.14294,33.03711],[130.1214,33.02429],[130.11352,33.02228],[130.1193,33.02092],[130.13204,33.02449],[130.17124,33.04064],[130.17271,33.04255],[130.16883,33.04475],[130.16973,33.05103]]],[[[130.16973,33.05103],[130.16383,33.05351],[130.15062,33.03955],[130.16973,33.05103]]],[[[130.13075,33.0431],[130.15011,33.05169],[130.15894,33.06086],[130.15459,33.06464],[130.15068,33.06474],[130.14574,33.06081],[130.14296,33.05356],[130.13075,33.0431]]],[[[130.11434,33.02822],[130.11528,33.02269],[130.1214,33.02429],[130.15062,33.03955],[130.16551,33.05414],[130.16005,33.05598],[130.16191,33.05839],[130.15808,33.05719],[130.16034,33.05826],[130.15756,33.06019],[130.15011,33.05169],[130.1307,33.04307],[130.1191,33.02995],[130.11434,33.02822]]]]}},{"type":"Feature","properties":{"vid":"K64G08S00038","name":"音成村","reading":"おとなり","gun":"藤津郡","domains":["saga"],"isShared":false,"shared":[]},"geometry":{"type":"MultiPolygon","coordinates":[[[[130.13319,33.04676],[130.14296,33.05356],[130.14834,33.06308],[130.15411,33.06448],[130.14945,33.06766],[130.14982,33.06967],[130.13319,33.04676]]],[[[130.12237,33.07116],[130.11776,33.05472],[130.12645,33.07692],[130.13399,33.08691],[130.13045,33.09314],[130.12237,33.07116]]],[[[130.11948,33.04613],[130.13786,33.0785],[130.1376,33.08576],[130.1321,33.07849],[130.1287,33.06732],[130.11833,33.0538],[130.11948,33.04613]]],[[[130.13899,33.08357],[130.14363,33.08316],[130.1458,33.08672],[130.14066,33.09438],[130.13583,33.09545],[130.13054,33.09183],[130.13399,33.08691],[130.12645,33.07692],[130.11833,33.0538],[130.1287,33.06732],[130.13597,33.08443],[130.13736,33.08585],[130.13899,33.08357]]],[[[130.12113,33.04317],[130.13426,33.05968],[130.13721,33.06809],[130.14388,33.0745],[130.14626,33.07409],[130.14427,33.07903],[130.11966,33.04546],[130.12113,33.04317]]],[[[130.13498,33.06634],[130.14364,33.07859],[130.14272,33.08106],[130.13498,33.06634]]],[[[130.12036,33.03227],[130.13206,33.04414],[130.14392,33.06388],[130.14982,33.06967],[130.14472,33.07299],[130.14519,33.07504],[130.13721,33.06809],[130.13426,33.05968],[130.11884,33.04036],[130.11822,33.03406],[130.12228,33.03427],[130.12036,33.03227]]],[[[130.13498,33.06634],[130.143,33.08308],[130.13899,33.08357],[130.12837,33.05931],[130.11966,33.04546],[130.13498,33.06634]]],[[[130.11655,33.05553],[130.11757,33.03595],[130.11434,33.02822],[130.1191,33.02995],[130.12228,33.03427],[130.11822,33.03406],[130.12113,33.04317],[130.11655,33.05553]]]]}},{"type":"Feature","properties":{"vid":"K64G08S00039","name":"浅浦村","reading":"あさうら","gun":"藤津郡","domains":["saga"],"isShared":false,"shared":[]},"geometry":{"type":"MultiPolygon","coordinates":[[[[130.08127,33.09578],[130.07098,33.09943],[130.0674,33.0973],[130.06334,33.09963],[130.06113,33.09734],[130.06293,33.09387],[130.06725,33.09262],[130.07494,33.09625],[130.08127,33.09578]]],[[[130.08016,33.09231],[130.08127,33.09578],[130.07494,33.09625],[130.06725,33.09262],[130.06293,33.09387],[130.07164,33.08792],[130.08016,33.09231]]],[[[130.06293,33.09387],[130.0394,33.07923],[130.04246,33.07304],[130.04151,33.06941],[130.0479,33.06388],[130.05459,33.06684],[130.06207,33.08033],[130.07239,33.08771],[130.06763,33.08899],[130.06293,33.09387]]]]}},{"type":"Feature","properties":{"vid":"K64G08S00040","name":"西牟田村","reading":"にしむた","gun":"藤津郡","domains":["saga"],"isShared":false,"shared":[]},"geometry":{"type":"MultiPolygon","coordinates":[[[[130.09441,33.11525],[130.08332,33.11043],[130.08348,33.10388],[130.08886,33.10992],[130.09425,33.10875],[130.09179,33.11359],[130.09441,33.11525]]],[[[130.09491,33.11502],[130.09502,33.11004],[130.09868,33.10597],[130.10023,33.11434],[130.10415,33.11591],[130.09491,33.11502]]]]}},{"type":"Feature","properties":{"vid":"K64G08S00041","name":"鳥坂村","reading":"とさか","gun":"藤津郡","domains":["saga"],"isShared":false,"shared":[]},"geometry":{"type":"Polygon","coordinates":[[[130.0718,33.10156],[130.0711,33.10656],[130.07772,33.11403],[130.07337,33.11475],[130.06499,33.10444],[130.0718,33.10156]]]}},{"type":"Feature","properties":{"vid":"K64G08S00042","name":"美野分","reading":"みのぶん","gun":"藤津郡","domains":["saga"],"isShared":false,"shared":[]},"geometry":{"type":"MultiPolygon","coordinates":[[[[130.03722,33.10736],[130.0374,33.11799],[130.04036,33.12378],[130.03716,33.12464],[130.02186,33.11328],[130.0317,33.10757],[130.03722,33.10736]]],[[[130.02186,33.11328],[130.02996,33.1181],[130.03301,33.12314],[130.03716,33.12464],[130.03627,33.12633],[130.01842,33.12022],[130.01788,33.11642],[130.02186,33.11328]]],[[[130.0197,33.12105],[130.03627,33.12633],[130.03063,33.13079],[130.01998,33.12497],[130.0197,33.12105]]],[[[130.02124,33.12569],[130.02992,33.12944],[130.03032,33.13271],[130.02135,33.136],[130.01878,33.12969],[130.02124,33.12569]]]]}},{"type":"Feature","properties":{"vid":"K64G09S00246","name":"伊万里津","reading":"いまりつ","gun":"松浦郡","domains":["saga"],"isShared":false,"shared":[]},"geometry":{"type":"Polygon","coordinates":[[[129.88088,33.27318],[129.8841,33.27379],[129.87392,33.27744],[129.87429,33.27435],[129.87208,33.27295],[129.88088,33.27318]]]}},{"type":"Feature","properties":{"vid":"K64G09S00247","name":"今岳村","reading":"いまだけ","gun":"松浦郡","domains":["saga"],"isShared":false,"shared":[]},"geometry":{"type":"MultiPolygon","coordinates":[[[[129.89644,33.27351],[129.89072,33.27413],[129.88724,33.27177],[129.89515,33.2709],[129.89644,33.27351]]],[[[129.89452,33.28141],[129.88892,33.27351],[129.89644,33.27351],[129.91419,33.2797],[129.90754,33.28829],[129.90175,33.28786],[129.89452,33.28141]]],[[[129.89152,33.30083],[129.89233,33.29588],[129.89904,33.29518],[129.90253,33.28728],[129.90808,33.28911],[129.90506,33.29592],[129.90715,33.29855],[129.89779,33.30952],[129.89428,33.30934],[129.89152,33.30083]]],[[[129.89398,33.29458],[129.89349,33.28924],[129.88896,33.28265],[129.89564,33.28093],[129.9022,33.28695],[129.89904,33.29518],[129.89398,33.29458]]],[[[129.88369,33.27775],[129.88724,33.27177],[129.89505,33.27988],[129.89452,33.28141],[129.88549,33.27978],[129.88369,33.27775]]],[[[129.89644,33.27351],[129.89515,33.2709],[129.89817,33.26853],[129.90533,33.26763],[129.91393,33.26304],[129.91965,33.26318],[129.92093,33.27024],[129.91419,33.2797],[129.89644,33.27351]]],[[[129.89515,33.2709],[129.8936,33.27016],[129.89533,33.26707],[129.90148,33.26198],[129.90781,33.2612],[129.91859,33.247],[129.92253,33.24806],[129.92054,33.25613],[129.92232,33.26001],[129.91965,33.26318],[129.91294,33.26331],[129.89515,33.2709]]]]}},{"type":"Feature","properties":{"vid":"K64G09S00248","name":"八谷搦","reading":"はちやがらみ","gun":"松浦郡","domains":["saga"],"isShared":false,"shared":[]},"geometry":{"type":"MultiPolygon","coordinates":[[[[129.86409,33.28099],[129.85564,33.28024],[129.85865,33.26722],[129.86599,33.27618],[129.86409,33.28099]]],[[[129.86401,33.28136],[129.86535,33.27327],[129.86846,33.27131],[129.87413,33.27411],[129.87269,33.27963],[129.86401,33.28136]]]]}},{"type":"Feature","properties":{"vid":"K64G09S00249","name":"新田村","reading":"しんでん","gun":"松浦郡","domains":["saga"],"isShared":false,"shared":[]},"geometry":{"type":"MultiPolygon","coordinates":[[[[129.88199,33.25411],[129.87889,33.26534],[129.87472,33.26789],[129.87559,33.25905],[129.86997,33.25729],[129.86832,33.25199],[129.87039,33.24323],[129.88603,33.24987],[129.88199,33.25411]]],[[[129.86997,33.25729],[129.87562,33.25916],[129.87472,33.26789],[129.871,33.26943],[129.87376,33.26702],[129.86997,33.25729]]],[[[129.87637,33.26708],[129.87726,33.27323],[129.87085,33.27213],[129.871,33.26943],[129.87637,33.26708]]],[[[129.871,33.26943],[129.87208,33.27295],[129.86945,33.27178],[129.871,33.26943]]]]}},{"type":"Feature","properties":{"vid":"K64G09S00250","name":"町裏村","reading":"まちうら","gun":"松浦郡","domains":["saga"],"isShared":false,"shared":[]},"geometry":{"type":"MultiPolygon","coordinates":[[[[129.88724,33.27177],[129.88362,33.26859],[129.8864,33.26238],[129.89502,33.26777],[129.89428,33.27193],[129.88724,33.27177]]],[[[129.88369,33.27775],[129.8806,33.27598],[129.88383,33.27451],[129.88088,33.27318],[129.88335,33.27217],[129.88362,33.26859],[129.88754,33.27122],[129.88369,33.27775]]],[[[129.8864,33.26238],[129.88335,33.27217],[129.87726,33.27323],[129.87637,33.26708],[129.87889,33.26534],[129.88246,33.25322],[129.8864,33.26238]]]]}},{"type":"Feature","properties":{"vid":"K64G09S00251","name":"瀬戸村","reading":"せと","gun":"松浦郡","domains":["saga"],"isShared":false,"shared":[]},"geometry":{"type":"MultiPolygon","coordinates":[[[[129.83935,33.31822],[129.83614,33.31665],[129.83588,33.31156],[129.82795,33.3127],[129.82827,33.30955],[129.83121,33.30412],[129.84501,33.30199],[129.85047,33.30974],[129.84319,33.31245],[129.83935,33.31822]]],[[[129.85047,33.30974],[129.84501,33.30199],[129.84688,33.30041],[129.85188,33.30036],[129.86375,33.31531],[129.85047,33.30974]]],[[[129.86375,33.31531],[129.85188,33.30036],[129.84709,33.30033],[129.85253,33.29397],[129.8601,33.29975],[129.86453,33.30689],[129.8701,33.30697],[129.87742,33.30032],[129.88223,33.30385],[129.88234,33.30985],[129.87987,33.31147],[129.87345,33.31135],[129.86375,33.31531]]]]}},{"type":"Feature","properties":{"vid":"K64G09S00252","name":"木須村","reading":"きす","gun":"松浦郡","domains":["saga"],"isShared":false,"shared":[]},"geometry":{"type":"MultiPolygon","coordinates":[[[[129.85356,33.29211],[129.85883,33.28814],[129.85964,33.29118],[129.86627,33.29128],[129.85992,33.29473],[129.86197,33.2962],[129.85859,33.29926],[129.85405,33.29597],[129.85356,33.29211]]],[[[129.87468,33.29759],[129.86821,33.30002],[129.85962,33.29522],[129.86759,33.28988],[129.87562,33.29584],[129.87468,33.29759]]],[[[129.87742,33.30032],[129.87233,33.30575],[129.8666,33.30745],[129.86199,33.30513],[129.85859,33.29926],[129.8628,33.29618],[129.86763,33.29985],[129.87468,33.29759],[129.87742,33.30032]]],[[[129.85654,33.28874],[129.85824,33.28389],[129.86396,33.28231],[129.86496,33.28458],[129.87284,33.28438],[129.87418,33.28872],[129.87789,33.28836],[129.87888,33.29056],[129.87413,33.29573],[129.87045,33.29061],[129.86306,33.29211],[129.85964,33.29118],[129.85883,33.28814],[129.85654,33.28874]]],[[[129.86401,33.28136],[129.87427,33.27815],[129.87284,33.28438],[129.86496,33.28458],[129.86401,33.28136]]],[[[129.87704,33.29455],[129.87808,33.28859],[129.87418,33.28872],[129.87238,33.28569],[129.87302,33.28328],[129.87981,33.28165],[129.88358,33.28983],[129.87704,33.29455]]]]}},{"type":"Feature","properties":{"vid":"K64G09S00253","name":"脇田村","reading":"わきだ","gun":"松浦郡","domains":["saga"],"isShared":false,"shared":[]},"geometry":{"type":"MultiPolygon","coordinates":[[[[129.87899,33.30121],[129.8746,33.29722],[129.8816,33.29113],[129.88739,33.29377],[129.89425,33.2924],[129.89152,33.30083],[129.87899,33.30121]]],[[[129.88234,33.30985],[129.88223,33.30385],[129.87832,33.30146],[129.89152,33.30083],[129.89428,33.30934],[129.88871,33.31112],[129.88234,33.30985]]],[[[129.8822,33.2908],[129.88358,33.28983],[129.87981,33.28199],[129.88102,33.27794],[129.89452,33.28141],[129.88896,33.28265],[129.89425,33.2924],[129.88739,33.29377],[129.8822,33.2908]]]]}},{"type":"Feature","properties":{"vid":"K64G09S00254","name":"松島搦","reading":"まつしまからみ","gun":"松浦郡","domains":["saga"],"isShared":false,"shared":[]},"geometry":{"type":"Polygon","coordinates":[[[129.87337,33.28326],[129.87477,33.27615],[129.8806,33.27598],[129.88032,33.28161],[129.87337,33.28326]]]}},{"type":"Feature","properties":{"vid":"K64G09S00255","name":"大川内村","reading":"おおかわち","gun":"松浦郡","domains":["saga"],"isShared":false,"shared":[]},"geometry":{"type":"MultiPolygon","coordinates":[[[[129.93338,33.23405],[129.93181,33.2362],[129.91894,33.23358],[129.90965,33.23469],[129.90544,33.2328],[129.90547,33.22761],[129.92095,33.22593],[129.92431,33.22972],[129.9312,33.22993],[129.93338,33.23405]]],[[[129.92004,33.24667],[129.91493,33.25163],[129.9052,33.23283],[129.92685,33.23612],[129.92004,33.24667]]],[[[129.91493,33.25163],[129.90775,33.26126],[129.90148,33.26198],[129.89661,33.25661],[129.90695,33.24859],[129.90244,33.23532],[129.9046,33.23379],[129.91493,33.25163]]],[[[129.90452,33.24359],[129.90695,33.24859],[129.90264,33.25305],[129.90131,33.24834],[129.90452,33.24359]]],[[[129.90547,33.22761],[129.90385,33.23458],[129.8922,33.2376],[129.88401,33.22571],[129.89736,33.22365],[129.89998,33.22675],[129.90547,33.22761]]],[[[129.90244,33.23532],[129.90347,33.24233],[129.89268,33.25342],[129.88471,33.24064],[129.87283,33.23101],[129.87707,33.22985],[129.87926,33.22556],[129.88391,33.22569],[129.89154,33.23528],[129.89106,33.23739],[129.90244,33.23532]]],[[[129.8848,33.25661],[129.8818,33.25336],[129.88603,33.24987],[129.87039,33.24323],[129.86952,33.23939],[129.87273,33.23105],[129.88447,33.24038],[129.89245,33.25171],[129.89268,33.25342],[129.8848,33.25661]]],[[[129.88774,33.26259],[129.8848,33.25661],[129.89268,33.25342],[129.90374,33.24166],[129.90131,33.24834],[129.90248,33.25195],[129.89643,33.25623],[129.89879,33.25879],[129.88774,33.26259]]],[[[129.90148,33.26198],[129.89502,33.26777],[129.89044,33.26654],[129.88771,33.26211],[129.89879,33.25879],[129.90148,33.26198]]]]}},{"type":"Feature","properties":{"vid":"K64G09S00256","name":"中野原村","reading":"なかのはる","gun":"松浦郡","domains":["saga"],"isShared":false,"shared":[]},"geometry":{"type":"MultiPolygon","coordinates":[[[[129.92035,33.26685],[129.91968,33.26278],[129.92229,33.25971],[129.93287,33.26187],[129.93245,33.26641],[129.92035,33.26685]]],[[[129.92279,33.24876],[129.92004,33.24667],[129.92414,33.23977],[129.92685,33.23612],[129.93181,33.2362],[129.93338,33.23405],[129.94599,33.24837],[129.93789,33.24927],[129.93224,33.25322],[129.92279,33.24876]]],[[[129.92229,33.25971],[129.92054,33.25613],[129.92279,33.24876],[129.93224,33.25322],[129.93789,33.24927],[129.94599,33.24837],[129.9504,33.25411],[129.94842,33.25452],[129.94874,33.25711],[129.94286,33.25528],[129.94035,33.25879],[129.93757,33.25715],[129.93287,33.26187],[129.92229,33.25971]]]]}},{"type":"Feature","properties":{"vid":"K64G09S00257","name":"山形村","reading":"やまがた","gun":"松浦郡","domains":["saga"],"isShared":false,"shared":[]},"geometry":{"type":"MultiPolygon","coordinates":[[[[129.91552,33.27729],[129.92086,33.27043],[129.93976,33.27505],[129.94127,33.27591],[129.93743,33.27832],[129.93829,33.28973],[129.92868,33.2874],[129.92658,33.28004],[129.92111,33.28065],[129.91552,33.27729]]],[[[129.92086,33.27043],[129.92035,33.26685],[129.93849,33.26608],[129.94741,33.27213],[129.94127,33.27591],[129.92086,33.27043]]],[[[129.94874,33.25711],[129.94495,33.27017],[129.94056,33.26656],[129.93184,33.26581],[129.93731,33.25727],[129.94035,33.25879],[129.94286,33.25528],[129.94874,33.25711]]]]}},{"type":"Feature","properties":{"vid":"K64G09S00258","name":"楠久村","reading":"くすく","gun":"松浦郡","domains":["ogi","saga"],"isShared":true,"shared":[]},"geometry":{"type":"Polygon","coordinates":[[[129.82269,33.28405],[129.82487,33.28863],[129.8325,33.29232],[129.8284,33.29566],[129.83145,33.29642],[129.8301,33.29845],[129.81984,33.2966],[129.81605,33.29845],[129.81435,33.29416],[129.81214,33.2951],[129.81728,33.29203],[129.82034,33.29355],[129.82136,33.29052],[129.81963,33.28533],[129.81259,33.28419],[129.81057,33.28012],[129.81434,33.2774],[129.81526,33.28018],[129.82269,33.28405]]]}},{"type":"Feature","properties":{"vid":"K64G09S00259","name":"長浜村","reading":"ながはま","gun":"松浦郡","domains":["saga"],"isShared":false,"shared":[]},"geometry":{"type":"MultiPolygon","coordinates":[[[[129.84533,33.26432],[129.84921,33.26605],[129.85164,33.27472],[129.85373,33.27537],[129.85066,33.28001],[129.85151,33.28266],[129.85281,33.28438],[129.85512,33.28282],[129.85351,33.2877],[129.84407,33.29318],[129.84238,33.28674],[129.8369,33.28673],[129.83814,33.28168],[129.84368,33.2806],[129.83935,33.27497],[129.84174,33.26658],[129.84533,33.26432]]],[[[129.84533,33.26432],[129.85154,33.26597],[129.8553,33.27209],[129.8539,33.27918],[129.85202,33.27972],[129.85394,33.27648],[129.84961,33.27048],[129.85002,33.26719],[129.84533,33.26432]]]]}},{"type":"Feature","properties":{"vid":"K64G09S00260","name":"大久保村","reading":"おおくぼ","gun":"松浦郡","domains":["ogi","saga"],"isShared":true,"shared":[]},"geometry":{"type":"Polygon","coordinates":[[[129.82359,33.25561],[129.82732,33.25698],[129.82946,33.26531],[129.82889,33.27158],[129.8265,33.27339],[129.82862,33.28007],[129.82407,33.27989],[129.82269,33.28405],[129.8137,33.27744],[129.81666,33.27262],[129.81452,33.26941],[129.81695,33.26228],[129.82359,33.25561]]]}},{"type":"Feature","properties":{"vid":"K64G09S00261","name":"脇野村","reading":"わきの","gun":"松浦郡","domains":["ogi","saga"],"isShared":true,"shared":[]},"geometry":{"type":"Polygon","coordinates":[[[129.83548,33.26196],[129.84533,33.26432],[129.84174,33.26658],[129.83935,33.27497],[129.84276,33.27741],[129.84033,33.27818],[129.84213,33.28191],[129.82868,33.26954],[129.82732,33.25698],[129.83548,33.26196]]]}},{"type":"Feature","properties":{"vid":"K64G09S00262","name":"里村","reading":"さと","gun":"松浦郡","domains":["ogi","saga"],"isShared":true,"shared":[]},"geometry":{"type":"Polygon","coordinates":[[[129.83531,33.27874],[129.83827,33.28273],[129.83561,33.29154],[129.8325,33.29232],[129.82487,33.28863],[129.82269,33.28405],[129.82407,33.27989],[129.83319,33.28134],[129.83531,33.27874]]]}},{"type":"Feature","properties":{"vid":"K64G09S00263","name":"滝川内村","reading":"たきがわち","gun":"松浦郡","domains":["saga","ogi"],"isShared":true,"shared":[]},"geometry":{"type":"MultiPolygon","coordinates":[[[[129.81913,33.25884],[129.81637,33.26479],[129.81289,33.26295],[129.80799,33.26525],[129.80389,33.26292],[129.80451,33.25826],[129.81913,33.25884]]],[[[129.82194,33.25131],[129.82359,33.25561],[129.81913,33.25884],[129.80426,33.25846],[129.80389,33.26292],[129.80799,33.26525],[129.81289,33.26295],[129.81637,33.26479],[129.81452,33.26941],[129.81666,33.27262],[129.81405,33.27709],[129.80431,33.27867],[129.80182,33.2841],[129.80489,33.28432],[129.80177,33.28723],[129.7964,33.29057],[129.79274,33.2855],[129.77802,33.28071],[129.77893,33.27555],[129.77576,33.27424],[129.7801,33.26716],[129.80789,33.24456],[129.82194,33.25131]]],[[[129.81405,33.27709],[129.8105,33.28182],[129.80182,33.2841],[129.80478,33.27822],[129.81405,33.27709]]]]}},{"type":"Feature","properties":{"vid":"K64G09S00264","name":"川内野村","reading":"かわちの","gun":"松浦郡","domains":["ogi","saga"],"isShared":true,"shared":[]},"geometry":{"type":"MultiPolygon","coordinates":[[[[129.77576,33.27424],[129.77893,33.27555],[129.7784,33.28108],[129.79245,33.28535],[129.7964,33.29057],[129.78514,33.29578],[129.78599,33.29891],[129.78278,33.30123],[129.77564,33.29629],[129.76715,33.3013],[129.76249,33.30149],[129.75897,33.29085],[129.76333,33.29035],[129.76825,33.28579],[129.77576,33.27424]]],[[[129.76249,33.30149],[129.76715,33.3013],[129.77564,33.29629],[129.78307,33.30011],[129.7807,33.30398],[129.77648,33.30476],[129.76249,33.30149]]]]}},{"type":"Feature","properties":{"vid":"K64G09S00265","name":"福川内村","reading":"ふくがわち","gun":"松浦郡","domains":["ogi","saga"],"isShared":true,"shared":[]},"geometry":{"type":"Polygon","coordinates":[[[129.80882,33.28262],[129.81963,33.28533],[129.82059,33.2933],[129.81359,33.29335],[129.80882,33.28262]]]}},{"type":"Feature","properties":{"vid":"K64G09S00266","name":"城村","reading":"じょう","gun":"松浦郡","domains":["ogi","saga"],"isShared":true,"shared":[]},"geometry":{"type":"Polygon","coordinates":[[[129.7964,33.29057],[129.80882,33.28262],[129.81379,33.29352],[129.80605,33.29754],[129.78514,33.29578],[129.7964,33.29057]]]}},{"type":"Feature","properties":{"vid":"K64G09S00267","name":"峯村","reading":"みね","gun":"松浦郡","domains":["ogi","saga"],"isShared":true,"shared":[]},"geometry":{"type":"Polygon","coordinates":[[[129.78573,33.29764],[129.78514,33.29578],[129.80605,33.29754],[129.8143,33.29416],[129.8176,33.29902],[129.81419,33.30343],[129.81142,33.30048],[129.80587,33.30167],[129.78573,33.29764]]]}},{"type":"Feature","properties":{"vid":"K64G09S00268","name":"久原村","reading":"くばら","gun":"松浦郡","domains":["ogi","saga"],"isShared":true,"shared":[]},"geometry":{"type":"MultiPolygon","coordinates":[[[[129.80727,33.30981],[129.80967,33.3119],[129.80625,33.31501],[129.80471,33.31276],[129.80727,33.30981]]],[[[129.81332,33.30754],[129.81228,33.31181],[129.80879,33.30746],[129.81332,33.30754]]],[[[129.81519,33.30323],[129.81332,33.30754],[129.80969,33.30708],[129.8077,33.30645],[129.80912,33.30405],[129.80709,33.30103],[129.81142,33.30048],[129.81519,33.30323]]],[[[129.8077,33.30645],[129.8103,33.31043],[129.80727,33.30981],[129.8077,33.30645]]],[[[129.81241,33.31168],[129.81787,33.3121],[129.82057,33.31567],[129.8179,33.32039],[129.81784,33.31495],[129.80776,33.31487],[129.80969,33.31023],[129.81241,33.31168]]],[[[129.81165,33.31433],[129.81323,33.3163],[129.81061,33.32016],[129.81831,33.32116],[129.80765,33.32285],[129.80864,33.32658],[129.80323,33.32505],[129.7957,33.31689],[129.80493,33.3157],[129.81036,33.31788],[129.81165,33.31433]]],[[[129.80625,33.31501],[129.81165,33.31433],[129.81036,33.31788],[129.80625,33.31501]]],[[[129.83935,33.31822],[129.83608,33.32293],[129.83581,33.31718],[129.83935,33.31822]]]]}},{"type":"Feature","properties":{"vid":"K64G09S00269","name":"立岩村","reading":"たちいわ","gun":"松浦郡","domains":["ogi","saga"],"isShared":true,"shared":[]},"geometry":{"type":"MultiPolygon","coordinates":[[[[129.7957,33.31689],[129.80323,33.32505],[129.80864,33.32658],[129.80395,33.32908],[129.80309,33.33243],[129.7999,33.33053],[129.79531,33.33222],[129.79286,33.32878],[129.78588,33.32943],[129.78238,33.32661],[129.78591,33.32579],[129.78681,33.32081],[129.7957,33.31689]]],[[[129.78375,33.33776],[129.77639,33.33093],[129.78238,33.32661],[129.78588,33.32943],[129.79009,33.32777],[129.795,33.33018],[129.79326,33.33331],[129.78474,33.33402],[129.78375,33.33776]]],[[[129.78375,33.33776],[129.78691,33.33283],[129.79273,33.33347],[129.79929,33.33053],[129.80357,33.33292],[129.79645,33.33413],[129.79078,33.3404],[129.78375,33.33776]]]]}},{"type":"Feature","properties":{"vid":"K64G09S00270","name":"西分村","reading":"にしぶん","gun":"松浦郡","domains":["ogi","saga"],"isShared":true,"shared":[]},"geometry":{"type":"Polygon","coordinates":[[[129.78238,33.32661],[129.77639,33.33093],[129.76989,33.32046],[129.78178,33.32189],[129.77667,33.31403],[129.78369,33.31356],[129.78335,33.31203],[129.78657,33.32333],[129.78481,33.32683],[129.78238,33.32661]]]}},{"type":"Feature","properties":{"vid":"K64G09S00271","name":"東分村","reading":"ひがしぶん","gun":"松浦郡","domains":["ogi","saga"],"isShared":true,"shared":[]},"geometry":{"type":"MultiPolygon","coordinates":[[[[129.78278,33.30123],[129.78573,33.29764],[129.80709,33.30103],[129.80913,33.30422],[129.80481,33.31238],[129.80625,33.31501],[129.79712,33.31592],[129.78638,33.32223],[129.78485,33.30977],[129.78088,33.30363],[129.78278,33.30123]]],[[[129.76294,33.30272],[129.78088,33.30363],[129.78485,33.30977],[129.78463,33.31714],[129.78335,33.31203],[129.78369,33.31356],[129.77866,33.31398],[129.77503,33.3113],[129.76703,33.31247],[129.76687,33.30739],[129.76294,33.30272]]]]}},{"type":"Feature","properties":{"vid":"K64G09S00272","name":"西大久保村","reading":null,"gun":"松浦郡","domains":["ogi","saga"],"isShared":true,"shared":[]},"geometry":{"type":"Polygon","coordinates":[[[129.77667,33.31403],[129.78178,33.32189],[129.76989,33.32046],[129.76703,33.31247],[129.77503,33.3113],[129.77667,33.31403]]]}},{"type":"Feature","properties":{"vid":"K64G09S00273","name":"皿山","reading":"さらやま","gun":"松浦郡","domains":["saga"],"isShared":false,"shared":[]},"geometry":{"type":"MultiPolygon","coordinates":[[[[129.91176,33.18843],[129.91242,33.19746],[129.90551,33.20034],[129.90165,33.19839],[129.90269,33.19204],[129.91176,33.18843]]],[[[129.91736,33.17712],[129.91814,33.18266],[129.91176,33.18843],[129.9033,33.19148],[129.90191,33.19483],[129.89821,33.19313],[129.89435,33.1868],[129.90614,33.18147],[129.91319,33.18134],[129.90963,33.17556],[129.91736,33.17712]]],[[[129.90551,33.20034],[129.9065,33.20652],[129.90231,33.21378],[129.88972,33.2123],[129.88696,33.20377],[129.89123,33.19828],[129.88616,33.18756],[129.8945,33.18698],[129.89821,33.19313],[129.90191,33.19483],[129.90165,33.19839],[129.90551,33.20034]]],[[[129.90963,33.17556],[129.91319,33.18134],[129.88616,33.18756],[129.88548,33.18174],[129.89124,33.18108],[129.89332,33.17659],[129.89645,33.17892],[129.90445,33.1746],[129.90963,33.17556]]]]}},{"type":"Feature","properties":{"vid":"K64G09S00274","name":"大里村","reading":"おおざと","gun":"松浦郡","domains":["saga"],"isShared":false,"shared":[]},"geometry":{"type":"MultiPolygon","coordinates":[[[[129.86999,33.26964],[129.86467,33.27393],[129.85865,33.26722],[129.8598,33.26331],[129.86999,33.26964]]],[[[129.86999,33.24989],[129.86832,33.25199],[129.87376,33.26702],[129.86999,33.26964],[129.8598,33.26331],[129.85543,33.2556],[129.86999,33.24989]]],[[[129.85606,33.27221],[129.85372,33.27181],[129.85145,33.26592],[129.83548,33.26196],[129.85343,33.26139],[129.85543,33.2556],[129.85982,33.26297],[129.85606,33.27221]]],[[[129.85421,33.25589],[129.85343,33.26139],[129.84411,33.26296],[129.83227,33.26095],[129.82756,33.2572],[129.85421,33.25589]]]]}},{"type":"Feature","properties":{"vid":"K64G09S00275","name":"中里村","reading":"なかざと","gun":"松浦郡","domains":["saga"],"isShared":false,"shared":[]},"geometry":{"type":"MultiPolygon","coordinates":[[[[129.85188,33.24268],[129.84126,33.24314],[129.84515,33.24234],[129.84345,33.23842],[129.84587,33.23707],[129.85188,33.24268]]],[[[129.87051,33.24402],[129.86999,33.24989],[129.8615,33.25181],[129.85685,33.2556],[129.85275,33.25617],[129.84989,33.25377],[129.84985,33.24946],[129.85318,33.24774],[129.86284,33.24546],[129.86248,33.24723],[129.86547,33.24695],[129.86856,33.24224],[129.87051,33.24402]]],[[[129.85132,33.25483],[129.82756,33.2572],[129.82359,33.25561],[129.82194,33.25131],[129.84367,33.25042],[129.84516,33.24856],[129.84985,33.24946],[129.85132,33.25483]]],[[[129.85318,33.24774],[129.84864,33.24984],[129.84143,33.24878],[129.84435,33.24693],[129.84243,33.24556],[129.84771,33.24286],[129.85188,33.24268],[129.85318,33.24774]]],[[[129.8436,33.24909],[129.82194,33.25131],[129.81431,33.24624],[129.83713,33.24499],[129.83876,33.2424],[129.84478,33.24374],[129.84243,33.24556],[129.8438,33.24796],[129.84143,33.24878],[129.8436,33.24909]]],[[[129.83876,33.2424],[129.83713,33.24499],[129.81431,33.24624],[129.80789,33.24456],[129.81435,33.24243],[129.81409,33.23637],[129.81713,33.23586],[129.82496,33.23684],[129.8316,33.24066],[129.83643,33.23993],[129.83876,33.2424]]],[[[129.83876,33.2424],[129.83821,33.24015],[129.84544,33.24103],[129.83876,33.2424]]],[[[129.83775,33.24036],[129.8316,33.24066],[129.82496,33.23684],[129.83205,33.23496],[129.84587,33.23707],[129.84345,33.23842],[129.84451,33.24067],[129.83775,33.24036]]],[[[129.87039,33.24323],[129.86628,33.24329],[129.86547,33.24695],[129.86248,33.24723],[129.86284,33.24546],[129.85318,33.24774],[129.85126,33.24178],[129.85445,33.23869],[129.86091,33.24137],[129.86653,33.23925],[129.87039,33.24323]]]]}},{"type":"Feature","properties":{"vid":"K64G09S00276","name":"曲川村","reading":"まがりかわ","gun":"松浦郡","domains":["saga"],"isShared":false,"shared":[]},"geometry":{"type":"MultiPolygon","coordinates":[[[[129.84732,33.18231],[129.84981,33.18423],[129.84773,33.18751],[129.84926,33.18973],[129.84704,33.1885],[129.84138,33.1911],[129.84186,33.19518],[129.83789,33.1945],[129.83756,33.19176],[129.82606,33.19266],[129.8233,33.19002],[129.82635,33.18981],[129.82138,33.18879],[129.82984,33.18489],[129.83812,33.18726],[129.83992,33.18605],[129.83828,33.18278],[129.84732,33.18231]]],[[[129.81658,33.19138],[129.82301,33.18882],[129.82904,33.19336],[129.83756,33.19176],[129.83789,33.1945],[129.84186,33.19518],[129.84181,33.19107],[129.8522,33.19504],[129.84654,33.19921],[129.83278,33.20269],[129.81878,33.20303],[129.81409,33.1988],[129.81674,33.19774],[129.81658,33.19138]]],[[[129.81417,33.19916],[129.82071,33.20317],[129.84654,33.19921],[129.84971,33.20319],[129.8481,33.20602],[129.84713,33.20423],[129.83086,33.20344],[129.82269,33.20576],[129.82146,33.20397],[129.81974,33.20641],[129.80889,33.20521],[129.81417,33.19916]]],[[[129.80889,33.20521],[129.84713,33.20423],[129.84901,33.20888],[129.83927,33.21024],[129.82308,33.20758],[129.80818,33.2099],[129.80889,33.20521]]],[[[129.84946,33.18516],[129.8543,33.189],[129.85117,33.19463],[129.84272,33.19133],[129.84704,33.1885],[129.84926,33.18973],[129.84768,33.18806],[129.84946,33.18516]]],[[[129.86332,33.17101],[129.86069,33.18214],[129.8543,33.189],[129.84728,33.18266],[129.84657,33.18022],[129.84976,33.17924],[129.844,33.17784],[129.85156,33.1773],[129.85802,33.17079],[129.86332,33.17101]]],[[[129.85678,33.18769],[129.85801,33.19346],[129.86029,33.19387],[129.85351,33.19806],[129.85068,33.19576],[129.85678,33.18769]]],[[[129.86242,33.19602],[129.86475,33.19982],[129.86347,33.20592],[129.8553,33.20129],[129.85058,33.20313],[129.84658,33.20058],[129.84991,33.19647],[129.85351,33.19806],[129.85925,33.19502],[129.86242,33.19602]]],[[[129.8495,33.20269],[129.8553,33.20129],[129.86258,33.20558],[129.85184,33.2036],[129.85191,33.20865],[129.84953,33.2093],[129.84756,33.20644],[129.8495,33.20269]]],[[[129.84425,33.17678],[129.84978,33.1796],[129.84657,33.18022],[129.84569,33.1833],[129.83828,33.18278],[129.83992,33.18605],[129.83812,33.18726],[129.82984,33.18489],[129.81602,33.19032],[129.81715,33.18454],[129.83471,33.17462],[129.83794,33.17325],[129.84425,33.17678]]]]}},{"type":"Feature","properties":{"vid":"K64G09S00277","name":"大木村","reading":"おおぎ","gun":"松浦郡","domains":["saga"],"isShared":false,"shared":[]},"geometry":{"type":"MultiPolygon","coordinates":[[[[129.84121,33.2234],[129.81245,33.22363],[129.81301,33.22077],[129.83814,33.21535],[129.84682,33.21606],[129.84853,33.21951],[129.84282,33.21921],[129.84121,33.2234]]],[[[129.80818,33.2099],[129.82347,33.20762],[129.82512,33.2089],[129.82324,33.21073],[129.82537,33.21159],[129.8231,33.21241],[129.8274,33.21489],[129.83274,33.21195],[129.83946,33.21209],[129.84539,33.21318],[129.84789,33.21604],[129.83814,33.21535],[129.81301,33.22077],[129.8096,33.21862],[129.80818,33.2099]]],[[[129.84121,33.2234],[129.84282,33.21921],[129.84853,33.21951],[129.84682,33.21606],[129.85261,33.21416],[129.86159,33.21702],[129.86448,33.22281],[129.86313,33.22498],[129.85395,33.22325],[129.84566,33.22657],[129.84121,33.2234]]],[[[129.82493,33.20817],[129.83927,33.21024],[129.85181,33.20882],[129.85184,33.2036],[129.86,33.20577],[129.85688,33.20826],[129.85596,33.21407],[129.85208,33.21568],[129.83946,33.21209],[129.83274,33.21195],[129.8274,33.21489],[129.8231,33.21241],[129.82524,33.21217],[129.82323,33.21068],[129.82493,33.20817]]],[[[129.86401,33.20555],[129.86749,33.20497],[129.8701,33.20879],[129.86754,33.2123],[129.87069,33.22507],[129.86556,33.22548],[129.86167,33.21708],[129.85479,33.21573],[129.85706,33.20802],[129.86401,33.20555]]],[[[129.89739,33.22366],[129.87903,33.22506],[129.8749,33.22805],[129.87006,33.2267],[129.87153,33.22416],[129.86754,33.21226],[129.87019,33.20915],[129.86795,33.2071],[129.87213,33.20486],[129.87903,33.20909],[129.88199,33.20791],[129.88967,33.21229],[129.89281,33.21118],[129.90168,33.21415],[129.89739,33.22366]]]]}},{"type":"Feature","properties":{"vid":"K64G09S00278","name":"山谷村","reading":"やまだに","gun":"松浦郡","domains":["saga"],"isShared":false,"shared":[]},"geometry":{"type":"MultiPolygon","coordinates":[[[[129.87102,33.23527],[129.86946,33.24108],[129.86615,33.23925],[129.86048,33.24133],[129.85445,33.23869],[129.85123,33.2418],[129.84845,33.23608],[129.853,33.23004],[129.87102,33.23527]]],[[[129.82496,33.23684],[129.81409,33.23637],[129.8103,33.22896],[129.8323,33.22858],[129.83357,33.23401],[129.81873,33.23331],[129.82511,33.23608],[129.83081,33.23554],[129.82496,33.23684]]],[[[129.84772,33.23801],[129.83659,33.23512],[129.82511,33.23608],[129.81871,33.23336],[129.83357,33.23401],[129.8337,33.22995],[129.84001,33.22855],[129.84772,33.23801]]],[[[129.81245,33.22363],[129.84065,33.22391],[129.84645,33.22786],[129.84671,33.23592],[129.84001,33.22855],[129.83313,33.23019],[129.83163,33.22836],[129.8103,33.22896],[129.81245,33.22363]]],[[[129.84909,33.23822],[129.8464,33.23498],[129.84576,33.22682],[129.83831,33.22314],[129.84545,33.22655],[129.84753,33.22454],[129.85096,33.2273],[129.8552,33.22596],[129.85886,33.22799],[129.85851,33.23091],[129.853,33.23004],[129.84921,33.23354],[129.84909,33.23822]]],[[[129.87927,33.22555],[129.87102,33.23527],[129.85851,33.23091],[129.85886,33.22799],[129.85533,33.226],[129.85141,33.22743],[129.84791,33.22502],[129.85395,33.22325],[129.86313,33.22498],[129.86422,33.22049],[129.86556,33.22548],[129.87469,33.22806],[129.87927,33.22555]]]]}},{"type":"Feature","properties":{"vid":"K64G09S00279","name":"新村","reading":"しん","gun":"松浦郡","domains":["saga"],"isShared":false,"shared":[]},"geometry":{"type":"MultiPolygon","coordinates":[[[[129.90209,33.17618],[129.89645,33.17892],[129.89341,33.17658],[129.88376,33.17679],[129.88563,33.17329],[129.89112,33.17129],[129.89582,33.17139],[129.90209,33.17618]]],[[[129.88574,33.1815],[129.8827,33.18004],[129.88376,33.17679],[129.8928,33.17756],[129.88938,33.18221],[129.88574,33.1815]]],[[[129.92849,33.17378],[129.916,33.17056],[129.917,33.16018],[129.93862,33.16537],[129.92849,33.17378]]],[[[129.88574,33.1815],[129.88008,33.18455],[129.87901,33.18154],[129.88574,33.1815]]],[[[129.87901,33.18154],[129.88008,33.18455],[129.87279,33.1879],[129.87901,33.18154]]],[[[129.91765,33.1743],[129.91584,33.1775],[129.90395,33.17479],[129.90246,33.1708],[129.90464,33.16752],[129.90942,33.1673],[129.91019,33.16114],[129.91416,33.16258],[129.91684,33.16046],[129.91544,33.16952],[129.91765,33.1743]]],[[[129.87279,33.1879],[129.87854,33.18529],[129.88027,33.18864],[129.87279,33.1879]]],[[[129.90395,33.17479],[129.90209,33.17618],[129.89582,33.17139],[129.88955,33.17201],[129.8893,33.16499],[129.88411,33.16304],[129.88787,33.15619],[129.89539,33.15983],[129.90584,33.15806],[129.91019,33.16114],[129.90942,33.1673],[129.90297,33.1691],[129.90395,33.17479]]],[[[129.88522,33.16198],[129.88454,33.16387],[129.8893,33.16499],[129.88955,33.17201],[129.88563,33.17329],[129.8827,33.18004],[129.8736,33.18355],[129.87124,33.18024],[129.87259,33.17296],[129.87942,33.16617],[129.87659,33.16482],[129.87898,33.16204],[129.88522,33.16198]]],[[[129.88616,33.18756],[129.88047,33.18874],[129.87854,33.18529],[129.8857,33.18212],[129.88616,33.18756]]],[[[129.88616,33.18756],[129.89131,33.19882],[129.88692,33.20363],[129.88026,33.2022],[129.87737,33.19646],[129.86886,33.19512],[129.87275,33.18814],[129.87728,33.18979],[129.88616,33.18756]]],[[[129.86869,33.1941],[129.87139,33.19665],[129.87737,33.19646],[129.87963,33.20052],[129.87297,33.20099],[129.86848,33.20731],[129.86749,33.20497],[129.86401,33.20555],[129.86475,33.19982],[129.86242,33.19602],[129.86442,33.19277],[129.86869,33.1941]]],[[[129.88705,33.20355],[129.88972,33.2123],[129.87123,33.20498],[129.87303,33.20097],[129.87963,33.20052],[129.88705,33.20355]]],[[[129.87659,33.16482],[129.87937,33.16635],[129.87423,33.1696],[129.8714,33.18078],[129.86255,33.17758],[129.86332,33.17101],[129.87659,33.16482]]],[[[129.87279,33.1879],[129.87122,33.19295],[129.86442,33.19277],[129.86208,33.19605],[129.85801,33.19346],[129.8565,33.1883],[129.8596,33.18266],[129.86693,33.185],[129.8714,33.18078],[129.87555,33.18356],[129.87279,33.1879]]],[[[129.8714,33.18078],[129.86693,33.185],[129.86014,33.18262],[129.86255,33.17758],[129.8714,33.18078]]]]}},{"type":"Feature","properties":{"vid":"K64G09S00280","name":"桃川村","reading":"もものかわ","gun":"松浦郡","domains":["saga"],"isShared":false,"shared":[]},"geometry":{"type":"MultiPolygon","coordinates":[[[[129.96477,33.27688],[129.966,33.28238],[129.95926,33.27832],[129.95536,33.27238],[129.95533,33.26626],[129.9525,33.26569],[129.95347,33.26229],[129.9575,33.26438],[129.96109,33.26282],[129.96477,33.27688]]],[[[129.94725,33.26196],[129.95274,33.26302],[129.9525,33.26569],[129.95533,33.26626],[129.95536,33.27238],[129.94888,33.27361],[129.94568,33.2712],[129.94725,33.26196]]],[[[129.98398,33.27527],[129.98286,33.2768],[129.97425,33.27422],[129.96477,33.27688],[129.96073,33.26005],[129.95715,33.25595],[129.96083,33.25463],[129.96535,33.26047],[129.97106,33.26166],[129.97244,33.26858],[129.98398,33.27527]]],[[[129.95712,33.25604],[129.96109,33.26282],[129.9575,33.26438],[129.9546,33.26198],[129.94725,33.26196],[129.94842,33.25452],[129.951,33.25439],[129.95134,33.25722],[129.95712,33.25604]]]]}},{"type":"Feature","properties":{"vid":"K64G09S00281","name":"提川村","reading":"さげのかわ","gun":"松浦郡","domains":["hasuike","saga"],"isShared":true,"shared":[]},"geometry":{"type":"MultiPolygon","coordinates":[[[[129.96063,33.293],[129.95408,33.28748],[129.95441,33.28326],[129.95057,33.27988],[129.95504,33.2811],[129.95292,33.27954],[129.95861,33.27746],[129.96785,33.28365],[129.96889,33.28999],[129.96102,33.28984],[129.96063,33.293]]],[[[129.94657,33.29009],[129.93829,33.28973],[129.93768,33.28306],[129.94644,33.28266],[129.9455,33.28088],[129.95216,33.27722],[129.95547,33.28086],[129.95076,33.2798],[129.95089,33.28158],[129.95403,33.28261],[129.95514,33.28846],[129.94657,33.29009]]],[[[129.95536,33.27238],[129.95861,33.27746],[129.95292,33.27954],[129.95154,33.27709],[129.9455,33.28088],[129.94644,33.28266],[129.93768,33.28306],[129.93751,33.27806],[129.94412,33.27323],[129.95536,33.27238]]]]}},{"type":"Feature","properties":{"vid":"K64G09S00283","name":"日尾村","reading":"ひお","gun":"松浦郡","domains":["ogi"],"isShared":false,"shared":[]},"geometry":{"type":"Polygon","coordinates":[[[129.85512,33.28282],[129.85268,33.28435],[129.85066,33.28001],[129.85413,33.2792],[129.85512,33.28282]]]}},{"type":"Feature","properties":{"vid":"K64G09S00284","name":"天神村","reading":"てんじん","gun":"松浦郡","domains":["ogi"],"isShared":false,"shared":[]},"geometry":{"type":"Polygon","coordinates":[[[129.84278,33.27753],[129.84222,33.28183],[129.84033,33.27818],[129.84278,33.27753]]]}},{"type":"Feature","properties":{"vid":"K64G09S00286","name":"浦川内村","reading":"うらがわち","gun":"松浦郡","domains":["ogi"],"isShared":false,"shared":[]},"geometry":{"type":"Polygon","coordinates":[[[129.83531,33.27874],[129.82844,33.26949],[129.83924,33.28084],[129.83631,33.2821],[129.83531,33.27874]]]}},{"type":"Feature","properties":{"vid":"K64G09S00287","name":"東大久保村","reading":"ひがしおおくぼ","gun":"松浦郡","domains":["ogi"],"isShared":false,"shared":[]},"geometry":{"type":"Polygon","coordinates":[[[129.83531,33.27874],[129.83378,33.28125],[129.82991,33.28138],[129.82693,33.27813],[129.82689,33.2726],[129.82889,33.27158],[129.83531,33.27874]]]}},{"type":"Feature","properties":{"vid":"K64G10S00007","name":"矢上村","reading":"やがみ","gun":"彼杵郡","domains":["saga"],"isShared":false,"shared":[]},"geometry":{"type":"MultiPolygon","coordinates":[[[[129.94909,32.77961],[129.94849,32.77172],[129.95255,32.77022],[129.95415,32.77871],[129.94909,32.77961]]],[[[129.94909,32.77961],[129.95117,32.77809],[129.95521,32.7799],[129.95381,32.7819],[129.96034,32.7891],[129.94869,32.78619],[129.95092,32.78261],[129.94909,32.77961]]],[[[129.94909,32.78537],[129.94767,32.78896],[129.95145,32.79108],[129.94787,32.79101],[129.94812,32.79583],[129.9361,32.79447],[129.93977,32.78808],[129.94481,32.78463],[129.94909,32.78537]]],[[[129.91359,32.77304],[129.92383,32.76347],[129.92876,32.76341],[129.93207,32.76813],[129.93599,32.76924],[129.93935,32.76488],[129.94086,32.76628],[129.93661,32.77099],[129.93831,32.77353],[129.93119,32.77663],[129.92226,32.77281],[129.91359,32.77304]]],[[[129.94866,32.77226],[129.94854,32.77945],[129.93863,32.77874],[129.93704,32.77366],[129.94326,32.77308],[129.94447,32.77078],[129.94866,32.77226]]],[[[129.95009,32.77122],[129.94447,32.77078],[129.94303,32.77312],[129.94051,32.77237],[129.94059,32.76938],[129.94528,32.76403],[129.95009,32.77122]]],[[[129.95394,32.77905],[129.95531,32.77558],[129.96536,32.7741],[129.96663,32.78137],[129.97009,32.78366],[129.96857,32.79029],[129.95928,32.79209],[129.95691,32.79004],[129.95386,32.79177],[129.94865,32.79008],[129.94869,32.78619],[129.96034,32.7891],[129.95381,32.7819],[129.95394,32.77905]]],[[[129.94909,32.77961],[129.95092,32.78261],[129.94909,32.78537],[129.94481,32.78463],[129.94225,32.78683],[129.93769,32.7806],[129.93919,32.77851],[129.94909,32.77961]]],[[[129.91929,32.80428],[129.92891,32.80121],[129.9361,32.79447],[129.94812,32.79583],[129.94015,32.80177],[129.93882,32.8073],[129.93628,32.80813],[129.93123,32.80755],[129.92544,32.81037],[129.91929,32.80428]]],[[[129.93275,32.8172],[129.92544,32.81037],[129.93882,32.8073],[129.94015,32.81324],[129.93762,32.81647],[129.93275,32.8172]]],[[[129.91929,32.80428],[129.91137,32.79299],[129.92671,32.79352],[129.92957,32.78914],[129.92678,32.78241],[129.93725,32.78014],[129.94092,32.7828],[129.94142,32.78771],[129.93662,32.79124],[129.93713,32.79395],[129.93297,32.79829],[129.91929,32.80428]]],[[[129.91116,32.78143],[129.92678,32.78241],[129.92942,32.78822],[129.92851,32.7926],[129.90766,32.79366],[129.91116,32.78143]]],[[[129.91388,32.78148],[129.91474,32.77279],[129.92226,32.77281],[129.92943,32.77692],[129.93704,32.77366],[129.93863,32.77874],[129.93132,32.78223],[129.91388,32.78148]]],[[[129.93935,32.76488],[129.93869,32.76344],[129.94744,32.75902],[129.956,32.76445],[129.95009,32.77122],[129.94464,32.76407],[129.93831,32.77353],[129.93661,32.77099],[129.94093,32.76682],[129.93935,32.76488]]],[[[129.95367,32.77692],[129.95255,32.77022],[129.956,32.76445],[129.96919,32.76515],[129.96625,32.76838],[129.96641,32.77373],[129.95367,32.77692]]]]}},{"type":"Feature","properties":{"vid":"K64G10S00008","name":"喜々津村","reading":"ききつ","gun":"彼杵郡","domains":["saga"],"isShared":false,"shared":[]},"geometry":{"type":"MultiPolygon","coordinates":[[[[129.99181,32.82224],[129.99161,32.82574],[129.98578,32.82689],[129.98563,32.83208],[129.9795,32.83041],[129.98202,32.82822],[129.98278,32.82047],[129.99181,32.82224]]],[[[129.97754,32.83643],[129.97928,32.8366],[129.97833,32.83856],[129.97754,32.83643]]],[[[129.9773,32.836],[129.9776,32.83636],[129.97754,32.83643],[129.97747,32.8365],[129.97744,32.83661],[129.97747,32.83695],[129.97748,32.83726],[129.97755,32.83752],[129.97775,32.83824],[129.97784,32.83859],[129.97715,32.83862],[129.97713,32.83826],[129.97709,32.83772],[129.97708,32.83771],[129.97702,32.83747],[129.97678,32.83751],[129.97672,32.83752],[129.97663,32.83753],[129.97622,32.83759],[129.97621,32.83758],[129.97616,32.83754],[129.97633,32.83717],[129.97646,32.83695],[129.97658,32.83676],[129.97676,32.83653],[129.97706,32.83622],[129.9773,32.836]]],[[[129.96107,32.82329],[129.95901,32.82083],[129.96206,32.81806],[129.96087,32.81669],[129.96538,32.81778],[129.96107,32.82329]]],[[[129.96626,32.81147],[129.97624,32.81939],[129.97137,32.82148],[129.96218,32.81648],[129.96626,32.81147]]],[[[129.98168,32.83193],[129.97603,32.83246],[129.97856,32.82641],[129.98202,32.82822],[129.9795,32.83041],[129.98168,32.83193]]],[[[129.97851,32.83512],[129.98067,32.83813],[129.97754,32.83643],[129.97851,32.83512]]],[[[129.97815,32.82692],[129.97603,32.83246],[129.97352,32.83108],[129.96908,32.83316],[129.96978,32.82839],[129.97815,32.82692]]],[[[129.97657,32.81737],[129.97618,32.82398],[129.96937,32.82487],[129.9677,32.82206],[129.97467,32.8206],[129.97657,32.81737]]],[[[129.99161,32.82574],[129.992,32.83032],[129.98698,32.83075],[129.98578,32.82689],[129.99161,32.82574]]],[[[129.99166,32.83398],[129.99339,32.84184],[129.98637,32.84161],[129.98652,32.83596],[129.98364,32.83339],[129.99166,32.83398]]],[[[129.96107,32.82329],[129.95775,32.82387],[129.9531,32.83417],[129.93634,32.8355],[129.93573,32.83061],[129.93812,32.83159],[129.94719,32.82779],[129.95652,32.81862],[129.96107,32.82329]]],[[[129.99166,32.83398],[129.9881,32.83394],[129.98785,32.83167],[129.99118,32.83012],[129.99166,32.83398]]],[[[129.9881,32.83394],[129.98287,32.83277],[129.98698,32.83075],[129.9881,32.83394]]],[[[129.97867,32.81622],[129.98059,32.81074],[129.98733,32.80611],[129.99095,32.80679],[129.98916,32.81267],[129.99181,32.82224],[129.98278,32.82047],[129.9818,32.82677],[129.97954,32.82763],[129.97752,32.82578],[129.98084,32.82392],[129.97867,32.81622]]],[[[129.98364,32.83339],[129.9853,32.83561],[129.9839,32.84071],[129.98088,32.84047],[129.97936,32.83481],[129.98364,32.83339]]],[[[129.98364,32.83339],[129.97851,32.83512],[129.97616,32.83252],[129.98364,32.83339]]],[[[129.97603,32.83246],[129.97851,32.83512],[129.97591,32.84055],[129.97974,32.84395],[129.97553,32.84509],[129.97589,32.84792],[129.9729,32.85001],[129.97145,32.84248],[129.96118,32.83714],[129.97343,32.83109],[129.97603,32.83246]]],[[[129.97657,32.81737],[129.97867,32.81622],[129.98072,32.82115],[129.97815,32.82692],[129.96637,32.82764],[129.96289,32.82452],[129.97523,32.82474],[129.97657,32.81737]]],[[[129.96968,32.82048],[129.96138,32.82454],[129.96538,32.81778],[129.96968,32.82048]]],[[[129.97059,32.82809],[129.96908,32.83316],[129.96313,32.8365],[129.9531,32.83417],[129.95823,32.82349],[129.97059,32.82809]]],[[[129.9677,32.82206],[129.96786,32.8248],[129.96617,32.82407],[129.9677,32.82206]]],[[[129.9677,32.82206],[129.96759,32.82199],[129.96758,32.82204],[129.96751,32.82212],[129.96747,32.82216],[129.96737,32.82221],[129.9673,32.82232],[129.96727,32.82246],[129.96717,32.82255],[129.96713,32.8226],[129.96712,32.82264],[129.96712,32.82269],[129.96714,32.82273],[129.96723,32.82284],[129.96729,32.82288],[129.96733,32.82295],[129.96733,32.823],[129.96729,32.82317],[129.9673,32.82323],[129.96722,32.82337],[129.96714,32.82342],[129.96704,32.82336],[129.96701,32.82336],[129.96694,32.82341],[129.9669,32.82341],[129.96683,32.82341],[129.96678,32.82343],[129.96675,32.82346],[129.96675,32.8235],[129.96687,32.8236],[129.96676,32.82368],[129.96617,32.82407],[129.96577,32.82398],[129.96549,32.82391],[129.96513,32.8238],[129.96499,32.82377],[129.9649,32.82376],[129.96476,32.82377],[129.96453,32.82378],[129.96441,32.82378],[129.96428,32.82376],[129.96424,32.82376],[129.96402,32.82369],[129.96394,32.82365],[129.96391,32.82357],[129.96393,32.82355],[129.96393,32.82348],[129.96397,32.8234],[129.96443,32.82283],[129.96492,32.82229],[129.96519,32.82216],[129.96533,32.82207],[129.96543,32.82203],[129.96555,32.822],[129.96559,32.82198],[129.96568,32.82189],[129.96574,32.82184],[129.96592,32.82182],[129.96595,32.82182],[129.96601,32.82179],[129.96607,32.82173],[129.96614,32.82169],[129.96617,32.82167],[129.96629,32.82167],[129.96637,32.82165],[129.96641,32.82166],[129.96651,32.82171],[129.96662,32.82177],[129.9667,32.82176],[129.96693,32.82167],[129.96697,32.82165],[129.96706,32.82166],[129.96711,32.82165],[129.96721,32.82161],[129.96728,32.82158],[129.96733,32.82152],[129.96735,32.82147],[129.96739,32.82142],[129.96746,32.82137],[129.96749,32.82132],[129.96755,32.82124],[129.96764,32.82124],[129.96775,32.82099],[129.96771,32.82096],[129.96787,32.82082],[129.96792,32.82075],[129.96796,32.8208],[129.96799,32.82079],[129.96819,32.82098],[129.96816,32.82104],[129.96836,32.82106],[129.96856,32.82122],[129.96855,32.82128],[129.96858,32.82132],[129.96862,32.82134],[129.96872,32.82139],[129.96876,32.8214],[129.96878,32.82141],[129.96882,32.82143],[129.9689,32.82149],[129.96893,32.82152],[129.96882,32.82157],[129.9686,32.82162],[129.96862,32.82174],[129.96829,32.82181],[129.9677,32.82206]]],[[[129.9599,32.81055],[129.96626,32.81147],[129.96613,32.81314],[129.95901,32.82083],[129.95361,32.81729],[129.9599,32.81055]]],[[[129.93275,32.8172],[129.93831,32.81644],[129.94869,32.81977],[129.95361,32.81729],[129.95581,32.81948],[129.94903,32.82657],[129.93812,32.83159],[129.93162,32.82356],[129.93275,32.8172]]]]}},{"type":"Feature","properties":{"vid":"K64G10S00009","name":"大草村","reading":"おおくさ","gun":"彼杵郡","domains":["saga"],"isShared":false,"shared":[]},"geometry":{"type":"MultiPolygon","coordinates":[[[[129.96742,32.84095],[129.97145,32.84248],[129.97267,32.84993],[129.95687,32.84513],[129.9601,32.84333],[129.95738,32.84225],[129.96289,32.83995],[129.96742,32.84095]]],[[[129.95005,32.83508],[129.95429,32.8345],[129.96742,32.84095],[129.96305,32.8399],[129.95738,32.84225],[129.9601,32.84333],[129.9571,32.84344],[129.95632,32.84815],[129.95205,32.84457],[129.95005,32.83508]]],[[[129.93634,32.8355],[129.95005,32.83508],[129.94974,32.83964],[129.95253,32.84377],[129.94914,32.8458],[129.94326,32.84027],[129.93841,32.84026],[129.93634,32.8355]]],[[[129.95205,32.84457],[129.95433,32.84568],[129.95215,32.84802],[129.94362,32.8524],[129.93829,32.84983],[129.93564,32.84413],[129.93841,32.84026],[129.9419,32.83983],[129.94914,32.8458],[129.95205,32.84457]]],[[[129.93573,32.83061],[129.93886,32.83953],[129.93272,32.8484],[129.9301,32.84271],[129.93291,32.83994],[129.92752,32.83526],[129.92957,32.82878],[129.93387,32.82768],[129.93573,32.83061]]],[[[129.95687,32.84513],[129.96538,32.84677],[129.95728,32.84699],[129.95687,32.84513]]],[[[129.95433,32.84568],[129.95832,32.85453],[129.9514,32.85968],[129.94362,32.8524],[129.95433,32.84568]]],[[[129.93065,32.84326],[129.93231,32.84821],[129.93567,32.84434],[129.9394,32.85046],[129.93859,32.85449],[129.93127,32.85862],[129.92812,32.84906],[129.93066,32.84755],[129.93065,32.84326]]],[[[129.9394,32.85046],[129.95067,32.8587],[129.95177,32.86316],[129.93526,32.85915],[129.9394,32.85046]]]]}},{"type":"Feature","properties":{"vid":"K64G10S00010","name":"本村","reading":"もと","gun":"彼杵郡","domains":["saga"],"isShared":false,"shared":[]},"geometry":{"type":"MultiPolygon","coordinates":[[[[129.81644,32.654],[129.81471,32.65292],[129.81714,32.65229],[129.81644,32.654]]],[[[129.82636,32.67032],[129.82373,32.66555],[129.82764,32.65981],[129.84483,32.6635],[129.85161,32.65852],[129.86008,32.6667],[129.85629,32.67009],[129.84223,32.67003],[129.83934,32.66696],[129.83153,32.67332],[129.82636,32.67032]]],[[[129.83546,32.68832],[129.8373,32.68304],[129.83936,32.68751],[129.8457,32.68477],[129.84844,32.68651],[129.8446,32.68837],[129.8444,32.69513],[129.8353,32.69988],[129.83339,32.69349],[129.8378,32.69159],[129.83546,32.68832]]],[[[129.86423,32.6984],[129.85809,32.69942],[129.85549,32.69645],[129.85267,32.69715],[129.85168,32.6939],[129.84293,32.69609],[129.8446,32.68837],[129.84901,32.68485],[129.85475,32.68393],[129.8563,32.68696],[129.86126,32.68346],[129.86169,32.67485],[129.86809,32.68035],[129.8704,32.67908],[129.87949,32.68531],[129.86989,32.69477],[129.86336,32.69674],[129.86423,32.6984]]],[[[129.81644,32.654],[129.81652,32.65391],[129.81665,32.65377],[129.81706,32.65343],[129.81675,32.65311],[129.81686,32.65293],[129.81697,32.6528],[129.81702,32.65284],[129.81709,32.6528],[129.81728,32.65264],[129.8173,32.65258],[129.81752,32.65306],[129.81798,32.65305],[129.81819,32.65301],[129.81809,32.6531],[129.81821,32.65323],[129.81824,32.65327],[129.81826,32.6533],[129.81825,32.65334],[129.8182,32.65354],[129.81818,32.65361],[129.81815,32.65365],[129.8181,32.65369],[129.81799,32.65377],[129.81765,32.65382],[129.81764,32.65388],[129.81764,32.65395],[129.81764,32.65404],[129.81766,32.65417],[129.81756,32.65429],[129.81757,32.65433],[129.81761,32.65436],[129.81772,32.65448],[129.81771,32.65451],[129.81765,32.65456],[129.81765,32.65453],[129.81748,32.65463],[129.81732,32.65465],[129.81715,32.65481],[129.81707,32.65489],[129.81706,32.65488],[129.81706,32.65486],[129.81706,32.65483],[129.81705,32.65481],[129.81705,32.65479],[129.81704,32.65477],[129.81704,32.65474],[129.81703,32.65473],[129.81703,32.6547],[129.81703,32.65468],[129.81703,32.65466],[129.81701,32.65463],[129.81697,32.6546],[129.81692,32.65453],[129.81692,32.65451],[129.81691,32.65449],[129.81691,32.65447],[129.8169,32.65444],[129.8169,32.65442],[129.81689,32.65439],[129.81683,32.65434],[129.81667,32.65419],[129.81661,32.65414],[129.81653,32.65406],[129.81644,32.654]]],[[[129.82979,32.67326],[129.83365,32.67292],[129.83934,32.66696],[129.84223,32.67003],[129.85582,32.66886],[129.86169,32.67485],[129.86175,32.6828],[129.8563,32.68696],[129.85475,32.68393],[129.85089,32.68404],[129.84836,32.68642],[129.8457,32.68477],[129.83936,32.68751],[129.82979,32.67326]]],[[[129.84675,32.70137],[129.84748,32.69914],[129.84305,32.69619],[129.85182,32.69392],[129.85322,32.69849],[129.85097,32.7019],[129.84675,32.70137]]],[[[129.84605,32.6998],[129.84603,32.69981],[129.846,32.69982],[129.84599,32.69983],[129.84592,32.69985],[129.84573,32.69962],[129.84562,32.69967],[129.84544,32.69935],[129.84555,32.6993],[129.84535,32.69894],[129.84528,32.69894],[129.84527,32.69895],[129.84526,32.69899],[129.84504,32.69899],[129.84477,32.69852],[129.84476,32.6985],[129.8447,32.69853],[129.84432,32.69798],[129.84426,32.6979],[129.84507,32.69758],[129.84532,32.69801],[129.84561,32.69788],[129.84592,32.69841],[129.84597,32.69855],[129.84607,32.69874],[129.84611,32.69878],[129.84615,32.69882],[129.84656,32.6996],[129.84605,32.6998]]],[[[129.81935,32.65694],[129.81843,32.65424],[129.82106,32.65852],[129.81935,32.65694]]],[[[129.81772,32.65448],[129.81761,32.65436],[129.81757,32.65433],[129.81756,32.65429],[129.81766,32.65417],[129.81764,32.65404],[129.81764,32.65395],[129.81764,32.65388],[129.81765,32.65382],[129.81799,32.65377],[129.8181,32.65369],[129.81815,32.65365],[129.81818,32.65361],[129.8182,32.65354],[129.81825,32.65334],[129.81826,32.6533],[129.81833,32.65327],[129.81863,32.65325],[129.81871,32.65322],[129.81878,32.65317],[129.81888,32.65323],[129.81891,32.65327],[129.81886,32.6533],[129.8188,32.65337],[129.81888,32.65346],[129.81897,32.65357],[129.81916,32.65358],[129.81928,32.65358],[129.81936,32.65349],[129.8193,32.65346],[129.8193,32.65336],[129.81949,32.65336],[129.81957,32.65341],[129.81958,32.65343],[129.81962,32.65353],[129.81963,32.65356],[129.81971,32.65363],[129.81977,32.65367],[129.8198,32.65369],[129.81986,32.65372],[129.81981,32.65386],[129.8199,32.65397],[129.81992,32.65396],[129.82016,32.65421],[129.82032,32.65438],[129.8203,32.65445],[129.82008,32.65449],[129.81989,32.65448],[129.81985,32.65432],[129.8197,32.65433],[129.8197,32.65447],[129.81947,32.65443],[129.81942,32.65444],[129.81937,32.65448],[129.81935,32.65458],[129.81934,32.65492],[129.8193,32.655],[129.81899,32.65454],[129.81903,32.65442],[129.81904,32.65425],[129.81878,32.65427],[129.81872,32.65418],[129.81867,32.65423],[129.81863,32.65426],[129.81855,32.65426],[129.81843,32.65424],[129.81835,32.65437],[129.81834,32.65456],[129.81832,32.65459],[129.81828,32.65455],[129.81821,32.65452],[129.81818,32.65452],[129.81807,32.65458],[129.81801,32.65463],[129.81793,32.65467],[129.81772,32.65448]]],[[[129.82755,32.65982],[129.82384,32.66652],[129.81767,32.66638],[129.81859,32.65758],[129.82095,32.65858],[129.82125,32.65693],[129.81847,32.65277],[129.82664,32.65218],[129.82755,32.65982]]],[[[129.81819,32.65301],[129.81828,32.6529],[129.81837,32.65259],[129.81841,32.65227],[129.81853,32.65206],[129.8187,32.65198],[129.81884,32.65196],[129.81886,32.65195],[129.81898,32.65188],[129.81922,32.6518],[129.81928,32.65161],[129.8194,32.65149],[129.81966,32.6513],[129.81981,32.65158],[129.81998,32.65178],[129.82008,32.65201],[129.82021,32.65237],[129.82036,32.65256],[129.82044,32.6526],[129.82055,32.65263],[129.82069,32.65261],[129.82089,32.65254],[129.82103,32.65248],[129.82111,32.65241],[129.82102,32.6526],[129.8207,32.65274],[129.82056,32.65277],[129.82036,32.65273],[129.82003,32.65273],[129.81992,32.65275],[129.81979,32.6528],[129.8197,32.6528],[129.81962,32.65278],[129.81945,32.65271],[129.81941,32.65273],[129.81938,32.65273],[129.81922,32.65285],[129.81907,32.65292],[129.81898,32.65285],[129.81892,32.65283],[129.81885,32.65283],[129.81875,32.65288],[129.81871,32.65289],[129.81857,32.65272],[129.81847,32.65277],[129.81858,32.65293],[129.81851,32.65295],[129.81837,32.65298],[129.81819,32.65301]]],[[[129.81714,32.65229],[129.81264,32.65222],[129.81139,32.65424],[129.8079,32.64881],[129.80882,32.64547],[129.81031,32.64847],[129.81759,32.65022],[129.81714,32.65229]]],[[[129.81462,32.65339],[129.81281,32.65507],[129.81473,32.65617],[129.80978,32.65588],[129.80721,32.65083],[129.80252,32.64815],[129.80785,32.64477],[129.81139,32.65424],[129.81264,32.65222],[129.81462,32.65339]]],[[[129.79607,32.65844],[129.79606,32.65847],[129.79604,32.65849],[129.79603,32.6585],[129.79602,32.65851],[129.79599,32.65851],[129.79597,32.65851],[129.79594,32.6585],[129.79592,32.65849],[129.79589,32.65849],[129.79586,32.65848],[129.79584,32.65847],[129.79581,32.65846],[129.7958,32.65845],[129.79577,32.65845],[129.79575,32.65844],[129.79572,32.65843],[129.79569,32.65842],[129.79568,32.65842],[129.79565,32.65842],[129.79563,32.65843],[129.79561,32.65843],[129.79558,32.65845],[129.79555,32.65845],[129.79555,32.65845],[129.79554,32.65844],[129.79553,32.65844],[129.79553,32.65842],[129.79554,32.65841],[129.79556,32.65839],[129.79559,32.65837],[129.79562,32.65835],[129.79564,32.65834],[129.79566,32.65834],[129.79568,32.65833],[129.79571,32.65834],[129.79573,32.65835],[129.79576,32.65835],[129.79577,32.65836],[129.7958,32.65836],[129.79582,32.65836],[129.79585,32.65835],[129.79586,32.65834],[129.79587,32.65833],[129.79588,32.65833],[129.79587,32.65832],[129.79584,32.65832],[129.7958,32.65832],[129.79577,32.65832],[129.79575,32.65832],[129.79573,32.6583],[129.79573,32.65829],[129.79575,32.65828],[129.79578,32.65827],[129.79581,32.65827],[129.79583,32.65827],[129.79586,32.65828],[129.79588,32.65828],[129.79591,32.65829],[129.79593,32.65829],[129.79595,32.6583],[129.79598,32.6583],[129.79598,32.6583],[129.79601,32.65829],[129.79603,32.65827],[129.79605,32.65826],[129.79607,32.65824],[129.79608,32.65823],[129.7961,32.65821],[129.79611,32.6582],[129.79613,32.65818],[129.79615,32.65816],[129.79615,32.65816],[129.79617,32.65814],[129.79619,32.65812],[129.79619,32.65812],[129.7962,32.65809],[129.79619,32.65808],[129.79619,32.65805],[129.79617,32.65803],[129.79617,32.65802],[129.79616,32.658],[129.79615,32.65799],[129.79614,32.65797],[129.79612,32.65795],[129.7961,32.65794],[129.79608,32.65793],[129.79606,32.65792],[129.79605,32.65791],[129.79603,32.6579],[129.79602,32.65788],[129.796,32.65786],[129.79599,32.65784],[129.79598,32.65783],[129.79596,32.65782],[129.79594,32.6578],[129.79592,32.65779],[129.79589,32.65778],[129.79587,32.65776],[129.79586,32.65775],[129.79584,32.65774],[129.79583,32.65773],[129.79581,32.65771],[129.7958,32.65769],[129.7958,32.65768],[129.7958,32.65766],[129.7958,32.65765],[129.79579,32.65764],[129.79576,32.65763],[129.79576,32.65763],[129.79574,32.65762],[129.79572,32.6576],[129.7957,32.65758],[129.79569,32.65756],[129.79568,32.65754],[129.79567,32.65752],[129.79567,32.65751],[129.79568,32.65749],[129.7957,32.65747],[129.79572,32.65746],[129.79575,32.65744],[129.79575,32.65744],[129.79578,32.65743],[129.7958,32.65743],[129.79583,32.65742],[129.79586,32.65742],[129.79588,32.65741],[129.79591,32.65741],[129.79593,32.65741],[129.79596,32.6574],[129.79599,32.6574],[129.79601,32.65739],[129.79604,32.65739],[129.79607,32.65738],[129.79609,32.65738],[129.79612,32.65737],[129.79615,32.65737],[129.79617,32.65736],[129.7962,32.65736],[129.79623,32.65735],[129.79625,32.65734],[129.79627,32.65733],[129.79628,32.65733],[129.79629,32.65731],[129.79631,32.65729],[129.79631,32.65728],[129.79633,32.65726],[129.79633,32.65725],[129.79633,32.65723],[129.79633,32.65722],[129.79633,32.6572],[129.79631,32.65719],[129.79628,32.6572],[129.79625,32.6572],[129.79623,32.65721],[129.7962,32.65721],[129.79617,32.65721],[129.79615,32.6572],[129.79614,32.6572],[129.79612,32.65718],[129.79613,32.65716],[129.79615,32.65715],[129.79618,32.65714],[129.7962,32.65713],[129.79623,32.65713],[129.79625,32.65712],[129.79627,32.65711],[129.7963,32.6571],[129.79633,32.6571],[129.79633,32.6571],[129.79636,32.65711],[129.79638,32.65711],[129.7964,32.65709],[129.7964,32.65707],[129.79638,32.65706],[129.79635,32.65706],[129.79632,32.65707],[129.79629,32.65707],[129.79628,32.65707],[129.79626,32.65707],[129.79623,32.65707],[129.7962,32.65706],[129.79618,32.65705],[129.79616,32.65705],[129.79614,32.65704],[129.79614,32.65702],[129.79615,32.65701],[129.79617,32.65699],[129.79619,32.65698],[129.79621,32.65696],[129.79623,32.65695],[129.79626,32.65694],[129.79628,32.65693],[129.7963,32.65691],[129.79632,32.65691],[129.79634,32.6569],[129.79636,32.6569],[129.79639,32.65689],[129.79637,32.65688],[129.79634,32.65688],[129.79634,32.65687],[129.79635,32.65686],[129.79637,32.65685],[129.7964,32.65685],[129.79642,32.65686],[129.79645,32.65686],[129.79648,32.65685],[129.79651,32.65685],[129.79653,32.65686],[129.79654,32.65688],[129.79654,32.6569],[129.79655,32.65691],[129.79657,32.65692],[129.7966,32.65692],[129.79663,32.65692],[129.79665,32.65691],[129.79667,32.65691],[129.79669,32.6569],[129.79672,32.65689],[129.79675,32.65689],[129.79677,32.65688],[129.79679,32.65687],[129.79682,32.65686],[129.79684,32.65686],[129.79687,32.65685],[129.79689,32.65684],[129.79692,32.65683],[129.79694,32.65682],[129.79697,32.65682],[129.79699,32.65681],[129.79702,32.6568],[129.79704,32.65679],[129.79707,32.65678],[129.79709,32.65678],[129.79712,32.65677],[129.79714,32.65675],[129.79715,32.65675],[129.79717,32.65673],[129.79719,32.65672],[129.7972,32.6567],[129.79721,32.6567],[129.79722,32.65668],[129.79724,32.65666],[129.79726,32.65664],[129.79727,32.65663],[129.79728,32.65662],[129.79728,32.6566],[129.79729,32.65658],[129.79729,32.65655],[129.79729,32.65653],[129.79729,32.65651],[129.79729,32.65648],[129.79729,32.65646],[129.79729,32.65644],[129.7973,32.65641],[129.79731,32.65639],[129.79731,32.65639],[129.79732,32.65637],[129.79734,32.65636],[129.79736,32.65634],[129.79736,32.65634],[129.79738,32.65632],[129.7974,32.6563],[129.79741,32.65628],[129.79742,32.65626],[129.79743,32.65624],[129.79744,32.65622],[129.79745,32.6562],[129.79745,32.65618],[129.79745,32.65615],[129.79744,32.65614],[129.79742,32.65614],[129.79741,32.65614],[129.79738,32.65613],[129.79736,32.65613],[129.79733,32.65613],[129.79731,32.65612],[129.79729,32.65612],[129.79727,32.6561],[129.79725,32.65608],[129.79724,32.65606],[129.79724,32.65605],[129.79723,32.65603],[129.79723,32.65602],[129.79722,32.65599],[129.79722,32.65597],[129.79722,32.65595],[129.79722,32.65593],[129.79722,32.65591],[129.79722,32.6559],[129.79721,32.65588],[129.79721,32.65586],[129.79721,32.65583],[129.79721,32.65581],[129.79721,32.65579],[129.79721,32.65578],[129.79723,32.65577],[129.79723,32.65576],[129.79725,32.65574],[129.79726,32.65573],[129.79727,32.65572],[129.79729,32.65571],[129.79732,32.6557],[129.79734,32.65569],[129.79737,32.65567],[129.79739,32.65566],[129.7974,32.65565],[129.79742,32.65563],[129.79743,32.65562],[129.79745,32.6556],[129.79746,32.65558],[129.79747,32.65557],[129.79747,32.65555],[129.79748,32.65553],[129.7975,32.65552],[129.79751,32.65551],[129.79753,32.6555],[129.79754,32.6555],[129.79757,32.6555],[129.7976,32.65549],[129.79762,32.65549],[129.79765,32.65548],[129.79767,32.65547],[129.79768,32.65545],[129.7977,32.65543],[129.79772,32.65542],[129.79773,32.65541],[129.79775,32.65541],[129.79776,32.65541],[129.79777,32.65541],[129.79779,32.6554],[129.79781,32.65539],[129.79783,32.65537],[129.79784,32.65535],[129.79786,32.65533],[129.79787,32.65531],[129.79789,32.6553],[129.79791,32.65528],[129.79793,32.65527],[129.79796,32.65526],[129.79797,32.65526],[129.79799,32.65526],[129.79802,32.65525],[129.79805,32.65525],[129.79808,32.65525],[129.7981,32.65526],[129.79812,32.65526],[129.79814,32.65527],[129.79815,32.65528],[129.79816,32.6553],[129.79817,32.6553],[129.79819,32.6553],[129.79822,32.65529],[129.79825,32.65528],[129.79828,32.65528],[129.7983,32.65527],[129.79833,32.65528],[129.79834,32.65528],[129.79836,32.6553],[129.79837,32.65532],[129.79837,32.65534],[129.79837,32.65535],[129.79836,32.65538],[129.79836,32.6554],[129.79836,32.65542],[129.79835,32.65544],[129.79835,32.65546],[129.79833,32.65548],[129.7983,32.6555],[129.79828,32.65551],[129.79828,32.65552],[129.79829,32.65554],[129.79831,32.65556],[129.79832,32.65557],[129.79831,32.65558],[129.79828,32.65559],[129.79825,32.6556],[129.79824,32.6556],[129.7982,32.6556],[129.79818,32.6556],[129.79817,32.65561],[129.79818,32.65562],[129.79819,32.65564],[129.79821,32.65566],[129.79821,32.65567],[129.79821,32.65569],[129.79821,32.65571],[129.7982,32.65573],[129.79819,32.65576],[129.79818,32.65578],[129.79816,32.6558],[129.79814,32.65581],[129.79812,32.65583],[129.7981,32.65585],[129.79808,32.65586],[129.79806,32.65588],[129.79804,32.65589],[129.79802,32.6559],[129.79801,32.65591],[129.79799,32.65592],[129.79797,32.65593],[129.79794,32.65594],[129.79792,32.65595],[129.7979,32.65595],[129.79787,32.65596],[129.79785,32.65597],[129.79782,32.65598],[129.7978,32.65599],[129.79777,32.656],[129.79776,32.656],[129.79773,32.65602],[129.7977,32.65603],[129.79768,32.65605],[129.79768,32.65605],[129.79771,32.65605],[129.79772,32.65605],[129.79775,32.65605],[129.79778,32.65604],[129.7978,32.65603],[129.79783,32.65603],[129.79785,32.65602],[129.79787,32.65601],[129.7979,32.65601],[129.79792,32.65601],[129.79794,32.65601],[129.79797,32.65601],[129.798,32.65601],[129.79802,32.65602],[129.79803,32.65602],[129.79805,32.65604],[129.79805,32.65606],[129.79806,32.65608],[129.79806,32.65611],[129.79806,32.65613],[129.79806,32.65615],[129.79806,32.65617],[129.79806,32.6562],[129.79806,32.65621],[129.79806,32.65623],[129.79807,32.65625],[129.79807,32.65628],[129.79807,32.6563],[129.79807,32.65631],[129.79805,32.65633],[129.79804,32.65635],[129.79802,32.65636],[129.798,32.65638],[129.79799,32.65639],[129.79797,32.65641],[129.79795,32.65642],[129.79794,32.65644],[129.79792,32.65646],[129.7979,32.65648],[129.79788,32.65649],[129.79787,32.65651],[129.79785,32.65652],[129.79782,32.65652],[129.79779,32.65652],[129.79777,32.65653],[129.79774,32.65653],[129.79772,32.65653],[129.79769,32.65654],[129.79767,32.65654],[129.79764,32.65655],[129.79761,32.65655],[129.79759,32.65655],[129.79759,32.65657],[129.79761,32.65658],[129.79763,32.65659],[129.79764,32.65659],[129.79766,32.65659],[129.79769,32.6566],[129.79772,32.6566],[129.79775,32.65661],[129.79776,32.65661],[129.79776,32.65664],[129.79776,32.65664],[129.79774,32.65665],[129.79771,32.65666],[129.79768,32.65667],[129.79766,32.65668],[129.79764,32.65669],[129.79763,32.6567],[129.79761,32.65672],[129.79759,32.65675],[129.79758,32.65677],[129.79757,32.65679],[129.79756,32.65681],[129.79757,32.65683],[129.79759,32.65683],[129.79761,32.65683],[129.79764,32.65684],[129.79767,32.65684],[129.79769,32.65685],[129.7977,32.65686],[129.79771,32.65688],[129.7977,32.65689],[129.7977,32.65691],[129.79768,32.65694],[129.79767,32.65696],[129.79765,32.65698],[129.79764,32.65701],[129.79763,32.65703],[129.79763,32.65704],[129.79764,32.65704],[129.79766,32.65705],[129.79767,32.65705],[129.79769,32.65706],[129.7977,32.65705],[129.79771,32.65704],[129.79773,32.65702],[129.79775,32.65703],[129.79776,32.65704],[129.79777,32.65706],[129.79776,32.65707],[129.79775,32.65709],[129.79774,32.6571],[129.79771,32.6571],[129.79769,32.6571],[129.79768,32.6571],[129.79765,32.65711],[129.79763,32.65711],[129.79761,32.65712],[129.79759,32.65713],[129.79758,32.65715],[129.79756,32.65717],[129.79755,32.65719],[129.79753,32.65722],[129.79753,32.65724],[129.79753,32.65726],[129.79753,32.65727],[129.79756,32.65728],[129.79757,32.65728],[129.79759,32.65729],[129.79761,32.6573],[129.79762,32.65732],[129.79762,32.65734],[129.79762,32.65737],[129.79762,32.65738],[129.79761,32.6574],[129.79759,32.65742],[129.79758,32.65744],[129.79757,32.65745],[129.79754,32.65746],[129.79752,32.65747],[129.7975,32.65748],[129.7975,32.65749],[129.79748,32.6575],[129.79747,32.65751],[129.79746,32.65753],[129.79745,32.65755],[129.79744,32.65758],[129.79743,32.6576],[129.79743,32.65762],[129.79743,32.65763],[129.79741,32.65764],[129.79738,32.65764],[129.79735,32.65764],[129.79732,32.65765],[129.79731,32.65765],[129.79729,32.65767],[129.79728,32.65768],[129.79727,32.65771],[129.79726,32.65773],[129.79725,32.65775],[129.79725,32.65777],[129.79725,32.6578],[129.79725,32.65782],[129.79725,32.65785],[129.79726,32.65787],[129.79726,32.65789],[129.79726,32.65791],[129.79726,32.65794],[129.79725,32.65795],[129.79722,32.65797],[129.7972,32.65798],[129.79717,32.658],[129.79714,32.65801],[129.79713,32.65802],[129.79714,32.65802],[129.79716,32.65803],[129.79717,32.65803],[129.7972,32.65803],[129.79723,32.65803],[129.79724,32.65803],[129.79725,32.65805],[129.79725,32.65806],[129.79724,32.65808],[129.79724,32.6581],[129.79723,32.65811],[129.79722,32.65814],[129.79721,32.65816],[129.79719,32.65818],[129.79718,32.6582],[129.79716,32.65822],[129.79714,32.65824],[129.79712,32.65824],[129.79712,32.65824],[129.79709,32.65824],[129.79706,32.65823],[129.79705,32.65824],[129.79703,32.65825],[129.79703,32.65826],[129.797,32.65827],[129.79697,32.65826],[129.79696,32.65826],[129.79695,32.65825],[129.79693,32.65823],[129.79692,32.65821],[129.79691,32.65818],[129.79691,32.65816],[129.7969,32.65814],[129.79689,32.65813],[129.79687,32.65812],[129.79686,32.65812],[129.79684,32.65813],[129.79681,32.65813],[129.79679,32.65814],[129.79676,32.65814],[129.79674,32.65815],[129.79671,32.65816],[129.79669,32.65816],[129.79666,32.65817],[129.79664,32.65818],[129.79663,32.65818],[129.79661,32.65819],[129.79659,32.6582],[129.79659,32.65822],[129.79659,32.65825],[129.79659,32.65827],[129.79659,32.65829],[129.79657,32.6583],[129.79654,32.65831],[129.79653,32.65831],[129.7965,32.65832],[129.79648,32.65833],[129.79646,32.65833],[129.79644,32.65834],[129.79641,32.65835],[129.79639,32.65835],[129.79636,32.65836],[129.79634,32.65836],[129.79632,32.65837],[129.79629,32.65838],[129.79627,32.65839],[129.79626,32.65839],[129.79624,32.6584],[129.79622,32.6584],[129.79619,32.6584],[129.79617,32.6584],[129.79615,32.65839],[129.79614,32.65839],[129.79614,32.65838],[129.79613,32.65838],[129.79611,32.65838],[129.7961,32.65839],[129.79608,32.65841],[129.79607,32.65844]]],[[[129.79771,32.65106],[129.79768,32.65107],[129.79767,32.65107],[129.79765,32.65108],[129.79763,32.65108],[129.7976,32.65109],[129.79755,32.65109],[129.79752,32.65108],[129.79747,32.65105],[129.79746,32.65103],[129.79745,32.65101],[129.79744,32.65099],[129.79743,32.65098],[129.79743,32.65096],[129.79742,32.65095],[129.7974,32.65094],[129.79739,32.65094],[129.79737,32.65093],[129.79736,32.65092],[129.79734,32.65091],[129.79733,32.65091],[129.79733,32.65092],[129.79733,32.65095],[129.79733,32.65096],[129.79731,32.65097],[129.79729,32.65098],[129.79726,32.65098],[129.79725,32.65098],[129.79722,32.65098],[129.79721,32.65096],[129.79721,32.65094],[129.79722,32.65092],[129.79722,32.6509],[129.7972,32.65088],[129.79719,32.65086],[129.79717,32.65084],[129.79716,32.65084],[129.79714,32.65083],[129.79713,32.65082],[129.79712,32.6508],[129.79714,32.65079],[129.79716,32.65078],[129.79717,32.65076],[129.79717,32.65075],[129.79716,32.65073],[129.79716,32.65072],[129.79715,32.6507],[129.79715,32.65068],[129.79715,32.65066],[129.79716,32.65063],[129.79717,32.65062],[129.79719,32.65061],[129.79721,32.65061],[129.79723,32.65062],[129.79725,32.65064],[129.79725,32.65064],[129.79727,32.65064],[129.79728,32.65061],[129.79728,32.65061],[129.79726,32.65059],[129.79725,32.65059],[129.79725,32.65056],[129.79725,32.65055],[129.79728,32.65054],[129.79729,32.65053],[129.79732,32.65053],[129.79734,32.65052],[129.79737,32.65051],[129.79739,32.6505],[129.7974,32.65049],[129.79741,32.65046],[129.79739,32.65045],[129.79737,32.65044],[129.79734,32.65043],[129.79732,32.65042],[129.79731,32.65042],[129.79728,32.65042],[129.79727,32.65042],[129.79726,32.6504],[129.79726,32.65039],[129.79726,32.65036],[129.79727,32.65034],[129.79729,32.65032],[129.79729,32.65032],[129.79731,32.6503],[129.79734,32.6503],[129.79736,32.65029],[129.79739,32.65028],[129.79742,32.65027],[129.79744,32.65027],[129.79745,32.65026],[129.79747,32.65026],[129.7975,32.65025],[129.79751,32.65025],[129.79753,32.65025],[129.79756,32.65024],[129.79757,32.65024],[129.7976,32.65024],[129.7976,32.65024],[129.79762,32.65026],[129.79764,32.65026],[129.79766,32.65025],[129.79766,32.65023],[129.79766,32.65022],[129.79764,32.65021],[129.79763,32.6502],[129.79761,32.6502],[129.79758,32.65019],[129.79758,32.65019],[129.79755,32.65017],[129.79754,32.65016],[129.79756,32.65015],[129.79758,32.65014],[129.79761,32.65012],[129.79762,32.65012],[129.79764,32.65012],[129.79766,32.65011],[129.79767,32.65009],[129.79769,32.65008],[129.79772,32.65007],[129.79771,32.65006],[129.79768,32.65004],[129.79766,32.65003],[129.79765,32.65001],[129.79765,32.65],[129.79764,32.64998],[129.79765,32.64996],[129.79767,32.64994],[129.79769,32.64993],[129.79771,32.64991],[129.79772,32.64989],[129.79773,32.64988],[129.79773,32.64986],[129.79773,32.64984],[129.79773,32.64981],[129.79773,32.64981],[129.79773,32.64978],[129.79773,32.64976],[129.79773,32.64974],[129.79773,32.64971],[129.79773,32.64969],[129.79773,32.64969],[129.79773,32.64966],[129.79774,32.64964],[129.79775,32.64961],[129.79775,32.64959],[129.79774,32.64958],[129.79771,32.64957],[129.7977,32.64957],[129.7977,32.64954],[129.7977,32.64953],[129.79771,32.64951],[129.79772,32.64949],[129.79773,32.64947],[129.79774,32.64946],[129.79776,32.64944],[129.79778,32.64942],[129.79778,32.64941],[129.79778,32.64939],[129.79777,32.64937],[129.79776,32.64935],[129.79774,32.64933],[129.79773,32.64931],[129.79774,32.64929],[129.79773,32.64927],[129.79772,32.64927],[129.79771,32.64927],[129.79768,32.64929],[129.79766,32.6493],[129.79761,32.64936],[129.79759,32.64938],[129.79756,32.6494],[129.79754,32.6494],[129.79754,32.64939],[129.79754,32.64937],[129.79756,32.64935],[129.79758,32.64933],[129.79762,32.64928],[129.79761,32.64928],[129.79762,32.64926],[129.79763,32.64925],[129.79765,32.64923],[129.79767,32.64922],[129.79768,32.6492],[129.7977,32.64919],[129.79772,32.64914],[129.79772,32.64912],[129.79774,32.6491],[129.79774,32.64908],[129.79774,32.64908],[129.79772,32.64907],[129.7977,32.64906],[129.79767,32.64907],[129.79764,32.64907],[129.79762,32.64907],[129.7976,32.64906],[129.79759,32.64906],[129.79758,32.64904],[129.79757,32.64903],[129.79759,32.64901],[129.7976,32.64901],[129.79763,32.64901],[129.79765,32.64901],[129.79767,32.649],[129.79767,32.64898],[129.79766,32.64896],[129.79765,32.64896],[129.79763,32.64896],[129.7976,32.64898],[129.79758,32.64899],[129.79756,32.64899],[129.79753,32.64898],[129.7975,32.64898],[129.79747,32.64897],[129.79745,32.64896],[129.79743,32.64895],[129.79742,32.64894],[129.79741,32.64892],[129.7974,32.6489],[129.79738,32.64889],[129.79735,32.64888],[129.79734,32.64887],[129.79732,32.64886],[129.79729,32.64886],[129.79728,32.64886],[129.79727,32.64884],[129.79727,32.64882],[129.7973,32.64881],[129.79732,32.64881],[129.79734,32.6488],[129.79737,32.6488],[129.7974,32.6488],[129.7974,32.6488],[129.79743,32.6488],[129.79743,32.64878],[129.79742,32.64877],[129.7974,32.64876],[129.79737,32.64876],[129.79735,32.64876],[129.79734,32.64876],[129.79732,32.64875],[129.79729,32.64874],[129.79727,32.64872],[129.79725,32.64871],[129.79723,32.6487],[129.79723,32.64868],[129.79723,32.64867],[129.79725,32.64866],[129.79725,32.64864],[129.79724,32.64863],[129.79722,32.6486],[129.79722,32.6486],[129.7972,32.64859],[129.79718,32.64858],[129.79717,32.64856],[129.79717,32.64856],[129.79719,32.64854],[129.7972,32.64852],[129.79722,32.64851],[129.79725,32.6485],[129.79728,32.64849],[129.79732,32.64848],[129.79735,32.64846],[129.79738,32.64845],[129.79741,32.64845],[129.79744,32.64843],[129.79746,32.64842],[129.79748,32.64841],[129.7975,32.6484],[129.79753,32.64839],[129.79755,32.64836],[129.79757,32.64834],[129.79759,32.64832],[129.79762,32.6483],[129.79765,32.6483],[129.79766,32.6483],[129.79769,32.6483],[129.79771,32.6483],[129.79774,32.6483],[129.79775,32.64828],[129.79776,32.64827],[129.79778,32.64826],[129.79779,32.64825],[129.79782,32.64825],[129.79784,32.64825],[129.79786,32.64825],[129.79788,32.64824],[129.79788,32.64823],[129.7979,32.64821],[129.79791,32.64821],[129.79793,32.6482],[129.79796,32.6482],[129.79797,32.6482],[129.79799,32.6482],[129.79802,32.6482],[129.79805,32.6482],[129.79806,32.6482],[129.79808,32.6482],[129.79811,32.64821],[129.79813,32.64822],[129.79815,32.64822],[129.79817,32.64823],[129.79819,32.64824],[129.79821,32.64823],[129.79824,32.64823],[129.79824,32.64824],[129.79826,32.64825],[129.79827,32.64827],[129.7983,32.64827],[129.79831,32.64827],[129.79833,32.64826],[129.79835,32.64824],[129.79837,32.64822],[129.79839,32.64821],[129.79841,32.6482],[129.79844,32.6482],[129.79845,32.64819],[129.79847,32.64819],[129.79848,32.64819],[129.7985,32.64819],[129.79852,32.64821],[129.79853,32.64823],[129.79855,32.64825],[129.79856,32.64828],[129.79858,32.64829],[129.79859,32.6483],[129.7986,32.64829],[129.79862,32.64827],[129.79864,32.64825],[129.79866,32.64823],[129.79867,32.64823],[129.79869,32.64823],[129.79872,32.64823],[129.79874,32.64824],[129.79876,32.64825],[129.79878,32.64826],[129.79881,32.64828],[129.79883,32.64829],[129.79885,32.64831],[129.79886,32.64833],[129.79886,32.64834],[129.79884,32.64836],[129.79883,32.64837],[129.79885,32.64838],[129.79888,32.64839],[129.79889,32.64839],[129.79891,32.64841],[129.79893,32.64842],[129.79895,32.64844],[129.79897,32.64845],[129.79898,32.64847],[129.79899,32.64848],[129.79901,32.6485],[129.79902,32.64851],[129.79904,32.64852],[129.79906,32.64853],[129.79907,32.64854],[129.79908,32.64856],[129.79908,32.64858],[129.79908,32.6486],[129.79906,32.64862],[129.79904,32.64864],[129.79902,32.64865],[129.799,32.64866],[129.79898,32.64868],[129.79897,32.6487],[129.79897,32.64871],[129.799,32.64872],[129.799,32.64872],[129.79902,32.64874],[129.79902,32.64875],[129.79903,32.64877],[129.79903,32.64879],[129.79903,32.6488],[129.79903,32.64882],[129.79903,32.64882],[129.79904,32.64884],[129.79905,32.64887],[129.79906,32.64888],[129.79907,32.6489],[129.79907,32.64892],[129.79907,32.64893],[129.79911,32.64899],[129.79919,32.64912],[129.7993,32.64928],[129.79939,32.64943],[129.79946,32.64958],[129.79949,32.64964],[129.79949,32.64966],[129.79948,32.64967],[129.79945,32.64969],[129.79941,32.64971],[129.79937,32.64973],[129.79933,32.64974],[129.79932,32.64976],[129.79931,32.64979],[129.7993,32.64981],[129.79929,32.64983],[129.79929,32.64983],[129.79928,32.64985],[129.79928,32.64988],[129.79927,32.64989],[129.79926,32.64991],[129.79924,32.64993],[129.79923,32.64995],[129.79922,32.64996],[129.7992,32.64998],[129.79918,32.64999],[129.79917,32.65],[129.79916,32.65001],[129.79914,32.65002],[129.79912,32.65003],[129.7991,32.65004],[129.79908,32.65006],[129.79906,32.65007],[129.79904,32.65009],[129.79903,32.65009],[129.799,32.65009],[129.79898,32.65008],[129.79895,32.65007],[129.79893,32.65008],[129.79891,32.65009],[129.7989,32.65011],[129.79888,32.65013],[129.79887,32.65015],[129.79887,32.65015],[129.79886,32.65017],[129.79885,32.65019],[129.79884,32.6502],[129.79884,32.65022],[129.79883,32.65024],[129.79883,32.65027],[129.79882,32.65028],[129.79881,32.6503],[129.7988,32.65032],[129.79879,32.65034],[129.79879,32.65036],[129.79878,32.65037],[129.79878,32.65039],[129.79878,32.65041],[129.79879,32.65043],[129.79879,32.65046],[129.79879,32.65048],[129.79879,32.6505],[129.79879,32.65052],[129.79879,32.65054],[129.7988,32.65057],[129.7988,32.65059],[129.7988,32.65061],[129.7988,32.65063],[129.7988,32.65066],[129.7988,32.65068],[129.7988,32.6507],[129.79879,32.65072],[129.79879,32.65075],[129.79879,32.65075],[129.79878,32.65077],[129.79876,32.65079],[129.79875,32.65081],[129.79874,32.65083],[129.79872,32.65085],[129.7987,32.65087],[129.79869,32.65089],[129.79867,32.6509],[129.79865,32.65092],[129.79863,32.65094],[129.79862,32.65096],[129.7986,32.65097],[129.79859,32.65098],[129.79856,32.65099],[129.79854,32.65099],[129.79851,32.651],[129.79849,32.651],[129.79848,32.65101],[129.79846,32.65101],[129.79843,32.65101],[129.79841,32.65102],[129.79838,32.65102],[129.79835,32.65103],[129.79833,32.65103],[129.7983,32.65103],[129.79829,32.65103],[129.79826,32.65103],[129.79823,32.65103],[129.79821,32.65103],[129.79818,32.65103],[129.79815,32.65103],[129.79813,32.65103],[129.7981,32.65103],[129.79807,32.65103],[129.79805,32.65104],[129.79802,32.65104],[129.79801,32.65104],[129.79798,32.65105],[129.79796,32.65105],[129.79793,32.65106],[129.79791,32.65107],[129.79788,32.65108],[129.79786,32.65108],[129.79784,32.65109],[129.79781,32.65109],[129.79779,32.65108],[129.79778,32.65108],[129.79776,32.65107],[129.79774,32.65106],[129.79772,32.65106],[129.79771,32.65106]]],[[[129.79505,32.63317],[129.80841,32.63849],[129.81101,32.63504],[129.81713,32.63907],[129.8099,32.64543],[129.80367,32.64625],[129.80166,32.64041],[129.79563,32.63647],[129.79741,32.63499],[129.79505,32.63317]]],[[[129.82636,32.67032],[129.83692,32.68547],[129.83513,32.68549],[129.83426,32.68989],[129.83027,32.68802],[129.82935,32.68966],[129.82893,32.68598],[129.82289,32.69275],[129.81707,32.68651],[129.82054,32.68484],[129.81787,32.68479],[129.81808,32.67856],[129.82454,32.67473],[129.82636,32.67032]]],[[[129.83197,32.6923],[129.83195,32.69231],[129.83192,32.69228],[129.83168,32.69229],[129.83152,32.69228],[129.83117,32.69223],[129.83105,32.69229],[129.83102,32.6923],[129.83096,32.69231],[129.83036,32.69223],[129.83022,32.6922],[129.83016,32.69218],[129.8301,32.69216],[129.83004,32.69212],[129.82998,32.69206],[129.82995,32.69201],[129.82994,32.69195],[129.82992,32.69188],[129.82989,32.69182],[129.82986,32.69178],[129.82983,32.69174],[129.82977,32.69168],[129.82975,32.69167],[129.82972,32.69165],[129.8297,32.69162],[129.82973,32.69159],[129.82969,32.69148],[129.82967,32.69125],[129.82969,32.69112],[129.82973,32.69098],[129.82977,32.69085],[129.82984,32.69077],[129.8299,32.69074],[129.82996,32.69073],[129.83002,32.69073],[129.83008,32.69072],[129.83015,32.69072],[129.83027,32.69076],[129.83034,32.69078],[129.83034,32.69076],[129.83038,32.69076],[129.83038,32.69075],[129.83042,32.69075],[129.83041,32.69078],[129.83045,32.69077],[129.83073,32.69072],[129.83089,32.6907],[129.83115,32.6907],[129.8315,32.69072],[129.83164,32.69074],[129.83174,32.69076],[129.83186,32.69079],[129.83199,32.69081],[129.83209,32.69081],[129.83218,32.69083],[129.83224,32.69088],[129.83229,32.69094],[129.83232,32.69092],[129.83238,32.69098],[129.83239,32.69101],[129.83239,32.69104],[129.83236,32.69107],[129.83237,32.6911],[129.83236,32.69113],[129.83231,32.69118],[129.83227,32.6912],[129.83217,32.69126],[129.83217,32.69131],[129.83218,32.69134],[129.83216,32.69138],[129.83207,32.69142],[129.83196,32.69144],[129.83185,32.69148],[129.8318,32.69154],[129.8318,32.69162],[129.83186,32.69167],[129.83193,32.69168],[129.83197,32.69167],[129.83197,32.69167],[129.83196,32.69162],[129.83205,32.69161],[129.83206,32.69167],[129.83208,32.69177],[129.83209,32.69179],[129.83199,32.6918],[129.83199,32.69182],[129.8319,32.69182],[129.83188,32.69183],[129.8318,32.69202],[129.83203,32.69215],[129.832,32.69218],[129.83203,32.69219],[129.832,32.69223],[129.83202,32.69223],[129.83197,32.6923]]],[[[129.82636,32.67032],[129.82454,32.67473],[129.81776,32.67831],[129.81723,32.66651],[129.82384,32.66652],[129.82636,32.67032]]],[[[129.80451,32.68814],[129.80319,32.68435],[129.80621,32.68228],[129.80451,32.68814]]],[[[129.80967,32.69103],[129.80718,32.68809],[129.81473,32.68691],[129.80967,32.69103]]],[[[129.81128,32.69081],[129.81152,32.68789],[129.8147,32.68708],[129.8143,32.69148],[129.81128,32.69081]]],[[[129.80451,32.68814],[129.80967,32.69103],[129.80379,32.69099],[129.79893,32.6943],[129.7979,32.68928],[129.80451,32.68814]]],[[[129.7979,32.68928],[129.79892,32.6941],[129.7927,32.69536],[129.79314,32.69114],[129.7979,32.68928]]],[[[129.80004,32.68846],[129.79119,32.69217],[129.79091,32.68797],[129.79407,32.68973],[129.7972,32.68328],[129.80004,32.68846]]],[[[129.79675,32.67556],[129.79675,32.67556],[129.79674,32.67555],[129.79673,32.67555],[129.79673,32.67555],[129.79672,32.67554],[129.79671,32.67553],[129.79669,32.67552],[129.79668,32.67551],[129.79667,32.67549],[129.79666,32.67548],[129.79666,32.67549],[129.79665,32.67549],[129.79664,32.67548],[129.79664,32.67547],[129.79663,32.67547],[129.79662,32.67547],[129.79663,32.67548],[129.79662,32.6755],[129.7966,32.67549],[129.79659,32.67548],[129.79658,32.67548],[129.79657,32.67547],[129.79658,32.67546],[129.79659,32.67544],[129.79658,32.67543],[129.79658,32.67543],[129.79658,32.67542],[129.79659,32.67541],[129.79658,32.6754],[129.79657,32.67539],[129.79657,32.67536],[129.79656,32.67535],[129.79655,32.67534],[129.79655,32.67532],[129.79654,32.67531],[129.79653,32.67533],[129.79651,32.67533],[129.7965,32.67532],[129.7965,32.67531],[129.7965,32.6753],[129.79648,32.6753],[129.79648,32.6753],[129.79646,32.67529],[129.79644,32.67529],[129.79642,32.67529],[129.7964,32.67528],[129.7964,32.67526],[129.79639,32.67524],[129.79639,32.67523],[129.79637,32.67524],[129.79636,32.67523],[129.79636,32.67521],[129.79637,32.67518],[129.79634,32.67517],[129.79632,32.67516],[129.79631,32.67515],[129.7963,32.67516],[129.79627,32.67516],[129.79625,32.67515],[129.79623,32.67514],[129.79621,32.67513],[129.7962,32.67512],[129.79618,32.67512],[129.79618,32.67513],[129.79618,32.67513],[129.79616,32.67512],[129.79613,32.67511],[129.7961,32.67508],[129.79609,32.67506],[129.79609,32.67504],[129.79608,32.67501],[129.79608,32.67501],[129.79607,32.675],[129.79607,32.67499],[129.79605,32.67499],[129.79603,32.67499],[129.79602,32.67498],[129.79603,32.67497],[129.79603,32.67496],[129.79604,32.67496],[129.79602,32.67494],[129.79602,32.67493],[129.79601,32.6749],[129.79601,32.67488],[129.79601,32.67486],[129.79602,32.67484],[129.79601,32.67484],[129.79599,32.67483],[129.79599,32.67481],[129.796,32.6748],[129.79602,32.6748],[129.79607,32.67482],[129.79611,32.67484],[129.79613,32.67484],[129.79615,32.67484],[129.7962,32.67484],[129.79625,32.67483],[129.79628,32.67483],[129.79632,32.67483],[129.79633,32.67483],[129.79633,32.67484],[129.79633,32.67484],[129.79634,32.67485],[129.79636,32.67484],[129.79641,32.67485],[129.79645,32.67486],[129.79649,32.67488],[129.79653,32.67491],[129.79659,32.67493],[129.79667,32.67495],[129.79672,32.67498],[129.79674,32.67499],[129.79675,32.675],[129.79676,32.675],[129.79679,32.67502],[129.7968,32.67504],[129.79684,32.67508],[129.79687,32.67511],[129.79692,32.67512],[129.79697,32.67513],[129.79701,32.67514],[129.79706,32.67517],[129.79709,32.6752],[129.79709,32.67524],[129.79711,32.67526],[129.79713,32.67529],[129.79717,32.67532],[129.79723,32.67535],[129.79731,32.67538],[129.79735,32.67541],[129.79738,32.67545],[129.79742,32.67548],[129.79744,32.67552],[129.79744,32.67554],[129.79742,32.67554],[129.79738,32.67555],[129.79731,32.67555],[129.79725,32.67554],[129.79721,32.67554],[129.79716,32.67552],[129.7971,32.67548],[129.79707,32.67547],[129.79705,32.67547],[129.79705,32.67548],[129.79704,32.67549],[129.79702,32.6755],[129.797,32.6755],[129.79698,32.6755],[129.79697,32.6755],[129.79697,32.67552],[129.79696,32.67553],[129.79694,32.67554],[129.79694,32.67554],[129.79693,32.67555],[129.7969,32.67554],[129.79688,32.67552],[129.79688,32.67551],[129.79686,32.67552],[129.79685,32.67552],[129.79685,32.67551],[129.79682,32.67551],[129.79681,32.67551],[129.79681,32.67552],[129.7968,32.67553],[129.79678,32.67553],[129.79676,32.67554],[129.79675,32.67556]]],[[[129.8035,32.6884],[129.79938,32.68808],[129.79746,32.68318],[129.80036,32.68302],[129.8034,32.67801],[129.805,32.68265],[129.8035,32.6884]]],[[[129.805,32.68265],[129.8034,32.67801],[129.81222,32.6829],[129.80636,32.68504],[129.80701,32.68267],[129.805,32.68265]]],[[[129.80451,32.68814],[129.80636,32.68504],[129.81309,32.68354],[129.80728,32.6887],[129.80451,32.68814]]],[[[129.81887,32.68929],[129.81221,32.69745],[129.81275,32.69403],[129.8062,32.6935],[129.80906,32.69092],[129.8143,32.69148],[129.81478,32.68717],[129.81707,32.68651],[129.81887,32.68929]]],[[[129.81887,32.68929],[129.82282,32.69264],[129.8207,32.69632],[129.81489,32.69909],[129.81232,32.69732],[129.81299,32.69516],[129.81887,32.68929]]],[[[129.8102,32.69492],[129.81011,32.6949],[129.81,32.69487],[129.80992,32.69483],[129.80985,32.6948],[129.8098,32.69479],[129.80997,32.6947],[129.81001,32.6947],[129.81,32.69469],[129.80995,32.69467],[129.80985,32.69464],[129.80992,32.69465],[129.80996,32.6946],[129.81,32.69459],[129.81002,32.6946],[129.81002,32.69464],[129.81004,32.69465],[129.81005,32.69465],[129.81009,32.69461],[129.81021,32.69458],[129.8103,32.69456],[129.81041,32.69456],[129.81049,32.69455],[129.81055,32.69451],[129.81057,32.69461],[129.81057,32.6947],[129.81055,32.69478],[129.81056,32.69481],[129.81057,32.69485],[129.81052,32.69489],[129.81042,32.69491],[129.81034,32.69491],[129.8103,32.6949],[129.8102,32.69492]]],[[[129.80996,32.69574],[129.80997,32.69578],[129.80998,32.6958],[129.81,32.69582],[129.81,32.69587],[129.80997,32.69591],[129.80992,32.6959],[129.80991,32.69587],[129.8099,32.69585],[129.80987,32.69583],[129.80984,32.69579],[129.80982,32.69578],[129.8098,32.69576],[129.80979,32.69573],[129.80978,32.69573],[129.80976,32.69576],[129.80975,32.69579],[129.80973,32.69579],[129.8097,32.69578],[129.80969,32.69577],[129.80967,32.69578],[129.80967,32.69581],[129.80966,32.69583],[129.80964,32.69584],[129.80951,32.69579],[129.80945,32.69577],[129.80941,32.69574],[129.8094,32.69573],[129.80938,32.69572],[129.80937,32.69574],[129.8093,32.69575],[129.80925,32.69574],[129.80923,32.69573],[129.80921,32.6957],[129.80918,32.69571],[129.80917,32.69571],[129.80915,32.69567],[129.80912,32.69566],[129.8091,32.69566],[129.80911,32.69561],[129.80913,32.69558],[129.80913,32.69556],[129.8091,32.69554],[129.80907,32.69551],[129.80908,32.69547],[129.8091,32.6954],[129.80914,32.69533],[129.80918,32.69531],[129.80921,32.69532],[129.80925,32.69535],[129.80928,32.69535],[129.8093,32.69534],[129.80932,32.69531],[129.80935,32.69525],[129.8094,32.69522],[129.8095,32.6952],[129.80962,32.6952],[129.80971,32.69521],[129.80981,32.69524],[129.80992,32.69525],[129.80999,32.6953],[129.81002,32.69537],[129.81003,32.69544],[129.81004,32.69554],[129.81003,32.69559],[129.81002,32.69563],[129.80999,32.69565],[129.80998,32.69569],[129.80996,32.69574]]],[[[129.81489,32.69909],[129.82301,32.69495],[129.8259,32.69566],[129.82812,32.70123],[129.81701,32.70442],[129.81549,32.70153],[129.81788,32.69915],[129.81489,32.69909]]],[[[129.81469,32.7031],[129.8147,32.70317],[129.81475,32.70321],[129.81483,32.70323],[129.8149,32.70327],[129.81495,32.70337],[129.81498,32.70343],[129.81499,32.70348],[129.81496,32.70352],[129.81493,32.70352],[129.81486,32.70352],[129.81484,32.70354],[129.81483,32.70358],[129.81482,32.70369],[129.81481,32.70376],[129.81481,32.70381],[129.81479,32.70383],[129.81474,32.70382],[129.81456,32.70372],[129.81437,32.70362],[129.81432,32.70361],[129.81428,32.70356],[129.81428,32.7035],[129.81428,32.70347],[129.81432,32.70343],[129.81438,32.70338],[129.81437,32.70337],[129.81431,32.70335],[129.81425,32.70333],[129.81426,32.70332],[129.81424,32.70331],[129.81418,32.70327],[129.81417,32.70323],[129.81417,32.70318],[129.81418,32.70314],[129.81422,32.7031],[129.81429,32.70307],[129.81431,32.70307],[129.81433,32.70305],[129.81424,32.70293],[129.81415,32.70291],[129.81407,32.70282],[129.81411,32.70274],[129.8141,32.70272],[129.81407,32.70272],[129.814,32.70276],[129.81398,32.70284],[129.81389,32.70282],[129.81381,32.70282],[129.81374,32.70282],[129.81359,32.70282],[129.81345,32.70281],[129.81337,32.70278],[129.81336,32.70275],[129.81331,32.7027],[129.81326,32.70269],[129.81317,32.70268],[129.81311,32.70267],[129.81303,32.70268],[129.81298,32.70268],[129.81295,32.7027],[129.81289,32.70269],[129.8128,32.70268],[129.81274,32.70267],[129.8127,32.70266],[129.81268,32.70263],[129.81268,32.7026],[129.81269,32.70258],[129.81272,32.70258],[129.81273,32.70256],[129.81277,32.70255],[129.8128,32.70254],[129.81281,32.70252],[129.81282,32.7025],[129.81279,32.70249],[129.81278,32.70248],[129.81276,32.70248],[129.81274,32.70248],[129.81275,32.70245],[129.81279,32.70243],[129.81281,32.7024],[129.81288,32.70232],[129.81297,32.70223],[129.81299,32.7022],[129.81297,32.70218],[129.81298,32.70215],[129.81305,32.7021],[129.81318,32.70208],[129.81326,32.70208],[129.81331,32.70206],[129.81339,32.70202],[129.81359,32.70203],[129.81377,32.70206],[129.81395,32.7021],[129.81408,32.70216],[129.81418,32.70221],[129.81423,32.70223],[129.81429,32.70225],[129.81442,32.7023],[129.81448,32.7023],[129.81455,32.70231],[129.81459,32.70233],[129.8146,32.70235],[129.81464,32.70238],[129.81468,32.70238],[129.8147,32.70238],[129.81472,32.70243],[129.81473,32.70249],[129.8147,32.7025],[129.81463,32.70252],[129.8146,32.70255],[129.8146,32.7026],[129.81461,32.70268],[129.81464,32.70279],[129.81465,32.70289],[129.81469,32.703],[129.81469,32.7031]]],[[[129.81304,32.70404],[129.81302,32.70405],[129.81295,32.70405],[129.8129,32.70404],[129.81284,32.70403],[129.81282,32.70403],[129.81279,32.70403],[129.81272,32.70401],[129.81267,32.70399],[129.81262,32.70398],[129.81262,32.70396],[129.81258,32.70395],[129.8125,32.70393],[129.8125,32.70392],[129.81252,32.70392],[129.81253,32.70392],[129.81255,32.70392],[129.81262,32.70385],[129.81267,32.70382],[129.81271,32.7038],[129.81273,32.70378],[129.81276,32.70375],[129.81275,32.70374],[129.81274,32.70373],[129.81272,32.70371],[129.81271,32.7037],[129.81272,32.70368],[129.81273,32.70366],[129.81275,32.70366],[129.81276,32.70367],[129.81277,32.70366],[129.81278,32.70364],[129.81282,32.70364],[129.81284,32.70365],[129.81283,32.70367],[129.81284,32.70367],[129.81286,32.70366],[129.81288,32.70364],[129.81291,32.70364],[129.81291,32.70365],[129.81293,32.70364],[129.81297,32.70364],[129.81292,32.70359],[129.81294,32.70358],[129.81294,32.70354],[129.81297,32.70345],[129.813,32.70341],[129.81301,32.7034],[129.81302,32.70338],[129.81303,32.70337],[129.81304,32.70337],[129.81306,32.70335],[129.81308,32.70333],[129.8131,32.70333],[129.81311,32.70334],[129.81313,32.70333],[129.81316,32.70333],[129.81318,32.70334],[129.81322,32.7033],[129.81327,32.70329],[129.81328,32.70327],[129.81331,32.70327],[129.81332,32.70327],[129.81334,32.70325],[129.81338,32.70323],[129.8134,32.70322],[129.81342,32.70321],[129.81346,32.7032],[129.81348,32.7032],[129.8135,32.70324],[129.81354,32.70327],[129.81356,32.70329],[129.81356,32.70332],[129.81356,32.70333],[129.81357,32.70334],[129.81358,32.70333],[129.81358,32.70335],[129.81357,32.70336],[129.81355,32.70338],[129.81353,32.70339],[129.8135,32.7034],[129.81349,32.70341],[129.81347,32.70342],[129.81348,32.70343],[129.81347,32.70344],[129.81345,32.70347],[129.81341,32.70349],[129.81339,32.70349],[129.81336,32.7035],[129.81335,32.7035],[129.81334,32.70351],[129.81333,32.70352],[129.81331,32.70352],[129.81327,32.70353],[129.81323,32.70353],[129.8132,32.70353],[129.81317,32.70353],[129.81315,32.70354],[129.81312,32.70354],[129.81309,32.70354],[129.81308,32.70356],[129.81307,32.7036],[129.81318,32.7036],[129.81319,32.70361],[129.81319,32.70362],[129.81319,32.70364],[129.81315,32.70366],[129.81314,32.70369],[129.81314,32.70372],[129.81315,32.70374],[129.81316,32.70374],[129.81317,32.70375],[129.81319,32.70376],[129.8132,32.70378],[129.8132,32.7038],[129.81319,32.70381],[129.81318,32.70381],[129.81319,32.70383],[129.81318,32.70385],[129.81318,32.70387],[129.81318,32.70388],[129.81316,32.70388],[129.81314,32.70387],[129.81312,32.70388],[129.8131,32.70391],[129.81311,32.70393],[129.81314,32.70395],[129.81316,32.70396],[129.81316,32.70397],[129.81315,32.70397],[129.81313,32.70397],[129.81312,32.70397],[129.8131,32.70398],[129.81309,32.70398],[129.81309,32.70399],[129.8131,32.70399],[129.81311,32.704],[129.8131,32.70402],[129.8131,32.70403],[129.81308,32.70403],[129.81307,32.70403],[129.81306,32.70402],[129.81304,32.70404]]],[[[129.82812,32.70123],[129.83022,32.70829],[129.81771,32.70629],[129.81701,32.70442],[129.82812,32.70123]]],[[[129.77427,32.69821],[129.77704,32.69136],[129.78523,32.69182],[129.78576,32.69631],[129.78206,32.69683],[129.78322,32.69866],[129.77545,32.69988],[129.77427,32.69821]]],[[[129.77427,32.69821],[129.78108,32.69923],[129.78084,32.70252],[129.77173,32.70068],[129.77427,32.69821]]],[[[129.77902,32.70314],[129.77549,32.70503],[129.76991,32.70295],[129.77425,32.70132],[129.77902,32.70314]]],[[[129.77902,32.70314],[129.78205,32.70346],[129.77518,32.70967],[129.77256,32.70797],[129.76862,32.71297],[129.76558,32.7118],[129.75991,32.71506],[129.76192,32.70868],[129.76921,32.70519],[129.76959,32.7029],[129.77549,32.70503],[129.77902,32.70314]]],[[[129.7391,32.62961],[129.73901,32.62962],[129.73893,32.62963],[129.73889,32.62964],[129.73884,32.62967],[129.73882,32.62968],[129.73878,32.62968],[129.73875,32.62966],[129.73871,32.62962],[129.73867,32.62956],[129.73861,32.6295],[129.7385,32.62939],[129.73847,32.62936],[129.73845,32.62929],[129.73837,32.62918],[129.73832,32.62914],[129.7383,32.62912],[129.73824,32.62898],[129.73813,32.62882],[129.73799,32.62888],[129.73797,32.62885],[129.73811,32.62879],[129.73807,32.62872],[129.73802,32.62873],[129.73799,32.62872],[129.73796,32.62871],[129.73792,32.62867],[129.73786,32.62858],[129.73782,32.62851],[129.73781,32.62844],[129.7378,32.6284],[129.73777,32.62834],[129.73773,32.62826],[129.7377,32.62821],[129.73758,32.62804],[129.73756,32.62803],[129.73755,32.62802],[129.73752,32.62801],[129.73749,32.62799],[129.73747,32.62797],[129.73744,32.62794],[129.73738,32.62787],[129.73734,32.6278],[129.7373,32.62776],[129.73727,32.62771],[129.73726,32.62771],[129.7372,32.62759],[129.73721,32.62758],[129.7372,32.6275],[129.73718,32.62743],[129.73714,32.62733],[129.73708,32.62722],[129.73703,32.62713],[129.73699,32.62706],[129.73697,32.62701],[129.73701,32.62687],[129.73705,32.62681],[129.73699,32.62674],[129.73694,32.62668],[129.73693,32.62668],[129.73692,32.62668],[129.73687,32.62668],[129.73677,32.62667],[129.73677,32.62668],[129.73676,32.6267],[129.73675,32.62671],[129.73674,32.62672],[129.73673,32.62672],[129.73672,32.62672],[129.7367,32.62672],[129.73668,32.62671],[129.73667,32.6267],[129.73666,32.6267],[129.73666,32.62669],[129.73666,32.62667],[129.73666,32.62666],[129.73666,32.62665],[129.73666,32.62664],[129.73666,32.62663],[129.73664,32.62662],[129.73661,32.62659],[129.73659,32.62655],[129.73654,32.62648],[129.73653,32.62646],[129.73652,32.62646],[129.7365,32.62646],[129.73649,32.62645],[129.73647,32.62644],[129.73646,32.62643],[129.73645,32.62642],[129.73645,32.62641],[129.73645,32.6264],[129.73645,32.62639],[129.73647,32.62638],[129.73644,32.62634],[129.73643,32.62632],[129.73641,32.62632],[129.73639,32.62631],[129.73638,32.62631],[129.73638,32.6263],[129.73636,32.62628],[129.73635,32.62625],[129.73635,32.62624],[129.73635,32.62623],[129.73635,32.62622],[129.73635,32.62621],[129.73636,32.62621],[129.73639,32.62621],[129.73642,32.62611],[129.73644,32.62607],[129.73647,32.62603],[129.73657,32.62592],[129.73657,32.62591],[129.73656,32.6259],[129.73655,32.6259],[129.73654,32.62589],[129.73653,32.62589],[129.73652,32.62588],[129.73652,32.62588],[129.73652,32.62587],[129.73652,32.62586],[129.73652,32.62585],[129.73654,32.62584],[129.73655,32.62584],[129.73656,32.62584],[129.73657,32.62584],[129.73658,32.62584],[129.73659,32.62585],[129.73659,32.62586],[129.73661,32.62586],[129.73664,32.62586],[129.73666,32.62588],[129.73668,32.62587],[129.73676,32.62585],[129.73677,32.62584],[129.73678,32.62583],[129.73684,32.62582],[129.73692,32.62584],[129.73697,32.62587],[129.73717,32.626],[129.73724,32.62605],[129.73726,32.62605],[129.73727,32.62605],[129.73732,32.62605],[129.73764,32.62599],[129.73764,32.62598],[129.73774,32.62596],[129.73787,32.62583],[129.73791,32.62587],[129.73784,32.62594],[129.73785,32.62597],[129.73793,32.626],[129.73804,32.62604],[129.73808,32.62607],[129.73811,32.62607],[129.73814,32.62609],[129.73835,32.62635],[129.73845,32.62645],[129.73848,32.62649],[129.73855,32.62656],[129.73853,32.62658],[129.73855,32.62663],[129.73863,32.62675],[129.73874,32.62691],[129.73897,32.62723],[129.73913,32.62745],[129.7394,32.62783],[129.73943,32.62788],[129.73944,32.62788],[129.73946,32.62791],[129.73947,32.62794],[129.7397,32.62837],[129.73972,32.6284],[129.73971,32.62842],[129.73974,32.62846],[129.73981,32.62843],[129.73984,32.62842],[129.73987,32.62844],[129.73996,32.62857],[129.73996,32.62858],[129.73993,32.6286],[129.73993,32.62861],[129.73993,32.62862],[129.73994,32.62864],[129.73995,32.62865],[129.73995,32.62866],[129.73995,32.62867],[129.7399,32.62872],[129.73997,32.62885],[129.73995,32.62886],[129.74004,32.62903],[129.74004,32.62905],[129.74003,32.62908],[129.74001,32.62911],[129.73992,32.62922],[129.73994,32.62925],[129.73995,32.62927],[129.73996,32.62929],[129.73996,32.62931],[129.73996,32.62932],[129.73996,32.62934],[129.73995,32.62935],[129.73994,32.62936],[129.73993,32.62937],[129.73992,32.62937],[129.73989,32.62937],[129.73987,32.62937],[129.73986,32.62938],[129.73985,32.62938],[129.73984,32.62941],[129.73983,32.62942],[129.73982,32.62943],[129.73981,32.62943],[129.73979,32.62944],[129.73976,32.62944],[129.73973,32.62942],[129.73969,32.62947],[129.73967,32.6295],[129.73965,32.62951],[129.73963,32.62953],[129.7396,32.62955],[129.73957,32.62956],[129.73953,32.62957],[129.73947,32.62958],[129.73938,32.62959],[129.73924,32.62961],[129.73922,32.62961],[129.73917,32.62961],[129.73917,32.6296],[129.7391,32.62961]]],[[[129.74636,32.63633],[129.74634,32.63635],[129.74634,32.63636],[129.74634,32.6364],[129.74633,32.63642],[129.74633,32.63644],[129.74631,32.63647],[129.74627,32.63652],[129.74624,32.63657],[129.74623,32.63658],[129.74621,32.6366],[129.7462,32.6366],[129.74618,32.63661],[129.74617,32.63661],[129.74616,32.63661],[129.74616,32.6366],[129.74615,32.63657],[129.74614,32.63655],[129.74613,32.63654],[129.74611,32.63653],[129.7461,32.63653],[129.74609,32.63652],[129.74608,32.6365],[129.74606,32.63646],[129.74605,32.63642],[129.74605,32.63639],[129.74604,32.63636],[129.74605,32.6363],[129.74605,32.63627],[129.74604,32.63625],[129.74604,32.63622],[129.74602,32.63619],[129.74601,32.63616],[129.746,32.63615],[129.74598,32.63614],[129.74597,32.63613],[129.74596,32.63613],[129.74595,32.63613],[129.74594,32.63614],[129.74593,32.63615],[129.74593,32.63616],[129.74592,32.63619],[129.74592,32.6362],[129.74591,32.63622],[129.7459,32.63623],[129.74589,32.63624],[129.74589,32.63624],[129.74588,32.63624],[129.74588,32.63622],[129.74587,32.63621],[129.74587,32.63616],[129.74586,32.63613],[129.74583,32.63603],[129.7458,32.63595],[129.74578,32.6359],[129.74576,32.63585],[129.74575,32.63582],[129.74574,32.63581],[129.74574,32.63579],[129.74574,32.63578],[129.74575,32.63577],[129.74576,32.63575],[129.74578,32.63573],[129.74578,32.63572],[129.74578,32.63569],[129.74579,32.63567],[129.74579,32.63564],[129.74581,32.63562],[129.74583,32.63558],[129.74584,32.63556],[129.74586,32.63552],[129.74586,32.63551],[129.74586,32.63549],[129.74586,32.63548],[129.74585,32.63547],[129.74584,32.63545],[129.7458,32.63542],[129.74578,32.6354],[129.74577,32.63539],[129.74576,32.63537],[129.74576,32.63536],[129.74576,32.63532],[129.74576,32.63531],[129.74575,32.63529],[129.74574,32.63527],[129.74573,32.63525],[129.74573,32.63523],[129.74573,32.63522],[129.74574,32.6352],[129.74575,32.63517],[129.74576,32.63516],[129.74577,32.63514],[129.74577,32.63512],[129.74577,32.63509],[129.74577,32.63506],[129.74576,32.63505],[129.74574,32.63503],[129.74574,32.63501],[129.74574,32.635],[129.74574,32.63499],[129.74574,32.63498],[129.74576,32.63495],[129.74576,32.63494],[129.74576,32.63493],[129.74576,32.6349],[129.74576,32.63488],[129.74576,32.63487],[129.74577,32.63486],[129.74578,32.63486],[129.74581,32.63486],[129.74582,32.63485],[129.74582,32.63485],[129.74582,32.63484],[129.74582,32.63481],[129.74581,32.6348],[129.74582,32.63477],[129.74582,32.63476],[129.74582,32.63475],[129.74581,32.63475],[129.74578,32.63474],[129.74577,32.63474],[129.74576,32.63474],[129.74575,32.63473],[129.74575,32.63472],[129.74575,32.63471],[129.74576,32.63469],[129.74576,32.63469],[129.74577,32.63468],[129.74578,32.63468],[129.74579,32.63468],[129.74582,32.63469],[129.74584,32.6347],[129.74587,32.63472],[129.74588,32.63472],[129.74589,32.63473],[129.7459,32.63473],[129.74591,32.63473],[129.74592,32.63472],[129.74593,32.63471],[129.74593,32.63469],[129.74594,32.63467],[129.74594,32.63464],[129.74593,32.63457],[129.74593,32.63455],[129.74594,32.63453],[129.74594,32.63452],[129.74594,32.63451],[129.74596,32.63445],[129.74597,32.63444],[129.746,32.63441],[129.74601,32.63438],[129.74602,32.63436],[129.74603,32.63434],[129.74603,32.63432],[129.74604,32.63431],[129.74606,32.6343],[129.74607,32.63429],[129.74608,32.63429],[129.74609,32.63429],[129.74611,32.6343],[129.74611,32.6343],[129.74613,32.63431],[129.74614,32.63431],[129.74616,32.6343],[129.74618,32.6343],[129.74621,32.6343],[129.74621,32.6343],[129.74621,32.63429],[129.74621,32.63428],[129.7462,32.63426],[129.74621,32.63425],[129.74621,32.63425],[129.74622,32.63424],[129.74624,32.63424],[129.74625,32.63424],[129.74626,32.63423],[129.74628,32.63422],[129.74628,32.63422],[129.7463,32.6342],[129.74632,32.63419],[129.74634,32.63417],[129.74635,32.63416],[129.74636,32.63414],[129.74637,32.6341],[129.74638,32.63407],[129.74639,32.63405],[129.74643,32.634],[129.74645,32.63397],[129.74647,32.63394],[129.74648,32.6339],[129.7465,32.63383],[129.74651,32.63379],[129.74652,32.63376],[129.74652,32.63374],[129.74652,32.63372],[129.74653,32.6337],[129.74653,32.63368],[129.74653,32.63366],[129.74653,32.63364],[129.74652,32.63362],[129.7465,32.63361],[129.74645,32.63358],[129.74644,32.63357],[129.74643,32.63356],[129.74643,32.63354],[129.74644,32.63353],[129.74645,32.63352],[129.74646,32.63351],[129.74646,32.6335],[129.74646,32.63348],[129.74645,32.63346],[129.74644,32.63345],[129.7464,32.63341],[129.74639,32.6334],[129.74638,32.63339],[129.74638,32.63338],[129.74639,32.63338],[129.74639,32.63337],[129.7464,32.63337],[129.74641,32.63337],[129.74642,32.63338],[129.74643,32.6334],[129.74644,32.63341],[129.74645,32.63341],[129.74647,32.63341],[129.74648,32.6334],[129.74648,32.63338],[129.74648,32.63338],[129.74649,32.63337],[129.7465,32.63338],[129.74652,32.63339],[129.74655,32.6334],[129.74656,32.6334],[129.74658,32.6334],[129.74659,32.6334],[129.7466,32.6334],[129.7466,32.63339],[129.74659,32.63338],[129.74659,32.63337],[129.74659,32.63337],[129.74659,32.63336],[129.7466,32.63336],[129.74662,32.63336],[129.74665,32.63336],[129.74666,32.63336],[129.74667,32.63336],[129.74669,32.63333],[129.7467,32.63333],[129.74673,32.63331],[129.74674,32.6333],[129.74674,32.63329],[129.74674,32.63328],[129.74674,32.63328],[129.7467,32.63325],[129.74666,32.63322],[129.74663,32.6332],[129.74659,32.63319],[129.74656,32.63317],[129.74655,32.63316],[129.74653,32.63314],[129.74652,32.63313],[129.74651,32.63311],[129.74651,32.63309],[129.74651,32.63308],[129.74652,32.63307],[129.74653,32.63307],[129.74657,32.63308],[129.7466,32.63309],[129.74662,32.6331],[129.74663,32.6331],[129.74663,32.6331],[129.74664,32.63309],[129.74664,32.63309],[129.74664,32.63308],[129.74662,32.63307],[129.7466,32.63306],[129.74658,32.63304],[129.74657,32.63303],[129.74656,32.63302],[129.74656,32.63301],[129.74656,32.63299],[129.74656,32.63297],[129.74655,32.63296],[129.74655,32.63295],[129.74654,32.63295],[129.74652,32.63295],[129.74651,32.63294],[129.74649,32.63294],[129.74648,32.63293],[129.74647,32.63292],[129.74647,32.63291],[129.74647,32.6329],[129.74648,32.63282],[129.74648,32.6328],[129.74649,32.63278],[129.74651,32.63274],[129.74652,32.63273],[129.74653,32.63269],[129.74654,32.63268],[129.74654,32.63267],[129.74655,32.63267],[129.74657,32.63268],[129.74658,32.63269],[129.74659,32.63269],[129.7466,32.63269],[129.7466,32.63269],[129.74661,32.63268],[129.74662,32.63267],[129.74662,32.63266],[129.74662,32.63264],[129.74662,32.63262],[129.74663,32.63261],[129.74664,32.6326],[129.74665,32.63259],[129.74666,32.63258],[129.74668,32.63258],[129.7467,32.63258],[129.74672,32.63258],[129.74674,32.63258],[129.74678,32.63257],[129.74679,32.63257],[129.74681,32.63258],[129.74683,32.63258],[129.74684,32.63258],[129.74685,32.63258],[129.74686,32.63256],[129.74686,32.63255],[129.74687,32.63254],[129.74694,32.63252],[129.74696,32.63251],[129.74698,32.63251],[129.74699,32.63251],[129.74701,32.63251],[129.74702,32.63252],[129.74703,32.63253],[129.74707,32.63258],[129.74708,32.6326],[129.74709,32.63262],[129.74709,32.63264],[129.74709,32.63266],[129.74708,32.63272],[129.74709,32.63276],[129.74711,32.63282],[129.74711,32.63286],[129.7471,32.63294],[129.7471,32.63299],[129.7471,32.63302],[129.74709,32.63306],[129.74703,32.63321],[129.74703,32.63324],[129.74702,32.63325],[129.74702,32.63327],[129.74704,32.63332],[129.74704,32.63333],[129.74704,32.63334],[129.74705,32.63337],[129.74706,32.63337],[129.74707,32.63339],[129.74707,32.63341],[129.74707,32.63343],[129.74706,32.63345],[129.74704,32.6335],[129.74703,32.63353],[129.74703,32.63355],[129.74703,32.63358],[129.74703,32.63361],[129.74704,32.63363],[129.74705,32.63368],[129.74707,32.63373],[129.7471,32.63379],[129.74713,32.63385],[129.74714,32.63388],[129.74715,32.63391],[129.74716,32.63395],[129.74717,32.63405],[129.74717,32.63411],[129.74718,32.63416],[129.7472,32.63421],[129.74722,32.63426],[129.74722,32.63428],[129.74723,32.6343],[129.74723,32.63433],[129.74723,32.63436],[129.74723,32.63438],[129.74723,32.63439],[129.74725,32.63442],[129.74726,32.63444],[129.74726,32.63445],[129.74725,32.63446],[129.74725,32.63448],[129.74724,32.63451],[129.74724,32.63453],[129.74724,32.63453],[129.74722,32.63457],[129.74722,32.63459],[129.74722,32.6346],[129.74722,32.63462],[129.74723,32.63466],[129.74724,32.63469],[129.74724,32.63471],[129.74724,32.63474],[129.74724,32.63478],[129.74724,32.6348],[129.74725,32.63482],[129.74727,32.63486],[129.74728,32.63488],[129.74729,32.6349],[129.74729,32.63492],[129.74729,32.63494],[129.74728,32.63498],[129.74728,32.635],[129.74728,32.63504],[129.74729,32.63509],[129.74729,32.63511],[129.74729,32.63512],[129.74727,32.63515],[129.74726,32.63517],[129.74725,32.63523],[129.74723,32.63527],[129.74723,32.63532],[129.74722,32.63535],[129.74723,32.63538],[129.74723,32.63541],[129.74725,32.63546],[129.74725,32.63548],[129.74725,32.6355],[129.74724,32.63553],[129.74721,32.63561],[129.74719,32.63566],[129.74718,32.6357],[129.74717,32.63572],[129.74717,32.63574],[129.74717,32.63578],[129.74717,32.6358],[129.74717,32.63583],[129.74715,32.63586],[129.74714,32.6359],[129.74714,32.63593],[129.74713,32.636],[129.74712,32.63606],[129.7471,32.6362],[129.74709,32.6363],[129.74708,32.63633],[129.74707,32.63636],[129.74705,32.63639],[129.74703,32.63641],[129.74701,32.63644],[129.74699,32.63646],[129.74697,32.63647],[129.74695,32.63648],[129.74692,32.63649],[129.74689,32.63649],[129.74686,32.63649],[129.74681,32.63649],[129.74678,32.63648],[129.74672,32.63648],[129.74669,32.63648],[129.74666,32.63647],[129.74662,32.63645],[129.74659,32.63644],[129.74658,32.63644],[129.74654,32.63644],[129.74652,32.63644],[129.7465,32.63643],[129.74649,32.63643],[129.74647,32.63642],[129.74645,32.6364],[129.74643,32.63638],[129.74642,32.63636],[129.7464,32.63635],[129.74639,32.63634],[129.74637,32.63633],[129.74637,32.63633],[129.74636,32.63633],[129.74636,32.63633]]],[[[129.7513,32.6671],[129.74617,32.66136],[129.75458,32.65032],[129.75364,32.6481],[129.75728,32.65094],[129.75963,32.65772],[129.75772,32.65451],[129.75772,32.65761],[129.75537,32.65863],[129.7597,32.6638],[129.7575,32.6642],[129.75735,32.66691],[129.75191,32.66449],[129.7543,32.66657],[129.7513,32.6671]]],[[[129.81707,32.65489],[129.81935,32.65694],[129.81905,32.66186],[129.81707,32.65489]]],[[[129.81714,32.65229],[129.81759,32.65022],[129.81031,32.64847],[129.80968,32.64576],[129.81713,32.63907],[129.82548,32.64366],[129.82325,32.64718],[129.82652,32.64892],[129.82681,32.65194],[129.82055,32.65263],[129.81841,32.65073],[129.81714,32.65229]]],[[[129.8173,32.65258],[129.81714,32.65229],[129.81739,32.65211],[129.81745,32.65202],[129.81745,32.65195],[129.81742,32.65186],[129.81738,32.65171],[129.81742,32.65162],[129.81752,32.65149],[129.81757,32.65136],[129.81759,32.65125],[129.81767,32.65103],[129.81782,32.65088],[129.8179,32.65089],[129.81814,32.65086],[129.81818,32.65079],[129.81831,32.65075],[129.81839,32.65076],[129.81841,32.65073],[129.81848,32.65077],[129.81854,32.65078],[129.81863,32.65093],[129.81872,32.6509],[129.81876,32.65101],[129.81879,32.65104],[129.81887,32.65107],[129.81887,32.65118],[129.81891,32.65131],[129.81894,32.65134],[129.81865,32.65153],[129.81869,32.65164],[129.81867,32.65166],[129.81864,32.65186],[129.81884,32.65196],[129.8187,32.65198],[129.81853,32.65206],[129.81841,32.65227],[129.81837,32.65259],[129.81828,32.6529],[129.81819,32.65301],[129.81798,32.65305],[129.81752,32.65306],[129.8173,32.65258]]]]}},{"type":"Feature","properties":{"vid":"K64G10S00011","name":"小ヶ倉村","reading":"こがくら","gun":"彼杵郡","domains":["saga"],"isShared":false,"shared":[]},"geometry":{"type":"MultiPolygon","coordinates":[[[[129.86063,32.70995],[129.85746,32.70978],[129.85652,32.71298],[129.84991,32.71337],[129.84761,32.70574],[129.84968,32.70487],[129.84293,32.70569],[129.84207,32.70337],[129.84417,32.69961],[129.85097,32.7019],[129.85356,32.69628],[129.85809,32.69942],[129.86423,32.6984],[129.86578,32.70638],[129.8631,32.70838],[129.86413,32.70979],[129.86063,32.70995]]],[[[129.88317,32.69903],[129.87575,32.70212],[129.86912,32.70851],[129.86571,32.70533],[129.86303,32.69709],[129.86989,32.69477],[129.87939,32.68567],[129.88395,32.69432],[129.88317,32.69903]]]]}},{"type":"Feature","properties":{"vid":"K64G10S00012","name":"黒崎村","reading":"くろさき","gun":"彼杵郡","domains":["saga"],"isShared":false,"shared":[]},"geometry":{"type":"MultiPolygon","coordinates":[[[[129.6949,32.85381],[129.69384,32.84984],[129.69968,32.84618],[129.70647,32.84978],[129.70055,32.84984],[129.6949,32.85381]]],[[[129.69423,32.85108],[129.69044,32.84836],[129.69155,32.84436],[129.69883,32.84084],[129.70269,32.84119],[129.70132,32.84221],[129.70443,32.84276],[129.70502,32.84588],[129.71036,32.84413],[129.71266,32.84966],[129.70756,32.85096],[129.70096,32.84601],[129.69423,32.85108]]],[[[129.70269,32.84119],[129.70746,32.83866],[129.71044,32.8398],[129.71036,32.84413],[129.70502,32.84588],[129.70443,32.84276],[129.70132,32.84221],[129.70269,32.84119]]],[[[129.70269,32.84119],[129.70006,32.84017],[129.70038,32.8343],[129.70258,32.83671],[129.70501,32.83561],[129.70539,32.83892],[129.70269,32.84119]]],[[[129.73772,32.85548],[129.73972,32.85813],[129.73752,32.86051],[129.73745,32.86717],[129.7337,32.86514],[129.72524,32.86563],[129.72143,32.85506],[129.7179,32.85321],[129.71575,32.85493],[129.71554,32.83852],[129.72192,32.84277],[129.72892,32.85342],[129.73772,32.85548]]],[[[129.69843,32.86267],[129.69281,32.85926],[129.6949,32.85381],[129.7034,32.84913],[129.70612,32.85071],[129.70177,32.85421],[129.70273,32.8588],[129.69843,32.86267]]],[[[129.6844,32.85721],[129.68368,32.85308],[129.69044,32.84836],[129.6941,32.85081],[129.69281,32.85926],[129.6844,32.85721]]],[[[129.70539,32.85038],[129.71355,32.85072],[129.71575,32.85493],[129.7179,32.85321],[129.72143,32.85506],[129.72525,32.86462],[129.71703,32.86277],[129.70963,32.85687],[129.70367,32.85796],[129.70136,32.85529],[129.70539,32.85038]]],[[[129.73745,32.86717],[129.73473,32.86966],[129.73505,32.87391],[129.72836,32.87998],[129.72351,32.87202],[129.70763,32.86487],[129.69971,32.86489],[129.69841,32.86279],[129.70304,32.85746],[129.70963,32.85687],[129.71703,32.86277],[129.73745,32.86717]]],[[[129.71044,32.8398],[129.70482,32.83854],[129.70501,32.83561],[129.70253,32.83667],[129.70011,32.83413],[129.70115,32.83157],[129.70427,32.83364],[129.70902,32.83269],[129.71234,32.8391],[129.71044,32.8398]]],[[[129.71526,32.85127],[129.71091,32.84826],[129.70954,32.84264],[129.71275,32.83861],[129.71675,32.84015],[129.71459,32.84211],[129.71661,32.84746],[129.71526,32.85127]]],[[[129.71554,32.83852],[129.71675,32.84015],[129.711,32.83801],[129.70954,32.83278],[129.71554,32.83852]]],[[[129.71554,32.83852],[129.71253,32.83514],[129.71537,32.83309],[129.71318,32.83516],[129.71808,32.83378],[129.72362,32.83791],[129.72694,32.84587],[129.72276,32.84523],[129.71554,32.83852]]],[[[129.73757,32.84958],[129.73848,32.85498],[129.73642,32.85563],[129.72892,32.85342],[129.72387,32.84817],[129.72408,32.846],[129.72694,32.84587],[129.72666,32.84192],[129.718,32.83489],[129.71931,32.8221],[129.72592,32.8208],[129.72868,32.82397],[129.72763,32.82652],[129.73324,32.83547],[129.73757,32.84958]]]]}},{"type":"Feature","properties":{"vid":"K64G11S00016","name":"伊古村","reading":"いこ","gun":"高来郡","domains":["saga"],"isShared":true,"shared":["肥前島原藩"]},"geometry":{"type":"MultiPolygon","coordinates":[[[[130.23705,32.86323],[130.24541,32.86751],[130.24112,32.87381],[130.23323,32.86824],[130.23705,32.86323]]],[[[130.24112,32.87381],[130.24366,32.87128],[130.2475,32.87602],[130.24112,32.87381]]]]}},{"type":"Feature","properties":{"vid":"K64G11S00040","name":"船越村","reading":"ふなこし","gun":"高来郡","domains":["saga"],"isShared":false,"shared":[]},"geometry":{"type":"MultiPolygon","coordinates":[[[[130.06084,32.83566],[130.05943,32.83753],[130.05751,32.83616],[130.06084,32.83566]]],[[[130.05436,32.83453],[130.04924,32.83687],[130.04606,32.83484],[130.05,32.83258],[130.05466,32.83294],[130.05436,32.83453]]],[[[130.0463,32.83319],[130.04937,32.84092],[130.0429,32.84897],[130.04215,32.84649],[130.0369,32.84597],[130.03879,32.8435],[130.0355,32.84172],[130.03585,32.83897],[130.0463,32.83319]]],[[[130.06041,32.84387],[130.0564,32.84184],[130.05695,32.84002],[130.07429,32.83547],[130.07465,32.84029],[130.06041,32.84387]]],[[[130.07383,32.8348],[130.05766,32.83969],[130.06163,32.83473],[130.07383,32.8348]]],[[[130.05509,32.83735],[130.05592,32.8396],[130.0535,32.83871],[130.05509,32.83735]]],[[[130.05566,32.84044],[130.05576,32.8374],[130.05849,32.83643],[130.05566,32.84044]]],[[[130.05436,32.83453],[130.0535,32.83871],[130.05566,32.84044],[130.05103,32.84241],[130.0489,32.83679],[130.05436,32.83453]]],[[[130.05436,32.83453],[130.05899,32.83294],[130.06163,32.83473],[130.05671,32.83756],[130.05399,32.83713],[130.05436,32.83453]]]]}},{"type":"Feature","properties":{"vid":"K64G11S00041","name":"諌早市中","reading":"いさはやしちゅう","gun":"高来郡","domains":["saga"],"isShared":false,"shared":[]},"geometry":{"type":"MultiPolygon","coordinates":[[[[130.05971,32.84849],[130.05394,32.84621],[130.06052,32.84582],[130.06172,32.84723],[130.05971,32.84849]]],[[[130.06041,32.84387],[130.06002,32.84585],[130.0566,32.8453],[130.05942,32.8442],[130.05779,32.8424],[130.06041,32.84387]]],[[[130.06604,32.8474],[130.06172,32.84723],[130.06017,32.84417],[130.07465,32.84029],[130.07735,32.8424],[130.07682,32.84852],[130.06604,32.8474]]],[[[130.04614,32.84608],[130.04619,32.84294],[130.05101,32.84035],[130.05113,32.84242],[130.05695,32.84002],[130.05942,32.84406],[130.04614,32.84608]]]]}},{"type":"Feature","properties":{"vid":"K64G11S00042","name":"小川村","reading":"おがわ","gun":"高来郡","domains":["saga"],"isShared":false,"shared":[]},"geometry":{"type":"MultiPolygon","coordinates":[[[[130.0734,32.8346],[130.06641,32.83568],[130.05899,32.83294],[130.06621,32.82897],[130.0734,32.8346]]],[[[130.04106,32.80766],[130.03879,32.80457],[130.04836,32.80226],[130.04791,32.79873],[130.0513,32.79929],[130.0505,32.80173],[130.05464,32.80711],[130.06658,32.80823],[130.06076,32.81312],[130.0595,32.81855],[130.04626,32.82322],[130.04533,32.8121],[130.04106,32.80766]]],[[[130.05466,32.83294],[130.04893,32.83252],[130.04626,32.82322],[130.0595,32.81855],[130.06076,32.81312],[130.06658,32.80823],[130.07452,32.80766],[130.068,32.81966],[130.06593,32.82904],[130.05466,32.83294]]],[[[130.06593,32.82904],[130.07292,32.80845],[130.08777,32.80609],[130.07031,32.82938],[130.07146,32.83172],[130.06593,32.82904]]]]}},{"type":"Feature","properties":{"vid":"K64G11S00043","name":"栗面村","reading":"くれも","gun":"高来郡","domains":["saga"],"isShared":false,"shared":[]},"geometry":{"type":"MultiPolygon","coordinates":[[[[130.04913,32.83271],[130.03581,32.83736],[130.03824,32.83347],[130.03703,32.8261],[130.04477,32.81688],[130.04913,32.83271]]],[[[130.02706,32.79684],[130.03227,32.80191],[130.03857,32.80318],[130.04106,32.80766],[130.03205,32.82002],[130.01533,32.81638],[130.00735,32.80926],[130.01073,32.80854],[130.00625,32.80355],[130.00947,32.80073],[130.02341,32.79947],[130.02706,32.79684]]],[[[130.02264,32.81844],[130.03205,32.82002],[130.04106,32.80766],[130.04533,32.8121],[130.04477,32.81688],[130.03703,32.8261],[130.03824,32.83347],[130.03581,32.83736],[130.02925,32.83665],[130.03176,32.82626],[130.02264,32.81844]]]]}},{"type":"Feature","properties":{"vid":"K64G11S00044","name":"小野村","reading":"おの","gun":"高来郡","domains":["saga"],"isShared":false,"shared":[]},"geometry":{"type":"MultiPolygon","coordinates":[[[[130.10455,32.81885],[130.1073,32.82473],[130.10556,32.82666],[130.12157,32.84561],[130.11731,32.84947],[130.10341,32.8374],[130.10489,32.83285],[130.10222,32.8291],[130.10136,32.81861],[130.10455,32.81885]]],[[[130.10136,32.81861],[130.10222,32.8291],[130.10489,32.83285],[130.10341,32.8374],[130.11752,32.84933],[130.1136,32.85365],[130.09411,32.83604],[130.09776,32.82593],[130.09613,32.81688],[130.10136,32.81861]]],[[[130.09411,32.83604],[130.08306,32.83646],[130.08362,32.83384],[130.08608,32.83404],[130.08661,32.82636],[130.09613,32.81688],[130.09776,32.82593],[130.09411,32.83604]]],[[[130.10455,32.81885],[130.09462,32.81762],[130.08661,32.82636],[130.08608,32.83404],[130.07975,32.83652],[130.07978,32.83047],[130.09087,32.81903],[130.0957,32.80819],[130.0954,32.8008],[130.09906,32.79814],[130.10283,32.80032],[130.10372,32.81123],[130.10081,32.81358],[130.10455,32.81885]]],[[[130.07384,32.83484],[130.07031,32.82938],[130.08397,32.80962],[130.0954,32.8008],[130.0957,32.80819],[130.09087,32.81903],[130.07978,32.83047],[130.07975,32.83652],[130.07737,32.83344],[130.07384,32.83484]]]]}},{"type":"Feature","properties":{"vid":"K64G11S00045","name":"川内町村","reading":"かわちまち","gun":"高来郡","domains":["saga"],"isShared":false,"shared":[]},"geometry":{"type":"MultiPolygon","coordinates":[[[[130.07682,32.84852],[130.07738,32.8425],[130.0745,32.84006],[130.07384,32.83484],[130.07737,32.83344],[130.0788,32.83614],[130.08723,32.83923],[130.08543,32.85627],[130.08108,32.85525],[130.07682,32.84852]]],[[[130.08721,32.85358],[130.09751,32.8581],[130.09984,32.86213],[130.09023,32.86548],[130.09149,32.86045],[130.08543,32.85627],[130.08721,32.85358]]],[[[130.08306,32.83646],[130.08884,32.83661],[130.08873,32.83821],[130.08385,32.83894],[130.08306,32.83646]]]]}},{"type":"Feature","properties":{"vid":"K64G11S00046","name":"小野島村","reading":"おのじま","gun":"高来郡","domains":["saga"],"isShared":false,"shared":[]},"geometry":{"type":"MultiPolygon","coordinates":[[[[130.09411,32.83604],[130.10406,32.84433],[130.09774,32.84839],[130.09595,32.85454],[130.08895,32.85504],[130.0853,32.8519],[130.08553,32.8459],[130.0881,32.84523],[130.08737,32.83822],[130.09411,32.83604]]],[[[130.10406,32.84433],[130.1136,32.85365],[130.10632,32.86263],[130.10433,32.86032],[130.09963,32.86214],[130.09751,32.8581],[130.09045,32.85531],[130.09595,32.85454],[130.09774,32.84839],[130.10406,32.84433]]]]}},{"type":"Feature","properties":{"vid":"K64G11S00047","name":"森山村","reading":"もりやま","gun":"高来郡","domains":["saga"],"isShared":false,"shared":[]},"geometry":{"type":"MultiPolygon","coordinates":[[[[130.13845,32.83591],[130.1342,32.83405],[130.13398,32.82833],[130.13752,32.82853],[130.13693,32.83168],[130.13916,32.83095],[130.14082,32.8334],[130.13845,32.83591]]],[[[130.1526,32.84949],[130.14529,32.85466],[130.1263,32.84149],[130.12907,32.83876],[130.13676,32.83781],[130.14082,32.8334],[130.13916,32.83095],[130.13693,32.83168],[130.13849,32.83023],[130.13089,32.81587],[130.13524,32.81473],[130.13704,32.81905],[130.14661,32.82446],[130.15653,32.82614],[130.15826,32.84153],[130.15704,32.84356],[130.15409,32.84081],[130.14823,32.84532],[130.1526,32.84949]]],[[[130.11767,32.81317],[130.12726,32.81511],[130.12339,32.82024],[130.12463,32.83145],[130.12112,32.83127],[130.1157,32.82544],[130.11465,32.81815],[130.11767,32.81317]]],[[[130.12112,32.83127],[130.12478,32.83138],[130.12293,32.82644],[130.12388,32.8182],[130.12726,32.81511],[130.13089,32.81587],[130.13665,32.82647],[130.13671,32.82858],[130.13366,32.82868],[130.13411,32.83386],[130.13847,32.83657],[130.12623,32.84134],[130.12112,32.83127]]],[[[130.15653,32.82614],[130.14661,32.82446],[130.13704,32.81905],[130.1353,32.8145],[130.14049,32.81243],[130.13974,32.80964],[130.14575,32.80958],[130.15156,32.82173],[130.15653,32.82614]]],[[[130.11767,32.81317],[130.12485,32.81183],[130.1288,32.80832],[130.13974,32.80964],[130.14059,32.81232],[130.13102,32.81588],[130.11767,32.81317]]]]}},{"type":"Feature","properties":{"vid":"K64G11S00048","name":"井牟田村","reading":"いむた","gun":"高来郡","domains":["saga"],"isShared":false,"shared":[]},"geometry":{"type":"MultiPolygon","coordinates":[[[[130.10455,32.81885],[130.10372,32.81574],[130.10698,32.81367],[130.11319,32.81374],[130.11609,32.81607],[130.11456,32.81939],[130.11607,32.82527],[130.1134,32.82327],[130.10654,32.82392],[130.10455,32.81885]]],[[[130.10372,32.81574],[130.10081,32.81358],[130.10383,32.81029],[130.1014,32.79764],[130.11947,32.79465],[130.12012,32.80842],[130.1172,32.8153],[130.10702,32.81366],[130.10372,32.81574]]],[[[130.12157,32.84561],[130.10556,32.82666],[130.10654,32.82392],[130.11384,32.82349],[130.12215,32.83269],[130.1263,32.84149],[130.12157,32.84561]]]]}},{"type":"Feature","properties":{"vid":"K64G11S00049","name":"有喜村","reading":"うき","gun":"高来郡","domains":["saga"],"isShared":false,"shared":[]},"geometry":{"type":"MultiPolygon","coordinates":[[[[130.08428,32.80566],[130.07658,32.80723],[130.07594,32.79859],[130.08411,32.79714],[130.08256,32.80059],[130.08609,32.80358],[130.08428,32.80566]]],[[[130.06658,32.80823],[130.06524,32.79325],[130.07035,32.79153],[130.07751,32.79773],[130.07518,32.80465],[130.07658,32.80723],[130.06658,32.80823]]],[[[130.06658,32.80823],[130.05449,32.80699],[130.0505,32.80173],[130.0508,32.79465],[130.06552,32.7928],[130.06658,32.80823]]],[[[130.08658,32.79635],[130.08826,32.7931],[130.09152,32.79361],[130.09053,32.79626],[130.08658,32.79635]]],[[[130.06183,32.79348],[130.0508,32.79465],[130.04767,32.78268],[130.05603,32.78067],[130.06441,32.78489],[130.06182,32.78705],[130.06183,32.79348]]],[[[130.08658,32.79635],[130.08466,32.79682],[130.0869,32.79456],[130.08473,32.79338],[130.08732,32.79353],[130.08658,32.79635]]],[[[130.07573,32.79422],[130.06953,32.79142],[130.06183,32.79348],[130.06182,32.78705],[130.06441,32.78489],[130.07701,32.78956],[130.07573,32.79422]]],[[[130.08777,32.80609],[130.08428,32.80566],[130.08609,32.80358],[130.08256,32.80059],[130.08411,32.79714],[130.09053,32.79626],[130.09146,32.79379],[130.12541,32.7888],[130.12183,32.79028],[130.12133,32.79414],[130.10241,32.7969],[130.08777,32.80609]]],[[[130.07693,32.7978],[130.08547,32.79494],[130.08461,32.7972],[130.07693,32.7978]]],[[[130.07751,32.79773],[130.07563,32.79535],[130.07705,32.78959],[130.08612,32.79137],[130.08246,32.79224],[130.08299,32.79627],[130.07751,32.79773]]]]}},{"type":"Feature","properties":{"vid":"K64G11S00050","name":"唐比村","reading":"からこ","gun":"高来郡","domains":["saga"],"isShared":false,"shared":[]},"geometry":{"type":"Polygon","coordinates":[[[130.11947,32.79465],[130.12183,32.79028],[130.12672,32.78765],[130.13522,32.7898],[130.14411,32.79603],[130.13994,32.79733],[130.14114,32.80062],[130.13624,32.80658],[130.13653,32.80923],[130.1288,32.80832],[130.12121,32.81215],[130.11933,32.81166],[130.11947,32.79465]]]}},{"type":"Feature","properties":{"vid":"K64G11S00051","name":"江ノ浦村","reading":"えのうら","gun":"高来郡","domains":["saga"],"isShared":false,"shared":[]},"geometry":{"type":"MultiPolygon","coordinates":[[[[130.02954,32.76569],[130.03944,32.76612],[130.04811,32.77407],[130.04546,32.77403],[130.04099,32.76828],[130.03855,32.76927],[130.02954,32.76569]]],[[[130.02575,32.76674],[130.02326,32.76809],[130.01911,32.76409],[130.02669,32.76337],[130.02575,32.76674]]],[[[130.02304,32.77406],[130.0294,32.77361],[130.03289,32.77828],[130.04228,32.77943],[130.04528,32.78186],[130.03828,32.7807],[130.03431,32.78333],[130.02623,32.78081],[130.02304,32.77406]]],[[[130.02954,32.76569],[130.03855,32.76927],[130.02852,32.77434],[130.02304,32.77406],[130.02494,32.76755],[130.02954,32.76569]]],[[[130.05603,32.78067],[130.04632,32.78319],[130.04228,32.77943],[130.03289,32.77828],[130.0294,32.77361],[130.04099,32.76828],[130.04546,32.77403],[130.05603,32.78067]]],[[[130.02954,32.76569],[130.02575,32.76674],[130.0277,32.76464],[130.02954,32.76569]]],[[[130.04549,32.75956],[130.04557,32.75994],[130.04558,32.76008],[130.04556,32.76018],[130.04552,32.76027],[130.04542,32.76039],[130.04539,32.7604],[130.04519,32.76041],[130.04505,32.76038],[130.04487,32.76029],[130.04455,32.76011],[130.0442,32.75987],[130.04392,32.75966],[130.04379,32.7596],[130.04375,32.75959],[130.04369,32.75957],[130.04359,32.75954],[130.04312,32.75947],[130.04289,32.75949],[130.0427,32.75953],[130.04249,32.75956],[130.04236,32.75952],[130.04229,32.75946],[130.04229,32.75939],[130.04248,32.75906],[130.04269,32.75889],[130.0428,32.75883],[130.04299,32.75875],[130.04317,32.75869],[130.04325,32.75867],[130.04341,32.75865],[130.04361,32.75864],[130.04365,32.75865],[130.04383,32.75866],[130.04412,32.75872],[130.04465,32.75893],[130.04525,32.75918],[130.04534,32.75926],[130.04543,32.7594],[130.04549,32.75956]]],[[[130.04117,32.75935],[130.04047,32.76345],[130.03773,32.76328],[130.04117,32.75935]]],[[[130.0277,32.76464],[130.0194,32.76392],[130.01882,32.75999],[130.02569,32.75892],[130.03175,32.76396],[130.0277,32.76464]]],[[[130.03522,32.76506],[130.032,32.76365],[130.03638,32.7636],[130.03522,32.76506]]],[[[130.01879,32.76039],[130.01923,32.76471],[130.02326,32.76809],[130.01694,32.77208],[130.00918,32.76574],[130.01879,32.76039]]],[[[130.00918,32.76574],[130.01679,32.77042],[130.01512,32.78022],[130.00399,32.78126],[130.00328,32.7722],[130.00918,32.76574]]],[[[130.01358,32.79968],[130.00606,32.80364],[130.00144,32.80043],[130.00049,32.79598],[130.00444,32.79001],[130.00157,32.78299],[130.00286,32.77963],[130.00611,32.78173],[130.0168,32.78003],[130.02066,32.78336],[130.01854,32.79058],[130.01318,32.79478],[130.01162,32.79853],[130.01358,32.79968]]],[[[130.02706,32.79684],[130.02341,32.79947],[130.01162,32.79853],[130.01439,32.79276],[130.01854,32.79058],[130.02066,32.78336],[130.02598,32.78926],[130.02706,32.79684]]],[[[130.02706,32.79684],[130.02462,32.78742],[130.03714,32.7905],[130.04375,32.78951],[130.04948,32.79242],[130.05197,32.79725],[130.05137,32.7993],[130.04791,32.79873],[130.04836,32.80226],[130.03879,32.80457],[130.02706,32.79684]]],[[[130.04744,32.78343],[130.04931,32.78493],[130.04932,32.79229],[130.04375,32.78951],[130.03714,32.7905],[130.02416,32.78791],[130.02262,32.78408],[130.01512,32.78022],[130.01461,32.77786],[130.01671,32.77226],[130.02494,32.76755],[130.02305,32.77443],[130.02623,32.78081],[130.03431,32.78333],[130.03966,32.78067],[130.04744,32.78343]]]]}},{"type":"Feature","properties":{"vid":"K64G11S00052","name":"田結村","reading":"たゆい","gun":"高来郡","domains":["saga"],"isShared":false,"shared":[]},"geometry":{"type":"MultiPolygon","coordinates":[[[[129.98962,32.78928],[129.99343,32.7788],[129.99817,32.77584],[130.00251,32.78062],[130.00212,32.78524],[130.00448,32.78768],[130.00045,32.79613],[130.00251,32.80218],[129.99335,32.80479],[129.98909,32.79935],[129.98962,32.78928]]],[[[130.00523,32.76842],[130.00251,32.78062],[129.99451,32.77293],[129.99445,32.77013],[130.00523,32.76842]]],[[[129.99859,32.75461],[129.99656,32.7528],[129.99986,32.75271],[129.99859,32.75461]]],[[[130.00376,32.75583],[130.00209,32.75501],[130.0071,32.75179],[130.00376,32.75583]]],[[[130.01882,32.75999],[130.00543,32.76845],[130.00135,32.76143],[130.00498,32.75783],[130.01882,32.75999]]],[[[130.00523,32.76842],[129.99462,32.7701],[129.99606,32.76389],[129.99956,32.76127],[130.00523,32.76842]]],[[[129.99004,32.76152],[129.98699,32.75772],[129.99113,32.75357],[129.99543,32.7547],[129.99597,32.75912],[129.99903,32.75898],[129.99004,32.76152]]],[[[129.99343,32.7788],[129.98839,32.77483],[129.98692,32.76996],[129.98998,32.76694],[129.99004,32.76152],[129.99885,32.76],[129.99445,32.77013],[129.99733,32.77567],[129.99343,32.7788]]]]}},{"type":"Feature","properties":{"vid":"K64G11S00053","name":"戸石村","reading":"といし","gun":"高来郡","domains":["saga"],"isShared":false,"shared":[]},"geometry":{"type":"MultiPolygon","coordinates":[[[[129.97918,32.77459],[129.97927,32.77247],[129.98699,32.77097],[129.99367,32.77894],[129.98962,32.78928],[129.98067,32.78674],[129.97918,32.77459]]],[[[129.96973,32.78632],[129.96522,32.77589],[129.97037,32.77738],[129.97414,32.77444],[129.97529,32.77618],[129.97918,32.77459],[129.98045,32.78624],[129.96973,32.78632]]],[[[129.96522,32.77589],[129.96674,32.77285],[129.97503,32.77033],[129.97961,32.77552],[129.97414,32.77444],[129.97037,32.77738],[129.96522,32.77589]]],[[[129.96674,32.77285],[129.96625,32.76838],[129.96919,32.76515],[129.9663,32.76503],[129.96712,32.76309],[129.97875,32.76646],[129.98422,32.76367],[129.98791,32.76906],[129.97859,32.77325],[129.97627,32.77036],[129.96674,32.77285]]],[[[129.98791,32.76906],[129.98463,32.7638],[129.97875,32.76646],[129.97168,32.76323],[129.97702,32.76121],[129.98054,32.76353],[129.98187,32.7621],[129.97971,32.76193],[129.98772,32.75911],[129.9909,32.7629],[129.98791,32.76906]]],[[[129.97853,32.74578],[129.97853,32.74579],[129.97848,32.74582],[129.97846,32.74583],[129.97844,32.74583],[129.97843,32.74583],[129.97842,32.74582],[129.97842,32.74581],[129.97842,32.7458],[129.97842,32.74579],[129.97844,32.74577],[129.97844,32.74575],[129.97845,32.74572],[129.97842,32.7457],[129.97841,32.74569],[129.97841,32.74569],[129.97843,32.74567],[129.97844,32.74567],[129.97844,32.74564],[129.97841,32.74564],[129.9784,32.74564],[129.97838,32.74564],[129.97837,32.74564],[129.97836,32.74563],[129.97836,32.74562],[129.97836,32.74561],[129.97837,32.7456],[129.97838,32.74559],[129.97837,32.74557],[129.97835,32.74556],[129.97832,32.74556],[129.97831,32.74555],[129.9783,32.74554],[129.9783,32.74553],[129.9783,32.74552],[129.97832,32.74551],[129.97834,32.74549],[129.97834,32.74548],[129.97834,32.74546],[129.97834,32.74544],[129.97835,32.74543],[129.97837,32.74541],[129.97841,32.74534],[129.97838,32.74531],[129.97836,32.74527],[129.97836,32.74519],[129.97838,32.74509],[129.97835,32.74502],[129.97833,32.7449],[129.97827,32.7449],[129.97827,32.74493],[129.97826,32.74495],[129.97823,32.74496],[129.97819,32.74495],[129.97819,32.74493],[129.97821,32.74492],[129.97826,32.7449],[129.97831,32.74485],[129.97833,32.74482],[129.9783,32.74478],[129.97825,32.74479],[129.97819,32.7448],[129.97818,32.74477],[129.97818,32.74475],[129.97823,32.74475],[129.97823,32.74472],[129.97818,32.74467],[129.97818,32.74464],[129.97822,32.74463],[129.97823,32.74458],[129.97821,32.74456],[129.97821,32.74454],[129.97825,32.74452],[129.97825,32.7444],[129.97823,32.74439],[129.97817,32.7444],[129.97813,32.74439],[129.97814,32.74438],[129.97816,32.74437],[129.97827,32.74422],[129.97825,32.7442],[129.97824,32.74418],[129.97826,32.74416],[129.97827,32.74415],[129.97828,32.74413],[129.97836,32.74408],[129.97836,32.74404],[129.97835,32.74401],[129.97834,32.74396],[129.97832,32.74395],[129.97829,32.74391],[129.97826,32.74386],[129.97826,32.74385],[129.9783,32.74384],[129.97833,32.74381],[129.97838,32.74375],[129.97842,32.74369],[129.97848,32.74368],[129.97853,32.74363],[129.97856,32.74359],[129.97857,32.74359],[129.97858,32.74356],[129.97862,32.74353],[129.97863,32.7435],[129.97864,32.74346],[129.97866,32.74344],[129.97871,32.74342],[129.97874,32.7434],[129.97875,32.74339],[129.97876,32.74338],[129.9788,32.74335],[129.97884,32.74334],[129.97889,32.74333],[129.97889,32.74332],[129.97889,32.74331],[129.97889,32.74329],[129.97889,32.74327],[129.97891,32.74326],[129.97898,32.74325],[129.97904,32.74325],[129.97908,32.74325],[129.97911,32.74326],[129.97911,32.74327],[129.97912,32.74328],[129.97914,32.74329],[129.97916,32.74328],[129.97918,32.74326],[129.9792,32.74326],[129.97922,32.74326],[129.97923,32.74328],[129.97924,32.7433],[129.97927,32.74331],[129.9793,32.74331],[129.97932,32.74331],[129.97935,32.74331],[129.97937,32.74332],[129.9794,32.74334],[129.97942,32.74337],[129.97945,32.74341],[129.97946,32.74343],[129.97948,32.74346],[129.97947,32.74348],[129.97947,32.74351],[129.97947,32.74353],[129.97944,32.74354],[129.97941,32.74354],[129.97937,32.74355],[129.97937,32.74358],[129.9794,32.74361],[129.97945,32.74362],[129.97948,32.74362],[129.9795,32.74364],[129.9795,32.74366],[129.97949,32.74369],[129.97941,32.74372],[129.97936,32.74375],[129.9794,32.74377],[129.9794,32.7438],[129.97938,32.74383],[129.97935,32.74386],[129.97933,32.74389],[129.97935,32.74391],[129.97935,32.74392],[129.97934,32.74392],[129.9793,32.74392],[129.97927,32.74394],[129.97926,32.74397],[129.97925,32.74402],[129.97923,32.74408],[129.9792,32.7441],[129.97915,32.74413],[129.97917,32.74415],[129.97916,32.74418],[129.97911,32.74419],[129.97908,32.74422],[129.97905,32.74434],[129.97906,32.74441],[129.97904,32.74445],[129.97897,32.74445],[129.97893,32.74453],[129.97894,32.74456],[129.97894,32.7446],[129.97889,32.74459],[129.97882,32.74482],[129.97882,32.74489],[129.97875,32.74516],[129.97869,32.74541],[129.97866,32.74544],[129.97865,32.74546],[129.97867,32.74551],[129.97867,32.74555],[129.97867,32.74558],[129.97867,32.74561],[129.97865,32.74566],[129.97863,32.74568],[129.97862,32.7457],[129.97861,32.74571],[129.97858,32.74572],[129.97858,32.74574],[129.97858,32.74576],[129.97859,32.74576],[129.97861,32.74576],[129.97862,32.74577],[129.97862,32.74578],[129.97862,32.74579],[129.97861,32.74579],[129.97858,32.74579],[129.97857,32.74579],[129.97857,32.74578],[129.97853,32.74578]]],[[[129.96545,32.76214],[129.96396,32.76107],[129.96825,32.75501],[129.96585,32.7547],[129.97041,32.75224],[129.97029,32.74915],[129.97478,32.75014],[129.97839,32.74727],[129.98313,32.74873],[129.98418,32.74614],[129.98926,32.75036],[129.98773,32.75303],[129.98778,32.7504],[129.98517,32.7528],[129.98159,32.74996],[129.97792,32.75263],[129.97999,32.75321],[129.97808,32.7546],[129.98069,32.76002],[129.97022,32.75893],[129.96545,32.76214]]]]}},{"type":"Feature","properties":{"vid":"K64G11S00054","name":"栄田村","reading":"えいだ","gun":"高来郡","domains":["saga"],"isShared":false,"shared":[]},"geometry":{"type":"MultiPolygon","coordinates":[[[[130.03377,32.85326],[130.0407,32.85403],[130.04107,32.85694],[130.04389,32.85786],[130.03708,32.86629],[130.02956,32.87097],[130.0264,32.86958],[130.02781,32.86264],[130.03377,32.85326]]],[[[130.03377,32.85326],[130.02806,32.86252],[130.02949,32.85593],[130.03141,32.85671],[130.03377,32.85326]]],[[[130.04391,32.85761],[130.04107,32.85694],[130.0407,32.85403],[130.03608,32.85459],[130.03284,32.84629],[130.04239,32.84666],[130.04391,32.85761]]]]}},{"type":"Feature","properties":{"vid":"K64G11S00055","name":"貝津村","reading":"かいづ","gun":"高来郡","domains":["saga"],"isShared":false,"shared":[]},"geometry":{"type":"MultiPolygon","coordinates":[[[[130.038,32.83731],[130.0355,32.84172],[130.03874,32.84389],[130.03256,32.84673],[130.03428,32.85014],[130.02036,32.84403],[130.02077,32.83968],[130.01882,32.83914],[130.02945,32.83503],[130.03027,32.83733],[130.038,32.83731]]],[[[130.00848,32.81039],[130.0151,32.81627],[130.02924,32.82313],[130.0322,32.82805],[130.02971,32.83486],[130.02002,32.83807],[130.01413,32.84598],[130.01,32.84769],[130.00358,32.84395],[130.0055,32.82573],[129.99855,32.82154],[129.9995,32.81728],[130.00284,32.81397],[130.00649,32.81401],[130.00848,32.81039]]]]}},{"type":"Feature","properties":{"vid":"K64G11S00056","name":"真崎村","reading":"まさき","gun":"高来郡","domains":["saga"],"isShared":false,"shared":[]},"geometry":{"type":"MultiPolygon","coordinates":[[[[130.03377,32.85326],[130.03141,32.85671],[130.02034,32.85601],[130.01475,32.85476],[130.01424,32.85071],[130.02044,32.84583],[130.01986,32.8436],[130.03088,32.84735],[130.03531,32.85205],[130.03377,32.85326]]],[[[130.02806,32.86252],[130.02775,32.86765],[130.02362,32.87264],[130.01241,32.87565],[130.01473,32.87035],[130.0127,32.86018],[130.01475,32.85476],[130.02953,32.8556],[130.02806,32.86252]]],[[[130.01,32.84769],[130.01413,32.84598],[130.01882,32.83914],[130.02077,32.83968],[130.02044,32.84583],[130.01775,32.84853],[130.01424,32.85071],[130.01,32.84769]]]]}},{"type":"Feature","properties":{"vid":"K64G11S00057","name":"久山村","reading":"くやま","gun":"高来郡","domains":["saga"],"isShared":false,"shared":[]},"geometry":{"type":"MultiPolygon","coordinates":[[[[129.99095,32.80679],[130.00251,32.80218],[130.01073,32.80854],[130.00735,32.80926],[130.00841,32.81108],[130.0051,32.81494],[130.00209,32.8136],[129.99114,32.8159],[129.98916,32.81267],[129.99095,32.80679]]],[[[129.99114,32.8159],[130.0031,32.81394],[129.99855,32.82154],[130.0055,32.82573],[130.00441,32.84037],[129.99423,32.83975],[129.99339,32.84184],[129.99114,32.8159]]]]}},{"type":"Feature","properties":{"vid":"K64G11S00058","name":"下本明村","reading":"しもほんみょう","gun":"高来郡","domains":["saga"],"isShared":false,"shared":[]},"geometry":{"type":"MultiPolygon","coordinates":[[[[130.02956,32.87097],[130.04032,32.86219],[130.04302,32.86409],[130.04561,32.89779],[130.04018,32.88869],[130.03537,32.89249],[130.0315,32.89018],[130.03074,32.886],[130.02329,32.88613],[130.02326,32.87854],[130.02956,32.87097]]],[[[130.04561,32.89779],[130.04269,32.86621],[130.04664,32.86343],[130.04916,32.86476],[130.05184,32.8767],[130.05521,32.87705],[130.05551,32.88438],[130.05943,32.89081],[130.05931,32.90275],[130.05303,32.91348],[130.05265,32.90823],[130.04722,32.91122],[130.0444,32.90503],[130.04561,32.89779]]],[[[130.05504,32.87677],[130.05184,32.8767],[130.04882,32.86944],[130.05326,32.85508],[130.05286,32.86963],[130.05504,32.87677]]],[[[130.05192,32.85607],[130.05435,32.84707],[130.05971,32.84849],[130.05545,32.84984],[130.05192,32.85607]]],[[[130.05141,32.84611],[130.04967,32.85926],[130.04797,32.85959],[130.04931,32.85343],[130.04653,32.85172],[130.04685,32.8471],[130.05141,32.84611]]],[[[130.04921,32.86762],[130.04664,32.86343],[130.04967,32.85926],[130.04991,32.84746],[130.05467,32.84577],[130.0513,32.85343],[130.0512,32.86648],[130.04921,32.86762]]],[[[130.04032,32.86219],[130.04376,32.85834],[130.04428,32.84728],[130.04732,32.8463],[130.04653,32.85172],[130.04931,32.85343],[130.04746,32.86225],[130.04358,32.86542],[130.04032,32.86219]]]]}},{"type":"Feature","properties":{"vid":"K64G11S00059","name":"中本明村","reading":"なかほんみょう","gun":"高来郡","domains":["saga"],"isShared":false,"shared":[]},"geometry":{"type":"MultiPolygon","coordinates":[[[[130.02811,32.94359],[130.0288,32.93712],[130.03305,32.93607],[130.03805,32.94842],[130.02811,32.94359]]],[[[130.02357,32.88654],[130.03074,32.886],[130.03511,32.90575],[130.02457,32.90108],[130.02357,32.88654]]],[[[130.03246,32.89081],[130.03556,32.89249],[130.04018,32.88869],[130.04287,32.89094],[130.0427,32.89531],[130.04597,32.89839],[130.0444,32.90503],[130.04617,32.90716],[130.03474,32.90538],[130.03246,32.89081]]],[[[130.04617,32.90716],[130.04774,32.91201],[130.05265,32.90823],[130.05259,32.91416],[130.0469,32.91425],[130.04357,32.91841],[130.04639,32.92492],[130.05301,32.92964],[130.04392,32.92904],[130.02886,32.90819],[130.03035,32.90459],[130.04617,32.90716]]],[[[130.05303,32.91348],[130.05401,32.92417],[130.05758,32.92952],[130.05301,32.92964],[130.04644,32.92497],[130.04357,32.91845],[130.0469,32.91425],[130.04864,32.91568],[130.05303,32.91348]]],[[[130.0288,32.93712],[130.02982,32.93009],[130.02712,32.92399],[130.02457,32.90108],[130.02999,32.90474],[130.02901,32.90886],[130.04392,32.92904],[130.05758,32.92952],[130.06608,32.94795],[130.06513,32.95304],[130.05827,32.9573],[130.05605,32.95474],[130.04125,32.95631],[130.03375,32.94787],[130.03813,32.9482],[130.03465,32.94363],[130.03441,32.93688],[130.0288,32.93712]]]]}},{"type":"Feature","properties":{"vid":"K64G11S00060","name":"大渡野村","reading":"おおわたの","gun":"高来郡","domains":["saga"],"isShared":false,"shared":[]},"geometry":{"type":"MultiPolygon","coordinates":[[[[130.0264,32.86958],[130.02956,32.87097],[130.0225,32.87942],[130.0096,32.88345],[130.00854,32.88136],[130.01319,32.87722],[130.01241,32.87565],[130.02358,32.87267],[130.0264,32.86958]]],[[[130.02386,32.87781],[130.02408,32.88778],[130.01891,32.88793],[130.01742,32.89486],[130.01297,32.89435],[130.01027,32.88995],[130.0105,32.88405],[130.01782,32.88229],[130.02386,32.87781]]],[[[130.01742,32.89486],[130.01891,32.88793],[130.02408,32.88778],[130.02632,32.91909],[130.02982,32.93009],[130.02811,32.94359],[130.02142,32.94191],[130.02013,32.93604],[130.02148,32.93769],[130.02453,32.93512],[130.0258,32.92415],[130.01639,32.92242],[130.01922,32.90789],[130.01742,32.89486]]],[[[130.01297,32.89435],[130.01699,32.89432],[130.01784,32.89699],[130.01922,32.90789],[130.01663,32.91674],[130.01297,32.89435]]],[[[130.01665,32.92336],[130.0258,32.92415],[130.02453,32.93512],[130.02148,32.93769],[130.01766,32.93155],[130.01665,32.92336]]]]}},{"type":"Feature","properties":{"vid":"K64G11S00061","name":"福田村","reading":"ふくだ","gun":"高来郡","domains":["saga"],"isShared":false,"shared":[]},"geometry":{"type":"MultiPolygon","coordinates":[[[[130.06016,32.89771],[130.05801,32.89623],[130.05976,32.89344],[130.0568,32.88613],[130.06109,32.8838],[130.06016,32.89771]]],[[[130.0568,32.88613],[130.05286,32.8697],[130.05286,32.85549],[130.05559,32.84973],[130.06604,32.8474],[130.06195,32.85575],[130.06545,32.8611],[130.06353,32.87563],[130.06109,32.8838],[130.0568,32.88613]]]]}},{"type":"Feature","properties":{"vid":"K64G11S00062","name":"東長田村","reading":"ひがしながた","gun":"高来郡","domains":["saga"],"isShared":false,"shared":[]},"geometry":{"type":"MultiPolygon","coordinates":[[[[130.09062,32.86455],[130.08335,32.87665],[130.0766,32.87933],[130.0818,32.86443],[130.09062,32.86455]]],[[[130.06846,32.906],[130.07034,32.89901],[130.07073,32.90241],[130.07428,32.89958],[130.07448,32.89687],[130.07166,32.89491],[130.07126,32.88905],[130.07343,32.88811],[130.07549,32.89272],[130.07816,32.8948],[130.08104,32.8928],[130.07992,32.89573],[130.08423,32.89698],[130.08047,32.90185],[130.08261,32.91175],[130.07702,32.9197],[130.07935,32.92633],[130.07698,32.93547],[130.07944,32.93681],[130.07906,32.94782],[130.08125,32.94787],[130.07647,32.9581],[130.0677,32.95432],[130.07121,32.94724],[130.07039,32.93492],[130.06722,32.9291],[130.07018,32.91273],[130.06846,32.906]]],[[[130.07306,32.86722],[130.07716,32.85941],[130.08194,32.86324],[130.07942,32.86358],[130.08061,32.86732],[130.07655,32.87827],[130.08082,32.87895],[130.07927,32.88569],[130.07469,32.89194],[130.06712,32.8796],[130.07306,32.86722]]],[[[130.08348,32.85607],[130.0908,32.85938],[130.09135,32.8628],[130.08555,32.86585],[130.08259,32.86398],[130.08068,32.86771],[130.07942,32.86358],[130.08194,32.86324],[130.07716,32.85941],[130.08348,32.85607]]],[[[130.09118,32.86597],[130.09691,32.86897],[130.08924,32.87508],[130.07852,32.89175],[130.07549,32.89272],[130.08085,32.87871],[130.09118,32.86597]]],[[[130.09691,32.86897],[130.0926,32.88184],[130.08011,32.88897],[130.08924,32.87508],[130.09691,32.86897]]],[[[130.1074,32.87445],[130.10568,32.87859],[130.0926,32.88184],[130.09811,32.8696],[130.1074,32.87445]]],[[[130.0825,32.90774],[130.08047,32.90185],[130.08423,32.89698],[130.07992,32.89573],[130.08104,32.8928],[130.07816,32.8948],[130.07746,32.89222],[130.08746,32.88326],[130.10086,32.88118],[130.09781,32.88465],[130.09715,32.89057],[130.08824,32.89739],[130.08846,32.90017],[130.0825,32.90774]]],[[[130.10046,32.88102],[130.10649,32.87803],[130.10127,32.88629],[130.10161,32.88994],[130.09928,32.88955],[130.08846,32.90017],[130.08824,32.89739],[130.09715,32.89057],[130.10046,32.88102]]]]}},{"type":"Feature","properties":{"vid":"K64G11S00063","name":"西長田村","reading":"にしながた","gun":"高来郡","domains":["saga"],"isShared":false,"shared":[]},"geometry":{"type":"MultiPolygon","coordinates":[[[[130.06346,32.87518],[130.06545,32.8611],[130.06196,32.85567],[130.06604,32.8474],[130.07469,32.84718],[130.07693,32.84982],[130.07123,32.8546],[130.06905,32.8658],[130.06346,32.87518]]],[[[130.07693,32.84982],[130.08331,32.85748],[130.07744,32.85915],[130.07399,32.86641],[130.06699,32.87038],[130.07123,32.8546],[130.07693,32.84982]]],[[[130.06403,32.875],[130.06861,32.86859],[130.07306,32.86722],[130.06689,32.88011],[130.06461,32.87949],[130.06403,32.875]]],[[[130.06016,32.89771],[130.06178,32.87857],[130.06417,32.87498],[130.06461,32.87949],[130.07136,32.88407],[130.07166,32.89491],[130.07448,32.89687],[130.07428,32.89958],[130.07073,32.90241],[130.07034,32.89901],[130.06846,32.906],[130.05931,32.90275],[130.06016,32.89771]]],[[[130.05303,32.91348],[130.05931,32.90275],[130.06846,32.906],[130.07018,32.91273],[130.06722,32.9291],[130.07039,32.93492],[130.07121,32.94724],[130.06788,32.95472],[130.06513,32.95304],[130.06608,32.94795],[130.05401,32.92417],[130.05303,32.91348]]]]}},{"type":"Feature","properties":{"vid":"K64G11S00064","name":"深海村","reading":"ふかのみ","gun":"高来郡","domains":["saga"],"isShared":false,"shared":[]},"geometry":{"type":"MultiPolygon","coordinates":[[[[130.10173,32.88734],[130.10443,32.8877],[130.09992,32.89206],[130.09828,32.89076],[130.10161,32.88994],[130.10173,32.88734]]],[[[130.10173,32.88734],[130.10288,32.88433],[130.10574,32.8849],[130.10173,32.88734]]],[[[130.1036,32.8891],[130.10508,32.88548],[130.10785,32.88551],[130.1036,32.8891]]],[[[130.09609,32.8985],[130.10171,32.89005],[130.10584,32.88884],[130.10475,32.89497],[130.10238,32.89375],[130.09609,32.8985]]],[[[130.07944,32.93681],[130.07698,32.93547],[130.07935,32.92633],[130.07706,32.91936],[130.08252,32.91196],[130.08292,32.90698],[130.08626,32.90655],[130.08663,32.91921],[130.08435,32.92366],[130.08583,32.93375],[130.07944,32.93681]]],[[[130.08093,32.94694],[130.07906,32.94782],[130.07862,32.93761],[130.08583,32.93375],[130.08435,32.92366],[130.08784,32.90626],[130.09203,32.9073],[130.09008,32.91136],[130.09381,32.91423],[130.09043,32.92049],[130.0914,32.92351],[130.08794,32.92758],[130.08892,32.93271],[130.0848,32.94107],[130.08521,32.94501],[130.08093,32.94694]]],[[[130.08609,32.90234],[130.08861,32.90473],[130.09693,32.89962],[130.09494,32.90532],[130.09109,32.90802],[130.08341,32.90642],[130.08609,32.90234]]],[[[130.08609,32.90234],[130.09807,32.8909],[130.09992,32.89206],[130.09397,32.90152],[130.08861,32.90473],[130.08609,32.90234]]]]}},{"type":"Feature","properties":{"vid":"K64G11S00065","name":"藤田尾村","reading":"ふじたお","gun":"高来郡","domains":["saga"],"isShared":false,"shared":[]},"geometry":{"type":"MultiPolygon","coordinates":[[[[130.10516,32.88916],[130.11454,32.88292],[130.10785,32.89071],[130.10516,32.88916]]],[[[130.11609,32.87939],[130.11454,32.88292],[130.10797,32.88586],[130.10288,32.88433],[130.11609,32.87939]]],[[[130.11128,32.87648],[130.11609,32.87939],[130.10437,32.88331],[130.1074,32.87445],[130.11128,32.87648]]]]}},{"type":"Feature","properties":{"vid":"K64G11S00066","name":"小江村","reading":"おえ","gun":"高来郡","domains":["saga"],"isShared":false,"shared":[]},"geometry":{"type":"MultiPolygon","coordinates":[[[[130.0954,32.90238],[130.10004,32.89523],[130.10238,32.89375],[130.1053,32.89551],[130.10342,32.90303],[130.09853,32.90483],[130.0954,32.90238]]],[[[130.07647,32.9581],[130.08093,32.94694],[130.08514,32.9452],[130.08526,32.93957],[130.08824,32.9356],[130.08794,32.92758],[130.0914,32.92351],[130.09043,32.92049],[130.09381,32.91423],[130.09008,32.91136],[130.09137,32.9083],[130.0954,32.90238],[130.09853,32.90483],[130.10312,32.90286],[130.09892,32.90902],[130.09572,32.91846],[130.09753,32.92376],[130.09414,32.92786],[130.096,32.93171],[130.09466,32.93488],[130.09843,32.94039],[130.08979,32.95671],[130.08565,32.95633],[130.08389,32.96055],[130.08177,32.95975],[130.08215,32.9616],[130.07919,32.96237],[130.0799,32.96853],[130.07753,32.96723],[130.07647,32.9581]]],[[[130.10342,32.90303],[130.1039,32.9066],[130.10862,32.90322],[130.10993,32.90526],[130.10288,32.91406],[130.10467,32.91675],[130.10269,32.91729],[130.10129,32.9265],[130.10253,32.93414],[130.10759,32.93536],[130.10686,32.94329],[130.10209,32.95206],[130.0994,32.9531],[130.10129,32.95549],[130.09668,32.95566],[130.09771,32.95826],[130.09288,32.96026],[130.09404,32.96242],[130.08891,32.96657],[130.08862,32.97136],[130.08593,32.97374],[130.08426,32.96985],[130.0799,32.96853],[130.07919,32.96237],[130.08215,32.9616],[130.08177,32.95975],[130.08389,32.96055],[130.08565,32.95633],[130.08979,32.95671],[130.09843,32.94039],[130.09466,32.93488],[130.096,32.93171],[130.09414,32.92786],[130.09753,32.92376],[130.09572,32.91846],[130.09892,32.90902],[130.10342,32.90303]]],[[[130.11882,32.89622],[130.1108,32.89308],[130.11576,32.88752],[130.1223,32.89303],[130.11882,32.89622]]],[[[130.10475,32.89497],[130.11246,32.88528],[130.11576,32.88752],[130.1108,32.89308],[130.11232,32.89366],[130.10862,32.90322],[130.1041,32.90666],[130.10475,32.89497]]],[[[130.10862,32.90322],[130.11232,32.89366],[130.11875,32.89518],[130.10993,32.90526],[130.10862,32.90322]]]]}},{"type":"Feature","properties":{"vid":"K64G11S00067","name":"犬木村","reading":"いぬき","gun":"高来郡","domains":["saga"],"isShared":false,"shared":[]},"geometry":{"type":"MultiPolygon","coordinates":[[[[130.10759,32.93536],[130.10253,32.93414],[130.10131,32.92638],[130.10269,32.91729],[130.10467,32.91675],[130.10268,32.91494],[130.11481,32.89962],[130.12085,32.90297],[130.11628,32.90677],[130.1143,32.91375],[130.10645,32.92502],[130.10759,32.93536]]],[[[130.11882,32.89622],[130.12292,32.90096],[130.12099,32.90293],[130.1148,32.89962],[130.11882,32.89622]]],[[[130.11882,32.89622],[130.12255,32.89308],[130.12627,32.89879],[130.12288,32.90129],[130.11882,32.89622]]]]}},{"type":"Feature","properties":{"vid":"K64G11S00068","name":"湯江村","reading":"ゆえ","gun":"高来郡","domains":["saga"],"isShared":false,"shared":[]},"geometry":{"type":"MultiPolygon","coordinates":[[[[130.14167,32.91048],[130.14082,32.90715],[130.1443,32.9073],[130.14167,32.91048]]],[[[130.1443,32.9073],[130.1438,32.90732],[130.14362,32.90734],[130.14327,32.90736],[130.14308,32.90736],[130.14306,32.90703],[130.14282,32.90705],[130.14277,32.90702],[130.14267,32.90659],[130.1421,32.9067],[130.14207,32.90654],[130.14205,32.9064],[130.14201,32.90619],[130.14199,32.90589],[130.14169,32.90587],[130.14192,32.90528],[130.14194,32.90478],[130.14218,32.90476],[130.14219,32.90463],[130.14258,32.90454],[130.14232,32.90434],[130.14261,32.90429],[130.14276,32.9044],[130.14296,32.90452],[130.14308,32.90458],[130.1434,32.90473],[130.14352,32.90477],[130.14362,32.90481],[130.14388,32.90488],[130.14428,32.905],[130.14442,32.90506],[130.14471,32.90525],[130.14477,32.90531],[130.14482,32.90541],[130.14487,32.90553],[130.14488,32.90562],[130.14484,32.90583],[130.14477,32.90605],[130.14469,32.90621],[130.14461,32.90632],[130.14457,32.90638],[130.14434,32.90673],[130.1443,32.90689],[130.14427,32.90699],[130.14428,32.90715],[130.1443,32.9073]]],[[[130.13482,32.90168],[130.13735,32.9034],[130.13657,32.90859],[130.13336,32.90616],[130.13307,32.90191],[130.13482,32.90168]]],[[[130.14167,32.91048],[130.14413,32.91816],[130.13825,32.92708],[130.14063,32.93111],[130.12667,32.93999],[130.1201,32.94067],[130.11876,32.93697],[130.12481,32.93665],[130.12918,32.93189],[130.13475,32.93226],[130.13409,32.92768],[130.13783,32.92255],[130.13955,32.91044],[130.14167,32.91048]]],[[[130.13757,32.8922],[130.14355,32.8937],[130.14449,32.89888],[130.14034,32.90773],[130.14006,32.8971],[130.13757,32.8922]]],[[[130.13423,32.88941],[130.14006,32.8971],[130.13968,32.90602],[130.13526,32.90261],[130.13116,32.89302],[130.13423,32.88941]]],[[[130.13307,32.90191],[130.13374,32.90757],[130.13079,32.91137],[130.12884,32.90985],[130.11999,32.91285],[130.12936,32.90292],[130.13307,32.90191]]],[[[130.12737,32.89749],[130.13116,32.89302],[130.1345,32.90266],[130.12736,32.90323],[130.12566,32.90131],[130.12818,32.89967],[130.12737,32.89749]]],[[[130.10568,32.94146],[130.10748,32.93953],[130.10678,32.92424],[130.1143,32.91375],[130.11641,32.90657],[130.12737,32.89749],[130.12818,32.89967],[130.12566,32.90131],[130.12865,32.90406],[130.118,32.91322],[130.11651,32.92165],[130.11328,32.92324],[130.11553,32.92636],[130.11468,32.93278],[130.1107,32.93567],[130.11146,32.93844],[130.10568,32.94146]]],[[[130.09404,32.96242],[130.09288,32.96026],[130.09779,32.9581],[130.09564,32.95698],[130.09671,32.95563],[130.10129,32.95549],[130.0994,32.9531],[130.10656,32.94421],[130.10568,32.94146],[130.11146,32.93844],[130.1107,32.93567],[130.11468,32.93278],[130.11553,32.92636],[130.11325,32.92338],[130.11651,32.92165],[130.118,32.91322],[130.12884,32.90985],[130.13079,32.91137],[130.13374,32.90757],[130.13533,32.90841],[130.1332,32.91413],[130.13408,32.92176],[130.12942,32.92677],[130.11918,32.93034],[130.12395,32.93314],[130.12481,32.93665],[130.11876,32.93697],[130.12006,32.9401],[130.11108,32.94344],[130.10511,32.95686],[130.09404,32.96242]]],[[[130.13955,32.91044],[130.13783,32.92255],[130.13409,32.92768],[130.13475,32.93226],[130.12918,32.93189],[130.12442,32.93572],[130.11918,32.93034],[130.13083,32.92582],[130.13441,32.92119],[130.13318,32.91435],[130.13507,32.9091],[130.13955,32.91044]]],[[[130.14167,32.91048],[130.13683,32.90995],[130.13766,32.9059],[130.14167,32.91048]]]]}},{"type":"Feature","properties":{"vid":"K64G11S00069","name":"宇良村","reading":"うら","gun":"高来郡","domains":["saga"],"isShared":false,"shared":[]},"geometry":{"type":"MultiPolygon","coordinates":[[[[130.15074,32.91178],[130.14596,32.90795],[130.15254,32.90859],[130.15074,32.91178]]],[[[130.15074,32.91178],[130.15574,32.91358],[130.15176,32.91662],[130.14494,32.91311],[130.14703,32.9095],[130.15074,32.91178]]],[[[130.14314,32.91352],[130.14451,32.90691],[130.14753,32.911],[130.14314,32.91352]]],[[[130.15074,32.91178],[130.15632,32.90617],[130.16097,32.90708],[130.15574,32.91358],[130.15074,32.91178]]],[[[130.14717,32.90529],[130.1502,32.90643],[130.14948,32.90821],[130.14639,32.9084],[130.14717,32.90529]]],[[[130.1443,32.90689],[130.1434,32.90473],[130.14717,32.90529],[130.14706,32.90816],[130.1443,32.90689]]],[[[130.14411,32.918],[130.14406,32.91226],[130.15176,32.91662],[130.147,32.92366],[130.14411,32.918]]],[[[130.08593,32.97374],[130.0926,32.96294],[130.10511,32.95686],[130.11122,32.9433],[130.13396,32.93698],[130.13627,32.94223],[130.12732,32.9499],[130.12382,32.97057],[130.10919,32.97176],[130.10303,32.97474],[130.08593,32.97374]]],[[[130.15632,32.90617],[130.15191,32.90878],[130.14533,32.90445],[130.14588,32.903],[130.15632,32.90617]]],[[[130.13152,32.93674],[130.14063,32.93111],[130.13825,32.92708],[130.14509,32.91812],[130.147,32.92366],[130.14113,32.93877],[130.13627,32.94223],[130.13396,32.93698],[130.13152,32.93674]]],[[[130.14355,32.8937],[130.1478,32.89549],[130.14534,32.90469],[130.14222,32.90365],[130.14449,32.89931],[130.14355,32.8937]]],[[[130.1478,32.89549],[130.15299,32.89915],[130.15577,32.89862],[130.15806,32.90281],[130.15636,32.90617],[130.14588,32.903],[130.1478,32.89549]]]]}},{"type":"Feature","properties":{"vid":"K64G11S00070","name":"長里村","reading":null,"gun":"高来郡","domains":["saga"],"isShared":false,"shared":[]},"geometry":{"type":"MultiPolygon","coordinates":[[[[130.12382,32.97057],[130.12477,32.95711],[130.12858,32.94798],[130.13569,32.9518],[130.14552,32.94921],[130.14579,32.95799],[130.13879,32.96388],[130.13979,32.96874],[130.12382,32.97057]]],[[[130.18239,32.91645],[130.17742,32.92736],[130.16448,32.93212],[130.17007,32.924],[130.16728,32.91969],[130.17827,32.91415],[130.18239,32.91645]]],[[[130.16487,32.93158],[130.16119,32.92954],[130.15842,32.93661],[130.15133,32.94024],[130.14436,32.93663],[130.15021,32.93052],[130.15916,32.92716],[130.16196,32.92199],[130.16099,32.9187],[130.16661,32.91363],[130.1727,32.91619],[130.17183,32.91894],[130.16728,32.91969],[130.17007,32.924],[130.16487,32.93158]]],[[[130.16549,32.91394],[130.16099,32.9187],[130.16196,32.92199],[130.15916,32.92716],[130.15443,32.92786],[130.14799,32.93284],[130.14689,32.92922],[130.15623,32.91672],[130.1631,32.91097],[130.16734,32.91128],[130.16549,32.91394]]],[[[130.15574,32.91358],[130.1611,32.90586],[130.16731,32.91124],[130.1631,32.91097],[130.15623,32.91672],[130.14727,32.92849],[130.14799,32.93284],[130.14436,32.93663],[130.15133,32.94024],[130.14662,32.94813],[130.13238,32.95154],[130.12939,32.94762],[130.14113,32.93877],[130.14438,32.93293],[130.14335,32.92921],[130.14943,32.91852],[130.15574,32.91358]]]]}},{"type":"Feature","properties":{"vid":"K64G11S00071","name":"小川原浦村","reading":"おがわはらうら","gun":"高来郡","domains":["saga"],"isShared":false,"shared":[]},"geometry":{"type":"MultiPolygon","coordinates":[[[[130.18874,32.93557],[130.17847,32.93714],[130.1796,32.93417],[130.17792,32.93385],[130.18263,32.92696],[130.18608,32.92669],[130.18956,32.93044],[130.18874,32.93557]]],[[[130.19083,32.9319],[130.19162,32.935],[130.18874,32.93557],[130.18956,32.93044],[130.18684,32.92716],[130.17745,32.92405],[130.18337,32.91344],[130.18609,32.9134],[130.18741,32.91472],[130.18536,32.91709],[130.18879,32.91798],[130.18599,32.92241],[130.187,32.92463],[130.19388,32.9272],[130.19083,32.9319]]],[[[130.18263,32.92696],[130.17792,32.93385],[130.17738,32.93177],[130.17171,32.9308],[130.17742,32.92736],[130.17797,32.92378],[130.18263,32.92696]]],[[[130.16893,32.95146],[130.17314,32.95886],[130.17801,32.96097],[130.16225,32.96145],[130.15618,32.95731],[130.15439,32.9462],[130.15817,32.94155],[130.16401,32.94061],[130.16804,32.9442],[130.16893,32.95146]]],[[[130.17847,32.93714],[130.17136,32.93451],[130.16575,32.94036],[130.15526,32.94323],[130.15133,32.94024],[130.15842,32.93661],[130.16119,32.92954],[130.1659,32.93239],[130.17738,32.93177],[130.1796,32.93417],[130.17847,32.93714]]],[[[130.1575,32.94254],[130.1542,32.9473],[130.15605,32.95704],[130.16225,32.96145],[130.1498,32.96269],[130.14718,32.96901],[130.14227,32.97122],[130.13826,32.96527],[130.14579,32.95799],[130.14449,32.95571],[130.14701,32.95337],[130.14695,32.9459],[130.15133,32.94024],[130.15449,32.94313],[130.1575,32.94254]]]]}},{"type":"Feature","properties":{"vid":"K64G11S00072","name":"井崎村","reading":"いざき","gun":"高来郡","domains":["saga"],"isShared":false,"shared":[]},"geometry":{"type":"MultiPolygon","coordinates":[[[[130.18609,32.94513],[130.19772,32.94265],[130.20207,32.94433],[130.2007,32.95217],[130.20389,32.95521],[130.20306,32.95815],[130.17833,32.96029],[130.17327,32.95895],[130.16977,32.95493],[130.16896,32.95133],[130.17261,32.94881],[130.18609,32.94513]]],[[[130.18609,32.94513],[130.18845,32.94291],[130.1871,32.94164],[130.19409,32.9369],[130.20289,32.93668],[130.19972,32.93833],[130.20445,32.94292],[130.18609,32.94513]]],[[[130.18609,32.94513],[130.16765,32.9515],[130.16953,32.94871],[130.16842,32.94518],[130.16383,32.94154],[130.17116,32.93457],[130.18207,32.93709],[130.19133,32.93523],[130.19083,32.9319],[130.19351,32.93183],[130.19519,32.93679],[130.1871,32.94164],[130.18845,32.94291],[130.18609,32.94513]]],[[[130.20044,32.93638],[130.19519,32.93679],[130.19565,32.93423],[130.19083,32.9319],[130.19144,32.93005],[130.19436,32.92766],[130.20122,32.9286],[130.20342,32.93237],[130.20044,32.93638]]]]}},{"type":"Feature","properties":{"vid":"K64G11S00073","name":"東村","reading":"ひがし","gun":"高来郡","domains":["saga"],"isShared":false,"shared":[]},"geometry":{"type":"MultiPolygon","coordinates":[[[[130.28293,32.83878],[130.28271,32.85107],[130.28611,32.85778],[130.28179,32.86187],[130.276,32.85286],[130.27958,32.84705],[130.27823,32.83832],[130.28041,32.83641],[130.27429,32.82427],[130.27562,32.81974],[130.28139,32.82977],[130.28293,32.83878]]],[[[130.28782,32.8531],[130.29089,32.86118],[130.28491,32.86728],[130.28179,32.86187],[130.28611,32.85779],[130.28268,32.85087],[130.28433,32.84422],[130.28782,32.8531]]],[[[130.28515,32.86796],[130.28435,32.87699],[130.27894,32.878],[130.27621,32.87137],[130.27864,32.86554],[130.27598,32.85646],[130.27889,32.85629],[130.27935,32.8608],[130.28146,32.86048],[130.28515,32.86796]]]]}},{"type":"Feature","properties":{"vid":"K64G11S00074","name":"西村","reading":"にし","gun":"高来郡","domains":["saga"],"isShared":false,"shared":[]},"geometry":{"type":"MultiPolygon","coordinates":[[[[130.25822,32.86911],[130.26528,32.86822],[130.26405,32.87087],[130.26692,32.87254],[130.25964,32.87171],[130.25822,32.86911]]],[[[130.27119,32.87149],[130.27035,32.87438],[130.26667,32.87373],[130.26751,32.8711],[130.27119,32.87149]]],[[[130.27721,32.87643],[130.27103,32.87499],[130.27075,32.87191],[130.27679,32.87169],[130.27721,32.87643]]],[[[130.27595,32.85738],[130.27815,32.86892],[130.27269,32.87228],[130.27236,32.85726],[130.27595,32.85738]]],[[[130.26705,32.78951],[130.2724,32.79539],[130.27059,32.80188],[130.27562,32.81974],[130.27429,32.82427],[130.28041,32.83641],[130.27823,32.83832],[130.27958,32.84705],[130.27599,32.85229],[130.27889,32.85629],[130.27459,32.85802],[130.26874,32.85637],[130.26805,32.84986],[130.27355,32.8381],[130.26208,32.80092],[130.26332,32.79634],[130.26717,32.79336],[130.26705,32.78951]]],[[[130.27119,32.87149],[130.26586,32.86638],[130.26534,32.8485],[130.26847,32.84851],[130.26888,32.8569],[130.27267,32.8569],[130.27399,32.86613],[130.27119,32.87149]]],[[[130.26534,32.8485],[130.26697,32.86693],[130.25822,32.86911],[130.25505,32.85439],[130.26092,32.84622],[130.26103,32.84867],[130.26534,32.8485]]],[[[130.26697,32.86693],[130.26953,32.87075],[130.26433,32.87115],[130.26697,32.86693]]],[[[130.26796,32.82247],[130.27107,32.82546],[130.27326,32.84049],[130.26847,32.84851],[130.26103,32.84867],[130.26796,32.82247]]]]}},{"type":"Feature","properties":{"vid":"K64G11S00076","name":"古部村","reading":"こべ","gun":"高来郡","domains":["saga"],"isShared":false,"shared":[]},"geometry":{"type":"MultiPolygon","coordinates":[[[[130.22331,32.85216],[130.2193,32.85839],[130.21442,32.85687],[130.2196,32.85054],[130.22331,32.85216]]],[[[130.22791,32.85898],[130.22097,32.86192],[130.22301,32.86074],[130.22069,32.86118],[130.22202,32.85963],[130.2193,32.85825],[130.22539,32.85097],[130.23125,32.83768],[130.23539,32.83513],[130.23084,32.84362],[130.22791,32.85898]]],[[[130.23322,32.83575],[130.22539,32.85097],[130.22138,32.85289],[130.22018,32.8488],[130.22873,32.83493],[130.23322,32.83575]]],[[[130.22952,32.83407],[130.22071,32.85009],[130.21523,32.85051],[130.21465,32.84298],[130.23014,32.83071],[130.22952,32.83407]]],[[[130.2196,32.85054],[130.21594,32.85648],[130.21003,32.85311],[130.21502,32.84751],[130.21523,32.85051],[130.2196,32.85054]]],[[[130.215,32.8562],[130.21033,32.85587],[130.20568,32.85202],[130.21465,32.84298],[130.21516,32.84735],[130.21003,32.85311],[130.215,32.8562]]]]}},{"type":"Feature","properties":{"vid":"K64G11S00077","name":"御崎村","reading":null,"gun":"高来郡","domains":["saga"],"isShared":false,"shared":[]},"geometry":{"type":"MultiPolygon","coordinates":[[[[129.77922,32.58209],[129.77535,32.58273],[129.77638,32.58089],[129.77922,32.58209]]],[[[129.77939,32.58008],[129.77632,32.57874],[129.78077,32.57897],[129.77939,32.58008]]],[[[129.77899,32.58078],[129.77898,32.58078],[129.77851,32.58077],[129.778,32.58069],[129.77757,32.58074],[129.77716,32.58082],[129.77718,32.58072],[129.77727,32.58061],[129.77732,32.58049],[129.77737,32.58029],[129.77738,32.58012],[129.7774,32.57994],[129.77748,32.5798],[129.77751,32.57961],[129.77754,32.57944],[129.77808,32.57945],[129.77859,32.57946],[129.77857,32.57973],[129.77874,32.57973],[129.77876,32.57974],[129.77939,32.58008],[129.77904,32.58009],[129.77894,32.58021],[129.77894,32.58022],[129.77895,32.58024],[129.77896,32.58025],[129.77897,32.58028],[129.77897,32.58031],[129.77898,32.58035],[129.77898,32.58046],[129.77899,32.58065],[129.77899,32.58078]]],[[[129.77408,32.58053],[129.7743,32.58036],[129.77456,32.58016],[129.775,32.57982],[129.77507,32.57977],[129.77543,32.57946],[129.77582,32.57914],[129.77617,32.57886],[129.77632,32.57874],[129.77634,32.57875],[129.77698,32.57919],[129.77723,32.57933],[129.77717,32.5794],[129.77729,32.57943],[129.77754,32.57944],[129.77751,32.57961],[129.77748,32.5798],[129.7774,32.57994],[129.77738,32.58012],[129.77737,32.58029],[129.77732,32.58049],[129.77727,32.58061],[129.77718,32.58072],[129.77716,32.58082],[129.77699,32.58086],[129.77638,32.58089],[129.77567,32.58104],[129.77545,32.58112],[129.77496,32.58128],[129.7748,32.58132],[129.77471,32.58118],[129.77449,32.58108],[129.77441,32.58082],[129.77415,32.58059],[129.77408,32.58053]]],[[[129.77969,32.57868],[129.77708,32.5782],[129.77886,32.57629],[129.78123,32.57726],[129.77969,32.57868]]],[[[129.78123,32.57726],[129.77886,32.57629],[129.7845,32.577],[129.78189,32.58013],[129.78123,32.57726]]],[[[129.7812,32.57569],[129.77832,32.57423],[129.78116,32.57154],[129.78299,32.57315],[129.7812,32.57569]]],[[[129.79049,32.59336],[129.78644,32.5846],[129.78498,32.5862],[129.78646,32.5836],[129.79557,32.58679],[129.7988,32.59126],[129.79545,32.59093],[129.7994,32.59439],[129.79397,32.59554],[129.79049,32.59336]]],[[[129.80154,32.60188],[129.80039,32.59562],[129.79541,32.59084],[129.7988,32.59126],[129.7959,32.58741],[129.80451,32.5907],[129.81248,32.59979],[129.82116,32.60491],[129.80461,32.60984],[129.80154,32.60188]]],[[[129.76761,32.58671],[129.76158,32.58231],[129.76827,32.58297],[129.77408,32.58053],[129.77548,32.58312],[129.78201,32.58353],[129.78556,32.57986],[129.78498,32.5862],[129.78644,32.5846],[129.79044,32.59333],[129.77287,32.59123],[129.76761,32.58671]]]]}},{"type":"Feature","properties":{"vid":"K64G11S00078","name":"為石村","reading":"ためいし","gun":"高来郡","domains":["saga"],"isShared":false,"shared":[]},"geometry":{"type":"MultiPolygon","coordinates":[[[[129.83787,32.63827],[129.83405,32.64272],[129.8304,32.63902],[129.83781,32.63544],[129.84079,32.63787],[129.83787,32.63827]]],[[[129.83787,32.63827],[129.83978,32.63841],[129.83724,32.64087],[129.83787,32.63827]]],[[[129.83852,32.64304],[129.83855,32.64281],[129.83868,32.64284],[129.8388,32.64277],[129.83885,32.64277],[129.83881,32.64267],[129.83885,32.64267],[129.83896,32.64267],[129.83897,32.64264],[129.839,32.64259],[129.83899,32.64254],[129.83891,32.64246],[129.83884,32.64231],[129.83912,32.6418],[129.83916,32.64175],[129.83924,32.64166],[129.83924,32.64167],[129.83927,32.64169],[129.83935,32.64172],[129.83939,32.64174],[129.83946,32.64175],[129.8396,32.64178],[129.83953,32.64187],[129.83948,32.64193],[129.83941,32.64204],[129.83929,32.64227],[129.83923,32.64225],[129.83919,32.64237],[129.83919,32.6424],[129.83922,32.6425],[129.83924,32.64261],[129.83925,32.64273],[129.83927,32.64278],[129.8393,32.64286],[129.83931,32.64294],[129.83933,32.64296],[129.83932,32.64311],[129.83937,32.64322],[129.83938,32.6433],[129.83937,32.64337],[129.83937,32.64339],[129.83933,32.64347],[129.83911,32.64365],[129.83892,32.64381],[129.83892,32.64396],[129.83886,32.64392],[129.83882,32.64386],[129.83882,32.64357],[129.8388,32.64335],[129.83877,32.64327],[129.83852,32.64304]]],[[[129.83933,32.64347],[129.83937,32.64339],[129.83937,32.64337],[129.83938,32.6433],[129.83937,32.64322],[129.83932,32.64311],[129.83933,32.64296],[129.83931,32.64294],[129.8393,32.64286],[129.83927,32.64278],[129.83925,32.64273],[129.83924,32.64261],[129.83922,32.6425],[129.83919,32.6424],[129.83919,32.64237],[129.83923,32.64225],[129.83929,32.64227],[129.83941,32.64204],[129.83948,32.64193],[129.83953,32.64187],[129.8396,32.64178],[129.83965,32.64179],[129.84002,32.64185],[129.84017,32.64188],[129.84037,32.64187],[129.84034,32.64197],[129.84033,32.64219],[129.84035,32.64223],[129.84046,32.64226],[129.84039,32.64237],[129.84021,32.64263],[129.84011,32.64268],[129.84013,32.64283],[129.84046,32.64281],[129.84045,32.64288],[129.84049,32.64295],[129.84053,32.64299],[129.84064,32.64302],[129.84068,32.64304],[129.84072,32.64307],[129.84076,32.64313],[129.84082,32.64319],[129.84095,32.64322],[129.84097,32.64324],[129.84093,32.64327],[129.84091,32.6433],[129.84085,32.64333],[129.84084,32.64336],[129.84068,32.64337],[129.84053,32.64339],[129.84042,32.64344],[129.84043,32.64333],[129.84036,32.64329],[129.84028,32.64329],[129.84017,32.64332],[129.84017,32.64341],[129.84018,32.64346],[129.84025,32.64352],[129.84035,32.6436],[129.84027,32.64367],[129.84021,32.64371],[129.84015,32.64374],[129.84004,32.64374],[129.83965,32.64368],[129.83956,32.64366],[129.83951,32.64361],[129.83953,32.64356],[129.83954,32.64355],[129.83946,32.64345],[129.83935,32.6435],[129.83933,32.64347]]],[[[129.84091,32.6433],[129.84093,32.64327],[129.84097,32.64324],[129.84095,32.64322],[129.84082,32.64319],[129.84076,32.64313],[129.84072,32.64307],[129.84068,32.64304],[129.84064,32.64302],[129.84053,32.64299],[129.84049,32.64295],[129.84045,32.64288],[129.84046,32.64281],[129.84013,32.64283],[129.84011,32.64268],[129.84021,32.64263],[129.84039,32.64237],[129.84046,32.64226],[129.84035,32.64223],[129.84033,32.64219],[129.84034,32.64197],[129.84037,32.64187],[129.84047,32.64186],[129.8405,32.64186],[129.84071,32.64178],[129.84071,32.64167],[129.8407,32.64158],[129.84078,32.64157],[129.84078,32.64167],[129.84084,32.64158],[129.84087,32.64154],[129.84088,32.64153],[129.84089,32.64151],[129.84096,32.64153],[129.84098,32.64158],[129.84115,32.64165],[129.84124,32.64164],[129.8413,32.64162],[129.84161,32.64129],[129.84166,32.64127],[129.84173,32.64178],[129.84176,32.64203],[129.8419,32.64204],[129.842,32.64205],[129.84205,32.64207],[129.8421,32.64209],[129.84211,32.64215],[129.84214,32.64217],[129.84225,32.6422],[129.84219,32.64227],[129.84214,32.64238],[129.84215,32.64264],[129.84215,32.64276],[129.84179,32.64306],[129.8415,32.64321],[129.84136,32.64327],[129.84123,32.64331],[129.84114,32.64333],[129.84102,32.64334],[129.84091,32.6433]]],[[[129.85161,32.65852],[129.84483,32.6635],[129.82755,32.65982],[129.82521,32.6484],[129.8296,32.64776],[129.83027,32.65267],[129.83552,32.64769],[129.84805,32.65408],[129.85161,32.65852]]],[[[129.82521,32.6484],[129.82334,32.64639],[129.83029,32.63904],[129.83394,32.64271],[129.83724,32.64087],[129.83392,32.64607],[129.83398,32.65062],[129.83027,32.65267],[129.8296,32.64776],[129.82521,32.6484]]],[[[129.83776,32.64036],[129.83786,32.64049],[129.83805,32.64071],[129.83812,32.64079],[129.83821,32.64087],[129.83832,32.64097],[129.83842,32.64106],[129.83852,32.64115],[129.83865,32.64126],[129.83874,32.64133],[129.83879,32.64136],[129.83868,32.64152],[129.83866,32.64156],[129.83856,32.64172],[129.83851,32.64177],[129.83837,32.6417],[129.83822,32.64197],[129.83816,32.64213],[129.83787,32.64206],[129.83781,32.64203],[129.83776,32.64199],[129.8377,32.64182],[129.83765,32.64172],[129.8376,32.64164],[129.83748,32.64154],[129.83746,32.64152],[129.83742,32.64153],[129.83701,32.64106],[129.83724,32.64087],[129.83743,32.64069],[129.83755,32.64057],[129.83776,32.64036]]],[[[129.83787,32.64206],[129.83816,32.64213],[129.83822,32.64197],[129.83837,32.6417],[129.83851,32.64177],[129.83856,32.64172],[129.83866,32.64156],[129.83868,32.64152],[129.83879,32.64136],[129.8388,32.64137],[129.83886,32.64141],[129.83891,32.64144],[129.83898,32.64149],[129.83924,32.64166],[129.83916,32.64175],[129.83912,32.6418],[129.83884,32.64231],[129.83891,32.64246],[129.83899,32.64254],[129.839,32.64259],[129.83897,32.64264],[129.83896,32.64267],[129.83885,32.64267],[129.83881,32.64267],[129.83885,32.64277],[129.8388,32.64277],[129.83868,32.64284],[129.83855,32.64281],[129.83852,32.64304],[129.8384,32.643],[129.83823,32.64298],[129.83801,32.643],[129.83785,32.64275],[129.83777,32.64267],[129.83774,32.64265],[129.8377,32.64265],[129.83752,32.6427],[129.83755,32.6426],[129.83759,32.64255],[129.83763,32.6425],[129.83767,32.64239],[129.83773,32.64232],[129.83777,32.64231],[129.83782,32.64229],[129.83785,32.64227],[129.83786,32.64224],[129.83787,32.64206]]],[[[129.83536,32.64765],[129.83392,32.64607],[129.83695,32.64234],[129.8486,32.64715],[129.84601,32.65358],[129.83536,32.64765]]],[[[129.84035,32.6436],[129.84637,32.6376],[129.85196,32.6387],[129.84893,32.64069],[129.84854,32.64667],[129.84035,32.6436]]]]}}]}