{"type":"FeatureCollection","name":"佐賀藩・小城藩・蓮池藩・鹿島藩の村領域","license":"CC BY-SA 4.0","licenseUrl":"https://creativecommons.org/licenses/by-sa/4.0/deed.ja","citation":"本田謙一・夏目宗幸・根元裕樹「幕末期近世村領域データの作成―旧高旧領取調帳および農業集落境界データを活用して―」GIS-理論と応用 34巻1号 p.1-10、地理情報システム学会、2026年","doi":"https://doi.org/10.5638/thagis.34.1.1","upstream":["国立歴史民俗博物館「旧高旧領取調帳データベース」","農林水産省「農業集落境界データ」（農林業センサス2015年版）"],"asOf":"慶応4年（1868）1月1日時点の領主","caveat":"これは幕末一時点の姿であり、藩政期を通じた領域ではない。三部上地（1610・1621）の前後や、干拓の進行による村の増減は反映されていない。","note":"農業集落境界データ（2015年版）の集落界を村単位にまとめたもの。許容誤差 0.0003 度（約 33m）で簡略化し、座標は小数5桁に丸めている。明治以降の集落界から推定した領域であり、当時の村境そのものではない。","generated":"2026-09-19","counts":{"villages":399,"withPolygon":377,"withoutPolygon":22,"settlements":1889},"byDomain":{"saga":{"name":"佐賀藩","polygons":303,"areaKm2":1820.7,"shared":40},"ogi":{"name":"小城藩","polygons":68,"areaKm2":252.7,"shared":26},"hasuike":{"name":"蓮池藩","polygons":34,"areaKm2":160.4,"shared":12},"kashima":{"name":"鹿島藩","polygons":11,"areaKm2":82,"shared":1}},"withoutPolygon":[{"vid":"K64G07S00016","gun":"杵島郡","name":"福富西分村","domains":["saga"]},{"vid":"K64G07S00015","gun":"杵島郡","name":"福富東分村","domains":["saga"]},{"vid":"K64G01S00028","gun":"佐賀郡","name":"伊勢屋町","domains":["saga"]},{"vid":"K64G01S00029","gun":"佐賀郡","name":"伊勢屋本町","domains":["saga"]},{"vid":"K64G01S00031","gun":"佐賀郡","name":"岸川町","domains":["saga"]},{"vid":"K64G01S00020","gun":"佐賀郡","name":"牛島町","domains":["saga"]},{"vid":"K64G01S00013","gun":"佐賀郡","name":"呉服町","domains":["saga"]},{"vid":"K64G01S00017","gun":"佐賀郡","name":"高来町","domains":["saga"]},{"vid":"K64G01S00018","gun":"佐賀郡","name":"紺屋町","domains":["saga"]},{"vid":"K64G01S00025","gun":"佐賀郡","name":"西魚町","domains":["saga"]},{"vid":"K64G01S00077","gun":"佐賀郡","name":"多布施村","domains":["saga"]},{"vid":"K64G01S00016","gun":"佐賀郡","name":"中町","domains":["saga"]},{"vid":"K64G01S00022","gun":"佐賀郡","name":"長瀬町","domains":["saga"]},{"vid":"K64G01S00015","gun":"佐賀郡","name":"東魚町","domains":["saga"]},{"vid":"K64G01S00023","gun":"佐賀郡","name":"道祖元町","domains":["saga"]},{"vid":"K64G01S00014","gun":"佐賀郡","name":"白山町","domains":["saga"]},{"vid":"K64G01S00027","gun":"佐賀郡","name":"八戸町","domains":["saga"]},{"vid":"K64G01S00071","gun":"佐賀郡","name":"本庄村","domains":["saga"]},{"vid":"K64G01S00030","gun":"佐賀郡","name":"本庄町","domains":["saga"]},{"vid":"K64G01S00019","gun":"佐賀郡","name":"柳町","domains":["saga"]},{"vid":"K64G01S00024","gun":"佐賀郡","name":"六座町","domains":["saga"]},{"vid":"K64G06S00057","gun":"小城郡","name":"松尾村","domains":["saga"]}],"features":[{"type":"Feature","properties":{"vid":"K64G01S00001","name":"光法村","reading":"みつのり","gun":"佐賀郡","domains":["saga"],"isShared":false,"shared":[]},"geometry":{"type":"MultiPolygon","coordinates":[[[[130.33583,33.23762],[130.33582,33.23957],[130.33922,33.23974],[130.33918,33.24551],[130.33448,33.24549],[130.33465,33.24457],[130.33272,33.24455],[130.33274,33.24606],[130.33103,33.24578],[130.33152,33.23799],[130.33027,33.238],[130.33032,33.23729],[130.33394,33.23725],[130.33427,33.23675],[130.33585,33.23673],[130.33583,33.23762]]],[[[130.33352,33.2475],[130.33072,33.24804],[130.33103,33.24578],[130.33274,33.24606],[130.33272,33.24455],[130.33465,33.24457],[130.33448,33.24549],[130.34177,33.24552],[130.34176,33.24634],[130.34068,33.24635],[130.34089,33.24723],[130.33352,33.2475]]],[[[130.34571,33.23906],[130.34374,33.23846],[130.34342,33.23731],[130.33905,33.23726],[130.33911,33.23358],[130.33993,33.23358],[130.33995,33.23254],[130.34538,33.23269],[130.34537,33.23211],[130.34634,33.23211],[130.34571,33.23906]]],[[[130.33905,33.23726],[130.33905,33.23764],[130.33583,33.23762],[130.33585,33.23673],[130.33397,33.23692],[130.33406,33.23521],[130.33574,33.23538],[130.33581,33.23123],[130.3385,33.2315],[130.33857,33.23253],[130.33995,33.23254],[130.33993,33.23358],[130.33911,33.23358],[130.33905,33.23726]]],[[[130.33581,33.23123],[130.33574,33.23538],[130.33406,33.23521],[130.33394,33.23725],[130.33032,33.23729],[130.33035,33.23672],[130.32551,33.23668],[130.32552,33.23619],[130.32491,33.23616],[130.32935,33.23424],[130.32785,33.23412],[130.32792,33.23212],[130.32698,33.23212],[130.32704,33.23062],[130.33056,33.23064],[130.33093,33.23175],[130.33141,33.2319],[130.33189,33.23188],[130.33204,33.23101],[130.33581,33.23123]]],[[[130.32704,33.23062],[130.32698,33.23212],[130.32792,33.23212],[130.32785,33.23412],[130.32935,33.23424],[130.32181,33.23748],[130.32201,33.23232],[130.3233,33.23249],[130.32312,33.23627],[130.32435,33.23571],[130.32442,33.23338],[130.32409,33.23332],[130.32445,33.23311],[130.3245,33.23035],[130.32704,33.23062]]],[[[130.34515,33.24632],[130.34089,33.24723],[130.34068,33.24635],[130.34176,33.24634],[130.34177,33.24552],[130.33918,33.24551],[130.33922,33.23974],[130.33582,33.23957],[130.33583,33.23762],[130.34342,33.23731],[130.34374,33.23846],[130.34571,33.23906],[130.34583,33.24395],[130.34517,33.24541],[130.34555,33.24628],[130.34515,33.24632]]]]}},{"type":"Feature","properties":{"vid":"K64G01S00002","name":"為重村","reading":"ためしげ","gun":"佐賀郡","domains":["saga"],"isShared":false,"shared":[]},"geometry":{"type":"MultiPolygon","coordinates":[[[[130.36234,33.21536],[130.36209,33.21638],[130.36281,33.21899],[130.36059,33.21915],[130.3601,33.22114],[130.35777,33.22104],[130.3576,33.22243],[130.35582,33.22077],[130.35097,33.22051],[130.35114,33.21666],[130.35256,33.21673],[130.35361,33.21229],[130.35455,33.21232],[130.35495,33.21285],[130.3545,33.21372],[130.35679,33.21404],[130.35943,33.2121],[130.36234,33.21536]]],[[[130.35287,33.21443],[130.35256,33.21673],[130.35114,33.21666],[130.35097,33.22051],[130.34596,33.22023],[130.34604,33.21966],[130.34488,33.21958],[130.34493,33.21922],[130.34154,33.21902],[130.34181,33.21547],[130.34445,33.21542],[130.34448,33.21489],[130.34566,33.21508],[130.34892,33.21442],[130.34906,33.21405],[130.35023,33.21419],[130.3505,33.21474],[130.35139,33.21429],[130.35287,33.21443]]],[[[130.34448,33.21489],[130.34445,33.21542],[130.34056,33.21525],[130.34069,33.21388],[130.33418,33.21359],[130.33409,33.21221],[130.3396,33.2128],[130.33975,33.21183],[130.34189,33.21188],[130.34223,33.21228],[130.34199,33.21289],[130.34365,33.21294],[130.34356,33.21368],[130.34468,33.21413],[130.34448,33.21489]]],[[[130.34181,33.21547],[130.34154,33.21902],[130.3426,33.21905],[130.34234,33.22213],[130.3327,33.22164],[130.33418,33.21359],[130.34069,33.21388],[130.34056,33.21525],[130.34181,33.21547]]]]}},{"type":"Feature","properties":{"vid":"K64G01S00003","name":"南里村","reading":"なんり","gun":"佐賀郡","domains":["saga"],"isShared":false,"shared":[]},"geometry":{"type":"MultiPolygon","coordinates":[[[[130.30822,33.21231],[130.31112,33.21181],[130.31187,33.21436],[130.31271,33.21451],[130.31286,33.21536],[130.31204,33.21546],[130.31287,33.21788],[130.31152,33.21838],[130.30737,33.21861],[130.30147,33.21184],[130.30465,33.21305],[130.30822,33.21231]]],[[[130.31648,33.22807],[130.31121,33.22803],[130.30808,33.2194],[130.30737,33.21861],[130.31152,33.21838],[130.31287,33.21788],[130.3133,33.21844],[130.31604,33.21845],[130.31595,33.22398],[130.31648,33.22807]]],[[[130.32403,33.22776],[130.31648,33.22807],[130.31595,33.22398],[130.31604,33.21845],[130.3133,33.21844],[130.31245,33.21712],[130.31412,33.21682],[130.31428,33.21751],[130.32121,33.21775],[130.32247,33.2227],[130.32393,33.22275],[130.32403,33.22776]]],[[[130.32061,33.21097],[130.32138,33.21507],[130.32121,33.21775],[130.31428,33.21751],[130.31412,33.21682],[130.31245,33.21712],[130.31204,33.21546],[130.31286,33.21536],[130.31271,33.21451],[130.31187,33.21436],[130.31119,33.21191],[130.31629,33.21076],[130.31933,33.20955],[130.32047,33.20974],[130.32061,33.21097]]]]}},{"type":"Feature","properties":{"vid":"K64G01S00004","name":"大堂村","reading":"おおどう","gun":"佐賀郡","domains":["saga"],"isShared":false,"shared":[]},"geometry":{"type":"MultiPolygon","coordinates":[[[[130.3498,33.24411],[130.34696,33.24405],[130.34683,33.24612],[130.34531,33.24598],[130.34522,33.24511],[130.34583,33.24395],[130.34579,33.23794],[130.35216,33.23826],[130.35184,33.24416],[130.3498,33.24411]]],[[[130.36344,33.24168],[130.36107,33.24161],[130.36104,33.24244],[130.35808,33.24235],[130.35807,33.24315],[130.35729,33.24317],[130.3579,33.24522],[130.35112,33.24525],[130.35111,33.24416],[130.35184,33.24416],[130.35216,33.23826],[130.35834,33.23852],[130.3583,33.23953],[130.36355,33.2397],[130.36344,33.24168]]],[[[130.34579,33.23794],[130.34616,33.23404],[130.34716,33.23408],[130.3472,33.23311],[130.34769,33.23314],[130.34767,33.23021],[130.34697,33.23017],[130.34703,33.22931],[130.35335,33.22954],[130.35331,33.23063],[130.35453,33.23067],[130.35449,33.23154],[130.35564,33.23161],[130.3556,33.23218],[130.3564,33.23226],[130.35637,33.23567],[130.35528,33.23564],[130.35499,33.23839],[130.34579,33.23794]]],[[[130.35335,33.22954],[130.34956,33.22941],[130.34969,33.22653],[130.35417,33.22672],[130.35422,33.2287],[130.35339,33.22866],[130.35335,33.22954]]],[[[130.37313,33.2436],[130.36964,33.24374],[130.36743,33.24506],[130.36563,33.24524],[130.36563,33.24408],[130.3649,33.24405],[130.36499,33.24173],[130.36344,33.24168],[130.36355,33.2397],[130.3583,33.23953],[130.35834,33.23852],[130.35499,33.23839],[130.35528,33.23564],[130.35637,33.23567],[130.35635,33.23385],[130.35747,33.23386],[130.35748,33.23481],[130.3584,33.23483],[130.35836,33.23575],[130.36268,33.23589],[130.36281,33.23381],[130.37257,33.23388],[130.37026,33.2367],[130.36982,33.23903],[130.37013,33.23976],[130.3728,33.24201],[130.37313,33.2436]]]]}},{"type":"Feature","properties":{"vid":"K64G01S00005","name":"新戸村","reading":null,"gun":"佐賀郡","domains":["saga"],"isShared":false,"shared":[]},"geometry":{"type":"MultiPolygon","coordinates":[[[[130.32193,33.23589],[130.31727,33.23572],[130.31739,33.23762],[130.31647,33.23757],[130.31663,33.23355],[130.31622,33.23186],[130.32204,33.2319],[130.32193,33.23589]]],[[[130.31128,33.23481],[130.3165,33.23481],[130.31646,33.23752],[130.31426,33.23746],[130.31413,33.23869],[130.31495,33.23897],[130.31497,33.23993],[130.31013,33.23958],[130.3104,33.23659],[130.31128,33.23481]]],[[[130.3245,33.23035],[130.32445,33.23311],[130.32409,33.23332],[130.32442,33.23338],[130.32435,33.23571],[130.32312,33.23627],[130.3233,33.23249],[130.32201,33.23232],[130.32204,33.2319],[130.31622,33.23186],[130.3165,33.23481],[130.31128,33.23481],[130.31201,33.23057],[130.31121,33.22803],[130.32403,33.22776],[130.3245,33.23035]]],[[[130.32193,33.23589],[130.32181,33.23748],[130.32038,33.23824],[130.32019,33.23942],[130.31881,33.23927],[130.31739,33.24053],[130.31446,33.24016],[130.31497,33.23993],[130.31495,33.23897],[130.31413,33.23869],[130.31453,33.23728],[130.31739,33.23762],[130.31727,33.23572],[130.32193,33.23589]]]]}},{"type":"Feature","properties":{"vid":"K64G01S00006","name":"木原村","reading":"きはら","gun":"佐賀郡","domains":["saga"],"isShared":false,"shared":[]},"geometry":{"type":"MultiPolygon","coordinates":[[[[130.30976,33.24184],[130.31013,33.23958],[130.31739,33.24053],[130.31495,33.24403],[130.31771,33.24677],[130.31793,33.24751],[130.31471,33.24732],[130.31461,33.24665],[130.31122,33.24579],[130.31174,33.24406],[130.30969,33.24384],[130.30976,33.24184]]],[[[130.31796,33.24821],[130.31778,33.24688],[130.31658,33.24563],[130.31687,33.24542],[130.32024,33.24614],[130.32092,33.24676],[130.3208,33.24736],[130.32165,33.24752],[130.32194,33.2465],[130.32262,33.24705],[130.32546,33.24762],[130.32511,33.24831],[130.32364,33.24845],[130.31796,33.24821]]],[[[130.32181,33.23748],[130.32431,33.23641],[130.32413,33.24105],[130.32398,33.24162],[130.32336,33.24161],[130.32333,33.2425],[130.32254,33.24253],[130.32255,33.24409],[130.31984,33.24429],[130.31962,33.24528],[130.31843,33.24503],[130.31723,33.24372],[130.3152,33.24356],[130.31833,33.23966],[130.31881,33.23927],[130.32019,33.23942],[130.32038,33.23824],[130.32181,33.23748]]],[[[130.3152,33.24356],[130.31723,33.24372],[130.31843,33.24503],[130.31962,33.24528],[130.31984,33.24429],[130.32255,33.24409],[130.32254,33.24253],[130.32333,33.2425],[130.32336,33.24161],[130.3241,33.24164],[130.32387,33.2473],[130.32194,33.2465],[130.32165,33.24752],[130.3208,33.24736],[130.32092,33.24676],[130.32024,33.24614],[130.31658,33.24563],[130.31495,33.24403],[130.3152,33.24356]]]]}},{"type":"Feature","properties":{"vid":"K64G01S00007","name":"徳富村","reading":"とくどみ","gun":"佐賀郡","domains":["saga"],"isShared":false,"shared":[]},"geometry":{"type":"MultiPolygon","coordinates":[[[[130.36281,33.23381],[130.36268,33.23589],[130.35836,33.23575],[130.3584,33.23483],[130.35748,33.23481],[130.35747,33.23386],[130.35635,33.23385],[130.3564,33.23226],[130.3556,33.23218],[130.35564,33.23161],[130.35449,33.23154],[130.35453,33.23067],[130.35331,33.23063],[130.35339,33.22866],[130.35422,33.2287],[130.35417,33.22672],[130.35601,33.22758],[130.35591,33.22874],[130.36074,33.22911],[130.36059,33.22977],[130.36302,33.22919],[130.36281,33.23381]]],[[[130.37257,33.23388],[130.36281,33.23381],[130.36302,33.22919],[130.36528,33.22794],[130.36569,33.22657],[130.36708,33.22496],[130.36805,33.22559],[130.37565,33.22741],[130.37896,33.22925],[130.37631,33.2313],[130.37565,33.23232],[130.37316,33.23301],[130.37257,33.23388]]],[[[130.36708,33.22496],[130.36523,33.22339],[130.36351,33.2208],[130.36213,33.21655],[130.36234,33.21536],[130.36738,33.21755],[130.37776,33.2207],[130.37884,33.22215],[130.37905,33.22918],[130.37565,33.22741],[130.36805,33.22559],[130.36708,33.22496]]]]}},{"type":"Feature","properties":{"vid":"K64G01S00008","name":"山領村","reading":"やまりょう","gun":"佐賀郡","domains":["saga"],"isShared":false,"shared":[]},"geometry":{"type":"MultiPolygon","coordinates":[[[[130.33828,33.23151],[130.33204,33.23101],[130.33233,33.22611],[130.33191,33.22589],[130.33247,33.22456],[130.3327,33.22164],[130.33873,33.2219],[130.33828,33.23151]]],[[[130.34616,33.23404],[130.34629,33.23209],[130.34537,33.23211],[130.34538,33.23269],[130.33857,33.23253],[130.33813,33.23028],[130.33834,33.22703],[130.34065,33.22708],[130.34059,33.22758],[130.34096,33.22711],[130.3419,33.22711],[130.3418,33.2279],[130.3467,33.22814],[130.34697,33.23017],[130.34767,33.23021],[130.34769,33.23314],[130.3472,33.23311],[130.34716,33.23408],[130.34616,33.23404]]],[[[130.33873,33.22197],[130.34353,33.22217],[130.34339,33.22495],[130.34606,33.22502],[130.3467,33.22546],[130.3467,33.22814],[130.3418,33.2279],[130.3419,33.22711],[130.34096,33.22711],[130.34059,33.22758],[130.34065,33.22708],[130.33834,33.22703],[130.33873,33.22197]]],[[[130.35582,33.22077],[130.35393,33.22142],[130.35459,33.22223],[130.35419,33.22264],[130.35301,33.22268],[130.35293,33.22348],[130.35336,33.22372],[130.35292,33.22373],[130.35317,33.22441],[130.35276,33.22528],[130.35451,33.22673],[130.34969,33.22653],[130.34956,33.22941],[130.34661,33.22928],[130.3467,33.22546],[130.34606,33.22502],[130.34339,33.22495],[130.34353,33.22217],[130.34234,33.22213],[130.3426,33.21905],[130.34493,33.21922],[130.34488,33.21958],[130.34604,33.21966],[130.34596,33.22023],[130.35582,33.22077]]]]}},{"type":"Feature","properties":{"vid":"K64G01S00009","name":"寺井津","reading":"てらいつ","gun":"佐賀郡","domains":["saga"],"isShared":false,"shared":[]},"geometry":{"type":"Polygon","coordinates":[[[130.35943,33.2121],[130.35679,33.21404],[130.3545,33.21372],[130.35495,33.21285],[130.35455,33.21232],[130.35361,33.21229],[130.35287,33.21443],[130.35139,33.21429],[130.3505,33.21474],[130.35023,33.21419],[130.34906,33.21405],[130.34892,33.21442],[130.34502,33.21518],[130.34448,33.21489],[130.34468,33.21413],[130.34356,33.21368],[130.34365,33.21294],[130.34199,33.21289],[130.34223,33.21228],[130.34189,33.21188],[130.33975,33.21183],[130.3403,33.20904],[130.34157,33.20952],[130.34269,33.20828],[130.34554,33.20903],[130.35218,33.20884],[130.35503,33.20923],[130.35769,33.21049],[130.35943,33.2121]]]}},{"type":"Feature","properties":{"vid":"K64G01S00010","name":"諸富津","reading":"もろどみつ","gun":"佐賀郡","domains":["saga"],"isShared":false,"shared":[]},"geometry":{"type":"MultiPolygon","coordinates":[[[[130.36554,33.22371],[130.3642,33.22433],[130.35633,33.22396],[130.35601,33.22758],[130.35276,33.22528],[130.35317,33.22441],[130.35292,33.22373],[130.35336,33.22372],[130.35293,33.22348],[130.35301,33.22268],[130.35459,33.22223],[130.35393,33.22142],[130.35582,33.22077],[130.3576,33.22243],[130.35777,33.22104],[130.3601,33.22114],[130.36068,33.21912],[130.36281,33.21899],[130.36351,33.2208],[130.36554,33.22371]]],[[[130.36708,33.22496],[130.36569,33.22657],[130.36528,33.22794],[130.36302,33.22919],[130.36059,33.22977],[130.36074,33.22911],[130.35591,33.22874],[130.35633,33.22396],[130.3642,33.22433],[130.36554,33.22371],[130.36708,33.22496]]]]}},{"type":"Feature","properties":{"vid":"K64G01S00011","name":"材木町","reading":"ざいもくまち","gun":"佐賀郡","domains":["saga"],"isShared":false,"shared":[]},"geometry":{"type":"MultiPolygon","coordinates":[[[[130.30565,33.25337],[130.30607,33.25144],[130.30406,33.25121],[130.30466,33.24701],[130.30602,33.24357],[130.30525,33.24341],[130.30532,33.24245],[130.30586,33.24096],[130.3067,33.24098],[130.30678,33.24037],[130.30981,33.2408],[130.30976,33.24184],[130.30877,33.24236],[130.30778,33.24676],[130.31079,33.2473],[130.30971,33.24975],[130.30935,33.25255],[130.3085,33.25371],[130.30565,33.25337]]],[[[130.31796,33.24821],[130.31161,33.24752],[130.31028,33.25403],[130.30861,33.25372],[130.30935,33.25255],[130.30979,33.24949],[130.31081,33.24758],[130.30778,33.24676],[130.30877,33.24236],[130.30976,33.24184],[130.30969,33.24384],[130.31174,33.24406],[130.31122,33.24579],[130.31461,33.24665],[130.31471,33.24732],[130.31793,33.24751],[130.31796,33.24821]]]]}},{"type":"Feature","properties":{"vid":"K64G01S00012","name":"唐人町","reading":"とうじんまち","gun":"佐賀郡","domains":["saga"],"isShared":false,"shared":[]},"geometry":{"type":"Polygon","coordinates":[[[130.29313,33.25923],[130.29351,33.25891],[130.29303,33.25803],[130.29316,33.25459],[130.29969,33.25588],[130.29838,33.26187],[130.2933,33.26133],[130.29313,33.25923]]]}},{"type":"Feature","properties":{"vid":"K64G01S00021","name":"寺町","reading":"てらまち","gun":"佐賀郡","domains":["saga"],"isShared":false,"shared":[]},"geometry":{"type":"Polygon","coordinates":[[[130.29969,33.25588],[130.30102,33.256],[130.30071,33.25725],[130.30172,33.25741],[130.30166,33.25801],[130.30306,33.25824],[130.3026,33.26074],[130.30217,33.26069],[130.30179,33.26205],[130.30352,33.26233],[130.30215,33.26403],[130.30198,33.26571],[130.2974,33.26485],[130.29969,33.25588]]]}},{"type":"Feature","properties":{"vid":"K64G01S00026","name":"八丁馬場","reading":"はっちょうばば","gun":"佐賀郡","domains":["saga"],"isShared":false,"shared":[]},"geometry":{"type":"Polygon","coordinates":[[[130.29399,33.27006],[130.29352,33.26409],[130.30198,33.26571],[130.30201,33.26507],[130.3043,33.2655],[130.30775,33.26689],[130.30748,33.26801],[130.30402,33.2675],[130.3036,33.26808],[130.29574,33.27213],[130.29524,33.27211],[130.29524,33.27166],[130.29419,33.27234],[130.29399,33.27006]]]}},{"type":"Feature","properties":{"vid":"K64G01S00032","name":"天祐寺町","reading":"てんゆうじまち","gun":"佐賀郡","domains":["saga"],"isShared":false,"shared":[]},"geometry":{"type":"Polygon","coordinates":[[[130.28357,33.26148],[130.28318,33.26474],[130.28134,33.26476],[130.28199,33.26106],[130.27729,33.26002],[130.27672,33.25534],[130.2771,33.25504],[130.27933,33.25534],[130.27685,33.2518],[130.27694,33.25129],[130.27796,33.25143],[130.27817,33.25033],[130.28038,33.2506],[130.28112,33.25015],[130.28411,33.25064],[130.284,33.25255],[130.28315,33.25257],[130.28292,33.25385],[130.28397,33.25568],[130.28357,33.26148]]]}},{"type":"Feature","properties":{"vid":"K64G01S00033","name":"修理田村","reading":"しゅりた","gun":"佐賀郡","domains":["saga"],"isShared":false,"shared":[]},"geometry":{"type":"MultiPolygon","coordinates":[[[[130.32456,33.25215],[130.32678,33.24819],[130.33352,33.2475],[130.33309,33.24835],[130.33387,33.24841],[130.33362,33.24913],[130.33703,33.25032],[130.33423,33.25585],[130.32502,33.25298],[130.32456,33.25215]]],[[[130.32222,33.25884],[130.32724,33.25955],[130.32763,33.25881],[130.33077,33.25994],[130.32978,33.2656],[130.32355,33.26492],[130.32186,33.2593],[130.32222,33.25884]]],[[[130.32763,33.25881],[130.32964,33.2546],[130.33423,33.25585],[130.33373,33.25676],[130.33454,33.25701],[130.33437,33.25736],[130.33355,33.25711],[130.33283,33.25861],[130.33383,33.25896],[130.33345,33.25977],[130.33118,33.25919],[130.33077,33.25994],[130.32763,33.25881]]],[[[130.33383,33.25896],[130.33283,33.25861],[130.33355,33.25711],[130.33437,33.25736],[130.33454,33.25701],[130.33373,33.25676],[130.33423,33.25585],[130.34318,33.25884],[130.3427,33.25956],[130.34353,33.25985],[130.34241,33.26272],[130.34129,33.26234],[130.34165,33.26154],[130.33571,33.25923],[130.33383,33.25896]]],[[[130.33423,33.25585],[130.33655,33.25126],[130.34347,33.25332],[130.34269,33.25526],[130.34318,33.25884],[130.33423,33.25585]]]]}},{"type":"Feature","properties":{"vid":"K64G01S00034","name":"牛島村","reading":"うしじま","gun":"佐賀郡","domains":["saga"],"isShared":false,"shared":[]},"geometry":{"type":"MultiPolygon","coordinates":[[[[130.31322,33.25814],[130.31416,33.25362],[130.31775,33.25418],[130.3235,33.25322],[130.32198,33.25475],[130.32186,33.25747],[130.32226,33.25868],[130.32186,33.2593],[130.31322,33.25814]]],[[[130.31796,33.24821],[130.32679,33.2484],[130.32549,33.25092],[130.3235,33.25322],[130.31775,33.25418],[130.31576,33.25381],[130.31534,33.25361],[130.31651,33.25045],[130.31747,33.24832],[130.31796,33.24821]]]]}},{"type":"Feature","properties":{"vid":"K64G01S00035","name":"瓦町村","reading":"かわらまち","gun":"佐賀郡","domains":["saga"],"isShared":false,"shared":[]},"geometry":{"type":"MultiPolygon","coordinates":[[[[130.33972,33.28314],[130.33206,33.27982],[130.33473,33.27433],[130.33552,33.26707],[130.33839,33.26739],[130.33826,33.2683],[130.34068,33.26857],[130.34059,33.27846],[130.33917,33.28184],[130.3399,33.28176],[130.33972,33.28314]]],[[[130.32362,33.26498],[130.33218,33.26576],[130.33207,33.26673],[130.33435,33.26696],[130.33415,33.26796],[130.33542,33.26802],[130.33505,33.27185],[130.32449,33.27091],[130.32488,33.26662],[130.32389,33.26637],[130.32362,33.26498]]],[[[130.32978,33.2656],[130.33118,33.25919],[130.33345,33.25977],[130.33383,33.25896],[130.33571,33.25923],[130.34165,33.26154],[130.34129,33.26234],[130.34241,33.26272],[130.34192,33.26531],[130.34026,33.26845],[130.33826,33.2683],[130.33839,33.26739],[130.33552,33.26707],[130.33542,33.26802],[130.33415,33.26796],[130.33435,33.26696],[130.33207,33.26673],[130.33218,33.26576],[130.32978,33.2656]]]]}},{"type":"Feature","properties":{"vid":"K64G01S00036","name":"若宮村","reading":"わかみや","gun":"佐賀郡","domains":["saga"],"isShared":false,"shared":[]},"geometry":{"type":"MultiPolygon","coordinates":[[[[130.32112,33.28404],[130.32105,33.28201],[130.32167,33.28027],[130.3309,33.28302],[130.32854,33.29185],[130.32051,33.29134],[130.32008,33.29032],[130.32099,33.28787],[130.32112,33.28404]]],[[[130.32854,33.29185],[130.32938,33.289],[130.3353,33.28937],[130.33808,33.2914],[130.33578,33.29581],[130.33138,33.29499],[130.33185,33.29226],[130.32854,33.29185]]],[[[130.32938,33.289],[130.33206,33.27982],[130.33972,33.28314],[130.33808,33.2914],[130.3353,33.28937],[130.32938,33.289]]],[[[130.32372,33.2739],[130.32468,33.27257],[130.32371,33.27226],[130.32481,33.27232],[130.32449,33.27091],[130.33505,33.27185],[130.33473,33.27433],[130.33226,33.27882],[130.3309,33.28302],[130.32167,33.28027],[130.3228,33.27543],[130.32231,33.27441],[130.32351,33.2745],[130.32372,33.2739]]]]}},{"type":"Feature","properties":{"vid":"K64G01S00037","name":"淵村","reading":"ふち","gun":"佐賀郡","domains":["saga"],"isShared":false,"shared":[]},"geometry":{"type":"MultiPolygon","coordinates":[[[[130.31487,33.27342],[130.31668,33.27323],[130.3164,33.27238],[130.31748,33.2725],[130.31737,33.2733],[130.31804,33.27362],[130.32372,33.2739],[130.32351,33.2745],[130.32231,33.27441],[130.3228,33.27543],[130.32105,33.28201],[130.32112,33.28404],[130.31956,33.28382],[130.31933,33.28477],[130.31888,33.28378],[130.31489,33.2831],[130.31434,33.28243],[130.31269,33.28222],[130.31487,33.27342]]],[[[130.30844,33.26454],[130.30796,33.26397],[130.31141,33.25909],[130.31296,33.26015],[130.31322,33.25814],[130.32186,33.2593],[130.32355,33.26492],[130.32154,33.26519],[130.32137,33.266],[130.31901,33.2659],[130.3189,33.26648],[130.3171,33.26642],[130.31643,33.26821],[130.31532,33.26814],[130.31544,33.26751],[130.31358,33.26654],[130.31368,33.26619],[130.31333,33.26642],[130.31206,33.2658],[130.31204,33.26514],[130.3111,33.26417],[130.30866,33.26364],[130.30844,33.26454]]],[[[130.32355,33.26492],[130.32389,33.26637],[130.32489,33.26671],[130.3244,33.27063],[130.32483,33.27224],[130.32371,33.27226],[130.32468,33.27257],[130.32419,33.27337],[130.32372,33.2739],[130.31737,33.2733],[130.31748,33.2725],[130.3164,33.27238],[130.31625,33.27188],[130.31693,33.27127],[130.31564,33.27035],[130.31581,33.26985],[130.31455,33.26959],[130.31525,33.26739],[130.31532,33.26814],[130.31643,33.26821],[130.3171,33.26642],[130.3189,33.26648],[130.31901,33.2659],[130.32137,33.266],[130.32154,33.26519],[130.32355,33.26492]]],[[[130.31132,33.28696],[130.31269,33.28222],[130.31434,33.28243],[130.31489,33.2831],[130.31888,33.28378],[130.31933,33.28477],[130.31956,33.28382],[130.32112,33.28404],[130.32116,33.28679],[130.32011,33.29013],[130.3203,33.29109],[130.31032,33.2929],[130.31132,33.28696]]]]}},{"type":"Feature","properties":{"vid":"K64G01S00038","name":"藤木村","reading":"ふじのき","gun":"佐賀郡","domains":["saga"],"isShared":false,"shared":[]},"geometry":{"type":"MultiPolygon","coordinates":[[[[130.31206,33.2658],[130.31333,33.26642],[130.31368,33.26619],[130.31358,33.26654],[130.31525,33.26739],[130.31455,33.26959],[130.31581,33.26985],[130.31564,33.27035],[130.31693,33.27127],[130.3163,33.27146],[130.31668,33.27323],[130.31487,33.27342],[130.31042,33.27268],[130.31234,33.26766],[130.31095,33.26722],[130.31103,33.26685],[130.31142,33.26597],[130.31206,33.2658]]],[[[130.30111,33.26939],[130.30402,33.2675],[130.30748,33.26801],[130.30866,33.26364],[130.3111,33.26417],[130.31204,33.26514],[130.31212,33.26573],[130.31142,33.26597],[130.31095,33.26722],[130.31234,33.26766],[130.31223,33.26811],[130.31042,33.27268],[130.30958,33.27254],[130.30912,33.27444],[130.30887,33.274],[130.30817,33.27388],[130.30807,33.27428],[130.30432,33.27372],[130.30331,33.27302],[130.30138,33.27267],[130.30252,33.27134],[130.30067,33.27098],[130.30111,33.26939]]],[[[130.30138,33.27267],[130.30331,33.27302],[130.30432,33.27372],[130.3087,33.27439],[130.30701,33.28098],[130.30293,33.28104],[130.30249,33.28093],[130.30287,33.28001],[130.3016,33.27928],[130.30048,33.2791],[130.29943,33.27954],[130.30138,33.27267]]]]}},{"type":"Feature","properties":{"vid":"K64G01S00039","name":"神浦村","reading":"こうのうら","gun":"佐賀郡","domains":["saga"],"isShared":false,"shared":[]},"geometry":{"type":"MultiPolygon","coordinates":[[[[130.28357,33.26148],[130.28753,33.26234],[130.29087,33.26209],[130.28952,33.26318],[130.28817,33.26577],[130.28719,33.2715],[130.28643,33.2732],[130.28434,33.27307],[130.28205,33.27588],[130.28141,33.27787],[130.28109,33.27778],[130.28136,33.27507],[130.28236,33.27074],[130.28129,33.26714],[130.27958,33.2671],[130.27948,33.26479],[130.28318,33.26474],[130.28357,33.26148]]],[[[130.29331,33.26153],[130.29399,33.27006],[130.29342,33.26992],[130.29362,33.26963],[130.28909,33.26889],[130.28881,33.26979],[130.28719,33.2715],[130.28795,33.26639],[130.28952,33.26318],[130.29087,33.26209],[130.29331,33.26153]]],[[[130.29331,33.26153],[130.29838,33.26187],[130.2978,33.26443],[130.2974,33.26485],[130.29352,33.26409],[130.29331,33.26153]]]]}},{"type":"Feature","properties":{"vid":"K64G01S00040","name":"東高木村","reading":"ひがしたかぎ","gun":"佐賀郡","domains":["saga"],"isShared":false,"shared":[]},"geometry":{"type":"MultiPolygon","coordinates":[[[[130.31042,33.27268],[130.31487,33.27342],[130.31132,33.28696],[130.30914,33.28649],[130.30945,33.28539],[130.31034,33.28564],[130.31086,33.28377],[130.30978,33.28358],[130.31006,33.28252],[130.30794,33.2821],[130.3084,33.28019],[130.30764,33.28009],[130.30776,33.28088],[130.30701,33.28098],[130.3087,33.27439],[130.30807,33.27428],[130.30817,33.27388],[130.30912,33.27444],[130.30958,33.27254],[130.31042,33.27268]]],[[[130.31114,33.28792],[130.31074,33.28987],[130.31062,33.28883],[130.30881,33.28853],[130.30904,33.28959],[130.30965,33.2897],[130.30934,33.29081],[130.3059,33.29035],[130.30577,33.29136],[130.30319,33.29119],[130.30439,33.28667],[130.31114,33.28792]]],[[[130.30634,33.28109],[130.30776,33.28088],[130.30764,33.28009],[130.3084,33.28019],[130.30794,33.2821],[130.31006,33.28252],[130.30978,33.28358],[130.31086,33.28377],[130.31034,33.28564],[130.30945,33.28539],[130.30914,33.28649],[130.31132,33.28696],[130.31114,33.28792],[130.30439,33.28667],[130.30485,33.28484],[130.30363,33.28461],[130.30389,33.28363],[130.30508,33.2836],[130.30547,33.28179],[130.30615,33.28189],[130.30634,33.28109]]]]}},{"type":"Feature","properties":{"vid":"K64G01S00041","name":"高木村","reading":"たかぎ","gun":"佐賀郡","domains":["saga"],"isShared":false,"shared":[]},"geometry":{"type":"MultiPolygon","coordinates":[[[[130.30334,33.28948],[130.30138,33.28897],[130.30148,33.28825],[130.29823,33.28767],[130.29833,33.28708],[130.29787,33.28702],[130.29787,33.28758],[130.29363,33.28674],[130.29348,33.28509],[130.2979,33.28508],[130.29792,33.28465],[130.29854,33.28469],[130.30458,33.28587],[130.30371,33.28934],[130.30334,33.28948]]],[[[130.30634,33.28109],[130.30615,33.28189],[130.30547,33.28179],[130.30508,33.2836],[130.30389,33.28363],[130.30363,33.28461],[130.30485,33.28484],[130.30458,33.28587],[130.2988,33.28472],[130.29954,33.28179],[130.29837,33.28158],[130.29838,33.27949],[130.2994,33.27968],[130.30112,33.27913],[130.30287,33.28001],[130.30249,33.28093],[130.30634,33.28109]]],[[[130.28513,33.29949],[130.28659,33.29438],[130.28925,33.29261],[130.29087,33.2921],[130.29793,33.29178],[130.2957,33.30151],[130.28513,33.29949]]],[[[130.28695,33.2942],[130.28732,33.2927],[130.2848,33.2929],[130.28524,33.29156],[130.28862,33.2869],[130.29153,33.28711],[130.29165,33.28834],[130.29241,33.28824],[130.29276,33.28949],[130.29166,33.28956],[130.29,33.29233],[130.28695,33.2942]]],[[[130.31074,33.28987],[130.31032,33.2929],[130.3099,33.29297],[130.30513,33.29287],[130.29839,33.29172],[130.29,33.29233],[130.29139,33.2898],[130.29276,33.28949],[130.29241,33.28824],[130.29165,33.28834],[130.29153,33.28711],[130.29341,33.28673],[130.29787,33.28758],[130.29787,33.28702],[130.29833,33.28708],[130.29823,33.28767],[130.30148,33.28825],[130.30138,33.28897],[130.30365,33.28951],[130.30319,33.29119],[130.30577,33.29136],[130.3059,33.29035],[130.30934,33.29081],[130.30965,33.2897],[130.30904,33.28959],[130.30881,33.28853],[130.31062,33.28883],[130.31074,33.28987]]],[[[130.30067,33.27098],[130.30252,33.27134],[130.30116,33.27321],[130.2994,33.27968],[130.29838,33.27949],[130.29837,33.28158],[130.29954,33.28179],[130.2988,33.28472],[130.29792,33.28465],[130.2979,33.28508],[130.29364,33.28485],[130.2947,33.28363],[130.294,33.28333],[130.29476,33.28263],[130.29462,33.28121],[130.29418,33.28119],[130.29441,33.28005],[130.29482,33.27937],[130.29649,33.27969],[130.29672,33.2787],[130.29892,33.27748],[130.30067,33.27098]]],[[[130.2943,33.27236],[130.29524,33.27166],[130.29524,33.27211],[130.29613,33.27202],[130.30111,33.26939],[130.29892,33.27748],[130.29672,33.2787],[130.29649,33.27969],[130.29255,33.27893],[130.2943,33.27236]]],[[[130.28643,33.2732],[130.28655,33.27221],[130.28881,33.26979],[130.28909,33.26889],[130.29362,33.26963],[130.29342,33.26992],[130.29399,33.27006],[130.2943,33.27236],[130.29384,33.27429],[130.28643,33.2732]]],[[[130.28109,33.27778],[130.28141,33.27787],[130.28205,33.27588],[130.28434,33.27307],[130.29384,33.27429],[130.29255,33.27893],[130.29482,33.27937],[130.29418,33.28119],[130.29462,33.28121],[130.29476,33.28263],[130.294,33.28304],[130.2947,33.28363],[130.29265,33.28355],[130.29137,33.28299],[130.29152,33.28252],[130.28922,33.28197],[130.28942,33.28114],[130.28084,33.2797],[130.28066,33.27871],[130.28109,33.27778]]],[[[130.28803,33.28777],[130.28581,33.28735],[130.28602,33.2868],[130.28487,33.28677],[130.28494,33.28641],[130.28438,33.2863],[130.28424,33.28715],[130.28157,33.28683],[130.28126,33.28593],[130.28174,33.28441],[130.28084,33.2797],[130.28942,33.28114],[130.28922,33.28197],[130.29152,33.28252],[130.29137,33.28299],[130.29265,33.28355],[130.29438,33.28374],[130.29348,33.28509],[130.29359,33.28681],[130.28862,33.2869],[130.28803,33.28777]]]]}},{"type":"Feature","properties":{"vid":"K64G01S00042","name":"長瀬村","reading":"ながせ","gun":"佐賀郡","domains":["saga"],"isShared":false,"shared":[]},"geometry":{"type":"Polygon","coordinates":[[[130.28427,33.29936],[130.28327,33.29917],[130.28334,33.29856],[130.27884,33.29855],[130.27684,33.29727],[130.2773,33.29505],[130.27973,33.29256],[130.28058,33.29098],[130.2808,33.28941],[130.28175,33.2878],[130.28157,33.28683],[130.28424,33.28715],[130.28438,33.2863],[130.28494,33.28641],[130.28487,33.28677],[130.28602,33.2868],[130.28581,33.28735],[130.28803,33.28777],[130.28508,33.29193],[130.2848,33.2929],[130.28732,33.2927],[130.286,33.29555],[130.28609,33.29669],[130.28513,33.29949],[130.28427,33.29936]]]}},{"type":"Feature","properties":{"vid":"K64G01S00043","name":"尼寺村","reading":"にいじ","gun":"佐賀郡","domains":["saga"],"isShared":false,"shared":[]},"geometry":{"type":"MultiPolygon","coordinates":[[[[130.28427,33.29936],[130.28414,33.30086],[130.28275,33.30066],[130.28247,33.30157],[130.28001,33.30126],[130.2796,33.30224],[130.27915,33.30191],[130.27628,33.3027],[130.27656,33.30153],[130.27623,33.30127],[130.27676,33.30041],[130.27568,33.29994],[130.27727,33.29877],[130.27757,33.298],[130.27967,33.29877],[130.28079,33.29838],[130.28334,33.29856],[130.28327,33.29917],[130.28427,33.29936]]],[[[130.27142,33.3015],[130.27352,33.30329],[130.2741,33.30205],[130.27623,33.30127],[130.27656,33.30153],[130.27628,33.3027],[130.27915,33.30191],[130.2796,33.30224],[130.28001,33.30126],[130.28247,33.30157],[130.28275,33.30066],[130.28375,33.30079],[130.28392,33.30158],[130.28326,33.30307],[130.28058,33.30547],[130.28019,33.30689],[130.27913,33.30743],[130.27939,33.30786],[130.27895,33.30754],[130.27786,33.30925],[130.27678,33.30926],[130.27284,33.3092],[130.27339,33.30658],[130.27142,33.3015]]],[[[130.27284,33.3092],[130.27786,33.30925],[130.27895,33.30754],[130.27939,33.30786],[130.27913,33.30743],[130.28032,33.3067],[130.28081,33.3052],[130.2831,33.30323],[130.28385,33.30323],[130.28364,33.3038],[130.28656,33.30433],[130.28537,33.3088],[130.28371,33.30968],[130.28337,33.31331],[130.28491,33.31282],[130.28513,33.31488],[130.27798,33.31536],[130.27831,33.31492],[130.27792,33.31469],[130.27719,33.31489],[130.27711,33.3155],[130.27585,33.31565],[130.27145,33.3154],[130.27159,33.31215],[130.27284,33.3092]]],[[[130.27145,33.3154],[130.27617,33.31559],[130.2763,33.31703],[130.27569,33.31833],[130.27367,33.3203],[130.27365,33.32091],[130.2711,33.32249],[130.26969,33.32205],[130.27145,33.3154]]],[[[130.28876,33.30011],[130.29346,33.30083],[130.29291,33.30281],[130.29172,33.30275],[130.29016,33.30425],[130.28986,33.30582],[130.29162,33.30658],[130.29153,33.31141],[130.28967,33.31455],[130.28961,33.31619],[130.28551,33.31598],[130.28505,33.31535],[130.28491,33.31282],[130.28337,33.31331],[130.28371,33.30968],[130.28537,33.3088],[130.28736,33.30161],[130.28841,33.30171],[130.28876,33.30011]]],[[[130.28427,33.29936],[130.28876,33.30011],[130.28841,33.30171],[130.28736,33.30161],[130.28656,33.30433],[130.28364,33.3038],[130.28385,33.30323],[130.2831,33.30323],[130.2839,33.30177],[130.28375,33.30079],[130.28425,33.30064],[130.28387,33.30054],[130.28427,33.29936]]]]}},{"type":"Feature","properties":{"vid":"K64G01S00044","name":"下和泉村","reading":"しもいずみ","gun":"佐賀郡","domains":["saga"],"isShared":false,"shared":[]},"geometry":{"type":"MultiPolygon","coordinates":[[[[130.33679,33.31082],[130.33761,33.30658],[130.33838,33.30669],[130.33892,33.30381],[130.3397,33.30382],[130.34048,33.30205],[130.34301,33.30224],[130.34163,33.31125],[130.33825,33.31093],[130.33816,33.31133],[130.33679,33.31082]]],[[[130.33679,33.31082],[130.33641,33.31182],[130.3344,33.31077],[130.33566,33.30644],[130.33634,33.30562],[130.33632,33.30497],[130.33571,33.30522],[130.33555,33.30468],[130.33621,33.30397],[130.33644,33.30277],[130.33979,33.30305],[130.3397,33.30382],[130.33892,33.30381],[130.33838,33.30669],[130.33761,33.30658],[130.33679,33.31082]]],[[[130.3344,33.31077],[130.3321,33.30965],[130.33094,33.31272],[130.328,33.31247],[130.32882,33.30824],[130.32972,33.30593],[130.33132,33.30454],[130.33151,33.30332],[130.33421,33.30333],[130.33532,33.30376],[130.33519,33.30458],[130.33571,33.30522],[130.33632,33.30497],[130.3344,33.31077]]],[[[130.32703,33.29671],[130.33314,33.2981],[130.33522,33.29829],[130.33528,33.29767],[130.33568,33.29762],[130.34277,33.29907],[130.34342,33.29885],[130.34301,33.30224],[130.34048,33.30205],[130.34033,33.30309],[130.33644,33.30277],[130.33621,33.30397],[130.33555,33.30468],[130.33519,33.30458],[130.33532,33.30376],[130.33421,33.30333],[130.33151,33.30332],[130.33203,33.30287],[130.32592,33.30148],[130.32703,33.29671]]],[[[130.328,33.31247],[130.32413,33.3123],[130.32362,33.30916],[130.32652,33.30945],[130.32641,33.30764],[130.32678,33.30741],[130.32647,33.30738],[130.32711,33.30454],[130.32656,33.30442],[130.32647,33.30357],[130.32823,33.30381],[130.32857,33.30202],[130.33203,33.30287],[130.33141,33.30349],[130.33132,33.30454],[130.32972,33.30593],[130.328,33.31247]]],[[[130.3206,33.30333],[130.32427,33.3035],[130.32456,33.30081],[130.32537,33.30042],[130.32615,33.30045],[130.32592,33.30148],[130.32857,33.30202],[130.32823,33.30381],[130.32647,33.30357],[130.32656,33.30442],[130.32711,33.30454],[130.32647,33.30738],[130.32678,33.30741],[130.32641,33.30764],[130.32652,33.30945],[130.32362,33.30916],[130.32418,33.31177],[130.32282,33.31215],[130.32296,33.31128],[130.32201,33.31078],[130.31969,33.31105],[130.3206,33.30333]]]]}},{"type":"Feature","properties":{"vid":"K64G01S00045","name":"上和泉村","reading":"かみいずみ","gun":"佐賀郡","domains":["saga"],"isShared":false,"shared":[]},"geometry":{"type":"MultiPolygon","coordinates":[[[[130.31819,33.30318],[130.3206,33.30333],[130.31969,33.31105],[130.31875,33.31095],[130.31857,33.31241],[130.3163,33.31218],[130.3169,33.30869],[130.31621,33.30862],[130.31536,33.30996],[130.31323,33.30969],[130.31293,33.31121],[130.31222,33.31074],[130.31163,33.31157],[130.31,33.31137],[130.31029,33.30972],[130.31142,33.30987],[130.31156,33.30882],[130.3108,33.30872],[130.3109,33.30825],[130.31175,33.30735],[130.31222,33.30459],[130.31281,33.30455],[130.31348,33.30324],[130.31395,33.30282],[130.31602,33.30276],[130.31819,33.30318]]],[[[130.33793,33.32123],[130.33326,33.32029],[130.3353,33.31124],[130.33641,33.31182],[130.33679,33.31082],[130.33816,33.31133],[130.33825,33.31093],[130.34163,33.31125],[130.33992,33.31805],[130.33793,33.32123]]],[[[130.33326,33.32029],[130.32666,33.31949],[130.3265,33.31774],[130.32578,33.31745],[130.32647,33.31732],[130.32638,33.31659],[130.32812,33.31684],[130.32795,33.31596],[130.32727,33.31594],[130.32723,33.31534],[130.328,33.31247],[130.33094,33.31272],[130.3321,33.30965],[130.3353,33.31124],[130.33326,33.32029]]],[[[130.32186,33.31826],[130.32224,33.31656],[130.3219,33.31544],[130.32137,33.31547],[130.32172,33.31276],[130.32271,33.31284],[130.32277,33.31216],[130.32418,33.31177],[130.32413,33.3123],[130.328,33.31247],[130.32723,33.31534],[130.32727,33.31594],[130.32795,33.31596],[130.32812,33.31684],[130.32638,33.31659],[130.32647,33.31732],[130.32578,33.31745],[130.3265,33.31774],[130.32663,33.31933],[130.32186,33.31826]]],[[[130.32186,33.31826],[130.31855,33.31769],[130.31759,33.31695],[130.3192,33.31687],[130.3187,33.31577],[130.31594,33.31454],[130.3163,33.31218],[130.31857,33.31241],[130.31875,33.31095],[130.32094,33.31115],[130.32201,33.31078],[130.32296,33.31128],[130.32271,33.31284],[130.32172,33.31276],[130.32137,33.31547],[130.3219,33.31544],[130.32224,33.31656],[130.32186,33.31826]]],[[[130.31129,33.31479],[130.31,33.31137],[130.31163,33.31157],[130.31222,33.31074],[130.31293,33.31121],[130.31323,33.30969],[130.31536,33.30996],[130.31621,33.30862],[130.3169,33.30869],[130.31594,33.31454],[130.3187,33.31577],[130.3192,33.31687],[130.31465,33.31659],[130.31458,33.31615],[130.31213,33.31572],[130.31129,33.31479]]]]}},{"type":"Feature","properties":{"vid":"K64G01S00046","name":"川久保村","reading":"かわくぼ","gun":"佐賀郡","domains":["saga"],"isShared":false,"shared":[]},"geometry":{"type":"MultiPolygon","coordinates":[[[[130.33475,33.34542],[130.33341,33.34438],[130.32997,33.34346],[130.33035,33.34245],[130.32947,33.34263],[130.32925,33.34216],[130.32706,33.34283],[130.32654,33.34273],[130.32657,33.3422],[130.32457,33.34294],[130.32439,33.34105],[130.32269,33.34051],[130.32343,33.33998],[130.32381,33.3381],[130.32687,33.33527],[130.32743,33.33437],[130.32699,33.33411],[130.32776,33.33399],[130.32773,33.33334],[130.32942,33.3332],[130.33024,33.33245],[130.33201,33.33201],[130.33218,33.33262],[130.33393,33.33356],[130.33438,33.33315],[130.33656,33.33354],[130.33728,33.33274],[130.33759,33.33607],[130.33649,33.33778],[130.33616,33.33893],[130.33654,33.34072],[130.33521,33.34226],[130.33585,33.34329],[130.33495,33.34442],[130.33522,33.34534],[130.33475,33.34542]]],[[[130.33728,33.33274],[130.33656,33.33354],[130.33438,33.33315],[130.33393,33.33356],[130.33218,33.33262],[130.33201,33.33201],[130.33024,33.33245],[130.32942,33.3332],[130.32773,33.33334],[130.32776,33.33399],[130.32699,33.33411],[130.32645,33.33294],[130.32719,33.33166],[130.32643,33.33102],[130.32595,33.32818],[130.32967,33.32758],[130.32968,33.3281],[130.33191,33.32907],[130.33475,33.32968],[130.33504,33.32902],[130.33648,33.32948],[130.33728,33.33274]]],[[[130.33663,33.32957],[130.33504,33.32902],[130.33492,33.3297],[130.33191,33.32907],[130.32968,33.3281],[130.32967,33.32758],[130.32726,33.32811],[130.32661,33.32643],[130.3281,33.3263],[130.32812,33.32378],[130.3285,33.32346],[130.32883,33.3248],[130.32918,33.32479],[130.32917,33.3241],[130.32966,33.32412],[130.32941,33.32481],[130.33071,33.32511],[130.33175,33.32243],[130.33393,33.32274],[130.33437,33.32045],[130.33793,33.32123],[130.33716,33.32505],[130.33743,33.32702],[130.33663,33.32957]]],[[[130.30724,33.35581],[130.31116,33.35587],[130.31215,33.35475],[130.31313,33.35455],[130.31292,33.3542],[130.31512,33.35246],[130.31539,33.35158],[130.31726,33.35095],[130.31797,33.34895],[130.31982,33.34727],[130.32181,33.3463],[130.3216,33.34501],[130.32221,33.34407],[130.32657,33.3422],[130.32654,33.34273],[130.32706,33.34283],[130.32809,33.34227],[130.33035,33.34245],[130.32997,33.34346],[130.33439,33.34498],[130.33466,33.3462],[130.33374,33.34765],[130.33422,33.3495],[130.33671,33.35042],[130.33675,33.35218],[130.33751,33.35344],[130.33726,33.35396],[130.33572,33.35446],[130.33204,33.35498],[130.33171,33.35613],[130.32988,33.35672],[130.32971,33.35756],[130.32729,33.35969],[130.32679,33.36067],[130.32637,33.35986],[130.32567,33.35963],[130.32401,33.36023],[130.32089,33.3594],[130.31979,33.35964],[130.3187,33.35848],[130.31803,33.359],[130.3158,33.35883],[130.31537,33.35943],[130.31581,33.36053],[130.31488,33.36082],[130.31156,33.35902],[130.30951,33.35859],[130.30746,33.35663],[130.30724,33.35581]]],[[[130.31392,33.31697],[130.31213,33.31572],[130.32666,33.31949],[130.33437,33.32045],[130.33393,33.32274],[130.33175,33.32243],[130.33071,33.32511],[130.32941,33.32481],[130.32966,33.32412],[130.32917,33.3241],[130.32918,33.32479],[130.32883,33.3248],[130.3285,33.32346],[130.32812,33.32378],[130.3281,33.3263],[130.32661,33.32643],[130.32726,33.32811],[130.32595,33.32818],[130.32574,33.32725],[130.32487,33.32702],[130.32439,33.32719],[130.3242,33.32815],[130.32313,33.32634],[130.32364,33.32358],[130.32228,33.32054],[130.31764,33.31904],[130.31392,33.31697]]],[[[130.31257,33.34047],[130.3152,33.33968],[130.31893,33.33987],[130.32024,33.33908],[130.32197,33.3342],[130.32387,33.33163],[130.32325,33.33133],[130.32188,33.32665],[130.32313,33.32634],[130.3242,33.32815],[130.32446,33.32709],[130.32574,33.32725],[130.32643,33.33102],[130.32719,33.33166],[130.32645,33.33312],[130.32744,33.33427],[130.32381,33.3381],[130.32343,33.33998],[130.32269,33.34051],[130.32439,33.34105],[130.32457,33.34294],[130.32221,33.34407],[130.3216,33.34501],[130.32181,33.3463],[130.31982,33.34727],[130.31756,33.34936],[130.31726,33.35095],[130.31503,33.35],[130.31322,33.34859],[130.30987,33.3475],[130.31002,33.34719],[130.31123,33.34757],[130.31158,33.3469],[130.31088,33.34506],[130.31176,33.34385],[130.31257,33.34047]]],[[[130.31228,33.33843],[130.31319,33.33793],[130.31306,33.33728],[130.3139,33.33617],[130.31361,33.33448],[130.31302,33.33402],[130.31312,33.33324],[130.31194,33.33215],[130.31186,33.3299],[130.3127,33.32897],[130.31257,33.32785],[130.31334,33.32781],[130.31297,33.32707],[130.31437,33.32658],[130.31493,33.32545],[130.3145,33.32317],[130.31497,33.32284],[130.31507,33.32074],[130.31384,33.31875],[130.3144,33.31772],[130.31382,33.31749],[130.31392,33.31697],[130.31676,33.31865],[130.32249,33.32081],[130.32369,33.32457],[130.32309,33.32651],[130.32188,33.32665],[130.32191,33.32729],[130.32224,33.32728],[130.32209,33.3281],[130.32325,33.33133],[130.32387,33.33163],[130.32197,33.3342],[130.3206,33.33848],[130.31989,33.33941],[130.31893,33.33987],[130.3152,33.33968],[130.31257,33.34047],[130.3127,33.33885],[130.31222,33.33888],[130.31228,33.33843]]]]}},{"type":"Feature","properties":{"vid":"K64G01S00047","name":"薬師丸村","reading":"やくしまる","gun":"佐賀郡","domains":["saga"],"isShared":false,"shared":[]},"geometry":{"type":"MultiPolygon","coordinates":[[[[130.31378,33.29228],[130.31938,33.29122],[130.31994,33.29193],[130.31961,33.29611],[130.31951,33.29657],[130.31888,33.29665],[130.31819,33.30318],[130.31395,33.30282],[130.31281,33.30455],[130.31222,33.30459],[130.31436,33.29429],[130.31378,33.29228]]],[[[130.31938,33.29122],[130.33185,33.29226],[130.33138,33.29499],[130.33578,33.29581],[130.33568,33.29762],[130.33528,33.29767],[130.33522,33.29829],[130.33314,33.2981],[130.32627,33.29669],[130.32596,33.29615],[130.31961,33.2957],[130.31994,33.29193],[130.31938,33.29122]]],[[[130.31961,33.2957],[130.32596,33.29615],[130.32627,33.29669],[130.32703,33.29671],[130.32615,33.30045],[130.32456,33.30081],[130.32427,33.3035],[130.31819,33.30318],[130.31888,33.29665],[130.31951,33.29657],[130.31961,33.2957]]]]}},{"type":"Feature","properties":{"vid":"K64G01S00048","name":"千布村","reading":"ちふ","gun":"佐賀郡","domains":["saga"],"isShared":false,"shared":[]},"geometry":{"type":"MultiPolygon","coordinates":[[[[130.31036,33.30414],[130.3098,33.30678],[130.30865,33.30729],[130.30941,33.30742],[130.30887,33.31002],[130.31006,33.31015],[130.31012,33.31206],[130.30494,33.31135],[130.30342,33.31157],[130.30377,33.30991],[130.30473,33.30913],[130.3047,33.30817],[130.30507,33.30821],[130.30553,33.30568],[130.30483,33.30556],[130.30536,33.3033],[130.31036,33.30414]]],[[[130.31417,33.29519],[130.31214,33.30589],[130.3108,33.30872],[130.31156,33.30882],[130.31142,33.30987],[130.30887,33.31002],[130.30941,33.30742],[130.30865,33.30729],[130.3098,33.30678],[130.31175,33.29883],[130.31221,33.29879],[130.313,33.29579],[130.31417,33.29519]]],[[[130.31032,33.2929],[130.31378,33.29228],[130.31436,33.29429],[130.31417,33.29519],[130.31282,33.29613],[130.31036,33.30414],[130.30536,33.3033],[130.30432,33.30659],[130.30243,33.30706],[130.30187,33.30678],[130.30187,33.3047],[130.2986,33.30473],[130.29656,33.30198],[130.2957,33.30151],[130.29793,33.29178],[130.30513,33.29287],[130.31032,33.2929]]],[[[130.30483,33.30556],[130.30553,33.30568],[130.30507,33.30821],[130.3047,33.30817],[130.30473,33.30913],[130.30377,33.30991],[130.30291,33.31382],[130.30237,33.31346],[130.29807,33.31346],[130.2991,33.30621],[130.29841,33.30587],[130.29916,33.30559],[130.2986,33.30473],[130.30187,33.3047],[130.30187,33.30678],[130.30243,33.30706],[130.30382,33.30691],[130.30483,33.30556]]],[[[130.2957,33.30151],[130.29656,33.30198],[130.29916,33.30559],[130.29841,33.30587],[130.2991,33.30621],[130.29807,33.31346],[130.29398,33.31302],[130.29322,33.3109],[130.29282,33.30618],[130.29469,33.30487],[130.2957,33.30151]]]]}},{"type":"Feature","properties":{"vid":"K64G01S00049","name":"金立村","reading":"きんりゅう","gun":"佐賀郡","domains":["saga"],"isShared":false,"shared":[]},"geometry":{"type":"MultiPolygon","coordinates":[[[[130.30817,33.32658],[130.31216,33.32682],[130.31333,33.32758],[130.31257,33.32785],[130.3127,33.32897],[130.31189,33.32977],[130.31167,33.33095],[130.3138,33.3353],[130.31385,33.33659],[130.31271,33.33836],[130.31228,33.33843],[130.30865,33.33551],[130.30744,33.33121],[130.30657,33.33002],[130.30714,33.32783],[130.30629,33.32663],[130.30473,33.32593],[130.30473,33.32473],[130.30629,33.32619],[130.30817,33.32658]]],[[[130.30168,33.32463],[130.30205,33.32466],[130.30214,33.32607],[130.30121,33.33085],[130.30174,33.3325],[130.30171,33.33535],[130.30458,33.33759],[130.30594,33.34046],[130.30685,33.34585],[130.31066,33.35221],[130.31291,33.35462],[130.31215,33.35475],[130.31116,33.35587],[130.30724,33.35581],[130.30742,33.35473],[130.30648,33.35334],[130.30601,33.35132],[130.30674,33.34978],[130.30651,33.34865],[130.30532,33.34819],[130.30336,33.34839],[130.3037,33.3473],[130.30318,33.34652],[130.29912,33.34536],[130.29678,33.34548],[130.29454,33.34622],[130.29168,33.34604],[130.2891,33.34512],[130.28775,33.34382],[130.28635,33.34386],[130.28522,33.34295],[130.2844,33.34298],[130.28503,33.34111],[130.28657,33.34059],[130.2875,33.33887],[130.28826,33.3384],[130.29087,33.33912],[130.29178,33.33808],[130.29669,33.33515],[130.29725,33.33371],[130.29626,33.33322],[130.29591,33.33197],[130.29511,33.33125],[130.29597,33.32995],[130.29514,33.32752],[130.29582,33.32633],[130.2989,33.32665],[130.29861,33.32564],[130.30114,33.32547],[130.3013,33.32458],[130.30168,33.32463]]],[[[130.30168,33.32463],[130.30239,33.32284],[130.30309,33.32309],[130.30447,33.31915],[130.30566,33.31934],[130.30625,33.31649],[130.30787,33.31414],[130.31081,33.31406],[130.31129,33.31479],[130.30817,33.32658],[130.30629,33.32619],[130.30473,33.32473],[130.30473,33.32593],[130.30629,33.32663],[130.30711,33.32776],[130.30652,33.32967],[130.30744,33.33121],[130.30799,33.33416],[130.30865,33.33551],[130.31228,33.33843],[130.31222,33.33888],[130.3127,33.33885],[130.31257,33.34047],[130.30626,33.34344],[130.30594,33.34046],[130.30498,33.33828],[130.30376,33.33664],[130.30171,33.33535],[130.30174,33.3325],[130.30121,33.33085],[130.30214,33.32607],[130.30205,33.32466],[130.30168,33.32463]]],[[[130.30817,33.32658],[130.31129,33.31479],[130.3144,33.31772],[130.31382,33.31859],[130.31507,33.32074],[130.31497,33.32284],[130.3145,33.32317],[130.31493,33.32545],[130.3136,33.32703],[130.30817,33.32658]]],[[[130.31291,33.35462],[130.31094,33.35258],[130.30806,33.34823],[130.30654,33.34505],[130.30626,33.34344],[130.31257,33.34047],[130.31176,33.34385],[130.31088,33.34506],[130.31158,33.3469],[130.31123,33.34757],[130.31002,33.34719],[130.30987,33.3475],[130.31322,33.34859],[130.31686,33.35083],[130.31539,33.35158],[130.31522,33.35235],[130.31291,33.35462]]],[[[130.29807,33.31346],[130.30237,33.31346],[130.30291,33.31382],[130.3028,33.31639],[130.3026,33.31689],[130.30201,33.31692],[130.30125,33.31883],[130.30113,33.3206],[130.29893,33.32034],[130.29894,33.31962],[130.29765,33.31966],[130.2962,33.31881],[130.29682,33.31771],[130.29616,33.31567],[130.29786,33.31556],[130.29807,33.31346]]],[[[130.30168,33.32463],[130.3013,33.32458],[130.30114,33.32547],[130.29861,33.32564],[130.2989,33.32665],[130.29582,33.32633],[130.29617,33.32537],[130.29575,33.32524],[130.29729,33.32313],[130.29731,33.32207],[130.29804,33.32196],[130.29765,33.31966],[130.29894,33.31962],[130.29893,33.32034],[130.30113,33.3206],[130.30123,33.31927],[130.30279,33.32098],[130.30395,33.32122],[130.30309,33.32309],[130.30239,33.32284],[130.30205,33.32331],[130.30168,33.32463]]],[[[130.29582,33.32633],[130.29508,33.32808],[130.2943,33.32868],[130.29338,33.32921],[130.29207,33.32897],[130.2928,33.32776],[130.29282,33.32664],[130.29195,33.32573],[130.29298,33.32088],[130.29511,33.31972],[130.29557,33.31843],[130.29764,33.31956],[130.29804,33.32196],[130.29731,33.32207],[130.29729,33.32313],[130.29575,33.32524],[130.29617,33.32537],[130.29582,33.32633]]],[[[130.31081,33.31406],[130.30787,33.31414],[130.30625,33.31649],[130.30566,33.31934],[130.30447,33.31915],[130.30395,33.32122],[130.30279,33.32098],[130.30123,33.31927],[130.30201,33.31692],[130.3026,33.31689],[130.3028,33.31639],[130.30275,33.31456],[130.30353,33.31149],[130.31012,33.31206],[130.31081,33.31406]]]]}},{"type":"Feature","properties":{"vid":"K64G01S00050","name":"久池井村","reading":"くちい","gun":"佐賀郡","domains":["saga"],"isShared":false,"shared":[]},"geometry":{"type":"MultiPolygon","coordinates":[[[[130.27617,33.31559],[130.27711,33.3155],[130.27719,33.31489],[130.27792,33.31469],[130.27831,33.31492],[130.27798,33.31536],[130.28091,33.31517],[130.28097,33.32063],[130.27975,33.32057],[130.27975,33.31992],[130.27901,33.31994],[130.279,33.31943],[130.27807,33.31947],[130.27808,33.31996],[130.27568,33.31907],[130.2763,33.31703],[130.27617,33.31559]]],[[[130.27569,33.31833],[130.27568,33.31907],[130.2779,33.31986],[130.27684,33.32131],[130.27588,33.32088],[130.27541,33.32236],[130.2757,33.32534],[130.2748,33.3254],[130.2742,33.32476],[130.2735,33.32547],[130.27201,33.32528],[130.2715,33.32429],[130.27039,33.32386],[130.27066,33.32304],[130.2723,33.32143],[130.273,33.32158],[130.27367,33.3203],[130.27569,33.31833]]],[[[130.29346,33.30083],[130.2957,33.30151],[130.29469,33.30487],[130.29282,33.30618],[130.29368,33.31229],[130.29292,33.31226],[130.29283,33.3129],[130.29096,33.31232],[130.2916,33.31095],[130.29163,33.30661],[130.28986,33.30582],[130.29016,33.30425],[130.29172,33.30275],[130.29291,33.30281],[130.29346,33.30083]]],[[[130.2779,33.31986],[130.27807,33.31947],[130.279,33.31943],[130.27901,33.31994],[130.27975,33.31992],[130.27975,33.32057],[130.28086,33.32051],[130.28076,33.32231],[130.28235,33.32311],[130.28187,33.32337],[130.28238,33.32367],[130.28418,33.32402],[130.28425,33.32439],[130.28338,33.32434],[130.28398,33.32473],[130.28378,33.32512],[130.28515,33.3259],[130.28492,33.3279],[130.28644,33.32889],[130.2855,33.3298],[130.28307,33.33053],[130.28142,33.33288],[130.27945,33.33353],[130.27905,33.33479],[130.27852,33.33486],[130.27858,33.33618],[130.27803,33.33657],[130.2781,33.33907],[130.27711,33.33898],[130.27808,33.3406],[130.27885,33.34064],[130.27911,33.34114],[130.27708,33.34175],[130.27849,33.34174],[130.27787,33.34317],[130.27826,33.344],[130.27395,33.34433],[130.27319,33.34256],[130.27198,33.34238],[130.27173,33.34192],[130.27466,33.33928],[130.27757,33.33338],[130.27641,33.32935],[130.27541,33.32236],[130.27588,33.32088],[130.27684,33.32131],[130.2779,33.31986]]],[[[130.28091,33.31517],[130.28513,33.31488],[130.28551,33.31598],[130.28961,33.31619],[130.29018,33.31725],[130.2901,33.31956],[130.29093,33.32015],[130.29055,33.32259],[130.28773,33.32392],[130.28684,33.32363],[130.2869,33.32394],[130.28565,33.32404],[130.28076,33.32231],[130.28091,33.31517]]],[[[130.29087,33.33912],[130.28826,33.3384],[130.28718,33.33924],[130.2865,33.34065],[130.28503,33.34111],[130.2844,33.34298],[130.28139,33.34318],[130.27826,33.344],[130.27804,33.34362],[130.27849,33.34174],[130.27708,33.34175],[130.27911,33.34114],[130.27885,33.34064],[130.27808,33.3406],[130.27711,33.33898],[130.2781,33.33907],[130.27803,33.33657],[130.27858,33.33618],[130.27852,33.33486],[130.27905,33.33479],[130.27945,33.33353],[130.28142,33.33288],[130.28307,33.33053],[130.2855,33.3298],[130.28644,33.32889],[130.28492,33.3279],[130.28515,33.3259],[130.28378,33.32512],[130.28398,33.32473],[130.28338,33.32434],[130.28425,33.32439],[130.28418,33.32402],[130.28187,33.32337],[130.28235,33.32311],[130.28613,33.32405],[130.28996,33.32302],[130.2894,33.3235],[130.28943,33.32463],[130.29049,33.32604],[130.29147,33.33178],[130.29072,33.33385],[130.29087,33.33912]]],[[[130.2951,33.328],[130.29597,33.32995],[130.29511,33.33125],[130.29591,33.33197],[130.29626,33.33322],[130.29724,33.33375],[130.29601,33.33583],[130.29178,33.33808],[130.29087,33.33912],[130.29072,33.33385],[130.29147,33.33178],[130.29049,33.32604],[130.28988,33.32567],[130.2894,33.3235],[130.29055,33.32259],[130.2905,33.32175],[130.29089,33.32151],[130.29093,33.32015],[130.2901,33.31956],[130.29034,33.31842],[130.28991,33.31803],[130.29018,33.31725],[130.28955,33.31502],[130.29106,33.31249],[130.29283,33.3129],[130.29292,33.31226],[130.29368,33.31229],[130.29438,33.31366],[130.29543,33.31427],[130.29536,33.31664],[130.29632,33.31845],[130.29557,33.31843],[130.29511,33.31972],[130.29298,33.32088],[130.29195,33.32573],[130.29283,33.32671],[130.29278,33.32783],[130.29207,33.32897],[130.29338,33.32921],[130.2951,33.328]]],[[[130.29807,33.31346],[130.29786,33.31556],[130.29616,33.31567],[130.29682,33.31771],[130.29668,33.31858],[130.29627,33.31855],[130.29536,33.31664],[130.29543,33.31427],[130.29438,33.31366],[130.29426,33.31311],[130.29807,33.31346]]],[[[130.26969,33.32205],[130.2711,33.32249],[130.27039,33.32386],[130.2715,33.32429],[130.27201,33.32528],[130.2735,33.32547],[130.2742,33.32476],[130.2748,33.3254],[130.2757,33.32534],[130.27671,33.33063],[130.27283,33.32778],[130.2717,33.3256],[130.26906,33.32473],[130.26969,33.32205]]]]}},{"type":"Feature","properties":{"vid":"K64G01S00051","name":"梅野村","reading":"うめの","gun":"佐賀郡","domains":["saga"],"isShared":false,"shared":[]},"geometry":{"type":"MultiPolygon","coordinates":[[[[130.2844,33.34298],[130.28522,33.34295],[130.28635,33.34386],[130.28707,33.34374],[130.28686,33.34513],[130.28494,33.34767],[130.28445,33.34914],[130.28503,33.34983],[130.28456,33.35334],[130.28686,33.35902],[130.28656,33.35968],[130.28688,33.36043],[130.2861,33.36119],[130.28431,33.36089],[130.28314,33.36156],[130.28172,33.36021],[130.27983,33.3597],[130.27971,33.35895],[130.27784,33.3583],[130.27845,33.3569],[130.27816,33.35628],[130.27693,33.35606],[130.27697,33.3555],[130.27563,33.3552],[130.27494,33.35448],[130.27357,33.35425],[130.27224,33.35045],[130.27015,33.34898],[130.26801,33.34866],[130.26686,33.34733],[130.26759,33.34659],[130.2738,33.34416],[130.27731,33.34411],[130.2844,33.34298]]],[[[130.28707,33.34374],[130.28775,33.34382],[130.2891,33.34512],[130.29168,33.34604],[130.29454,33.34622],[130.29678,33.34548],[130.29912,33.34536],[130.30318,33.34652],[130.3037,33.3473],[130.30332,33.34837],[130.30426,33.34859],[130.30501,33.35011],[130.30454,33.35212],[130.30264,33.35315],[130.29841,33.35733],[130.2966,33.35748],[130.29598,33.35805],[130.29511,33.35747],[130.2907,33.35872],[130.28785,33.35826],[130.28688,33.35916],[130.28456,33.35334],[130.28503,33.34983],[130.28445,33.34914],[130.28494,33.34767],[130.28686,33.34513],[130.28707,33.34374]]],[[[130.2538,33.36156],[130.25273,33.35851],[130.25064,33.35611],[130.24933,33.35663],[130.24878,33.35592],[130.24869,33.35366],[130.24742,33.35101],[130.24914,33.34856],[130.25078,33.34993],[130.25834,33.35027],[130.26485,33.35221],[130.2654,33.35533],[130.26334,33.35582],[130.26119,33.35779],[130.25916,33.35888],[130.25445,33.36052],[130.2538,33.36156]]],[[[130.27672,33.36309],[130.27511,33.36211],[130.27375,33.36053],[130.27194,33.36018],[130.26905,33.3581],[130.2676,33.35774],[130.26738,33.35683],[130.26581,33.35614],[130.26523,33.35501],[130.26485,33.35221],[130.26545,33.35151],[130.26564,33.34996],[130.26636,33.34967],[130.26686,33.34733],[130.26801,33.34866],[130.27015,33.34898],[130.27224,33.35045],[130.27357,33.35425],[130.27494,33.35448],[130.27563,33.3552],[130.27697,33.3555],[130.27693,33.35606],[130.27816,33.35628],[130.27845,33.3569],[130.27784,33.3583],[130.27971,33.35895],[130.27983,33.3597],[130.28178,33.36025],[130.28127,33.36077],[130.28099,33.36035],[130.27994,33.36061],[130.27861,33.36238],[130.27672,33.36309]]],[[[130.26513,33.36656],[130.261,33.36534],[130.25984,33.3642],[130.25988,33.36336],[130.26064,33.3607],[130.26253,33.35837],[130.26566,33.35574],[130.26599,33.3564],[130.26738,33.35683],[130.2676,33.35774],[130.26905,33.3581],[130.27194,33.36018],[130.27375,33.36053],[130.27511,33.36211],[130.2742,33.36237],[130.27402,33.36291],[130.27113,33.3633],[130.27064,33.36396],[130.26513,33.36656]]],[[[130.25597,33.36393],[130.25447,33.36352],[130.2542,33.3628],[130.25367,33.36278],[130.25445,33.36052],[130.25916,33.35888],[130.26119,33.35779],[130.26334,33.35582],[130.2656,33.35546],[130.26492,33.35672],[130.26344,33.35747],[130.26064,33.3607],[130.25984,33.3642],[130.25817,33.36494],[130.25597,33.36393]]],[[[130.26686,33.34733],[130.26636,33.34967],[130.26564,33.34996],[130.26545,33.35151],[130.26485,33.35221],[130.25834,33.35027],[130.25078,33.34993],[130.24983,33.34945],[130.24781,33.34637],[130.24781,33.34357],[130.24859,33.34205],[130.2518,33.34302],[130.25563,33.34196],[130.25825,33.34468],[130.26181,33.34558],[130.26225,33.34625],[130.26686,33.34733]]],[[[130.27217,33.34155],[130.27182,33.34227],[130.27292,33.34228],[130.2738,33.34416],[130.26759,33.34659],[130.26686,33.34733],[130.26225,33.34625],[130.26181,33.34558],[130.25825,33.34468],[130.25563,33.34196],[130.25684,33.33857],[130.25804,33.33855],[130.26065,33.33625],[130.26349,33.33168],[130.26545,33.33108],[130.26666,33.3318],[130.26969,33.33537],[130.27024,33.33518],[130.27208,33.33642],[130.272,33.33744],[130.27274,33.33909],[130.27217,33.34155]]],[[[130.27671,33.33063],[130.27748,33.33362],[130.27466,33.33928],[130.27217,33.34155],[130.27274,33.33909],[130.272,33.33744],[130.27208,33.33642],[130.27024,33.33518],[130.26969,33.33537],[130.26666,33.3318],[130.26545,33.33108],[130.26786,33.33007],[130.26906,33.32473],[130.2717,33.3256],[130.27283,33.32778],[130.27671,33.33063]]]]}},{"type":"Feature","properties":{"vid":"K64G01S00052","name":"小副川村","reading":"おそえがわ","gun":"佐賀郡","domains":["saga"],"isShared":false,"shared":[]},"geometry":{"type":"MultiPolygon","coordinates":[[[[130.24992,33.38603],[130.25238,33.38655],[130.25333,33.38789],[130.25517,33.38849],[130.25587,33.38916],[130.25701,33.39207],[130.25825,33.3924],[130.25872,33.39351],[130.25224,33.39603],[130.2497,33.39757],[130.25001,33.39822],[130.24868,33.3989],[130.24801,33.40113],[130.24836,33.40324],[130.24945,33.40523],[130.2417,33.40321],[130.24035,33.40234],[130.23859,33.40008],[130.23989,33.39817],[130.24002,33.39359],[130.23881,33.39081],[130.23864,33.38819],[130.23964,33.38789],[130.2415,33.38596],[130.24223,33.38703],[130.24498,33.38675],[130.24769,33.38708],[130.24992,33.38603]]],[[[130.25872,33.39351],[130.25977,33.39425],[130.25962,33.39469],[130.26126,33.39644],[130.26286,33.39643],[130.26363,33.3989],[130.26351,33.40025],[130.26426,33.40094],[130.26669,33.40143],[130.26542,33.40251],[130.26364,33.4031],[130.26231,33.40467],[130.25997,33.40608],[130.25941,33.40709],[130.25794,33.40769],[130.25593,33.40776],[130.25274,33.40599],[130.25037,33.40625],[130.25012,33.40529],[130.24945,33.40523],[130.24836,33.40324],[130.24801,33.40113],[130.24868,33.3989],[130.24972,33.39849],[130.25003,33.39797],[130.2497,33.39757],[130.25124,33.39651],[130.25872,33.39351]]],[[[130.24734,33.37643],[130.24865,33.37716],[130.24976,33.3795],[130.24931,33.38031],[130.24956,33.3809],[130.24819,33.38299],[130.24878,33.38406],[130.24969,33.3844],[130.24942,33.38594],[130.24992,33.38603],[130.24921,33.38668],[130.24769,33.38708],[130.24498,33.38675],[130.24223,33.38703],[130.2415,33.38596],[130.24113,33.38605],[130.24088,33.38687],[130.23964,33.38789],[130.23799,33.38792],[130.23793,33.38848],[130.23667,33.38948],[130.23542,33.38987],[130.23435,33.39155],[130.23198,33.39291],[130.22831,33.39008],[130.22462,33.38801],[130.2247,33.38666],[130.22344,33.38434],[130.23145,33.38139],[130.23268,33.38043],[130.2329,33.37897],[130.23239,33.37486],[130.235,33.37477],[130.23761,33.37405],[130.2389,33.3747],[130.24734,33.37643]]],[[[130.22462,33.38801],[130.22298,33.38828],[130.21927,33.38999],[130.21691,33.38946],[130.21522,33.38665],[130.2135,33.38023],[130.21091,33.37906],[130.20971,33.37765],[130.20911,33.37493],[130.20954,33.37242],[130.20719,33.37015],[130.20549,33.36733],[130.20914,33.36658],[130.2102,33.36681],[130.21186,33.36598],[130.2136,33.36399],[130.21726,33.36357],[130.21806,33.36515],[130.21868,33.36818],[130.22108,33.37231],[130.2238,33.37476],[130.22549,33.37538],[130.22993,33.37537],[130.23239,33.37486],[130.2329,33.37897],[130.23268,33.38043],[130.23145,33.38139],[130.22344,33.38434],[130.2247,33.38666],[130.22462,33.38801]]],[[[130.24931,33.36435],[130.24954,33.36535],[130.24849,33.36715],[130.2478,33.36752],[130.2493,33.36967],[130.2493,33.37261],[130.24858,33.37339],[130.24864,33.37562],[130.24734,33.37643],[130.2389,33.3747],[130.23761,33.37405],[130.22993,33.37537],[130.22471,33.37518],[130.22108,33.37231],[130.21868,33.36818],[130.21806,33.36515],[130.21726,33.36357],[130.21856,33.36188],[130.2201,33.36214],[130.22201,33.36476],[130.22438,33.36571],[130.22764,33.36447],[130.23313,33.3656],[130.23506,33.36398],[130.23593,33.36388],[130.23927,33.36595],[130.2419,33.36648],[130.24252,33.36629],[130.24284,33.36396],[130.24381,33.36297],[130.24661,33.36306],[130.24931,33.36435]]]]}},{"type":"Feature","properties":{"vid":"K64G01S00053","name":"松瀬村","reading":"まつせ","gun":"佐賀郡","domains":["saga"],"isShared":false,"shared":[]},"geometry":{"type":"MultiPolygon","coordinates":[[[[130.25597,33.36393],[130.25537,33.36564],[130.25567,33.36623],[130.25412,33.36836],[130.25329,33.37199],[130.25146,33.37444],[130.24978,33.37463],[130.2487,33.37528],[130.24857,33.37345],[130.2493,33.37261],[130.2493,33.36967],[130.2478,33.36752],[130.24849,33.36715],[130.24954,33.36535],[130.24931,33.36435],[130.25254,33.36141],[130.25292,33.3595],[130.25403,33.36224],[130.25361,33.36226],[130.25367,33.36278],[130.2542,33.3628],[130.25447,33.36352],[130.25597,33.36393]]],[[[130.25597,33.36393],[130.25817,33.36494],[130.26005,33.36422],[130.261,33.36534],[130.26404,33.36612],[130.26561,33.36703],[130.26485,33.36828],[130.26483,33.37033],[130.26165,33.37308],[130.2615,33.37526],[130.25695,33.37348],[130.25591,33.37346],[130.25632,33.37471],[130.25586,33.37421],[130.25565,33.37355],[130.25621,33.37179],[130.25758,33.36915],[130.25641,33.36621],[130.25695,33.36592],[130.25626,33.36593],[130.25551,33.36493],[130.25597,33.36393]]],[[[130.27606,33.38226],[130.27349,33.38004],[130.26923,33.37934],[130.27034,33.37564],[130.27105,33.3751],[130.27101,33.3723],[130.26964,33.37097],[130.27064,33.36993],[130.27151,33.36983],[130.27526,33.372],[130.27683,33.37223],[130.27722,33.37471],[130.27921,33.3771],[130.27945,33.37971],[130.28045,33.38071],[130.28004,33.38199],[130.27688,33.38049],[130.27606,33.38226]]],[[[130.2487,33.37528],[130.24978,33.37463],[130.25146,33.37444],[130.25329,33.37199],[130.25412,33.36836],[130.25567,33.36623],[130.25551,33.36493],[130.25626,33.36593],[130.25695,33.36592],[130.25641,33.36621],[130.25758,33.36915],[130.25565,33.37355],[130.25756,33.37635],[130.25713,33.37689],[130.25781,33.37753],[130.25772,33.37878],[130.25462,33.38121],[130.25426,33.38228],[130.25617,33.38621],[130.25588,33.38731],[130.25619,33.38848],[130.2558,33.3891],[130.25333,33.38789],[130.25238,33.38655],[130.24942,33.38594],[130.24969,33.3844],[130.24878,33.38406],[130.24819,33.38299],[130.24956,33.3809],[130.24931,33.38031],[130.24976,33.3795],[130.24865,33.37716],[130.24734,33.37643],[130.2487,33.37528]]],[[[130.25632,33.37471],[130.25591,33.37346],[130.25819,33.37385],[130.26101,33.3753],[130.26381,33.37547],[130.26509,33.37803],[130.26683,33.37919],[130.26747,33.37875],[130.27018,33.37965],[130.27349,33.38004],[130.27606,33.38226],[130.27651,33.38465],[130.27537,33.38518],[130.27372,33.38705],[130.27196,33.38678],[130.27079,33.38576],[130.26894,33.38626],[130.26608,33.38551],[130.2649,33.38627],[130.26329,33.38646],[130.26075,33.38534],[130.25911,33.38582],[130.25741,33.38561],[130.25738,33.38719],[130.25619,33.38795],[130.25588,33.38731],[130.25617,33.38621],[130.25426,33.38228],[130.25462,33.38121],[130.25772,33.37878],[130.25781,33.37753],[130.25713,33.37689],[130.25756,33.37635],[130.25632,33.37471]]],[[[130.2558,33.3891],[130.25619,33.38795],[130.25738,33.38719],[130.25741,33.38561],[130.25911,33.38582],[130.26025,33.38527],[130.26329,33.38646],[130.2649,33.38627],[130.26608,33.38551],[130.26894,33.38626],[130.27079,33.38576],[130.27196,33.38678],[130.27372,33.38705],[130.27385,33.38859],[130.27429,33.38924],[130.27579,33.38966],[130.27652,33.39216],[130.27549,33.39804],[130.27703,33.39904],[130.27757,33.40012],[130.27635,33.40175],[130.27396,33.40243],[130.27296,33.40364],[130.26916,33.40352],[130.26751,33.40221],[130.26729,33.40127],[130.26426,33.40094],[130.26351,33.40025],[130.26363,33.3989],[130.26286,33.39643],[130.26126,33.39644],[130.25825,33.3924],[130.25707,33.39215],[130.2558,33.3891]]],[[[130.2615,33.37526],[130.26165,33.37308],[130.26483,33.37033],[130.26485,33.36828],[130.26564,33.36726],[130.26513,33.36656],[130.27064,33.36396],[130.27096,33.36707],[130.27059,33.36913],[130.27151,33.36983],[130.27064,33.36993],[130.26964,33.37097],[130.27101,33.3723],[130.2708,33.37365],[130.27117,33.37386],[130.27103,33.37524],[130.27034,33.37564],[130.26923,33.37934],[130.26747,33.37875],[130.26683,33.37919],[130.26509,33.37803],[130.26381,33.37547],[130.2615,33.37526]]],[[[130.27151,33.36983],[130.27059,33.36913],[130.27096,33.36707],[130.27064,33.36396],[130.271,33.36337],[130.27402,33.36291],[130.2742,33.36237],[130.27511,33.36211],[130.27688,33.36324],[130.27901,33.36292],[130.27888,33.36396],[130.28138,33.36403],[130.2809,33.36709],[130.28154,33.36789],[130.28144,33.36911],[130.28239,33.37197],[130.28183,33.37538],[130.2822,33.37967],[130.28045,33.38071],[130.27945,33.37971],[130.27903,33.37673],[130.27722,33.37471],[130.27683,33.37223],[130.27526,33.372],[130.27151,33.36983]]],[[[130.2822,33.37967],[130.28183,33.37538],[130.28239,33.37197],[130.28144,33.36911],[130.28154,33.36789],[130.2809,33.36709],[130.28144,33.36418],[130.28036,33.36375],[130.27888,33.36396],[130.27901,33.36292],[130.27672,33.36309],[130.27861,33.36238],[130.27921,33.36108],[130.28099,33.36035],[130.28224,33.3617],[130.28195,33.36256],[130.28268,33.36338],[130.2822,33.3639],[130.28223,33.36593],[130.28345,33.36916],[130.28311,33.37036],[130.28435,33.37116],[130.28365,33.37228],[130.28513,33.37265],[130.28451,33.37365],[130.28578,33.37441],[130.28669,33.37584],[130.28612,33.37746],[130.28662,33.37881],[130.28628,33.3795],[130.28484,33.37943],[130.28359,33.38013],[130.2822,33.37967]]]]}},{"type":"Feature","properties":{"vid":"K64G01S00054","name":"関屋村","reading":"せきや","gun":"佐賀郡","domains":["saga"],"isShared":false,"shared":[]},"geometry":{"type":"MultiPolygon","coordinates":[[[[130.25274,33.43275],[130.25096,33.43315],[130.24804,33.43255],[130.24716,33.43282],[130.24609,33.43401],[130.2445,33.4344],[130.24267,33.43363],[130.2301,33.43345],[130.22758,33.43236],[130.22639,33.42921],[130.22421,33.42799],[130.22624,33.42724],[130.22823,33.42554],[130.23284,33.42513],[130.23768,33.42277],[130.24021,33.42023],[130.24088,33.41815],[130.24678,33.41395],[130.24617,33.41531],[130.24675,33.42086],[130.2478,33.42291],[130.2518,33.42623],[130.25287,33.43016],[130.25274,33.43275]]],[[[130.24678,33.41395],[130.24088,33.41815],[130.23945,33.41738],[130.23769,33.41783],[130.23665,33.41863],[130.2353,33.41836],[130.2328,33.41914],[130.23033,33.4183],[130.22853,33.41919],[130.22791,33.41867],[130.2285,33.41598],[130.22675,33.41411],[130.22863,33.41227],[130.23039,33.40848],[130.23135,33.40886],[130.23304,33.40843],[130.23504,33.40661],[130.2364,33.40432],[130.23718,33.4008],[130.23811,33.40007],[130.23904,33.40041],[130.24035,33.40234],[130.2417,33.40321],[130.24707,33.40487],[130.25012,33.40529],[130.25037,33.40625],[130.24986,33.4071],[130.24961,33.41022],[130.24884,33.41178],[130.24656,33.41321],[130.24678,33.41395]]],[[[130.24088,33.41815],[130.24021,33.42023],[130.23768,33.42277],[130.23284,33.42513],[130.22823,33.42554],[130.22624,33.42724],[130.22421,33.42799],[130.22366,33.42652],[130.22149,33.4237],[130.2214,33.42177],[130.22024,33.42137],[130.21881,33.41992],[130.21625,33.41388],[130.21492,33.41217],[130.21495,33.41005],[130.21398,33.4059],[130.21548,33.40483],[130.21835,33.40466],[130.2201,33.40406],[130.22355,33.40755],[130.22426,33.4076],[130.22476,33.40601],[130.22563,33.40503],[130.22985,33.40781],[130.23039,33.40848],[130.22863,33.41227],[130.22679,33.41369],[130.2285,33.41598],[130.22815,33.41911],[130.23033,33.4183],[130.2328,33.41914],[130.2353,33.41836],[130.23665,33.41863],[130.23769,33.41783],[130.23945,33.41738],[130.24088,33.41815]]],[[[130.23859,33.40008],[130.2374,33.40033],[130.2364,33.40432],[130.23504,33.40661],[130.23304,33.40843],[130.23094,33.40874],[130.22563,33.40503],[130.22476,33.40601],[130.22426,33.4076],[130.22355,33.40755],[130.2201,33.40406],[130.22379,33.3999],[130.22445,33.39819],[130.22304,33.39676],[130.2203,33.39587],[130.21967,33.39523],[130.21969,33.39407],[130.21864,33.39271],[130.21927,33.38999],[130.22298,33.38828],[130.22462,33.38801],[130.22831,33.39008],[130.23198,33.39291],[130.23435,33.39155],[130.23542,33.38987],[130.23667,33.38948],[130.2384,33.38778],[130.23881,33.39081],[130.24002,33.39359],[130.23989,33.39817],[130.23859,33.40008]]]]}},{"type":"Feature","properties":{"vid":"K64G01S00055","name":"福富村","reading":"ふくどみ","gun":"佐賀郡","domains":["saga"],"isShared":false,"shared":[]},"geometry":{"type":"MultiPolygon","coordinates":[[[[130.33204,33.23101],[130.33189,33.23188],[130.33141,33.2319],[130.33093,33.23175],[130.33056,33.23064],[130.3245,33.23035],[130.32395,33.22365],[130.33257,33.22396],[130.33191,33.22589],[130.33233,33.22611],[130.33204,33.23101]]],[[[130.33328,33.21829],[130.33257,33.22396],[130.32395,33.22365],[130.32393,33.22275],[130.32247,33.2227],[130.32184,33.22092],[130.32061,33.21097],[130.3224,33.21094],[130.32293,33.21393],[130.33019,33.21418],[130.33,33.21804],[130.33328,33.21829]]],[[[130.33436,33.21218],[130.33328,33.21829],[130.33,33.21804],[130.33019,33.21418],[130.32293,33.21393],[130.3224,33.21094],[130.32823,33.21137],[130.32851,33.20945],[130.33061,33.20948],[130.33055,33.21051],[130.33441,33.21064],[130.33436,33.21218]]]]}},{"type":"Feature","properties":{"vid":"K64G01S00056","name":"小々森村","reading":"こごもり","gun":"佐賀郡","domains":["saga"],"isShared":false,"shared":[]},"geometry":{"type":"MultiPolygon","coordinates":[[[[130.31375,33.20163],[130.32232,33.2031],[130.32208,33.20445],[130.31863,33.20442],[130.31656,33.20494],[130.31616,33.20418],[130.31063,33.20457],[130.31059,33.20122],[130.31375,33.20163]]],[[[130.30332,33.20034],[130.31059,33.20122],[130.31063,33.20457],[130.3035,33.20477],[130.30332,33.20034]]],[[[130.30091,33.19703],[130.29983,33.19255],[130.29717,33.18529],[130.29612,33.18558],[130.29586,33.18489],[130.29691,33.18436],[130.29695,33.18387],[130.29977,33.18296],[130.30043,33.18451],[130.30401,33.18347],[130.30488,33.18804],[130.30892,33.1962],[130.30852,33.19766],[130.30091,33.19703]]],[[[130.29612,33.18558],[130.29717,33.18529],[130.30084,33.19616],[130.29902,33.196],[130.29916,33.19813],[130.29711,33.19805],[130.29646,33.19894],[130.29509,33.19883],[130.29603,33.19348],[130.29514,33.19364],[130.29605,33.19049],[130.29427,33.18612],[130.29612,33.18558]]],[[[130.29375,33.18034],[130.29612,33.18558],[130.29427,33.18612],[130.29605,33.19049],[130.29514,33.19364],[130.29603,33.19348],[130.29509,33.19856],[130.29554,33.19891],[130.29574,33.20062],[130.29487,33.20054],[130.29379,33.19877],[130.29443,33.19418],[130.29383,33.19087],[130.29045,33.18514],[130.29079,33.18492],[130.2905,33.18328],[130.29087,33.17635],[130.29138,33.17607],[130.29375,33.18034]]],[[[130.30091,33.19703],[130.30062,33.20014],[130.29551,33.19957],[130.29554,33.19891],[130.29646,33.19894],[130.29711,33.19805],[130.29916,33.19813],[130.29902,33.196],[130.30084,33.19616],[130.30091,33.19703]]],[[[130.30062,33.20014],[130.30332,33.20034],[130.3035,33.20477],[130.29876,33.20495],[130.29859,33.20376],[130.29791,33.20356],[130.29754,33.20411],[130.29609,33.20435],[130.29416,33.19974],[130.2947,33.19988],[130.29487,33.20054],[130.29574,33.20062],[130.29551,33.19957],[130.30062,33.20014]]],[[[130.28543,33.16076],[130.28932,33.16855],[130.29312,33.17259],[130.29565,33.17638],[130.29375,33.18034],[130.29138,33.17607],[130.29087,33.17635],[130.2905,33.18328],[130.29079,33.18492],[130.29045,33.18514],[130.28988,33.18337],[130.28646,33.18103],[130.28429,33.1789],[130.27836,33.16942],[130.27869,33.16885],[130.27728,33.1667],[130.27752,33.16503],[130.27832,33.16409],[130.28063,33.16333],[130.28078,33.16362],[130.28066,33.16332],[130.28573,33.1617],[130.28543,33.16076]]]]}},{"type":"Feature","properties":{"vid":"K64G01S00057","name":"犬井道村","reading":"いぬいどう","gun":"佐賀郡","domains":["saga"],"isShared":false,"shared":[]},"geometry":{"type":"MultiPolygon","coordinates":[[[[130.32255,33.18285],[130.32202,33.18286],[130.322,33.18371],[130.32134,33.18388],[130.32135,33.18447],[130.31891,33.18486],[130.31798,33.18412],[130.31959,33.18383],[130.31939,33.18336],[130.31963,33.18265],[130.3202,33.18261],[130.32012,33.18178],[130.32199,33.18189],[130.32255,33.18285]]],[[[130.3249,33.162],[130.32195,33.16446],[130.32093,33.16668],[130.32148,33.17178],[130.32265,33.17436],[130.32058,33.17541],[130.32027,33.17587],[130.32061,33.17736],[130.31862,33.17777],[130.31463,33.1798],[130.31389,33.17904],[130.31468,33.17807],[130.31439,33.17729],[130.31229,33.17789],[130.31209,33.1771],[130.30928,33.17865],[130.30706,33.17613],[130.30316,33.1675],[130.29678,33.15752],[130.30775,33.15323],[130.32329,33.15109],[130.32439,33.15637],[130.32866,33.16007],[130.3249,33.162]]],[[[130.32061,33.17736],[130.32105,33.18099],[130.32005,33.18094],[130.3202,33.18261],[130.31963,33.18265],[130.31959,33.18383],[130.31898,33.18382],[130.31888,33.18268],[130.31822,33.1826],[130.31812,33.18151],[130.31582,33.18196],[130.31565,33.17939],[130.31862,33.17777],[130.32061,33.17736]]],[[[130.31898,33.18382],[130.31901,33.18422],[130.31779,33.18417],[130.31736,33.18267],[130.31475,33.18279],[130.31467,33.18209],[130.31812,33.18151],[130.31822,33.1826],[130.31888,33.18268],[130.31898,33.18382]]],[[[130.31574,33.18273],[130.31736,33.18267],[130.31779,33.18417],[130.3164,33.1842],[130.31649,33.18486],[130.31525,33.18503],[130.31524,33.18347],[130.31582,33.18341],[130.31574,33.18273]]],[[[130.30928,33.17865],[130.31209,33.1771],[130.31229,33.17789],[130.31439,33.17729],[130.31468,33.17807],[130.31389,33.17904],[130.31463,33.1798],[130.31565,33.17939],[130.31606,33.18125],[130.31572,33.18131],[130.31582,33.18196],[130.31467,33.18209],[130.31475,33.18279],[130.31574,33.18273],[130.31582,33.18341],[130.31524,33.18347],[130.31525,33.18503],[130.31415,33.18514],[130.31395,33.18423],[130.31369,33.18457],[130.31176,33.18446],[130.31236,33.18552],[130.30954,33.18613],[130.30824,33.18256],[130.31065,33.1822],[130.30928,33.17865]]],[[[130.32022,33.18737],[130.32001,33.18766],[130.31996,33.1871],[130.3191,33.18713],[130.31891,33.18486],[130.31937,33.1846],[130.32012,33.18457],[130.32013,33.18588],[130.31984,33.18577],[130.32022,33.18737]]],[[[130.31798,33.18412],[130.31887,33.18448],[130.31889,33.1852],[130.31778,33.18527],[130.31785,33.186],[130.31698,33.18637],[130.31661,33.18572],[130.31557,33.18585],[130.31543,33.18501],[130.31649,33.18486],[130.3164,33.1842],[130.31798,33.18412]]],[[[130.31889,33.1852],[130.31929,33.18599],[130.31896,33.18607],[130.3191,33.18713],[130.31996,33.1871],[130.32001,33.18766],[130.31882,33.1879],[130.31864,33.18658],[130.31735,33.18656],[130.31778,33.18527],[130.31889,33.1852]]],[[[130.3183,33.18795],[130.31865,33.18867],[130.31697,33.18856],[130.31719,33.19075],[130.31553,33.19077],[130.31537,33.18975],[130.31309,33.19011],[130.31269,33.18895],[130.31209,33.18914],[130.31192,33.18862],[130.31186,33.18918],[130.31136,33.18917],[130.31121,33.18873],[130.31312,33.18812],[130.31331,33.18878],[130.31395,33.18827],[130.31406,33.18943],[130.31442,33.18938],[130.31427,33.18891],[130.31671,33.18867],[130.31639,33.18836],[130.31706,33.18782],[130.3183,33.18795]]],[[[130.31748,33.18656],[130.31864,33.18658],[130.3183,33.18795],[130.31706,33.18782],[130.31639,33.18836],[130.31671,33.18867],[130.31427,33.18891],[130.31442,33.18938],[130.31406,33.18943],[130.31417,33.18786],[130.31742,33.18733],[130.31748,33.18656]]],[[[130.31525,33.18503],[130.31557,33.18585],[130.31661,33.18572],[130.31673,33.18632],[130.31732,33.18635],[130.31742,33.18733],[130.31417,33.18786],[130.31417,33.1886],[130.31344,33.18834],[130.31331,33.18878],[130.31312,33.18812],[130.31099,33.18882],[130.31073,33.18816],[130.31165,33.18791],[130.31111,33.18578],[130.31236,33.18552],[130.31176,33.18446],[130.31369,33.18457],[130.31395,33.18423],[130.31415,33.18514],[130.31525,33.18503]]],[[[130.32702,33.18508],[130.32696,33.1868],[130.32436,33.1864],[130.32331,33.18669],[130.32292,33.18808],[130.32209,33.18811],[130.32242,33.18942],[130.32203,33.18905],[130.32165,33.18945],[130.32134,33.18797],[130.3224,33.1874],[130.32245,33.18534],[130.32209,33.18518],[130.32274,33.18521],[130.32229,33.18429],[130.32305,33.185],[130.32702,33.18508]]],[[[130.32165,33.18945],[130.32128,33.18888],[130.3206,33.18928],[130.31984,33.18887],[130.32022,33.18737],[130.32162,33.18748],[130.32165,33.18945]]],[[[130.32227,33.18642],[130.32207,33.18781],[130.32022,33.18737],[130.32065,33.18604],[130.32227,33.18642]]],[[[130.32227,33.18642],[130.32065,33.18604],[130.32069,33.18668],[130.32018,33.18684],[130.31984,33.18524],[130.32012,33.18457],[130.32135,33.18447],[130.32134,33.18388],[130.322,33.18371],[130.32202,33.18286],[130.32269,33.18285],[130.32229,33.18429],[130.32274,33.18521],[130.32209,33.18518],[130.32245,33.18534],[130.32227,33.18642]]],[[[130.32702,33.18508],[130.32305,33.185],[130.32244,33.18427],[130.32286,33.18332],[130.32254,33.18247],[130.32201,33.18246],[130.32191,33.18165],[130.32262,33.18131],[130.32259,33.17826],[130.32189,33.1775],[130.32363,33.17538],[130.32735,33.17782],[130.32702,33.18508]]],[[[130.32265,33.17436],[130.32363,33.17538],[130.32189,33.1775],[130.32259,33.17826],[130.32262,33.18131],[130.32194,33.18134],[130.32199,33.18189],[130.32012,33.18178],[130.32005,33.18094],[130.32105,33.18099],[130.32027,33.17587],[130.32265,33.17436]]],[[[130.32676,33.19172],[130.32565,33.19169],[130.32567,33.19065],[130.32167,33.19058],[130.32183,33.18908],[130.32242,33.18942],[130.32209,33.18811],[130.32292,33.18808],[130.32331,33.18669],[130.32436,33.1864],[130.32696,33.1868],[130.32676,33.19172]]]]}},{"type":"Feature","properties":{"vid":"K64G01S00058","name":"早津江村","reading":"はやつえ","gun":"佐賀郡","domains":["saga"],"isShared":false,"shared":[]},"geometry":{"type":"MultiPolygon","coordinates":[[[[130.33975,33.19652],[130.33756,33.19626],[130.33545,33.19707],[130.33369,33.19416],[130.33187,33.19371],[130.33168,33.19123],[130.33,33.18526],[130.33914,33.18333],[130.34067,33.18845],[130.33975,33.19652]]],[[[130.33441,33.21064],[130.33055,33.21051],[130.33061,33.20948],[130.32851,33.20945],[130.32876,33.203],[130.33284,33.20313],[130.33272,33.2051],[130.33517,33.20503],[130.33518,33.20583],[130.33312,33.20659],[130.33428,33.20847],[130.33441,33.21064]]],[[[130.33517,33.20503],[130.33272,33.2051],[130.33284,33.20313],[130.3304,33.20305],[130.33046,33.20268],[130.33134,33.20253],[130.33178,33.19677],[130.33501,33.19692],[130.33504,33.19641],[130.33545,33.19707],[130.33756,33.19626],[130.33975,33.19652],[130.33965,33.19751],[130.33734,33.19761],[130.33777,33.19932],[130.33678,33.19984],[130.33706,33.20055],[130.33639,33.20132],[130.33716,33.202],[130.33678,33.20271],[130.33648,33.20231],[130.33531,33.20233],[130.33517,33.20503]]],[[[130.3304,33.20305],[130.32876,33.203],[130.32874,33.20396],[130.32647,33.20365],[130.32676,33.19172],[130.33182,33.19188],[130.33187,33.19371],[130.33369,33.19416],[130.33504,33.19641],[130.33501,33.19692],[130.33178,33.19677],[130.33134,33.20253],[130.33046,33.20268],[130.3304,33.20305]]],[[[130.33182,33.19188],[130.32676,33.19172],[130.32735,33.17782],[130.33474,33.17998],[130.33914,33.18333],[130.33,33.18526],[130.33182,33.19188]]],[[[130.33975,33.21183],[130.3396,33.2128],[130.33436,33.21218],[130.33435,33.20876],[130.33358,33.20733],[130.33678,33.20759],[130.33685,33.20847],[130.33813,33.2086],[130.33825,33.20925],[130.33845,33.20868],[130.34013,33.20824],[130.33975,33.20775],[130.34051,33.20646],[130.34269,33.20828],[130.34157,33.20952],[130.3403,33.20904],[130.33975,33.21183]]]]}},{"type":"Feature","properties":{"vid":"K64G01S00059","name":"大詫間村","reading":"おおだくま","gun":"佐賀郡","domains":["saga"],"isShared":false,"shared":[]},"geometry":{"type":"MultiPolygon","coordinates":[[[[130.3443,33.17882],[130.35269,33.17837],[130.35312,33.18046],[130.34706,33.18196],[130.34706,33.1828],[130.34391,33.18291],[130.34225,33.18391],[130.3422,33.18355],[130.34303,33.1835],[130.3428,33.18162],[130.34391,33.18149],[130.344,33.18008],[130.34466,33.17998],[130.3443,33.17882]]],[[[130.3443,33.17882],[130.34466,33.17998],[130.344,33.18008],[130.34391,33.18149],[130.3428,33.18162],[130.34274,33.18367],[130.34257,33.18282],[130.34175,33.18263],[130.34164,33.18048],[130.34111,33.18028],[130.34169,33.18007],[130.34137,33.17882],[130.34213,33.17868],[130.34221,33.17903],[130.34372,33.1784],[130.3443,33.17882]]],[[[130.34137,33.17882],[130.34169,33.18007],[130.34111,33.18028],[130.34164,33.18048],[130.34198,33.18289],[130.34133,33.18347],[130.34124,33.18298],[130.34047,33.18305],[130.3399,33.18174],[130.3403,33.18154],[130.33935,33.18156],[130.34033,33.18143],[130.34071,33.18062],[130.33993,33.17953],[130.34092,33.17966],[130.34075,33.179],[130.33901,33.17917],[130.33866,33.17842],[130.33989,33.17818],[130.33966,33.17787],[130.33724,33.17782],[130.33711,33.1759],[130.33953,33.17616],[130.33915,33.17648],[130.33961,33.1766],[130.33985,33.17783],[130.34023,33.17835],[130.3412,33.17817],[130.34137,33.17882]]],[[[130.33914,33.18333],[130.33474,33.17998],[130.32653,33.17746],[130.32725,33.17385],[130.33399,33.17457],[130.33404,33.17642],[130.33739,33.17691],[130.33724,33.17782],[130.33966,33.17787],[130.33989,33.17818],[130.33866,33.17842],[130.33901,33.17917],[130.3404,33.17886],[130.34092,33.17966],[130.33993,33.17953],[130.34071,33.18062],[130.34033,33.18143],[130.33935,33.18156],[130.3403,33.18154],[130.3399,33.18174],[130.34047,33.18305],[130.34124,33.18298],[130.34133,33.18347],[130.34173,33.18342],[130.34164,33.18293],[130.34257,33.18282],[130.34225,33.18391],[130.34468,33.18271],[130.34524,33.18311],[130.34706,33.1828],[130.34695,33.18368],[130.34631,33.18387],[130.34435,33.18662],[130.34216,33.18844],[130.34067,33.18845],[130.34036,33.18803],[130.33914,33.18333]]],[[[130.3443,33.17882],[130.34372,33.1784],[130.34413,33.17831],[130.34425,33.17639],[130.34334,33.17494],[130.3427,33.17198],[130.34132,33.17186],[130.34109,33.17134],[130.32364,33.16949],[130.32148,33.17178],[130.32086,33.16739],[130.32195,33.16446],[130.3249,33.162],[130.32905,33.16425],[130.34206,33.16551],[130.34112,33.16705],[130.3426,33.16757],[130.34245,33.16863],[130.343,33.16869],[130.343,33.17005],[130.34363,33.16993],[130.34345,33.17126],[130.34549,33.17185],[130.34553,33.1722],[130.34478,33.1724],[130.34335,33.17202],[130.34336,33.17267],[130.34556,33.17304],[130.34581,33.17534],[130.34653,33.17555],[130.34587,33.17581],[130.34606,33.17871],[130.3443,33.17882]]],[[[130.34372,33.1784],[130.343,33.17854],[130.34284,33.17646],[130.34376,33.17596],[130.34425,33.17639],[130.34413,33.17831],[130.34372,33.1784]]],[[[130.343,33.17854],[130.34221,33.17903],[130.34213,33.17868],[130.34137,33.17882],[130.3412,33.17817],[130.34023,33.17835],[130.33974,33.17725],[130.34155,33.17687],[130.34182,33.17725],[130.34284,33.17646],[130.343,33.17854]]],[[[130.34132,33.17186],[130.3427,33.17198],[130.34376,33.17596],[130.34244,33.17646],[130.34242,33.17707],[130.34164,33.17727],[130.34155,33.17687],[130.34085,33.17729],[130.34,33.17695],[130.34075,33.17615],[130.34168,33.17681],[130.34122,33.17505],[130.342,33.17458],[130.34132,33.17186]]],[[[130.33974,33.17725],[130.33915,33.17648],[130.33953,33.17616],[130.33711,33.1759],[130.33699,33.17674],[130.33404,33.17642],[130.33399,33.17457],[130.32725,33.17385],[130.32653,33.17746],[130.32265,33.17436],[130.32148,33.17178],[130.32364,33.16949],[130.34109,33.17134],[130.34197,33.17374],[130.342,33.17458],[130.34122,33.17505],[130.34168,33.17681],[130.34075,33.17615],[130.33974,33.17725]]],[[[130.35269,33.17837],[130.34606,33.17871],[130.34587,33.17581],[130.34653,33.17555],[130.34581,33.17534],[130.34556,33.17304],[130.34336,33.17267],[130.34335,33.17202],[130.34478,33.1724],[130.34553,33.1722],[130.34549,33.17185],[130.34345,33.17126],[130.34363,33.16993],[130.343,33.17005],[130.343,33.16869],[130.34245,33.16863],[130.3426,33.16757],[130.34112,33.16705],[130.34206,33.16551],[130.32905,33.16425],[130.3249,33.162],[130.33093,33.1588],[130.3344,33.15568],[130.33531,33.15393],[130.33595,33.1492],[130.33548,33.14704],[130.33196,33.14318],[130.32954,33.14295],[130.34063,33.14147],[130.3451,33.14167],[130.35578,33.14036],[130.35593,33.15382],[130.35358,33.16179],[130.35212,33.16951],[130.35269,33.17837]]]]}},{"type":"Feature","properties":{"vid":"K64G01S00060","name":"西古賀村","reading":"にしこが","gun":"佐賀郡","domains":["saga"],"isShared":false,"shared":[]},"geometry":{"type":"MultiPolygon","coordinates":[[[[130.3224,33.21094],[130.32061,33.21097],[130.32047,33.20974],[130.31933,33.20955],[130.31435,33.2113],[130.30822,33.21231],[130.3082,33.21051],[130.31065,33.21051],[130.31063,33.20457],[130.31616,33.20418],[130.31656,33.20494],[130.3184,33.20446],[130.31879,33.20587],[130.32018,33.20712],[130.32268,33.20731],[130.32255,33.20928],[130.32603,33.20944],[130.32581,33.21108],[130.3224,33.21094]]],[[[130.32851,33.20945],[130.32823,33.21137],[130.32581,33.21108],[130.32603,33.20944],[130.32255,33.20928],[130.32268,33.20731],[130.32018,33.20712],[130.31879,33.20587],[130.3184,33.20446],[130.32206,33.2045],[130.32232,33.2031],[130.32874,33.20396],[130.32851,33.20945]]],[[[130.31063,33.20457],[130.31065,33.21051],[130.30204,33.21057],[130.30168,33.20901],[130.30068,33.21004],[130.30056,33.20918],[130.29933,33.20817],[130.29941,33.20676],[130.30075,33.20668],[130.30073,33.20487],[130.31063,33.20457]]],[[[130.29609,33.20435],[130.29848,33.20365],[130.29876,33.20495],[130.30073,33.20487],[130.30075,33.20668],[130.29941,33.20676],[130.29933,33.20817],[130.29805,33.20789],[130.2978,33.20651],[130.29664,33.20559],[130.29609,33.20435]]],[[[130.30822,33.21231],[130.30404,33.21292],[130.30147,33.21184],[130.30068,33.21004],[130.30168,33.20901],[130.30204,33.21057],[130.3082,33.21051],[130.30822,33.21231]]]]}},{"type":"Feature","properties":{"vid":"K64G01S00061","name":"早津江村","reading":"はやつえ","gun":"佐賀郡","domains":["saga"],"isShared":false,"shared":[]},"geometry":{"type":"Polygon","coordinates":[[[130.34051,33.20646],[130.33975,33.20775],[130.34013,33.20824],[130.33845,33.20868],[130.33825,33.20925],[130.33813,33.2086],[130.33685,33.20847],[130.33678,33.20759],[130.33358,33.20733],[130.33312,33.20659],[130.33518,33.20583],[130.33531,33.20233],[130.33648,33.20231],[130.33678,33.20271],[130.33716,33.202],[130.33639,33.20132],[130.33706,33.20055],[130.33678,33.19984],[130.33777,33.19932],[130.33734,33.19761],[130.33965,33.19751],[130.33947,33.20373],[130.34051,33.20646]]]}},{"type":"Feature","properties":{"vid":"K64G01S00062","name":"鹿江村","reading":"かのえ","gun":"佐賀郡","domains":["saga"],"isShared":false,"shared":[]},"geometry":{"type":"MultiPolygon","coordinates":[[[[130.31121,33.18873],[130.31136,33.18917],[130.31186,33.18918],[130.31192,33.18862],[130.31209,33.18914],[130.31269,33.18895],[130.31309,33.19011],[130.31168,33.19034],[130.31125,33.18987],[130.31138,33.19027],[130.30982,33.19052],[130.31003,33.19136],[130.30888,33.19159],[130.30902,33.19197],[130.30682,33.19236],[130.3054,33.18922],[130.31073,33.18816],[130.31121,33.18873]]],[[[130.32676,33.19172],[130.32666,33.19452],[130.32044,33.19439],[130.31996,33.19386],[130.31964,33.19427],[130.31506,33.19476],[130.31582,33.19822],[130.31438,33.19841],[130.31413,33.20167],[130.31375,33.20163],[130.31214,33.19735],[130.31344,33.19732],[130.31289,33.19522],[130.31499,33.19436],[130.31518,33.19299],[130.31431,33.19309],[130.31417,33.19268],[130.31464,33.19262],[130.31445,33.19171],[130.3152,33.19163],[130.31469,33.18987],[130.31537,33.18975],[130.31553,33.19077],[130.31719,33.19075],[130.31697,33.18856],[130.31865,33.18867],[130.31825,33.18754],[130.31882,33.1879],[130.32024,33.18764],[130.31984,33.18887],[130.3206,33.18928],[130.32128,33.18888],[130.32167,33.19058],[130.32567,33.19065],[130.32565,33.19169],[130.32676,33.19172]]],[[[130.31214,33.19735],[130.31375,33.20163],[130.30062,33.20014],[130.30091,33.19703],[130.30852,33.19766],[130.30887,33.19572],[130.30978,33.1954],[130.31093,33.19608],[130.31114,33.19738],[130.31214,33.19735]]],[[[130.31469,33.18987],[130.3152,33.19163],[130.31445,33.19171],[130.31464,33.19262],[130.31417,33.19268],[130.31431,33.19309],[130.31518,33.19299],[130.31499,33.19436],[130.31289,33.19522],[130.31344,33.19732],[130.31114,33.19738],[130.31093,33.19608],[130.30978,33.1954],[130.3088,33.19593],[130.30682,33.19236],[130.30902,33.19197],[130.30888,33.19159],[130.31003,33.19136],[130.30982,33.19052],[130.31138,33.19027],[130.31125,33.18987],[130.31168,33.19034],[130.31469,33.18987]]],[[[130.32646,33.20096],[130.32273,33.20091],[130.3224,33.20036],[130.32057,33.20054],[130.32064,33.19963],[130.32028,33.19963],[130.31993,33.19812],[130.31936,33.19808],[130.31931,33.19765],[130.31582,33.19822],[130.31506,33.19476],[130.31964,33.19427],[130.31996,33.19386],[130.32044,33.19439],[130.32666,33.19452],[130.32646,33.20096]]],[[[130.32646,33.20096],[130.32647,33.20365],[130.32036,33.20282],[130.32106,33.20155],[130.3205,33.20148],[130.32057,33.20054],[130.3224,33.20036],[130.32273,33.20091],[130.32646,33.20096]]],[[[130.31413,33.20167],[130.31438,33.19841],[130.31859,33.19807],[130.31854,33.1977],[130.31931,33.19765],[130.31936,33.19808],[130.31993,33.19812],[130.32028,33.19963],[130.32064,33.19963],[130.3205,33.20148],[130.32106,33.20155],[130.32036,33.20282],[130.31413,33.20167]]],[[[130.30824,33.18256],[130.30954,33.18613],[130.31111,33.18578],[130.31165,33.18791],[130.3054,33.18922],[130.30401,33.18347],[130.30043,33.18451],[130.29977,33.18296],[130.30824,33.18256]]],[[[130.29678,33.15752],[130.30316,33.1675],[130.30668,33.17546],[130.30949,33.17891],[130.31065,33.1822],[130.29928,33.18304],[130.29695,33.18387],[130.29691,33.18436],[130.29586,33.18489],[130.29375,33.18034],[130.29565,33.17638],[130.29312,33.17259],[130.28932,33.16855],[130.28617,33.16188],[130.29678,33.15752]]]]}},{"type":"Feature","properties":{"vid":"K64G01S00063","name":"下古賀村","reading":"しもこが","gun":"佐賀郡","domains":["saga"],"isShared":false,"shared":[]},"geometry":{"type":"MultiPolygon","coordinates":[[[[130.27858,33.16889],[130.27836,33.16942],[130.28472,33.17943],[130.28434,33.17975],[130.28531,33.18254],[130.27791,33.18625],[130.26991,33.17388],[130.27858,33.16889]]],[[[130.29801,33.22402],[130.29777,33.22113],[130.29888,33.22122],[130.29863,33.21911],[130.30081,33.2194],[130.30143,33.21904],[130.3014,33.21834],[130.30238,33.21831],[130.30133,33.21421],[130.30309,33.21371],[130.30796,33.21921],[130.30989,33.22436],[130.30479,33.22324],[130.30429,33.22183],[130.30223,33.22207],[130.30229,33.22325],[130.2992,33.22351],[130.29927,33.2243],[130.29801,33.22402]]],[[[130.29777,33.22113],[130.29671,33.22026],[130.29528,33.21986],[130.29476,33.22026],[130.29478,33.21936],[130.29405,33.21911],[130.2943,33.21815],[130.29574,33.21803],[130.29586,33.21738],[130.29529,33.21733],[130.29491,33.21592],[130.29825,33.21552],[130.29799,33.21459],[130.30133,33.21421],[130.30238,33.21831],[130.3014,33.21834],[130.30143,33.21904],[130.30081,33.2194],[130.29863,33.21911],[130.29888,33.22122],[130.29777,33.22113]]],[[[130.30147,33.21184],[130.30309,33.21371],[130.29799,33.21459],[130.29777,33.21373],[130.29432,33.21413],[130.29306,33.20964],[130.29845,33.20854],[130.30007,33.20873],[130.30147,33.21184]]],[[[130.29799,33.21459],[130.29825,33.21552],[130.2909,33.21642],[130.29077,33.2138],[130.28974,33.21018],[130.28817,33.21044],[130.28742,33.20873],[130.28748,33.20779],[130.28946,33.20741],[130.28904,33.20559],[130.29204,33.20508],[130.29432,33.21413],[130.29777,33.21373],[130.29799,33.21459]]],[[[130.29381,33.19824],[130.29644,33.20528],[130.2978,33.20651],[130.29793,33.20779],[130.29948,33.20822],[130.30007,33.20873],[130.2998,33.20897],[130.29845,33.20854],[130.29306,33.20964],[130.29204,33.20508],[130.29103,33.20374],[130.29128,33.20255],[130.2911,33.20178],[130.29063,33.20177],[130.29105,33.2014],[130.29073,33.19994],[130.29284,33.19956],[130.29255,33.19894],[130.29309,33.19893],[130.29323,33.19813],[130.29381,33.19824]]],[[[130.2919,33.20511],[130.28904,33.20559],[130.28806,33.20214],[130.28835,33.19982],[130.29073,33.19994],[130.29105,33.2014],[130.29063,33.20177],[130.2911,33.20178],[130.29128,33.20255],[130.29103,33.20374],[130.29136,33.2037],[130.2919,33.20511]]],[[[130.29123,33.18635],[130.29383,33.19087],[130.29443,33.19418],[130.29378,33.19353],[130.29378,33.19424],[130.29083,33.19417],[130.2912,33.19246],[130.29094,33.19113],[130.28938,33.18823],[130.29002,33.18695],[130.29123,33.18635]]],[[[130.29045,33.18514],[130.29123,33.18635],[130.29002,33.18695],[130.28938,33.18823],[130.29094,33.19113],[130.2912,33.19246],[130.29083,33.19417],[130.29378,33.19424],[130.29378,33.19353],[130.29443,33.19418],[130.29381,33.19824],[130.29323,33.19813],[130.29309,33.19893],[130.29255,33.19894],[130.29284,33.19956],[130.29132,33.19995],[130.28835,33.19982],[130.28834,33.199],[130.28735,33.19909],[130.28642,33.1916],[130.28835,33.19143],[130.28824,33.19101],[130.28687,33.18996],[130.28564,33.19053],[130.28193,33.19054],[130.28128,33.1909],[130.27791,33.18625],[130.28531,33.18254],[130.28434,33.17975],[130.28472,33.17943],[130.28988,33.18337],[130.29045,33.18514]]],[[[130.29405,33.21911],[130.29224,33.21893],[130.29247,33.21797],[130.29116,33.21784],[130.2909,33.21642],[130.29491,33.21592],[130.29529,33.21733],[130.29586,33.21738],[130.29574,33.21803],[130.2943,33.21815],[130.29405,33.21911]]]]}},{"type":"Feature","properties":{"vid":"K64G01S00064","name":"田中村","reading":"たなか","gun":"佐賀郡","domains":["saga"],"isShared":false,"shared":[]},"geometry":{"type":"MultiPolygon","coordinates":[[[[130.27791,33.18625],[130.28144,33.19119],[130.28105,33.1914],[130.2828,33.19937],[130.28162,33.19941],[130.28179,33.2002],[130.28095,33.20026],[130.28105,33.20125],[130.28041,33.20123],[130.28062,33.20271],[130.27767,33.20309],[130.27741,33.19955],[130.27645,33.1992],[130.27576,33.19955],[130.27635,33.19907],[130.27562,33.19613],[130.27463,33.19633],[130.27395,33.19392],[130.27073,33.19436],[130.26835,33.19114],[130.27791,33.18625]]],[[[130.27791,33.18625],[130.26835,33.19114],[130.26028,33.17982],[130.26991,33.17388],[130.27791,33.18625]]],[[[130.28128,33.1909],[130.28193,33.19054],[130.28564,33.19053],[130.28687,33.18996],[130.28824,33.19101],[130.28835,33.19143],[130.28642,33.1916],[130.28746,33.19987],[130.2862,33.19999],[130.28627,33.2009],[130.28587,33.20122],[130.28398,33.20126],[130.2838,33.20018],[130.28258,33.20028],[130.28244,33.19938],[130.2828,33.19937],[130.28105,33.1914],[130.28128,33.1909]]],[[[130.28398,33.20126],[130.28415,33.20219],[130.28502,33.20209],[130.28536,33.2041],[130.28451,33.20419],[130.285,33.20616],[130.2769,33.20718],[130.27625,33.20327],[130.28062,33.20271],[130.28041,33.20123],[130.28105,33.20125],[130.28095,33.20026],[130.28179,33.2002],[130.28162,33.19941],[130.28244,33.19938],[130.28258,33.20028],[130.2838,33.20018],[130.28398,33.20126]]],[[[130.29116,33.21784],[130.28673,33.21811],[130.28663,33.21274],[130.28555,33.21287],[130.2856,33.21183],[130.28837,33.21169],[130.28817,33.21044],[130.28974,33.21018],[130.29077,33.2138],[130.29116,33.21784]]],[[[130.28904,33.20559],[130.28946,33.20741],[130.28776,33.20763],[130.28741,33.20832],[130.28837,33.21169],[130.2856,33.21183],[130.28564,33.21106],[130.28478,33.21098],[130.28537,33.20739],[130.28479,33.20765],[130.28461,33.2071],[130.28519,33.20702],[130.28451,33.20419],[130.28536,33.2041],[130.28502,33.20209],[130.28415,33.20219],[130.28398,33.20126],[130.28587,33.20122],[130.28627,33.2009],[130.2862,33.19999],[130.28746,33.19987],[130.28735,33.19909],[130.28834,33.199],[130.28806,33.20214],[130.28904,33.20559]]]]}},{"type":"Feature","properties":{"vid":"K64G01S00065","name":"飯盛村","reading":"いさがい","gun":"佐賀郡","domains":["saga"],"isShared":false,"shared":[]},"geometry":{"type":"MultiPolygon","coordinates":[[[[130.26835,33.19114],[130.26301,33.19803],[130.25533,33.18599],[130.26028,33.17982],[130.26835,33.19114]]],[[[130.27799,33.21818],[130.27778,33.21705],[130.27717,33.21714],[130.27704,33.21639],[130.2794,33.2161],[130.27912,33.21457],[130.27828,33.21359],[130.28239,33.21313],[130.28342,33.21534],[130.28586,33.21536],[130.28577,33.21447],[130.28673,33.21437],[130.28669,33.21802],[130.28752,33.22063],[130.28519,33.22059],[130.2848,33.22149],[130.2828,33.22313],[130.28212,33.22248],[130.28118,33.21984],[130.28023,33.21996],[130.27854,33.21851],[130.27866,33.21793],[130.27799,33.21818]]],[[[130.27828,33.21359],[130.27594,33.2136],[130.27543,33.21333],[130.27473,33.21071],[130.27202,33.21084],[130.27181,33.20965],[130.2691,33.20949],[130.26894,33.20895],[130.27534,33.2081],[130.2752,33.20738],[130.285,33.20616],[130.28519,33.20702],[130.28461,33.2071],[130.28479,33.20765],[130.28537,33.20739],[130.28537,33.20899],[130.28478,33.21098],[130.28564,33.21106],[130.28555,33.21287],[130.28663,33.21274],[130.28673,33.21437],[130.28577,33.21447],[130.28586,33.21536],[130.28342,33.21534],[130.28239,33.21313],[130.27828,33.21359]]],[[[130.26834,33.20751],[130.2691,33.2068],[130.27018,33.20309],[130.26912,33.20325],[130.26904,33.20289],[130.2697,33.20279],[130.26811,33.1975],[130.26582,33.19439],[130.26835,33.19114],[130.27073,33.19436],[130.27395,33.19392],[130.27463,33.19633],[130.27562,33.19613],[130.27635,33.19907],[130.27576,33.19955],[130.27645,33.1992],[130.27741,33.19955],[130.27767,33.20309],[130.27625,33.20327],[130.2769,33.20718],[130.2752,33.20738],[130.27534,33.2081],[130.26894,33.20895],[130.26834,33.20751]]],[[[130.26834,33.20751],[130.26787,33.20636],[130.26705,33.20618],[130.26616,33.20667],[130.26387,33.20611],[130.26347,33.20557],[130.26302,33.2058],[130.26163,33.20395],[130.26245,33.20351],[130.25833,33.19806],[130.2591,33.19713],[130.25535,33.19728],[130.25563,33.19714],[130.25417,33.19441],[130.25141,33.19031],[130.25533,33.18599],[130.26301,33.19803],[130.26582,33.19439],[130.26811,33.1975],[130.2697,33.20279],[130.26904,33.20289],[130.26912,33.20325],[130.27018,33.20309],[130.2691,33.2068],[130.26834,33.20751]]]]}},{"type":"Feature","properties":{"vid":"K64G01S00066","name":"高太郎村","reading":"たかたろう","gun":"佐賀郡","domains":["saga"],"isShared":false,"shared":[]},"geometry":{"type":"Polygon","coordinates":[[[130.26562,33.2217],[130.26603,33.2228],[130.26693,33.22256],[130.2666,33.22061],[130.26753,33.2205],[130.26736,33.21896],[130.2723,33.21801],[130.27312,33.22092],[130.27716,33.22014],[130.27858,33.22515],[130.27848,33.2266],[130.279,33.22661],[130.27897,33.22858],[130.2739,33.22838],[130.26793,33.22977],[130.26668,33.22969],[130.26686,33.22914],[130.26534,33.22728],[130.2655,33.22394],[130.26472,33.22233],[130.26562,33.2217]]]}},{"type":"Feature","properties":{"vid":"K64G01S00067","name":"相応村","reading":"そうおう","gun":"佐賀郡","domains":["saga"],"isShared":false,"shared":[]},"geometry":{"type":"MultiPolygon","coordinates":[[[[130.26562,33.2217],[130.26557,33.22038],[130.26357,33.22055],[130.2636,33.22102],[130.26241,33.2207],[130.26299,33.22025],[130.26259,33.21906],[130.26344,33.21914],[130.26352,33.21975],[130.26695,33.21951],[130.26701,33.21984],[130.26648,33.21972],[130.26693,33.22256],[130.26603,33.2228],[130.26562,33.2217]]],[[[130.26985,33.21845],[130.26957,33.21754],[130.26915,33.21763],[130.26889,33.21669],[130.26947,33.21653],[130.26924,33.21557],[130.26813,33.21379],[130.26701,33.20904],[130.26656,33.20913],[130.26637,33.2084],[130.26834,33.20751],[130.2691,33.20949],[130.27181,33.20965],[130.27202,33.21084],[130.27473,33.21071],[130.27543,33.21333],[130.27819,33.21346],[130.27933,33.21512],[130.2794,33.2161],[130.27704,33.21639],[130.27717,33.21714],[130.27778,33.21705],[130.27779,33.21836],[130.27661,33.21797],[130.2767,33.21723],[130.27293,33.21791],[130.27318,33.21878],[130.27254,33.2189],[130.2723,33.21801],[130.26985,33.21845]]],[[[130.26562,33.2217],[130.26472,33.22233],[130.26417,33.22159],[130.26264,33.22113],[130.26052,33.22267],[130.26066,33.22382],[130.25998,33.22383],[130.25972,33.22257],[130.26,33.22101],[130.26054,33.22062],[130.25993,33.22015],[130.26016,33.21879],[130.25881,33.21757],[130.25791,33.21434],[130.25838,33.21095],[130.25591,33.21026],[130.2546,33.20833],[130.25645,33.20668],[130.26045,33.20514],[130.26248,33.20609],[130.26347,33.20557],[130.26452,33.20637],[130.26527,33.20615],[130.26616,33.20667],[130.26705,33.20618],[130.2682,33.20659],[130.26834,33.20751],[130.26637,33.2084],[130.26656,33.20913],[130.26701,33.20904],[130.26813,33.21379],[130.26924,33.21557],[130.26947,33.21653],[130.26889,33.21669],[130.26915,33.21763],[130.26957,33.21754],[130.26985,33.21845],[130.26736,33.21896],[130.26753,33.2205],[130.2666,33.22061],[130.26648,33.21972],[130.26701,33.21984],[130.26695,33.21951],[130.26352,33.21975],[130.26344,33.21914],[130.26259,33.21906],[130.26299,33.22025],[130.26241,33.2207],[130.2636,33.22102],[130.26357,33.22055],[130.26557,33.22038],[130.26562,33.2217]]]]}},{"type":"Feature","properties":{"vid":"K64G01S00068","name":"末次村","reading":"すえつぐ","gun":"佐賀郡","domains":["saga"],"isShared":false,"shared":[]},"geometry":{"type":"MultiPolygon","coordinates":[[[[130.30616,33.22838],[130.30204,33.22824],[130.30244,33.22473],[130.30185,33.22465],[130.30244,33.22386],[130.30223,33.22207],[130.30441,33.22185],[130.30479,33.22324],[130.30989,33.22436],[130.31068,33.22662],[130.3088,33.22655],[130.30874,33.22754],[130.30619,33.22742],[130.30616,33.22838]]],[[[130.29915,33.22992],[130.29922,33.229],[130.29771,33.2289],[130.29792,33.22598],[130.29838,33.22594],[130.29801,33.22402],[130.29927,33.2243],[130.2992,33.22351],[130.30229,33.22325],[130.30244,33.22386],[130.30185,33.22465],[130.30244,33.22473],[130.30204,33.22824],[130.30616,33.22838],[130.30609,33.22929],[130.30224,33.22921],[130.30193,33.23004],[130.29915,33.22992]]],[[[130.29917,33.23676],[130.29865,33.23581],[130.29874,33.23469],[130.29694,33.23495],[130.29686,33.23437],[130.29635,33.23426],[130.29662,33.23253],[130.2974,33.23257],[130.29705,33.23176],[130.29844,33.23183],[130.29907,33.23131],[130.29915,33.22992],[130.30193,33.23004],[130.30224,33.22921],[130.30451,33.22935],[130.30419,33.23126],[130.30601,33.23133],[130.30569,33.23286],[130.30471,33.23365],[130.30617,33.23371],[130.3061,33.2347],[130.30314,33.2346],[130.30289,33.23606],[130.29917,33.23676]]],[[[130.31121,33.22803],[130.31201,33.23057],[130.3108,33.23604],[130.30857,33.23599],[130.30802,33.23478],[130.3061,33.2347],[130.30617,33.23371],[130.30471,33.23365],[130.30569,33.23286],[130.30601,33.23133],[130.30419,33.23126],[130.30429,33.22967],[130.30462,33.22929],[130.30609,33.22929],[130.30619,33.22742],[130.30874,33.22754],[130.3088,33.22655],[130.31068,33.22662],[130.31121,33.22803]]]]}},{"type":"Feature","properties":{"vid":"K64G01S00069","name":"鹿子村","reading":"かのこ","gun":"佐賀郡","domains":["saga"],"isShared":false,"shared":[]},"geometry":{"type":"MultiPolygon","coordinates":[[[[130.29066,33.2231],[130.29066,33.2223],[130.28623,33.22237],[130.28628,33.22085],[130.28752,33.22063],[130.28673,33.21811],[130.29247,33.21797],[130.29224,33.21893],[130.29474,33.21932],[130.29481,33.22028],[130.29528,33.21986],[130.29611,33.22017],[130.29627,33.22229],[130.29529,33.22228],[130.2951,33.22296],[130.29066,33.2231]]],[[[130.27799,33.21818],[130.27866,33.21793],[130.27854,33.21851],[130.28023,33.21996],[130.28118,33.21984],[130.28212,33.22248],[130.2828,33.22313],[130.2832,33.22316],[130.28527,33.22058],[130.28628,33.22085],[130.28623,33.22237],[130.29066,33.2223],[130.29057,33.22792],[130.28642,33.22781],[130.28636,33.2287],[130.28414,33.22865],[130.28402,33.23068],[130.27896,33.2306],[130.279,33.22661],[130.27848,33.2266],[130.27858,33.22515],[130.27716,33.22014],[130.27312,33.22092],[130.27254,33.2189],[130.27318,33.21878],[130.27293,33.21791],[130.2767,33.21723],[130.27661,33.21797],[130.27799,33.21818]]],[[[130.29705,33.23176],[130.29498,33.23143],[130.29512,33.23079],[130.29309,33.23065],[130.29318,33.22995],[130.29054,33.22974],[130.29066,33.2231],[130.2951,33.22296],[130.29529,33.22228],[130.29627,33.22229],[130.29611,33.22017],[130.29777,33.22113],[130.29793,33.22505],[130.29838,33.22594],[130.29792,33.22598],[130.29771,33.2289],[130.29922,33.229],[130.29907,33.23131],[130.29844,33.23183],[130.29705,33.23176]]]]}},{"type":"Feature","properties":{"vid":"K64G01S00070","name":"厘外村","reading":"りんげ","gun":"佐賀郡","domains":["saga"],"isShared":false,"shared":[]},"geometry":{"type":"MultiPolygon","coordinates":[[[[130.26668,33.22969],[130.26793,33.22977],[130.2739,33.22838],[130.27897,33.22858],[130.27891,33.23466],[130.27979,33.23687],[130.27591,33.23654],[130.27508,33.23858],[130.27401,33.23865],[130.27438,33.23674],[130.27355,33.23537],[130.27213,33.23419],[130.27163,33.23455],[130.27037,33.23374],[130.26668,33.22969]]],[[[130.27734,33.23664],[130.27979,33.23687],[130.27891,33.23466],[130.27896,33.2306],[130.28119,33.23063],[130.28127,33.23242],[130.28185,33.23244],[130.28157,33.23383],[130.28273,33.23402],[130.28126,33.24287],[130.27883,33.23886],[130.27941,33.23875],[130.27872,33.2387],[130.27734,33.23664]]],[[[130.28185,33.23244],[130.28127,33.23242],[130.28119,33.23063],[130.28402,33.23068],[130.28414,33.22865],[130.28636,33.2287],[130.28642,33.22781],[130.29057,33.22792],[130.29054,33.22974],[130.29318,33.22995],[130.29309,33.23065],[130.29512,33.23079],[130.29498,33.23143],[130.29705,33.23176],[130.29748,33.23223],[130.29662,33.23253],[130.29642,33.23337],[130.29551,33.23336],[130.29532,33.23267],[130.29418,33.23257],[130.29413,33.23306],[130.2857,33.23275],[130.28496,33.23311],[130.285,33.2336],[130.28388,33.23355],[130.28393,33.23237],[130.28185,33.23244]]]]}},{"type":"Feature","properties":{"vid":"K64G01S00072","name":"厘外村","reading":"りんげ","gun":"佐賀郡","domains":["saga"],"isShared":false,"shared":[]},"geometry":{"type":"Polygon","coordinates":[[[130.281,33.24386],[130.28055,33.24429],[130.27499,33.24281],[130.27317,33.23811],[130.27364,33.23657],[130.27163,33.23455],[130.27213,33.23419],[130.27394,33.2359],[130.27438,33.23674],[130.27401,33.23865],[130.27508,33.23858],[130.27591,33.23654],[130.27734,33.23664],[130.27872,33.2387],[130.27941,33.23875],[130.27883,33.23886],[130.28126,33.24244],[130.281,33.24386]]]}},{"type":"Feature","properties":{"vid":"K64G01S00073","name":"八戸村","reading":"やえ","gun":"佐賀郡","domains":["saga"],"isShared":false,"shared":[]},"geometry":{"type":"MultiPolygon","coordinates":[[[[130.2629,33.25868],[130.2632,33.25369],[130.264,33.24997],[130.26871,33.25002],[130.26959,33.24958],[130.26763,33.25717],[130.2683,33.25919],[130.2629,33.25868]]],[[[130.27817,33.25033],[130.27796,33.25143],[130.27694,33.25129],[130.27685,33.2518],[130.27933,33.25534],[130.2771,33.25504],[130.27672,33.25534],[130.27701,33.25825],[130.27285,33.25787],[130.27333,33.2537],[130.26902,33.25254],[130.26931,33.2502],[130.27107,33.24711],[130.27188,33.2437],[130.27436,33.24115],[130.27483,33.24309],[130.28019,33.24448],[130.28115,33.24756],[130.27154,33.24523],[130.27127,33.24619],[130.27512,33.24694],[130.27504,33.24726],[130.2767,33.24724],[130.27715,33.24836],[130.2776,33.24777],[130.27912,33.24797],[130.27867,33.24817],[130.27817,33.25033]]],[[[130.27701,33.25825],[130.27728,33.25999],[130.27306,33.25949],[130.27296,33.26],[130.2683,33.25919],[130.26763,33.25717],[130.26803,33.25458],[130.26902,33.25254],[130.27333,33.2537],[130.27285,33.25787],[130.27701,33.25825]]]]}},{"type":"Feature","properties":{"vid":"K64G01S00074","name":"中原村","reading":"なかばる","gun":"佐賀郡","domains":["saga"],"isShared":false,"shared":[]},"geometry":{"type":"MultiPolygon","coordinates":[[[[130.264,33.24997],[130.26116,33.2498],[130.26138,33.24742],[130.25978,33.24715],[130.25972,33.24662],[130.25853,33.2465],[130.25864,33.24562],[130.25755,33.24547],[130.25766,33.24481],[130.25814,33.24488],[130.25769,33.24465],[130.25797,33.24346],[130.26019,33.24365],[130.26004,33.24452],[130.26127,33.2447],[130.26182,33.24231],[130.26713,33.24249],[130.26869,33.24284],[130.26853,33.24412],[130.27159,33.24455],[130.27107,33.24711],[130.27039,33.24774],[130.26993,33.24941],[130.26871,33.25002],[130.264,33.24997]]],[[[130.26675,33.23011],[130.27364,33.23657],[130.27317,33.23811],[130.27432,33.24135],[130.27214,33.24334],[130.27159,33.24455],[130.26853,33.24412],[130.26869,33.24284],[130.26511,33.24242],[130.26581,33.23395],[130.26461,33.23388],[130.26453,33.23476],[130.2632,33.2348],[130.26311,33.23399],[130.2624,33.23407],[130.26215,33.23017],[130.26675,33.23011]]],[[[130.26511,33.24242],[130.26182,33.24231],[130.26064,33.24215],[130.26068,33.24165],[130.25821,33.2415],[130.25856,33.23834],[130.25799,33.23629],[130.25937,33.23621],[130.25936,33.23583],[130.25864,33.23582],[130.25863,33.2302],[130.26215,33.23017],[130.26219,33.23346],[130.2624,33.23407],[130.26311,33.23399],[130.2632,33.2348],[130.26453,33.23476],[130.26461,33.23388],[130.26581,33.23395],[130.26511,33.24242]]],[[[130.26116,33.2498],[130.25937,33.24968],[130.25922,33.25095],[130.25544,33.25065],[130.25568,33.24818],[130.25482,33.2481],[130.25565,33.24268],[130.25475,33.24183],[130.25531,33.24101],[130.2533,33.24076],[130.25309,33.23921],[130.25243,33.23882],[130.25743,33.23923],[130.25707,33.24151],[130.26068,33.24165],[130.26064,33.24215],[130.26182,33.24231],[130.26127,33.2447],[130.26004,33.24452],[130.26019,33.24365],[130.25797,33.24346],[130.25769,33.24465],[130.25814,33.24488],[130.25766,33.24481],[130.25755,33.24547],[130.25864,33.24562],[130.25853,33.2465],[130.25972,33.24662],[130.25978,33.24715],[130.26138,33.24742],[130.26116,33.2498]]]]}},{"type":"Feature","properties":{"vid":"K64G01S00075","name":"十五村","reading":"じゅうご","gun":"佐賀郡","domains":["saga"],"isShared":false,"shared":[]},"geometry":{"type":"MultiPolygon","coordinates":[[[[130.25522,33.20776],[130.2546,33.20833],[130.25555,33.20996],[130.25838,33.21095],[130.25791,33.21434],[130.25881,33.21757],[130.26016,33.21879],[130.25993,33.22015],[130.26054,33.22062],[130.26,33.22101],[130.25972,33.22257],[130.25998,33.22383],[130.26066,33.22382],[130.26052,33.22267],[130.26264,33.22113],[130.26434,33.22173],[130.2655,33.22394],[130.26537,33.22744],[130.26686,33.22914],[130.26675,33.23011],[130.25764,33.23022],[130.25752,33.2296],[130.25619,33.22959],[130.25609,33.22712],[130.2546,33.22714],[130.25501,33.22674],[130.25491,33.22554],[130.25241,33.22241],[130.25188,33.22101],[130.25201,33.21754],[130.25162,33.21616],[130.24781,33.21091],[130.24806,33.20293],[130.25271,33.20282],[130.25345,33.2042],[130.25369,33.20627],[130.25522,33.20776]]],[[[130.26302,33.2058],[130.26248,33.20609],[130.26045,33.20514],[130.25891,33.20549],[130.25522,33.20776],[130.25369,33.20627],[130.25345,33.2042],[130.25271,33.20282],[130.25216,33.20274],[130.2539,33.20243],[130.25582,33.20077],[130.25664,33.19949],[130.25637,33.19898],[130.2567,33.19942],[130.25839,33.19784],[130.26245,33.20351],[130.26163,33.20395],[130.26302,33.2058]]],[[[130.25863,33.2302],[130.25864,33.23582],[130.25936,33.23583],[130.25937,33.23621],[130.25799,33.23629],[130.25856,33.23834],[130.25822,33.24143],[130.25707,33.24151],[130.25743,33.23923],[130.25243,33.23882],[130.25311,33.23929],[130.25213,33.23964],[130.24983,33.23783],[130.24843,33.23436],[130.25105,33.22819],[130.25223,33.22762],[130.25609,33.22712],[130.25619,33.22959],[130.25752,33.2296],[130.25764,33.23022],[130.25863,33.2302]]]]}},{"type":"Feature","properties":{"vid":"K64G01S00076","name":"荻野村","reading":"おぎの","gun":"佐賀郡","domains":["saga"],"isShared":false,"shared":[]},"geometry":{"type":"MultiPolygon","coordinates":[[[[130.24413,33.25865],[130.24447,33.25278],[130.25079,33.25336],[130.25091,33.25231],[130.25536,33.25264],[130.25456,33.26443],[130.25395,33.26438],[130.25386,33.26508],[130.25265,33.26483],[130.25277,33.26398],[130.25164,33.26398],[130.25156,33.26443],[130.24956,33.26398],[130.24952,33.26203],[130.2486,33.26198],[130.24866,33.26121],[130.24935,33.26124],[130.24942,33.26008],[130.24645,33.25988],[130.24629,33.26183],[130.24562,33.2618],[130.24553,33.26331],[130.24635,33.26361],[130.24627,33.26456],[130.24387,33.26436],[130.24413,33.25865]]],[[[130.25527,33.25823],[130.25544,33.25065],[130.25922,33.25095],[130.25937,33.24968],[130.264,33.24997],[130.2632,33.25369],[130.2629,33.25868],[130.25865,33.25798],[130.25527,33.25823]]],[[[130.25213,33.23964],[130.25311,33.23929],[130.2533,33.24076],[130.25531,33.24101],[130.25475,33.24183],[130.25565,33.24268],[130.25505,33.24573],[130.25334,33.24419],[130.25006,33.24405],[130.24956,33.24326],[130.2492,33.24206],[130.2522,33.24096],[130.25251,33.24027],[130.25213,33.23964]]],[[[130.2492,33.24206],[130.25006,33.24405],[130.25334,33.24419],[130.25332,33.24456],[130.25453,33.24524],[130.25508,33.2458],[130.25491,33.24724],[130.25056,33.24677],[130.24948,33.24704],[130.24923,33.24838],[130.2443,33.24862],[130.24312,33.24453],[130.24345,33.24285],[130.2492,33.24206]]],[[[130.25536,33.25264],[130.25091,33.25231],[130.25079,33.25336],[130.24447,33.25278],[130.2443,33.24862],[130.24923,33.24838],[130.24948,33.24704],[130.25056,33.24677],[130.25491,33.24724],[130.25482,33.2481],[130.25568,33.24818],[130.25536,33.25264]]]]}},{"type":"Feature","properties":{"vid":"K64G01S00078","name":"八戸溝村","reading":"やえみぞ","gun":"佐賀郡","domains":["saga"],"isShared":false,"shared":[]},"geometry":{"type":"MultiPolygon","coordinates":[[[[130.28122,33.27669],[130.27795,33.27588],[130.2785,33.27719],[130.27803,33.2772],[130.27754,33.2785],[130.2755,33.27661],[130.27173,33.27613],[130.27132,33.27656],[130.27142,33.27609],[130.27054,33.27596],[130.27066,33.27516],[130.26873,33.27495],[130.26887,33.27328],[130.26809,33.27315],[130.26936,33.26822],[130.27333,33.26867],[130.27311,33.26985],[130.2757,33.27026],[130.2754,33.27244],[130.28206,33.27295],[130.28122,33.27669]]],[[[130.27728,33.25999],[130.28199,33.26106],[130.28134,33.26476],[130.27467,33.26454],[130.27475,33.26409],[130.27313,33.26372],[130.27323,33.26297],[130.27236,33.26287],[130.2726,33.26152],[130.26933,33.26107],[130.26955,33.26037],[130.26849,33.26019],[130.26868,33.25922],[130.27296,33.26],[130.27306,33.25949],[130.27728,33.25999]]],[[[130.27948,33.26479],[130.27958,33.2671],[130.28129,33.26714],[130.28156,33.26758],[130.28236,33.27074],[130.28206,33.27295],[130.2754,33.27244],[130.2757,33.27026],[130.27311,33.26985],[130.27333,33.26867],[130.27156,33.26852],[130.27236,33.26287],[130.27323,33.26297],[130.27313,33.26372],[130.27475,33.26409],[130.27467,33.26454],[130.27948,33.26479]]],[[[130.25493,33.26042],[130.25515,33.25823],[130.25753,33.25799],[130.26868,33.25922],[130.26849,33.26019],[130.26955,33.26037],[130.26933,33.26107],[130.2726,33.26152],[130.27156,33.26852],[130.2626,33.2677],[130.26258,33.26724],[130.2582,33.2667],[130.25839,33.26474],[130.25624,33.26458],[130.25666,33.26053],[130.25493,33.26042]]]]}},{"type":"Feature","properties":{"vid":"K64G01S00079","name":"森田村","reading":"もりた","gun":"佐賀郡","domains":["saga"],"isShared":false,"shared":[]},"geometry":{"type":"MultiPolygon","coordinates":[[[[130.25456,33.26443],[130.25493,33.26042],[130.25666,33.26053],[130.25527,33.27033],[130.25456,33.2725],[130.25452,33.27326],[130.25501,33.27332],[130.25461,33.27539],[130.25162,33.27463],[130.2501,33.27572],[130.24626,33.27293],[130.24475,33.27069],[130.24629,33.27028],[130.24676,33.26956],[130.25138,33.27014],[130.25153,33.26922],[130.25397,33.2696],[130.25479,33.26581],[130.25433,33.26574],[130.25456,33.26443]]],[[[130.26936,33.26822],[130.26809,33.27315],[130.26357,33.27274],[130.26307,33.27596],[130.25842,33.27566],[130.25864,33.27466],[130.25693,33.2726],[130.25781,33.27104],[130.2572,33.27098],[130.25775,33.26788],[130.25737,33.26776],[130.2582,33.2667],[130.26258,33.26724],[130.2626,33.2677],[130.26936,33.26822]]],[[[130.25624,33.26458],[130.25839,33.26474],[130.25815,33.26692],[130.25736,33.2678],[130.25775,33.26788],[130.2572,33.27098],[130.25781,33.27104],[130.25776,33.2715],[130.25693,33.2726],[130.25865,33.27474],[130.25738,33.27981],[130.25689,33.28013],[130.25617,33.28007],[130.25476,33.27862],[130.2501,33.27572],[130.25162,33.27463],[130.25461,33.27539],[130.25501,33.27332],[130.25452,33.27326],[130.25456,33.2725],[130.25624,33.26458]]],[[[130.24387,33.26436],[130.24627,33.26456],[130.24635,33.26361],[130.24553,33.26331],[130.24562,33.2618],[130.24629,33.26183],[130.24645,33.25988],[130.24942,33.26008],[130.24935,33.26124],[130.24866,33.26121],[130.2486,33.26198],[130.24952,33.26203],[130.24956,33.26398],[130.25156,33.26443],[130.25164,33.26398],[130.25277,33.26398],[130.25265,33.26483],[130.25386,33.26508],[130.25395,33.26438],[130.25461,33.26448],[130.25433,33.26574],[130.25479,33.26581],[130.25397,33.2696],[130.25153,33.26922],[130.25138,33.27014],[130.24676,33.26956],[130.24629,33.27028],[130.24475,33.27069],[130.24377,33.26843],[130.24387,33.26436]]]]}},{"type":"Feature","properties":{"vid":"K64G01S00080","name":"蛎久村","reading":"かきひさ","gun":"佐賀郡","domains":["saga"],"isShared":false,"shared":[]},"geometry":{"type":"MultiPolygon","coordinates":[[[[130.28122,33.27669],[130.28066,33.27891],[130.28174,33.28441],[130.28136,33.28633],[130.27964,33.28606],[130.28023,33.28388],[130.27802,33.2834],[130.27903,33.27806],[130.27795,33.27588],[130.28122,33.27669]]],[[[130.27054,33.27596],[130.27142,33.27609],[130.27132,33.27656],[130.27173,33.27613],[130.27546,33.2766],[130.27571,33.27711],[130.27518,33.27986],[130.27534,33.28264],[130.27487,33.2837],[130.27552,33.28488],[130.27495,33.28662],[130.27568,33.28687],[130.27565,33.28764],[130.2747,33.28763],[130.27417,33.28886],[130.26942,33.28859],[130.26988,33.28416],[130.26867,33.28322],[130.27054,33.27596]]],[[[130.28157,33.28683],[130.28175,33.2878],[130.27998,33.29216],[130.27353,33.29168],[130.27368,33.29063],[130.27155,33.29041],[130.27177,33.28865],[130.27417,33.28886],[130.2747,33.28763],[130.27565,33.28764],[130.27568,33.28687],[130.27495,33.28662],[130.27552,33.28488],[130.27487,33.2837],[130.27534,33.28264],[130.27518,33.27986],[130.27571,33.27711],[130.27668,33.27737],[130.27663,33.27799],[130.27772,33.27852],[130.27803,33.2772],[130.27873,33.27751],[130.27903,33.27806],[130.27802,33.2834],[130.28023,33.28388],[130.27964,33.28606],[130.28136,33.28633],[130.28157,33.28683]]],[[[130.27998,33.29216],[130.2773,33.29505],[130.27685,33.29739],[130.27752,33.29844],[130.27568,33.29994],[130.27663,33.30029],[130.27667,33.30085],[130.27567,33.30168],[130.2741,33.30205],[130.27352,33.30329],[130.2729,33.30291],[130.27142,33.3015],[130.27051,33.29818],[130.26816,33.29593],[130.2675,33.29468],[130.26946,33.29344],[130.27057,33.29032],[130.27368,33.29063],[130.27353,33.29168],[130.27998,33.29216]]]]}},{"type":"Feature","properties":{"vid":"K64G01S00081","name":"鍋島村","reading":"なべしま","gun":"佐賀郡","domains":["saga"],"isShared":false,"shared":[]},"geometry":{"type":"MultiPolygon","coordinates":[[[[130.26809,33.27315],[130.26887,33.27328],[130.26873,33.27495],[130.27066,33.27516],[130.26972,33.28019],[130.26334,33.27972],[130.2634,33.2785],[130.26283,33.27848],[130.26306,33.27782],[130.26247,33.27695],[130.26068,33.27595],[130.26077,33.27557],[130.26307,33.27596],[130.26357,33.27274],[130.26809,33.27315]]],[[[130.26399,33.27977],[130.26972,33.28019],[130.26866,33.28344],[130.26988,33.28416],[130.26942,33.28859],[130.27177,33.28865],[130.27155,33.29041],[130.27057,33.29032],[130.26946,33.29344],[130.2675,33.29468],[130.26609,33.29318],[130.26392,33.29293],[130.26415,33.28979],[130.26379,33.28974],[130.26348,33.2874],[130.26384,33.28731],[130.2633,33.28713],[130.26356,33.28601],[130.26317,33.28553],[130.26399,33.27977]]],[[[130.25842,33.27566],[130.26068,33.27595],[130.26247,33.27695],[130.26306,33.27782],[130.26283,33.27848],[130.2634,33.2785],[130.26334,33.27972],[130.26399,33.27977],[130.26317,33.28553],[130.26356,33.28601],[130.2633,33.28713],[130.26384,33.28731],[130.26348,33.2874],[130.26379,33.28974],[130.26415,33.28979],[130.26392,33.29293],[130.26194,33.29269],[130.26054,33.29156],[130.2589,33.28776],[130.25953,33.28578],[130.25943,33.28372],[130.25617,33.28007],[130.25738,33.27981],[130.25842,33.27566]]]]}},{"type":"Feature","properties":{"vid":"K64G01S00082","name":"大財村","reading":"おおたから","gun":"佐賀郡","domains":["saga"],"isShared":false,"shared":[]},"geometry":{"type":"Polygon","coordinates":[[[130.30102,33.256],[130.30925,33.25758],[130.31306,33.2578],[130.31339,33.25847],[130.31296,33.26015],[130.31141,33.25909],[130.30796,33.26397],[130.30844,33.26454],[130.30775,33.26689],[130.30538,33.26576],[130.30201,33.26507],[130.30215,33.26403],[130.30352,33.26233],[130.30179,33.26205],[130.30217,33.26069],[130.3026,33.26074],[130.30306,33.25824],[130.30166,33.25801],[130.30172,33.25741],[130.30071,33.25725],[130.30102,33.256]]]}},{"type":"Feature","properties":{"vid":"K64G01S00083","name":"袋村","reading":"ふくろ","gun":"佐賀郡","domains":["saga"],"isShared":false,"shared":[]},"geometry":{"type":"Polygon","coordinates":[[[130.30981,33.2408],[130.30678,33.24037],[130.3067,33.24098],[130.30451,33.241],[130.30145,33.24047],[130.30104,33.24129],[130.30009,33.24115],[130.29989,33.24025],[130.29945,33.24124],[130.29865,33.24131],[130.29801,33.24121],[130.29807,33.24006],[130.29734,33.24008],[130.29838,33.23936],[130.29817,33.23893],[130.29917,33.23676],[130.30289,33.23606],[130.30314,33.2346],[130.30802,33.23478],[130.30857,33.23599],[130.3108,33.23604],[130.30981,33.2408]]]}},{"type":"Feature","properties":{"vid":"K64G01S00084","name":"久保田村","reading":"くぼた","gun":"佐賀郡","domains":["saga"],"isShared":false,"shared":[]},"geometry":{"type":"MultiPolygon","coordinates":[[[[130.22812,33.25211],[130.21968,33.25132],[130.21963,33.24971],[130.21844,33.24852],[130.21856,33.24651],[130.22463,33.24732],[130.22569,33.24828],[130.22893,33.2489],[130.22812,33.25211]]],[[[130.23043,33.23875],[130.22562,33.23827],[130.22551,33.23928],[130.22324,33.23911],[130.22169,33.23245],[130.22257,33.23251],[130.22284,33.23187],[130.22173,33.23124],[130.22147,33.22918],[130.23155,33.22952],[130.23043,33.23875]]],[[[130.23155,33.22952],[130.22845,33.22931],[130.22888,33.22531],[130.22803,33.22524],[130.22798,33.22304],[130.23231,33.2234],[130.23155,33.22952]]],[[[130.22309,33.25502],[130.22166,33.25447],[130.22188,33.25308],[130.2208,33.25292],[130.22082,33.25222],[130.21959,33.2519],[130.21968,33.25132],[130.23447,33.25283],[130.23599,33.25223],[130.23532,33.25323],[130.23477,33.25684],[130.22972,33.25646],[130.22974,33.2561],[130.22711,33.2557],[130.22731,33.25471],[130.22397,33.25428],[130.22382,33.25484],[130.22309,33.25502]]],[[[130.23029,33.23986],[130.22893,33.2489],[130.22569,33.24828],[130.22463,33.24732],[130.21856,33.24651],[130.22009,33.24371],[130.22314,33.24082],[130.22324,33.23911],[130.22551,33.23928],[130.22562,33.23827],[130.23043,33.23875],[130.23029,33.23986]]],[[[130.22845,33.22931],[130.22153,33.22914],[130.22298,33.22834],[130.22394,33.22686],[130.22519,33.22662],[130.22509,33.22501],[130.22617,33.22152],[130.22726,33.22054],[130.22746,33.21908],[130.2285,33.21777],[130.2288,33.21637],[130.2336,33.21627],[130.23353,33.22016],[130.23255,33.22039],[130.23231,33.2234],[130.22798,33.22304],[130.22803,33.22524],[130.22888,33.22531],[130.22845,33.22931]]]]}},{"type":"Feature","properties":{"vid":"K64G01S00085","name":"新田村","reading":"しんでん","gun":"佐賀郡","domains":["saga"],"isShared":false,"shared":[]},"geometry":{"type":"MultiPolygon","coordinates":[[[[130.24516,33.23025],[130.23681,33.22989],[130.23855,33.21998],[130.24061,33.21997],[130.24273,33.21919],[130.24274,33.21984],[130.24455,33.21996],[130.24455,33.22031],[130.246,33.22006],[130.24516,33.23025]]],[[[130.25095,33.22828],[130.24995,33.23044],[130.24516,33.23025],[130.24551,33.225],[130.24921,33.225],[130.24931,33.22457],[130.2505,33.22435],[130.25067,33.22554],[130.25016,33.22557],[130.25095,33.22828]]],[[[130.25376,33.22429],[130.25501,33.22578],[130.25482,33.227],[130.25095,33.22828],[130.25016,33.22557],[130.25067,33.22554],[130.2505,33.22435],[130.25376,33.22429]]],[[[130.25184,33.22086],[130.25376,33.22429],[130.24968,33.22447],[130.24921,33.225],[130.24551,33.225],[130.24586,33.22119],[130.25184,33.22086]]],[[[130.24903,33.23606],[130.24983,33.23783],[130.25213,33.23964],[130.25247,33.24042],[130.2516,33.24042],[130.25173,33.23962],[130.25037,33.23878],[130.24872,33.23683],[130.24922,33.23811],[130.24729,33.2383],[130.24279,33.24193],[130.24302,33.24136],[130.24211,33.24131],[130.24153,33.2407],[130.24204,33.24182],[130.24046,33.24113],[130.24023,33.2421],[130.23845,33.24194],[130.23844,33.24004],[130.2398,33.24048],[130.23961,33.23769],[130.24054,33.23774],[130.24064,33.23711],[130.23989,33.23697],[130.24061,33.23677],[130.24094,33.23579],[130.24903,33.23606]]],[[[130.24995,33.23044],[130.24843,33.23436],[130.24903,33.23606],[130.24094,33.23579],[130.24106,33.23483],[130.23816,33.23526],[130.2363,33.23426],[130.23681,33.22989],[130.24995,33.23044]]]]}},{"type":"Feature","properties":{"vid":"K64G01S00086","name":"久富村","reading":"ひさどみ","gun":"佐賀郡","domains":["saga"],"isShared":false,"shared":[]},"geometry":{"type":"MultiPolygon","coordinates":[[[[130.23653,33.23449],[130.23576,33.23486],[130.23096,33.23435],[130.23155,33.22952],[130.23681,33.22989],[130.23653,33.23449]]],[[[130.23681,33.22989],[130.23155,33.22952],[130.23255,33.22039],[130.23494,33.21986],[130.23855,33.21998],[130.23681,33.22989]]],[[[130.25195,33.2172],[130.25184,33.22086],[130.24901,33.22109],[130.24872,33.21991],[130.24948,33.21936],[130.24928,33.21725],[130.25195,33.2172]]],[[[130.25195,33.2172],[130.24928,33.21725],[130.24948,33.21936],[130.24872,33.21991],[130.24901,33.22109],[130.24586,33.22119],[130.246,33.22006],[130.24455,33.22031],[130.24455,33.21996],[130.24274,33.21984],[130.24273,33.21919],[130.24181,33.21922],[130.24188,33.21681],[130.24329,33.21663],[130.24329,33.21722],[130.24585,33.21725],[130.24596,33.21415],[130.24843,33.21429],[130.24962,33.21354],[130.25195,33.2172]]],[[[130.2304,33.25245],[130.22812,33.25211],[130.22958,33.24635],[130.22921,33.24566],[130.22969,33.24555],[130.23029,33.23986],[130.23419,33.24032],[130.23298,33.24616],[130.2342,33.24638],[130.23355,33.24992],[130.23108,33.2497],[130.2304,33.25245]]],[[[130.24802,33.20487],[130.24768,33.21042],[130.24962,33.21354],[130.24843,33.21429],[130.24596,33.21415],[130.24585,33.21725],[130.24329,33.21722],[130.24329,33.21663],[130.24188,33.21681],[130.24182,33.21913],[130.23969,33.21905],[130.24021,33.21412],[130.23738,33.2142],[130.23704,33.20764],[130.23781,33.20752],[130.23782,33.20665],[130.2403,33.20672],[130.24012,33.2057],[130.24241,33.20556],[130.24404,33.20472],[130.24802,33.20487]]],[[[130.23419,33.24032],[130.23029,33.23986],[130.23096,33.23435],[130.23576,33.23486],[130.23653,33.23449],[130.23816,33.23526],[130.2413,33.23501],[130.24061,33.23677],[130.23989,33.23697],[130.24064,33.23711],[130.24054,33.23774],[130.23961,33.23769],[130.2398,33.24048],[130.2388,33.24046],[130.23879,33.23988],[130.23551,33.23964],[130.23536,33.24047],[130.23419,33.24032]]],[[[130.23353,33.22016],[130.2336,33.21627],[130.2288,33.21637],[130.22986,33.21483],[130.2286,33.21418],[130.23004,33.21156],[130.22963,33.21099],[130.22836,33.21114],[130.22815,33.21042],[130.23164,33.20968],[130.23288,33.20985],[130.23312,33.20943],[130.23461,33.20926],[130.23507,33.20804],[130.23704,33.20764],[130.23738,33.2142],[130.24021,33.21412],[130.23969,33.21905],[130.24182,33.21913],[130.24178,33.21957],[130.24045,33.21998],[130.23353,33.22016]]],[[[130.24806,33.20293],[130.24802,33.20487],[130.24404,33.20472],[130.24241,33.20556],[130.24012,33.2057],[130.2403,33.20672],[130.23782,33.20665],[130.23781,33.20752],[130.23507,33.20804],[130.23461,33.20926],[130.23312,33.20943],[130.23252,33.20994],[130.23164,33.20968],[130.22815,33.21042],[130.22811,33.20715],[130.22933,33.20398],[130.23459,33.20419],[130.23495,33.19811],[130.23233,33.19795],[130.23333,33.19411],[130.24718,33.19186],[130.2475,33.19237],[130.24643,33.2029],[130.24806,33.20293]]]]}},{"type":"Feature","properties":{"vid":"K64G01S00087","name":"徳万村","reading":"とくまん","gun":"佐賀郡","domains":["saga"],"isShared":false,"shared":[]},"geometry":{"type":"MultiPolygon","coordinates":[[[[130.24413,33.24734],[130.24442,33.25154],[130.24355,33.25146],[130.24347,33.25226],[130.24233,33.25213],[130.24223,33.25285],[130.24128,33.25277],[130.24148,33.25155],[130.23963,33.25233],[130.23717,33.25198],[130.23747,33.24988],[130.24195,33.24698],[130.24413,33.24734]]],[[[130.24329,33.24493],[130.24413,33.24734],[130.24195,33.24698],[130.23747,33.24988],[130.23749,33.24819],[130.23894,33.24813],[130.23908,33.2471],[130.24008,33.24728],[130.24188,33.246],[130.24201,33.24482],[130.24329,33.24493]]],[[[130.23599,33.25223],[130.23447,33.25283],[130.2304,33.25245],[130.23108,33.2497],[130.23355,33.24992],[130.2342,33.24638],[130.23298,33.24616],[130.23334,33.24488],[130.23701,33.24531],[130.23683,33.24722],[130.23906,33.24745],[130.23894,33.24813],[130.23749,33.24819],[130.23717,33.25198],[130.23599,33.25223]]],[[[130.23908,33.2471],[130.23906,33.24745],[130.23683,33.24722],[130.23701,33.24531],[130.23334,33.24488],[130.23419,33.24032],[130.23536,33.24047],[130.23551,33.23964],[130.23879,33.23988],[130.23844,33.24004],[130.23845,33.24194],[130.2408,33.24244],[130.24067,33.24326],[130.23909,33.24347],[130.23942,33.2438],[130.23908,33.2471]]],[[[130.25247,33.24042],[130.25145,33.24145],[130.24824,33.24241],[130.24345,33.24285],[130.24329,33.24493],[130.24201,33.24482],[130.24188,33.246],[130.24008,33.24728],[130.23908,33.2471],[130.23942,33.2438],[130.23909,33.24347],[130.24067,33.24326],[130.2408,33.24244],[130.24019,33.24242],[130.24046,33.24113],[130.24168,33.24142],[130.24177,33.2419],[130.24199,33.24147],[130.24153,33.2407],[130.24195,33.24072],[130.24211,33.24131],[130.24302,33.24136],[130.24279,33.24193],[130.24729,33.2383],[130.24922,33.23811],[130.24872,33.23683],[130.25037,33.23878],[130.25173,33.23962],[130.2516,33.24042],[130.25247,33.24042]]]]}},{"type":"Feature","properties":{"vid":"K64G01S00088","name":"江上村","reading":"えがみ","gun":"佐賀郡","domains":["saga"],"isShared":false,"shared":[]},"geometry":{"type":"MultiPolygon","coordinates":[[[[130.32491,33.23616],[130.32552,33.23619],[130.32551,33.23668],[130.33035,33.23672],[130.33027,33.238],[130.33152,33.23799],[130.3312,33.24432],[130.32528,33.24433],[130.32519,33.24254],[130.32413,33.24244],[130.32398,33.24164],[130.32433,33.23614],[130.32491,33.23616]]],[[[130.32678,33.24819],[130.32511,33.24831],[130.32546,33.24762],[130.32387,33.2473],[130.32413,33.24244],[130.32519,33.24254],[130.32528,33.24433],[130.3312,33.24432],[130.33072,33.24804],[130.32678,33.24819]]]]}},{"type":"Feature","properties":{"vid":"K64G01S00089","name":"高尾村","reading":"たかお","gun":"佐賀郡","domains":["saga"],"isShared":false,"shared":[]},"geometry":{"type":"Polygon","coordinates":[[[130.32222,33.25884],[130.3218,33.2559],[130.32206,33.25448],[130.32456,33.25215],[130.32502,33.25298],[130.32964,33.2546],[130.32724,33.25955],[130.32222,33.25884]]]}},{"type":"Feature","properties":{"vid":"K64G01S00090","name":"池上村","reading":"いけのうえ","gun":"佐賀郡","domains":["ogi","saga"],"isShared":true,"shared":[]},"geometry":{"type":"MultiPolygon","coordinates":[[[[130.25554,33.29784],[130.25422,33.30323],[130.25164,33.30127],[130.25024,33.29914],[130.24681,33.2981],[130.24718,33.29673],[130.24667,33.29527],[130.24787,33.29203],[130.25081,33.29275],[130.25116,33.29439],[130.25234,33.29427],[130.25344,33.29284],[130.25509,33.29328],[130.25601,33.28938],[130.2581,33.28953],[130.25957,33.29321],[130.25948,33.29398],[130.25932,33.29445],[130.25744,33.29457],[130.25611,33.29539],[130.25554,33.29784]]],[[[130.25558,33.27929],[130.25928,33.28341],[130.25953,33.28578],[130.2581,33.28953],[130.25601,33.28938],[130.25509,33.29328],[130.25344,33.29284],[130.25234,33.29427],[130.25116,33.29439],[130.25077,33.29368],[130.25089,33.29148],[130.25007,33.29014],[130.25176,33.29043],[130.25232,33.28887],[130.25333,33.28903],[130.25368,33.28757],[130.25463,33.28688],[130.25484,33.28609],[130.25612,33.28631],[130.25635,33.28539],[130.25674,33.28546],[130.25688,33.28366],[130.25721,33.28375],[130.25509,33.28126],[130.25558,33.27929]]],[[[130.25558,33.27929],[130.25509,33.28126],[130.25721,33.28375],[130.25688,33.28366],[130.25674,33.28546],[130.25635,33.28539],[130.25612,33.28631],[130.25484,33.28609],[130.25463,33.28688],[130.25368,33.28757],[130.25333,33.28903],[130.25232,33.28887],[130.25176,33.29043],[130.25007,33.29014],[130.25089,33.29148],[130.25081,33.29275],[130.24787,33.29203],[130.24802,33.29139],[130.24725,33.29039],[130.24799,33.29052],[130.24879,33.28918],[130.24708,33.28889],[130.25039,33.27592],[130.25558,33.27929]]],[[[130.2501,33.27572],[130.25039,33.27592],[130.24715,33.28859],[130.24628,33.28852],[130.24635,33.28815],[130.24547,33.28817],[130.24495,33.28605],[130.24263,33.28135],[130.2447,33.27286],[130.24394,33.27059],[130.2445,33.27045],[130.24626,33.27293],[130.2501,33.27572]]]]}},{"type":"Feature","properties":{"vid":"K64G01S00091","name":"久留間村","reading":"くるま","gun":"佐賀郡","domains":["ogi","saga"],"isShared":true,"shared":[]},"geometry":{"type":"MultiPolygon","coordinates":[[[[130.2471,33.29431],[130.24667,33.29527],[130.24718,33.29673],[130.24685,33.29816],[130.24421,33.29689],[130.24363,33.29901],[130.24247,33.29892],[130.23793,33.29743],[130.23887,33.29457],[130.24152,33.29534],[130.24181,33.29456],[130.24348,33.29472],[130.24371,33.29375],[130.2471,33.29431]]],[[[130.23711,33.30376],[130.2366,33.30336],[130.23671,33.30399],[130.236,33.30405],[130.23602,33.3036],[130.23435,33.30351],[130.23347,33.30318],[130.23348,33.30276],[130.23542,33.30285],[130.2352,33.30222],[130.23401,33.30202],[130.23431,33.30131],[130.23675,33.30125],[130.23831,33.30204],[130.23798,33.30255],[130.23844,33.30263],[130.23805,33.30392],[130.23711,33.30376]]],[[[130.22918,33.3246],[130.22502,33.32467],[130.22416,33.32296],[130.22435,33.32177],[130.22382,33.32061],[130.22482,33.31868],[130.22484,33.31697],[130.22572,33.31496],[130.22675,33.31357],[130.22848,33.31255],[130.22856,33.31177],[130.22952,33.31156],[130.23011,33.31421],[130.2287,33.32259],[130.2293,33.32327],[130.22918,33.3246]]],[[[130.2293,33.32327],[130.2287,33.32259],[130.23011,33.31421],[130.22952,33.31156],[130.23245,33.30887],[130.23347,33.30318],[130.23602,33.3036],[130.236,33.30405],[130.23651,33.30414],[130.2366,33.30336],[130.23719,33.30347],[130.23607,33.3069],[130.23973,33.30749],[130.2393,33.30898],[130.24121,33.30971],[130.24205,33.30945],[130.24186,33.31039],[130.24226,33.31065],[130.24171,33.31095],[130.24263,33.31109],[130.24221,33.31196],[130.24363,33.3125],[130.24338,33.31316],[130.24264,33.31308],[130.24297,33.3125],[130.24247,33.31304],[130.24071,33.31186],[130.24021,33.31209],[130.23881,33.31151],[130.23858,33.31236],[130.23621,33.31257],[130.23556,33.31326],[130.23447,33.3134],[130.23339,33.31452],[130.23119,33.31484],[130.23011,33.32154],[130.2293,33.32327]]],[[[130.22918,33.3246],[130.23119,33.31484],[130.23339,33.31452],[130.23447,33.3134],[130.23556,33.31326],[130.23621,33.31257],[130.23858,33.31236],[130.23881,33.31151],[130.24021,33.31209],[130.24071,33.31186],[130.24247,33.31304],[130.24297,33.3125],[130.24264,33.31308],[130.24338,33.31316],[130.24057,33.31769],[130.24084,33.3184],[130.23747,33.32062],[130.23561,33.32063],[130.23434,33.3226],[130.23272,33.32213],[130.23253,33.32464],[130.22918,33.3246]]],[[[130.2471,33.29431],[130.24371,33.29375],[130.24348,33.29472],[130.24181,33.29456],[130.24152,33.29534],[130.23767,33.29421],[130.24017,33.28703],[130.2405,33.28325],[130.24262,33.28041],[130.24265,33.28142],[130.24495,33.28605],[130.24547,33.28817],[130.24879,33.28918],[130.24799,33.29052],[130.24725,33.29039],[130.24802,33.29153],[130.2471,33.29431]]],[[[130.23767,33.29421],[130.23887,33.29457],[130.23793,33.29743],[130.23904,33.29768],[130.23785,33.30172],[130.23553,33.30104],[130.23539,33.30149],[130.23431,33.30131],[130.23401,33.30202],[130.2352,33.30222],[130.23542,33.30285],[130.23348,33.30276],[130.23405,33.29886],[130.23148,33.29825],[130.23223,33.29815],[130.23259,33.29656],[130.23336,33.29669],[130.23355,33.29606],[130.23474,33.29626],[130.23506,33.2952],[130.23599,33.2954],[130.2364,33.29428],[130.23767,33.29421]]],[[[130.23711,33.30376],[130.23805,33.30392],[130.23844,33.30263],[130.23798,33.30255],[130.23831,33.30204],[130.23779,33.30194],[130.23901,33.29779],[130.24363,33.29901],[130.24246,33.30337],[130.24148,33.30334],[130.24084,33.30524],[130.2395,33.30555],[130.2389,33.30732],[130.23607,33.3069],[130.23711,33.30376]]],[[[130.24205,33.30945],[130.24121,33.30971],[130.2393,33.30898],[130.23973,33.30749],[130.2389,33.30732],[130.2395,33.30555],[130.24084,33.30524],[130.24148,33.30334],[130.24246,33.30337],[130.24421,33.29689],[130.24671,33.2982],[130.25024,33.29914],[130.24876,33.30581],[130.24758,33.30553],[130.24756,33.30624],[130.24712,33.3061],[130.24666,33.30705],[130.24483,33.30681],[130.2444,33.30764],[130.24503,33.30792],[130.2449,33.30944],[130.24205,33.30945]]]]}},{"type":"Feature","properties":{"vid":"K64G01S00092","name":"川上村","reading":"かわかみ","gun":"佐賀郡","domains":["ogi","saga"],"isShared":true,"shared":[]},"geometry":{"type":"MultiPolygon","coordinates":[[[[130.25344,33.3294],[130.25487,33.32617],[130.25641,33.32479],[130.25794,33.32219],[130.25891,33.32178],[130.2585,33.32236],[130.25891,33.32314],[130.25937,33.32252],[130.26089,33.32278],[130.26153,33.32402],[130.26125,33.32527],[130.26067,33.32542],[130.25943,33.32753],[130.25841,33.33111],[130.25591,33.33093],[130.25344,33.3294]]],[[[130.24338,33.31316],[130.24363,33.3125],[130.24221,33.31196],[130.24263,33.31109],[130.24171,33.31095],[130.24226,33.31065],[130.24186,33.31039],[130.24205,33.30945],[130.24351,33.3093],[130.24442,33.31002],[130.24669,33.31],[130.24899,33.30893],[130.25268,33.30969],[130.25571,33.30809],[130.25751,33.30917],[130.25764,33.30991],[130.25829,33.30995],[130.25814,33.31292],[130.25633,33.31357],[130.25417,33.31835],[130.2544,33.3195],[130.25335,33.32038],[130.25225,33.3224],[130.25026,33.32326],[130.24888,33.32661],[130.24816,33.32701],[130.24348,33.32525],[130.23554,33.3239],[130.23528,33.3247],[130.23253,33.32464],[130.23272,33.32213],[130.23434,33.3226],[130.23561,33.32063],[130.23747,33.32062],[130.24084,33.3184],[130.24057,33.31769],[130.24338,33.31316]]],[[[130.25802,33.31089],[130.25949,33.31105],[130.25983,33.30947],[130.26165,33.31175],[130.26123,33.31334],[130.26043,33.31377],[130.25903,33.31696],[130.25878,33.3186],[130.25941,33.31881],[130.25879,33.31893],[130.25819,33.32045],[130.25691,33.32031],[130.25676,33.32109],[130.25787,33.32253],[130.25641,33.32479],[130.25487,33.32617],[130.25344,33.3294],[130.25207,33.32904],[130.24816,33.32701],[130.24888,33.32661],[130.25026,33.32326],[130.25225,33.3224],[130.25335,33.32038],[130.2544,33.3195],[130.25417,33.31835],[130.25551,33.31493],[130.25633,33.31357],[130.2582,33.31281],[130.25802,33.31089]]],[[[130.25794,33.32219],[130.25676,33.32109],[130.25691,33.32031],[130.25819,33.32045],[130.25879,33.31893],[130.25941,33.31881],[130.25878,33.3186],[130.25903,33.31696],[130.26043,33.31377],[130.26123,33.31334],[130.26165,33.31175],[130.26423,33.31452],[130.26394,33.31529],[130.26441,33.31574],[130.26406,33.31609],[130.26676,33.31789],[130.26387,33.3172],[130.26325,33.3184],[130.2636,33.31995],[130.26303,33.31938],[130.26279,33.31974],[130.26233,33.3236],[130.26121,33.32368],[130.26089,33.32278],[130.25958,33.3225],[130.25891,33.32314],[130.2585,33.32236],[130.25891,33.32178],[130.25794,33.32219]]],[[[130.27149,33.31511],[130.26786,33.33007],[130.26662,33.33087],[130.26349,33.33168],[130.26183,33.33466],[130.26083,33.33426],[130.26001,33.33214],[130.25906,33.33116],[130.25841,33.33111],[130.2585,33.33038],[130.25943,33.32753],[130.26067,33.32542],[130.26122,33.32535],[130.26146,33.32364],[130.26233,33.3236],[130.26279,33.31974],[130.26303,33.31938],[130.2636,33.31995],[130.26344,33.31778],[130.26387,33.3172],[130.26676,33.31789],[130.26623,33.31579],[130.26713,33.31561],[130.26698,33.31507],[130.27149,33.31511]]],[[[130.25549,33.30821],[130.25268,33.30969],[130.24899,33.30893],[130.24681,33.30999],[130.24436,33.30975],[130.2449,33.30944],[130.24503,33.30792],[130.2444,33.30764],[130.24483,33.30681],[130.24666,33.30705],[130.24712,33.3061],[130.24756,33.30624],[130.24758,33.30553],[130.24876,33.30581],[130.25027,33.29918],[130.25164,33.30127],[130.25422,33.30323],[130.25363,33.30583],[130.25457,33.30702],[130.25416,33.3081],[130.25549,33.30821]]]]}},{"type":"Feature","properties":{"vid":"K64G01S00093","name":"東西村","reading":"とうさい","gun":"佐賀郡","domains":["hasuike"],"isShared":false,"shared":[]},"geometry":{"type":"MultiPolygon","coordinates":[[[[130.34226,33.25286],[130.33655,33.25126],[130.33703,33.25032],[130.33362,33.24913],[130.33387,33.24841],[130.33309,33.24835],[130.33352,33.2475],[130.34065,33.24726],[130.34515,33.24632],[130.34468,33.24992],[130.34363,33.2499],[130.34226,33.25286]]],[[[130.34468,33.24992],[130.34515,33.24632],[130.34683,33.24612],[130.34696,33.24405],[130.3498,33.24411],[130.34938,33.25009],[130.34468,33.24992]]]]}},{"type":"Feature","properties":{"vid":"K64G01S00094","name":"蓮池村","reading":"はすいけ","gun":"佐賀郡","domains":["hasuike"],"isShared":false,"shared":[]},"geometry":{"type":"MultiPolygon","coordinates":[[[[130.3601,33.25075],[130.35879,33.25132],[130.35834,33.25087],[130.35869,33.25041],[130.35261,33.25028],[130.35265,33.24889],[130.35374,33.24889],[130.35381,33.24809],[130.36024,33.24844],[130.36003,33.24952],[130.35936,33.24941],[130.35953,33.25047],[130.3601,33.25075]]],[[[130.36104,33.24244],[130.36132,33.24403],[130.36012,33.244],[130.36005,33.24513],[130.36203,33.24521],[130.362,33.24557],[130.36062,33.24695],[130.36024,33.24844],[130.35459,33.24814],[130.35473,33.24646],[130.35551,33.24648],[130.3555,33.24535],[130.3579,33.24522],[130.35729,33.24317],[130.35807,33.24315],[130.35808,33.24235],[130.36104,33.24244]]],[[[130.3555,33.24535],[130.35551,33.24648],[130.35473,33.24646],[130.35459,33.24814],[130.35269,33.24791],[130.35273,33.2455],[130.3555,33.24535]]],[[[130.34938,33.25009],[130.3498,33.24411],[130.35111,33.24416],[130.35112,33.24525],[130.35273,33.2455],[130.35269,33.24791],[130.35381,33.24809],[130.35374,33.24889],[130.35265,33.24889],[130.35261,33.25028],[130.34938,33.25009]]]]}},{"type":"Feature","properties":{"vid":"K64G01S00095","name":"東山田村","reading":"ひがしやまだ","gun":"佐賀郡","domains":["ogi"],"isShared":false,"shared":[]},"geometry":{"type":"MultiPolygon","coordinates":[[[[130.27252,33.31],[130.27159,33.31215],[130.27149,33.31511],[130.26698,33.31507],[130.26713,33.31561],[130.26623,33.31579],[130.26672,33.31757],[130.26557,33.31736],[130.26406,33.31609],[130.26441,33.31574],[130.26394,33.31529],[130.26423,33.31452],[130.26165,33.31175],[130.26193,33.31096],[130.26488,33.31043],[130.26568,33.30884],[130.26632,33.30879],[130.26624,33.30951],[130.26691,33.30975],[130.26701,33.30886],[130.26906,33.30917],[130.26898,33.3101],[130.26955,33.31016],[130.26965,33.30932],[130.27252,33.31]]],[[[130.26632,33.30879],[130.26543,33.30904],[130.26488,33.31043],[130.26193,33.31096],[130.26206,33.31016],[130.26153,33.31008],[130.26195,33.30775],[130.26313,33.3075],[130.26534,33.30794],[130.26539,33.30852],[130.26632,33.30879]]],[[[130.26313,33.30739],[130.26104,33.30712],[130.26116,33.30639],[130.25862,33.30605],[130.25895,33.30454],[130.25661,33.30414],[130.2568,33.3034],[130.25429,33.30294],[130.25554,33.29784],[130.26651,33.29923],[130.26501,33.30417],[130.26304,33.3038],[130.26269,33.30583],[130.2633,33.30591],[130.26313,33.30739]]],[[[130.27096,33.3002],[130.27344,33.30689],[130.27252,33.31],[130.26965,33.30932],[130.26955,33.31016],[130.26898,33.3101],[130.26906,33.30917],[130.26701,33.30886],[130.26691,33.30975],[130.26624,33.30951],[130.26652,33.30875],[130.26539,33.30852],[130.26534,33.30794],[130.26313,33.3075],[130.2633,33.30591],[130.26269,33.30583],[130.26304,33.3038],[130.26501,33.30417],[130.26651,33.29923],[130.27096,33.3002]]],[[[130.26392,33.29293],[130.26575,33.29304],[130.26683,33.29381],[130.26816,33.29593],[130.27051,33.29818],[130.27096,33.3002],[130.25554,33.29784],[130.25611,33.29539],[130.25744,33.29457],[130.25932,33.29445],[130.25948,33.29398],[130.25957,33.29321],[130.2581,33.28953],[130.25867,33.28787],[130.26085,33.29187],[130.26194,33.29269],[130.26392,33.29293]]],[[[130.25802,33.31089],[130.25829,33.30995],[130.25764,33.30991],[130.25751,33.30917],[130.25571,33.30809],[130.25416,33.3081],[130.25457,33.30702],[130.25363,33.30583],[130.25429,33.30294],[130.2568,33.3034],[130.25661,33.30414],[130.25895,33.30454],[130.25862,33.30605],[130.26116,33.30639],[130.26104,33.30712],[130.26315,33.30739],[130.26309,33.30773],[130.26195,33.30775],[130.26165,33.31175],[130.25983,33.30947],[130.25949,33.31105],[130.25802,33.31089]]]]}},{"type":"Feature","properties":{"vid":"K64G01S10001","name":"佐賀城下","reading":null,"gun":"佐賀郡","domains":["saga"],"isShared":false,"shared":[]},"geometry":{"type":"Polygon","coordinates":[[[130.30406,33.25121],[130.2976,33.25051],[130.29739,33.25163],[130.29588,33.2515],[130.29602,33.25029],[130.29535,33.25023],[130.29569,33.2478],[130.293,33.24741],[130.29433,33.24067],[130.29565,33.24089],[130.29583,33.2403],[130.29662,33.24002],[130.29807,33.24006],[130.29828,33.24127],[130.29945,33.24124],[130.29989,33.24025],[130.30006,33.24112],[130.30059,33.24125],[130.30104,33.24129],[130.30145,33.24047],[130.30586,33.24096],[130.30525,33.24341],[130.30602,33.24357],[130.30466,33.24701],[130.30406,33.25121]]]}},{"type":"Feature","properties":{"vid":"K64G02S00001","name":"迎島村","reading":"むかいしま","gun":"神埼郡","domains":["saga"],"isShared":false,"shared":[]},"geometry":{"type":"MultiPolygon","coordinates":[[[[130.41806,33.26457],[130.41587,33.26426],[130.41608,33.26275],[130.41502,33.26335],[130.41355,33.26259],[130.40767,33.26446],[130.40633,33.26233],[130.4053,33.26228],[130.40517,33.26123],[130.40461,33.26148],[130.40453,33.26237],[130.40389,33.26253],[130.40367,33.26147],[130.40758,33.26013],[130.40777,33.25956],[130.4057,33.25942],[130.40577,33.25844],[130.40702,33.25852],[130.40711,33.2574],[130.40979,33.25759],[130.41049,33.25581],[130.41276,33.25595],[130.41286,33.255],[130.41386,33.25507],[130.41611,33.25421],[130.41951,33.2616],[130.4183,33.26315],[130.41806,33.26457]]],[[[130.41611,33.25421],[130.41386,33.25507],[130.41286,33.255],[130.41276,33.25595],[130.41049,33.25581],[130.40979,33.25759],[130.40711,33.2574],[130.40702,33.25852],[130.40577,33.25844],[130.4057,33.25942],[130.40406,33.2593],[130.40356,33.26026],[130.40231,33.2602],[130.40089,33.26124],[130.39945,33.2596],[130.40077,33.2581],[130.40153,33.25816],[130.40161,33.25712],[130.40257,33.25721],[130.4027,33.25533],[130.4039,33.25539],[130.4041,33.25342],[130.40536,33.25351],[130.40548,33.25259],[130.40678,33.25266],[130.40754,33.2492],[130.41048,33.24981],[130.41281,33.25094],[130.41611,33.25421]]],[[[130.40754,33.2492],[130.40678,33.25266],[130.40548,33.25259],[130.40536,33.25351],[130.4041,33.25342],[130.4039,33.25539],[130.4027,33.25533],[130.40257,33.25721],[130.40161,33.25712],[130.40153,33.25816],[130.40077,33.2581],[130.40144,33.25566],[130.40102,33.25295],[130.40208,33.24866],[130.40754,33.2492]]],[[[130.39756,33.26293],[130.39817,33.26251],[130.39937,33.2627],[130.39898,33.26201],[130.40031,33.26127],[130.40031,33.26081],[130.40071,33.26129],[130.40231,33.2602],[130.40356,33.26026],[130.40406,33.2593],[130.40777,33.25956],[130.40735,33.26026],[130.40367,33.26147],[130.40389,33.26253],[130.40453,33.26237],[130.40461,33.26148],[130.40517,33.26123],[130.4053,33.26228],[130.40633,33.26233],[130.40767,33.26446],[130.40298,33.2657],[130.40288,33.26702],[130.40149,33.26698],[130.40184,33.26573],[130.39876,33.26425],[130.39756,33.26293]]],[[[130.39442,33.26066],[130.39768,33.26021],[130.39941,33.25945],[130.40031,33.26127],[130.39898,33.26201],[130.39937,33.2627],[130.39817,33.26251],[130.39806,33.26183],[130.39733,33.26141],[130.39551,33.26196],[130.39442,33.26066]]]]}},{"type":"Feature","properties":{"vid":"K64G02S00002","name":"柳島村","reading":"やなぎしま","gun":"神埼郡","domains":["saga"],"isShared":false,"shared":[]},"geometry":{"type":"MultiPolygon","coordinates":[[[[130.3986,33.27765],[130.3983,33.27653],[130.39886,33.27503],[130.39827,33.27382],[130.39831,33.2727],[130.40353,33.27329],[130.40331,33.2758],[130.40379,33.28052],[130.40309,33.28071],[130.40263,33.27987],[130.40306,33.27831],[130.39898,33.27806],[130.3986,33.27765]]],[[[130.39816,33.27926],[130.39812,33.27877],[130.39867,33.27857],[130.3986,33.27765],[130.39898,33.27806],[130.40306,33.27831],[130.40263,33.27987],[130.40306,33.28095],[130.40076,33.27966],[130.39948,33.27993],[130.39816,33.27926]]],[[[130.40678,33.28079],[130.40413,33.28115],[130.40331,33.2758],[130.40379,33.27212],[130.40114,33.27052],[130.40098,33.26892],[130.40187,33.26886],[130.40149,33.26698],[130.40312,33.26704],[130.40305,33.26795],[130.40399,33.26828],[130.40576,33.26838],[130.40584,33.26737],[130.40973,33.2676],[130.40966,33.2686],[130.41034,33.26862],[130.41032,33.26902],[130.40968,33.26894],[130.40992,33.27106],[130.40812,33.27105],[130.40712,33.27355],[130.40678,33.28079]]],[[[130.41032,33.26902],[130.41034,33.26862],[130.40966,33.2686],[130.40973,33.2676],[130.40584,33.26737],[130.40576,33.26838],[130.40305,33.26795],[130.40298,33.2657],[130.41355,33.26259],[130.41502,33.26335],[130.41608,33.26275],[130.41587,33.26426],[130.41806,33.26457],[130.41706,33.26638],[130.41746,33.26834],[130.41557,33.26837],[130.41396,33.26895],[130.4112,33.26823],[130.4111,33.26877],[130.41032,33.26902]]]]}},{"type":"Feature","properties":{"vid":"K64G02S00003","name":"渡瀬村","reading":"わたぜ","gun":"神埼郡","domains":["saga"],"isShared":false,"shared":[]},"geometry":{"type":"MultiPolygon","coordinates":[[[[130.39799,33.2698],[130.39852,33.27025],[130.40113,33.27044],[130.40379,33.27212],[130.40264,33.27237],[130.39755,33.27162],[130.39799,33.2698]]],[[[130.38447,33.26877],[130.38382,33.26869],[130.38437,33.26451],[130.38666,33.2647],[130.38677,33.26375],[130.38748,33.26382],[130.38786,33.26073],[130.38897,33.26098],[130.38932,33.26031],[130.38835,33.25983],[130.38893,33.25881],[130.3895,33.25843],[130.39361,33.261],[130.39327,33.26134],[130.39388,33.26181],[130.39379,33.26343],[130.39194,33.26341],[130.39197,33.26284],[130.39152,33.26276],[130.39021,33.26504],[130.38736,33.26476],[130.38754,33.2668],[130.38651,33.26671],[130.38664,33.26574],[130.38559,33.26565],[130.38524,33.26883],[130.38447,33.26877]]],[[[130.38976,33.26917],[130.38524,33.26883],[130.38559,33.26565],[130.38664,33.26574],[130.38651,33.26671],[130.38754,33.2668],[130.38736,33.26476],[130.39021,33.26504],[130.39152,33.26276],[130.39197,33.26284],[130.39194,33.26341],[130.39379,33.26343],[130.39388,33.26181],[130.39327,33.26134],[130.39361,33.261],[130.39225,33.26026],[130.39309,33.25995],[130.39367,33.26],[130.39551,33.26196],[130.39699,33.26141],[130.39806,33.26183],[130.39813,33.26257],[130.39654,33.26383],[130.3968,33.26567],[130.39536,33.26557],[130.39509,33.26649],[130.39664,33.26746],[130.39685,33.26832],[130.3957,33.26864],[130.39447,33.26786],[130.39362,33.26987],[130.38976,33.26917]]],[[[130.39625,33.26862],[130.39685,33.26832],[130.39687,33.26778],[130.39509,33.26649],[130.39536,33.26557],[130.3968,33.26567],[130.39654,33.26383],[130.39693,33.26322],[130.39756,33.26293],[130.39876,33.26425],[130.40102,33.26502],[130.40195,33.26591],[130.40149,33.26698],[130.40187,33.26886],[130.40098,33.26892],[130.40113,33.27044],[130.39852,33.27025],[130.39791,33.26968],[130.3961,33.26939],[130.39625,33.26862]]],[[[130.39288,33.27231],[130.39302,33.27108],[130.39154,33.2711],[130.39123,33.27064],[130.39362,33.26987],[130.39447,33.26786],[130.39625,33.26862],[130.3961,33.26939],[130.39791,33.26968],[130.39755,33.27162],[130.40362,33.27236],[130.40353,33.27329],[130.3969,33.27277],[130.39525,33.27216],[130.39288,33.27231]]],[[[130.39288,33.27231],[130.39525,33.27216],[130.3969,33.27277],[130.39831,33.2727],[130.39827,33.27382],[130.39886,33.27503],[130.39823,33.27733],[130.39625,33.27667],[130.39337,33.27688],[130.39288,33.27231]]]]}},{"type":"Feature","properties":{"vid":"K64G02S00004","name":"崎村","reading":"さき","gun":"神埼郡","domains":["saga","hasuike"],"isShared":true,"shared":[]},"geometry":{"type":"MultiPolygon","coordinates":[[[[130.37681,33.24942],[130.37534,33.24908],[130.37473,33.24731],[130.37371,33.24675],[130.37394,33.24436],[130.37523,33.24471],[130.37699,33.24392],[130.37869,33.24147],[130.38242,33.24123],[130.3852,33.24046],[130.39025,33.24521],[130.39108,33.24983],[130.38718,33.25093],[130.38721,33.25191],[130.3836,33.2516],[130.38314,33.25206],[130.38193,33.25155],[130.37934,33.25269],[130.37969,33.25202],[130.37922,33.25076],[130.37681,33.24942]]],[[[130.38463,33.25195],[130.38721,33.25191],[130.38718,33.25093],[130.39105,33.25004],[130.38885,33.25538],[130.3895,33.25843],[130.38835,33.25983],[130.38932,33.26031],[130.38897,33.26098],[130.38786,33.26073],[130.38748,33.26382],[130.38677,33.26375],[130.38666,33.2647],[130.38265,33.26436],[130.38281,33.26252],[130.38226,33.26095],[130.37862,33.26068],[130.37925,33.25497],[130.38183,33.25487],[130.38239,33.25527],[130.38471,33.25467],[130.38463,33.25195]]]]}},{"type":"Feature","properties":{"vid":"K64G02S00005","name":"箱川村","reading":"はこがわ","gun":"神埼郡","domains":["saga"],"isShared":false,"shared":[]},"geometry":{"type":"MultiPolygon","coordinates":[[[[130.3973,33.30818],[130.3975,33.30693],[130.39805,33.307],[130.39739,33.30607],[130.39792,33.30556],[130.39804,33.30415],[130.39845,33.30425],[130.39809,33.30398],[130.39841,33.3022],[130.40031,33.30228],[130.40525,33.30387],[130.40368,33.30938],[130.3973,33.30818]]],[[[130.39184,33.30112],[130.39328,33.29634],[130.40597,33.29835],[130.40666,33.29848],[130.40579,33.3029],[130.40665,33.3032],[130.40688,33.30394],[130.40525,33.30387],[130.40031,33.30228],[130.39184,33.30112]]],[[[130.40597,33.29835],[130.39953,33.29744],[130.40003,33.29315],[130.40118,33.28991],[130.4054,33.29031],[130.40569,33.29367],[130.40528,33.29527],[130.40631,33.29536],[130.40597,33.29835]]],[[[130.39328,33.29634],[130.39564,33.28768],[130.40052,33.28908],[130.40037,33.28973],[130.40118,33.28991],[130.40003,33.29315],[130.39953,33.29744],[130.39328,33.29634]]],[[[130.39718,33.28288],[130.40096,33.28374],[130.40085,33.28597],[130.40153,33.28609],[130.40126,33.28784],[130.4009,33.28782],[130.40052,33.28908],[130.39564,33.28768],[130.39718,33.28288]]]]}},{"type":"Feature","properties":{"vid":"K64G02S00006","name":"用作村","reading":"ようさく","gun":"神埼郡","domains":["saga"],"isShared":false,"shared":[]},"geometry":{"type":"MultiPolygon","coordinates":[[[[130.37003,33.2572],[130.3734,33.25725],[130.37413,33.25878],[130.37422,33.26099],[130.37691,33.26104],[130.37689,33.26301],[130.3753,33.26296],[130.37527,33.26353],[130.37321,33.26265],[130.36996,33.26249],[130.37003,33.2572]]],[[[130.37681,33.24942],[130.37922,33.25076],[130.37969,33.25202],[130.37934,33.25269],[130.38169,33.25157],[130.38314,33.25206],[130.3836,33.2516],[130.38463,33.25195],[130.38471,33.25467],[130.38239,33.25527],[130.38183,33.25487],[130.37764,33.25481],[130.37681,33.24942]]],[[[130.3734,33.25725],[130.37282,33.25385],[130.37378,33.25388],[130.37428,33.25166],[130.37655,33.25181],[130.37664,33.25108],[130.37708,33.25112],[130.37764,33.25481],[130.37925,33.25497],[130.37882,33.25906],[130.37706,33.25905],[130.37691,33.26104],[130.37422,33.26099],[130.37413,33.25878],[130.3734,33.25725]]],[[[130.37634,33.26677],[130.37679,33.26399],[130.37527,33.26353],[130.3753,33.26296],[130.37689,33.26301],[130.37706,33.25905],[130.37882,33.25906],[130.37862,33.26068],[130.38226,33.26095],[130.38281,33.26252],[130.38265,33.26436],[130.38437,33.26451],[130.38399,33.26728],[130.37998,33.26742],[130.37634,33.26677]]]]}},{"type":"Feature","properties":{"vid":"K64G02S00007","name":"丁大田村","reading":"ちょうおおた","gun":"神埼郡","domains":["saga"],"isShared":false,"shared":[]},"geometry":{"type":"Polygon","coordinates":[[[130.37578,33.27282],[130.37634,33.26677],[130.37998,33.26742],[130.38399,33.26728],[130.38382,33.26869],[130.38447,33.26877],[130.38435,33.26978],[130.38355,33.2697],[130.38314,33.2717],[130.38416,33.27184],[130.38372,33.2738],[130.37578,33.27282]]]}},{"type":"Feature","properties":{"vid":"K64G02S00008","name":"境原村","reading":"さかいばる","gun":"神埼郡","domains":["saga"],"isShared":false,"shared":[]},"geometry":{"type":"MultiPolygon","coordinates":[[[[130.33989,33.28187],[130.33917,33.28184],[130.34059,33.27846],[130.34066,33.27591],[130.34149,33.27603],[130.3416,33.27538],[130.3423,33.27548],[130.34216,33.2759],[130.34567,33.27604],[130.34556,33.27695],[130.35054,33.27699],[130.35053,33.27594],[130.35167,33.27596],[130.35207,33.28176],[130.33989,33.28187]]],[[[130.35123,33.27079],[130.35167,33.27596],[130.35053,33.27594],[130.35054,33.27699],[130.34556,33.27695],[130.34626,33.27161],[130.34741,33.27158],[130.34753,33.27054],[130.34936,33.27054],[130.34933,33.27098],[130.35009,33.27107],[130.35123,33.27079]]],[[[130.34066,33.27591],[130.34065,33.26856],[130.34408,33.26806],[130.3465,33.26844],[130.34654,33.26811],[130.35022,33.26745],[130.35123,33.27079],[130.35009,33.27107],[130.34933,33.27098],[130.34936,33.27054],[130.34753,33.27054],[130.34741,33.27158],[130.34626,33.27161],[130.34567,33.27604],[130.34216,33.2759],[130.3423,33.27548],[130.3416,33.27538],[130.34149,33.27603],[130.34066,33.27591]]],[[[130.36383,33.26849],[130.36221,33.26839],[130.36216,33.26896],[130.35468,33.26881],[130.35435,33.26819],[130.35154,33.26802],[130.35075,33.26858],[130.34945,33.26575],[130.35123,33.26586],[130.35196,33.2657],[130.35187,33.26516],[130.35392,33.26496],[130.35371,33.26392],[130.35701,33.26409],[130.35681,33.26327],[130.35982,33.26342],[130.36073,33.26401],[130.36125,33.26369],[130.36296,33.26571],[130.36239,33.26699],[130.36372,33.26774],[130.36383,33.26849]]],[[[130.35982,33.26342],[130.35681,33.26327],[130.35678,33.26414],[130.35371,33.26392],[130.35392,33.26496],[130.35187,33.26516],[130.35196,33.2657],[130.35098,33.2659],[130.34945,33.26575],[130.34885,33.26433],[130.34997,33.26413],[130.34994,33.26333],[130.35127,33.26277],[130.3539,33.26274],[130.35389,33.2622],[130.35647,33.26205],[130.35661,33.26256],[130.35734,33.26262],[130.35937,33.26228],[130.36001,33.26259],[130.35982,33.26342]]]]}},{"type":"Feature","properties":{"vid":"K64G02S00009","name":"託田村","reading":"たくた","gun":"神埼郡","domains":["saga"],"isShared":false,"shared":[]},"geometry":{"type":"MultiPolygon","coordinates":[[[[130.38372,33.2738],[130.38416,33.27184],[130.38314,33.2717],[130.38355,33.2697],[130.38435,33.26978],[130.38447,33.26877],[130.38976,33.26917],[130.38923,33.27248],[130.38752,33.27224],[130.3866,33.27419],[130.38372,33.2738]]],[[[130.3822,33.27994],[130.38261,33.27846],[130.38157,33.2782],[130.38213,33.27528],[130.38048,33.27497],[130.38073,33.27341],[130.3866,33.27419],[130.38679,33.27321],[130.38851,33.27344],[130.3884,33.27442],[130.38966,33.27476],[130.38885,33.2779],[130.39005,33.27807],[130.38921,33.28033],[130.39206,33.28083],[130.39038,33.28166],[130.3822,33.27994]]],[[[130.3873,33.27328],[130.38752,33.27224],[130.38923,33.27248],[130.38976,33.26917],[130.39316,33.26978],[130.3912,33.27077],[130.39302,33.27108],[130.39274,33.27369],[130.39365,33.27827],[130.39338,33.28024],[130.39206,33.28083],[130.38921,33.28033],[130.39005,33.27807],[130.38885,33.2779],[130.38966,33.27476],[130.3884,33.27442],[130.38851,33.27344],[130.3873,33.27328]]]]}},{"type":"Feature","properties":{"vid":"K64G02S00010","name":"下坂村","reading":"しもいた","gun":"神埼郡","domains":["saga"],"isShared":false,"shared":[]},"geometry":{"type":"MultiPolygon","coordinates":[[[[130.39718,33.28288],[130.39764,33.28138],[130.39816,33.28149],[130.39816,33.27926],[130.39948,33.27993],[130.40076,33.27966],[130.40214,33.28052],[130.40231,33.28166],[130.40152,33.28406],[130.40053,33.28348],[130.39718,33.28288]]],[[[130.38096,33.28679],[130.3822,33.27994],[130.38923,33.28126],[130.38899,33.28311],[130.38947,33.28322],[130.38824,33.28483],[130.38895,33.28484],[130.38805,33.28825],[130.38096,33.28679]]],[[[130.39504,33.28955],[130.39225,33.28895],[130.39274,33.28712],[130.39158,33.28698],[130.39114,33.28608],[130.38878,33.28561],[130.38895,33.28484],[130.38824,33.28483],[130.38947,33.28322],[130.38899,33.28311],[130.38923,33.28126],[130.39038,33.28166],[130.39338,33.28024],[130.39358,33.27969],[130.39343,33.28247],[130.39631,33.28243],[130.39603,33.28331],[130.39646,33.28341],[130.39675,33.28252],[130.39726,33.28262],[130.39504,33.28955]]],[[[130.39358,33.27969],[130.39337,33.27688],[130.39625,33.27667],[130.39855,33.2775],[130.39867,33.27857],[130.39804,33.27898],[130.39816,33.28149],[130.39764,33.28138],[130.39646,33.28341],[130.39603,33.28331],[130.39631,33.28243],[130.39343,33.28247],[130.39358,33.27969]]],[[[130.40093,33.28392],[130.40152,33.28406],[130.40216,33.2822],[130.40193,33.28036],[130.40306,33.28095],[130.40415,33.28014],[130.40413,33.28115],[130.40678,33.28079],[130.40667,33.282],[130.40424,33.28168],[130.40512,33.2837],[130.40636,33.2833],[130.40617,33.28503],[130.40413,33.28475],[130.40389,33.28538],[130.40163,33.28518],[130.40153,33.28609],[130.40085,33.28597],[130.40093,33.28392]]]]}},{"type":"Feature","properties":{"vid":"K64G02S00011","name":"姉村","reading":"あね","gun":"神埼郡","domains":["saga","hasuike"],"isShared":true,"shared":[]},"geometry":{"type":"MultiPolygon","coordinates":[[[[130.35845,33.28631],[130.35822,33.2844],[130.3604,33.28417],[130.36032,33.28364],[130.36555,33.2833],[130.36563,33.28531],[130.36532,33.28536],[130.36599,33.28657],[130.36509,33.28658],[130.36528,33.28772],[130.36334,33.28794],[130.36363,33.29004],[130.35759,33.29049],[130.35726,33.28856],[130.35881,33.28824],[130.35845,33.28631]]],[[[130.36412,33.27482],[130.35951,33.27523],[130.3594,33.27463],[130.35861,33.27451],[130.35781,33.27523],[130.3533,33.27544],[130.35266,33.27512],[130.35164,33.27569],[130.35075,33.26858],[130.35154,33.26802],[130.35435,33.26819],[130.35468,33.26881],[130.36216,33.26896],[130.3624,33.2701],[130.3647,33.27005],[130.36463,33.27104],[130.36287,33.27074],[130.3627,33.27186],[130.36455,33.2717],[130.36448,33.27253],[130.36363,33.27232],[130.36412,33.27482]]],[[[130.36583,33.27753],[130.36844,33.27743],[130.36848,33.27834],[130.37227,33.27826],[130.37088,33.28562],[130.36908,33.28567],[130.36914,33.28493],[130.36773,33.28463],[130.36784,33.28374],[130.3645,33.28342],[130.36355,33.2776],[130.36583,33.27753]]],[[[130.37071,33.28644],[130.36904,33.29086],[130.36382,33.29055],[130.36334,33.28794],[130.36528,33.28772],[130.36509,33.28658],[130.36599,33.28657],[130.36532,33.28536],[130.36563,33.28531],[130.36555,33.2833],[130.36784,33.28374],[130.36773,33.28463],[130.36914,33.28493],[130.36908,33.28567],[130.37088,33.28562],[130.37071,33.28644]]]]}},{"type":"Feature","properties":{"vid":"K64G02S00012","name":"黒井村","reading":"くろい","gun":"神埼郡","domains":["saga"],"isShared":false,"shared":[]},"geometry":{"type":"MultiPolygon","coordinates":[[[[130.36412,33.27482],[130.36548,33.27474],[130.36586,33.27682],[130.36583,33.27753],[130.36355,33.2776],[130.36446,33.28318],[130.36032,33.28364],[130.3604,33.28417],[130.3581,33.28442],[130.35701,33.28355],[130.35687,33.28267],[130.36006,33.28232],[130.35974,33.28011],[130.36054,33.28003],[130.36036,33.27896],[130.36079,33.27891],[130.36063,33.27789],[130.36103,33.27784],[130.36086,33.27688],[130.36022,33.27695],[130.36008,33.27606],[130.36238,33.27568],[130.36208,33.27471],[130.36412,33.27482]]],[[[130.35845,33.28631],[130.35286,33.28641],[130.35236,33.28207],[130.3567,33.28154],[130.35701,33.28355],[130.35822,33.2844],[130.35845,33.28631]]],[[[130.35236,33.28207],[130.35164,33.27569],[130.35266,33.27512],[130.3533,33.27544],[130.35781,33.27523],[130.35861,33.27451],[130.3594,33.27463],[130.35951,33.27523],[130.36199,33.27493],[130.36238,33.27568],[130.36008,33.27606],[130.36022,33.27695],[130.36086,33.27688],[130.36103,33.27784],[130.36063,33.27789],[130.36079,33.27891],[130.36036,33.27896],[130.36054,33.28003],[130.35974,33.28011],[130.36006,33.28232],[130.35687,33.28267],[130.3567,33.28154],[130.35236,33.28207]]]]}},{"type":"Feature","properties":{"vid":"K64G02S00013","name":"姉川村","reading":"あねがわ","gun":"神埼郡","domains":["saga"],"isShared":false,"shared":[]},"geometry":{"type":"MultiPolygon","coordinates":[[[[130.33578,33.29581],[130.33841,33.29054],[130.34268,33.2918],[130.34734,33.29234],[130.34784,33.29275],[130.34765,33.29334],[130.3496,33.29413],[130.3485,33.29512],[130.34791,33.29714],[130.34561,33.29663],[130.34513,33.29957],[130.3442,33.2982],[130.34277,33.29907],[130.33568,33.29762],[130.33578,33.29581]]],[[[130.35845,33.28631],[130.35881,33.28824],[130.35726,33.28856],[130.35759,33.29049],[130.35575,33.29081],[130.35529,33.29433],[130.35377,33.29393],[130.35391,33.29344],[130.35099,33.29277],[130.35207,33.29101],[130.34737,33.28873],[130.34928,33.28695],[130.34688,33.28411],[130.35097,33.28427],[130.35239,33.28176],[130.35286,33.28641],[130.35845,33.28631]]],[[[130.33897,33.28739],[130.33989,33.28187],[130.35207,33.28176],[130.35097,33.28427],[130.34688,33.28411],[130.34928,33.28695],[130.34592,33.2899],[130.3441,33.28945],[130.34439,33.28887],[130.34366,33.28869],[130.34381,33.28829],[130.33897,33.28739]]],[[[130.33841,33.29054],[130.33897,33.28739],[130.34381,33.28829],[130.34366,33.28869],[130.34439,33.28887],[130.3441,33.28945],[130.34592,33.2899],[130.34737,33.28873],[130.35207,33.29101],[130.3496,33.29413],[130.34765,33.29334],[130.34784,33.29275],[130.34734,33.29234],[130.34268,33.2918],[130.33841,33.29054]]]]}},{"type":"Feature","properties":{"vid":"K64G02S00014","name":"横武村","reading":"よこだけ","gun":"神埼郡","domains":["saga"],"isShared":false,"shared":[]},"geometry":{"type":"MultiPolygon","coordinates":[[[[130.35099,33.29277],[130.35391,33.29344],[130.35377,33.29393],[130.35583,33.29443],[130.35609,33.29598],[130.35719,33.29648],[130.35655,33.29995],[130.35339,33.29985],[130.35315,33.30082],[130.35244,33.30072],[130.35231,33.30123],[130.35001,33.30079],[130.34922,33.30158],[130.35147,33.30327],[130.34973,33.30492],[130.34513,33.29957],[130.34561,33.29663],[130.34791,33.29714],[130.3485,33.29512],[130.35099,33.29277]]],[[[130.34973,33.30492],[130.35147,33.30327],[130.34922,33.30158],[130.35001,33.30079],[130.35231,33.30123],[130.35244,33.30072],[130.35315,33.30082],[130.35339,33.29985],[130.35484,33.30019],[130.35469,33.30144],[130.35522,33.3015],[130.35474,33.30484],[130.35591,33.30581],[130.35568,33.30686],[130.34939,33.30589],[130.34973,33.30492]]],[[[130.34253,33.3052],[130.34305,33.30017],[130.3442,33.2982],[130.34596,33.30096],[130.34973,33.30492],[130.34939,33.30589],[130.34522,33.30564],[130.34461,33.30551],[130.34468,33.305],[130.34364,33.30485],[130.34347,33.30531],[130.34253,33.3052]]],[[[130.35484,33.30019],[130.35655,33.29995],[130.35719,33.29648],[130.36005,33.29654],[130.35997,33.29942],[130.36441,33.29974],[130.36496,33.30122],[130.36592,33.30157],[130.36577,33.30315],[130.36613,33.30319],[130.36586,33.30416],[130.36398,33.30416],[130.36351,33.30661],[130.36467,33.30805],[130.35568,33.30686],[130.35591,33.30581],[130.35474,33.30484],[130.35522,33.3015],[130.35469,33.30144],[130.35484,33.30019]]]]}},{"type":"Feature","properties":{"vid":"K64G02S00015","name":"本告牟田村","reading":"もとおりむた","gun":"神埼郡","domains":["saga"],"isShared":false,"shared":[]},"geometry":{"type":"MultiPolygon","coordinates":[[[[130.36921,33.30347],[130.36779,33.30766],[130.36632,33.30831],[130.36467,33.30805],[130.36351,33.30661],[130.36398,33.30416],[130.36586,33.30416],[130.36613,33.30319],[130.36921,33.30347]]],[[[130.36789,33.29883],[130.36921,33.30347],[130.36577,33.30315],[130.36592,33.30157],[130.36496,33.30122],[130.36437,33.30021],[130.36458,33.29884],[130.36789,33.29883]]],[[[130.36763,33.29722],[130.36789,33.29883],[130.36458,33.29884],[130.36441,33.29974],[130.35997,33.29942],[130.36005,33.29654],[130.36703,33.29678],[130.36763,33.29722]]],[[[130.36763,33.29722],[130.36703,33.29678],[130.36325,33.29647],[130.36363,33.29004],[130.36382,33.29055],[130.36896,33.29085],[130.36859,33.29202],[130.37324,33.29326],[130.37219,33.29711],[130.37041,33.29677],[130.36763,33.29722]]],[[[130.35529,33.29433],[130.35591,33.29066],[130.36363,33.29004],[130.36325,33.29647],[130.35673,33.29637],[130.356,33.2958],[130.35601,33.29457],[130.35529,33.29433]]],[[[130.36764,33.2976],[130.37034,33.29754],[130.37521,33.2985],[130.37536,33.29773],[130.3778,33.2984],[130.37637,33.30395],[130.37602,33.30424],[130.37309,33.30352],[130.37251,33.3038],[130.37309,33.30291],[130.37426,33.30312],[130.37418,33.30259],[130.37321,33.30243],[130.37377,33.30042],[130.3703,33.29976],[130.37,33.30082],[130.36845,33.30059],[130.36764,33.2976]]],[[[130.36845,33.30059],[130.37,33.30082],[130.3703,33.29976],[130.37377,33.30042],[130.37321,33.30243],[130.37418,33.30259],[130.37426,33.30312],[130.37309,33.30291],[130.37251,33.3038],[130.37396,33.30373],[130.37396,33.30529],[130.37271,33.30467],[130.37252,33.30338],[130.36898,33.30282],[130.36845,33.30059]]]]}},{"type":"Feature","properties":{"vid":"K64G02S00016","name":"永歌村","reading":"ながうた","gun":"神埼郡","domains":["hasuike","saga"],"isShared":true,"shared":[]},"geometry":{"type":"MultiPolygon","coordinates":[[[[130.36948,33.28995],[130.37961,33.29184],[130.3778,33.2984],[130.37536,33.29773],[130.37521,33.2985],[130.37034,33.29754],[130.36764,33.2976],[130.36763,33.29722],[130.37041,33.29677],[130.37219,33.29711],[130.37324,33.29326],[130.36859,33.29202],[130.36948,33.28995]]],[[[130.37071,33.28644],[130.37337,33.28665],[130.37384,33.28551],[130.3766,33.28604],[130.37686,33.28496],[130.38126,33.28571],[130.37961,33.29184],[130.36948,33.28995],[130.37071,33.28644]]]]}},{"type":"Feature","properties":{"vid":"K64G02S00017","name":"松隈村","reading":"まつぐま","gun":"神埼郡","domains":["saga"],"isShared":false,"shared":[]},"geometry":{"type":"MultiPolygon","coordinates":[[[[130.38054,33.42576],[130.38111,33.42248],[130.38271,33.418],[130.38686,33.41048],[130.39081,33.40955],[130.39343,33.40714],[130.3959,33.40667],[130.4027,33.40118],[130.40611,33.3997],[130.40754,33.39922],[130.4077,33.40206],[130.41095,33.40373],[130.41315,33.40722],[130.4139,33.40748],[130.41553,33.40948],[130.41534,33.41035],[130.4168,33.41031],[130.41385,33.4111],[130.41038,33.41325],[130.40932,33.41331],[130.40755,33.41424],[130.40746,33.41549],[130.40477,33.41624],[130.40343,33.41763],[130.40365,33.41887],[130.40252,33.42034],[130.40126,33.42083],[130.40088,33.42178],[130.39905,33.42159],[130.39846,33.42207],[130.39801,33.42321],[130.39912,33.42489],[130.39813,33.42546],[130.39795,33.42659],[130.39648,33.42755],[130.39579,33.42688],[130.38945,33.4261],[130.38685,33.42824],[130.38408,33.42776],[130.38273,33.42655],[130.38054,33.42576]]],[[[130.37895,33.39743],[130.37736,33.39504],[130.3753,33.39459],[130.37379,33.39482],[130.37412,33.39248],[130.37591,33.39038],[130.37441,33.38909],[130.37376,33.38689],[130.37461,33.38592],[130.37386,33.38484],[130.37596,33.38428],[130.37562,33.38361],[130.37636,33.38328],[130.37643,33.38276],[130.37982,33.38279],[130.38052,33.3818],[130.38079,33.37935],[130.38214,33.3797],[130.38263,33.37896],[130.38035,33.37824],[130.38067,33.37735],[130.38261,33.37604],[130.38855,33.37715],[130.38961,33.3798],[130.3905,33.3774],[130.39129,33.37682],[130.39298,33.37666],[130.39284,33.37904],[130.39063,33.3812],[130.38874,33.38645],[130.38786,33.38704],[130.38705,33.38698],[130.38674,33.38871],[130.38568,33.3902],[130.38069,33.39303],[130.38065,33.39597],[130.37895,33.39743]]],[[[130.37895,33.39743],[130.38065,33.39597],[130.38069,33.39303],[130.38568,33.3902],[130.38674,33.38871],[130.38705,33.38698],[130.38786,33.38704],[130.38874,33.38645],[130.39043,33.38158],[130.39247,33.37969],[130.39317,33.378],[130.39298,33.37666],[130.39396,33.37599],[130.3941,33.3752],[130.39691,33.37358],[130.39854,33.37404],[130.40045,33.37347],[130.40154,33.37255],[130.40149,33.36974],[130.40255,33.36817],[130.40159,33.36655],[130.40313,33.36647],[130.4046,33.36777],[130.40411,33.37045],[130.40553,33.37173],[130.40625,33.37374],[130.40736,33.37436],[130.40719,33.37547],[130.40825,33.37667],[130.40907,33.37676],[130.40897,33.37611],[130.40966,33.37594],[130.41184,33.37729],[130.41322,33.3772],[130.41388,33.37495],[130.4149,33.37482],[130.41324,33.37331],[130.41574,33.37399],[130.41682,33.37292],[130.41588,33.37252],[130.41636,33.3721],[130.41806,33.37173],[130.41919,33.37348],[130.41965,33.37518],[130.41889,33.37709],[130.42015,33.37885],[130.41968,33.38361],[130.41894,33.38505],[130.41773,33.38542],[130.41745,33.38878],[130.41431,33.3898],[130.41179,33.39139],[130.41061,33.39411],[130.41095,33.39545],[130.40785,33.39837],[130.40754,33.39922],[130.4027,33.40118],[130.3959,33.40667],[130.39343,33.40714],[130.39081,33.40955],[130.38686,33.41048],[130.38271,33.418],[130.38111,33.42248],[130.38054,33.42576],[130.37939,33.42575],[130.37822,33.42496],[130.37791,33.42271],[130.37671,33.42102],[130.37662,33.41912],[130.37856,33.41722],[130.37768,33.41566],[130.37825,33.41476],[130.378,33.41353],[130.38082,33.41143],[130.38225,33.41111],[130.3833,33.40987],[130.38358,33.4087],[130.38237,33.40696],[130.38375,33.40498],[130.38076,33.39833],[130.37895,33.39743]]],[[[130.39298,33.37666],[130.39129,33.37682],[130.3905,33.3774],[130.38984,33.37963],[130.38945,33.37973],[130.38855,33.37715],[130.38416,33.37655],[130.38458,33.37573],[130.38414,33.37445],[130.38427,33.37263],[130.38537,33.37213],[130.38694,33.37046],[130.39014,33.3697],[130.39009,33.36817],[130.39277,33.36647],[130.39588,33.36773],[130.39833,33.36657],[130.39843,33.36567],[130.39911,33.3655],[130.39988,33.36538],[130.40005,33.36695],[130.40159,33.36655],[130.40255,33.36817],[130.40149,33.36974],[130.40154,33.37255],[130.40045,33.37347],[130.39854,33.37404],[130.39691,33.37358],[130.3941,33.3752],[130.39396,33.37599],[130.39298,33.37666]]]]}},{"type":"Feature","properties":{"vid":"K64G02S00018","name":"石動村","reading":"いしなり","gun":"神埼郡","domains":["saga"],"isShared":false,"shared":[]},"geometry":{"type":"MultiPolygon","coordinates":[[[[130.41256,33.36146],[130.41047,33.36132],[130.40673,33.35817],[130.40667,33.35753],[130.40614,33.35752],[130.40623,33.35824],[130.40394,33.35773],[130.40313,33.3553],[130.4019,33.3539],[130.4013,33.3518],[130.40508,33.35171],[130.40609,33.34924],[130.40874,33.34979],[130.40934,33.34736],[130.41279,33.3491],[130.41323,33.3497],[130.41237,33.35217],[130.41299,33.35294],[130.41323,33.35504],[130.41273,33.3572],[130.41119,33.35844],[130.4109,33.35949],[130.41256,33.36146]]],[[[130.39988,33.36538],[130.39843,33.36567],[130.39802,33.36271],[130.39724,33.36283],[130.39598,33.36419],[130.39609,33.36268],[130.39514,33.36259],[130.39476,33.36173],[130.39559,33.36182],[130.39569,33.36077],[130.39503,33.3606],[130.39539,33.35958],[130.39624,33.35786],[130.39758,33.35662],[130.39655,33.35438],[130.39656,33.35317],[130.39802,33.35327],[130.39851,33.35188],[130.39897,33.35193],[130.3984,33.35034],[130.39886,33.34988],[130.40141,33.34995],[130.40163,33.3492],[130.40203,33.34919],[130.40051,33.34887],[130.40073,33.348],[130.40261,33.34801],[130.40274,33.34902],[130.40408,33.34912],[130.40401,33.3497],[130.40484,33.34973],[130.40483,33.34914],[130.40609,33.34924],[130.40508,33.35171],[130.4013,33.3518],[130.4019,33.3539],[130.40313,33.3553],[130.40394,33.35773],[130.40258,33.35907],[130.40222,33.36168],[130.40019,33.36348],[130.39953,33.36479],[130.39988,33.36538]]],[[[130.41806,33.37173],[130.41605,33.37225],[130.41591,33.37257],[130.41682,33.37292],[130.41574,33.37399],[130.41324,33.37331],[130.4149,33.37482],[130.41388,33.37495],[130.41322,33.3772],[130.41184,33.37729],[130.40966,33.37594],[130.40897,33.37611],[130.40907,33.37676],[130.40821,33.37665],[130.40719,33.37547],[130.40736,33.37436],[130.40625,33.37374],[130.40553,33.37173],[130.40411,33.37045],[130.4046,33.36777],[130.40313,33.36647],[130.40003,33.36693],[130.39953,33.36479],[130.4005,33.36299],[130.40233,33.36151],[130.40271,33.35888],[130.40394,33.35773],[130.40623,33.35824],[130.40614,33.35752],[130.40667,33.35753],[130.40673,33.35817],[130.41047,33.36132],[130.41256,33.36146],[130.41407,33.36356],[130.41428,33.36529],[130.41538,33.36716],[130.41649,33.36774],[130.41711,33.36728],[130.4178,33.36746],[130.41754,33.3705],[130.41806,33.37173]]]]}},{"type":"Feature","properties":{"vid":"K64G02S00019","name":"三津村","reading":"みつ","gun":"神埼郡","domains":["saga"],"isShared":false,"shared":[]},"geometry":{"type":"MultiPolygon","coordinates":[[[[130.37998,33.35586],[130.38001,33.35366],[130.38247,33.34919],[130.38231,33.34806],[130.38632,33.3485],[130.38893,33.35106],[130.38691,33.35377],[130.38732,33.35528],[130.38685,33.35679],[130.38816,33.35737],[130.38483,33.35916],[130.38001,33.36071],[130.37816,33.36057],[130.37828,33.35979],[130.37916,33.35905],[130.37998,33.35586]]],[[[130.38231,33.34806],[130.38364,33.34361],[130.38564,33.34355],[130.387,33.34243],[130.38816,33.34292],[130.38764,33.34394],[130.39374,33.34518],[130.39301,33.34978],[130.39422,33.34999],[130.39386,33.35131],[130.39156,33.35151],[130.39043,33.35131],[130.39072,33.35036],[130.38955,33.35049],[130.38893,33.35106],[130.38574,33.34827],[130.38231,33.34806]]],[[[130.40073,33.348],[130.40051,33.34887],[130.40203,33.34919],[130.40163,33.3492],[130.40141,33.34995],[130.39886,33.34988],[130.3984,33.35034],[130.39889,33.35196],[130.39489,33.35146],[130.39462,33.35103],[130.39453,33.35141],[130.39386,33.35131],[130.39422,33.34999],[130.39301,33.34978],[130.39374,33.34518],[130.3952,33.34541],[130.39548,33.3441],[130.39623,33.3442],[130.39685,33.34565],[130.39887,33.34471],[130.40107,33.3451],[130.40073,33.348]]],[[[130.39851,33.35188],[130.39802,33.35327],[130.39656,33.35317],[130.39655,33.35438],[130.39758,33.35662],[130.39624,33.35786],[130.39503,33.3606],[130.39293,33.3578],[130.39091,33.35754],[130.39044,33.35633],[130.39156,33.35151],[130.39263,33.35153],[130.39273,33.35113],[130.39453,33.35141],[130.39462,33.35103],[130.39489,33.35146],[130.39851,33.35188]]],[[[130.37247,33.37822],[130.3741,33.37744],[130.3761,33.3782],[130.37716,33.37781],[130.3766,33.37413],[130.37606,33.37325],[130.37639,33.37213],[130.37537,33.37071],[130.37687,33.36798],[130.37924,33.36507],[130.37744,33.3622],[130.37816,33.36057],[130.38001,33.36071],[130.38355,33.35982],[130.38816,33.35737],[130.38869,33.35549],[130.39057,33.35562],[130.39091,33.35754],[130.39293,33.3578],[130.39503,33.3606],[130.39569,33.36077],[130.39559,33.36182],[130.39477,33.36187],[130.39514,33.36259],[130.39609,33.36268],[130.39592,33.36414],[130.3966,33.36396],[130.39724,33.36283],[130.39814,33.36281],[130.39841,33.36651],[130.39588,33.36773],[130.39277,33.36647],[130.39009,33.36817],[130.39014,33.3697],[130.38671,33.37059],[130.38537,33.37213],[130.38427,33.37263],[130.38414,33.37445],[130.38458,33.37573],[130.38416,33.37655],[130.38261,33.37604],[130.38067,33.37735],[130.38035,33.37824],[130.38263,33.37896],[130.38214,33.3797],[130.38079,33.37935],[130.38052,33.3818],[130.37982,33.38279],[130.37643,33.38276],[130.37636,33.38328],[130.37562,33.38361],[130.37596,33.38428],[130.37386,33.38484],[130.37461,33.38592],[130.37376,33.38689],[130.37441,33.38909],[130.37591,33.39038],[130.37412,33.39248],[130.37379,33.39482],[130.37234,33.39539],[130.36978,33.39472],[130.36897,33.39327],[130.36776,33.39381],[130.36651,33.39351],[130.3672,33.39184],[130.36665,33.39075],[130.36531,33.39022],[130.365,33.38958],[130.36686,33.38727],[130.36667,33.38618],[130.36791,33.3856],[130.36841,33.38333],[130.37061,33.38218],[130.37111,33.38032],[130.37219,33.37938],[130.37247,33.37822]]],[[[130.39156,33.35151],[130.39057,33.35562],[130.38869,33.35549],[130.38816,33.35737],[130.38685,33.35679],[130.38732,33.35528],[130.38691,33.35377],[130.38893,33.35106],[130.38955,33.35049],[130.39072,33.35036],[130.39043,33.35131],[130.39156,33.35151]]]]}},{"type":"Feature","properties":{"vid":"K64G02S00020","name":"大曲村","reading":"おおまがり","gun":"神埼郡","domains":["saga"],"isShared":false,"shared":[]},"geometry":{"type":"MultiPolygon","coordinates":[[[[130.40914,33.34788],[130.40874,33.34979],[130.40483,33.34914],[130.40484,33.34973],[130.40401,33.3497],[130.40408,33.34912],[130.40274,33.34902],[130.40261,33.34801],[130.40073,33.34795],[130.40114,33.34599],[130.40338,33.3455],[130.40392,33.3448],[130.40509,33.3454],[130.40538,33.34605],[130.40581,33.34573],[130.40579,33.34606],[130.40811,33.34668],[130.40802,33.3478],[130.40914,33.34788]]],[[[130.40518,33.33792],[130.40585,33.33954],[130.40667,33.33761],[130.408,33.33845],[130.40845,33.34057],[130.40802,33.34538],[130.40754,33.34614],[130.40558,33.34571],[130.40538,33.34605],[130.40509,33.3454],[130.40392,33.3448],[130.40505,33.34273],[130.40439,33.33878],[130.40518,33.33792]]],[[[130.38364,33.34361],[130.38513,33.33707],[130.38685,33.33718],[130.38689,33.33799],[130.38916,33.33775],[130.39206,33.33857],[130.3956,33.33825],[130.39637,33.34197],[130.39528,33.34198],[130.39474,33.34311],[130.39468,33.3436],[130.39557,33.34374],[130.3952,33.34541],[130.38764,33.34394],[130.38816,33.34292],[130.387,33.34243],[130.38564,33.34355],[130.38364,33.34361]]],[[[130.39314,33.33158],[130.39702,33.33236],[130.39645,33.33521],[130.39679,33.33529],[130.39714,33.33739],[130.39648,33.33825],[130.39158,33.33839],[130.39314,33.33158]]],[[[130.40845,33.34057],[130.40895,33.34094],[130.40936,33.34012],[130.40937,33.3409],[130.41086,33.34221],[130.41248,33.34209],[130.41302,33.34411],[130.4138,33.34402],[130.41376,33.34334],[130.41495,33.34322],[130.41445,33.34433],[130.41469,33.34497],[130.41494,33.34396],[130.41587,33.34392],[130.41501,33.34305],[130.41553,33.33852],[130.41602,33.33804],[130.41739,33.34034],[130.41704,33.33898],[130.41793,33.33881],[130.41815,33.33968],[130.41741,33.3423],[130.41695,33.34242],[130.41612,33.34566],[130.41495,33.34672],[130.4148,33.34959],[130.41323,33.3497],[130.40934,33.34736],[130.40914,33.34788],[130.40822,33.34792],[130.40811,33.34668],[130.40645,33.34611],[130.40754,33.34614],[130.40802,33.34538],[130.40845,33.34057]]],[[[130.40666,33.334],[130.40643,33.33557],[130.40725,33.33654],[130.40661,33.33651],[130.40689,33.33679],[130.40598,33.33608],[130.40643,33.33671],[130.4055,33.3367],[130.40495,33.33755],[130.40519,33.33803],[130.4044,33.33854],[130.40505,33.34273],[130.40338,33.3455],[130.40114,33.34599],[130.40098,33.34503],[130.39911,33.34468],[130.39672,33.34562],[130.39623,33.3442],[130.39468,33.3436],[130.39528,33.34198],[130.39637,33.34197],[130.3956,33.33825],[130.39648,33.33825],[130.39714,33.33739],[130.39679,33.33529],[130.39645,33.33521],[130.39712,33.33217],[130.39756,33.33233],[130.39733,33.33307],[130.39821,33.33339],[130.39957,33.33256],[130.40666,33.334]]],[[[130.38513,33.33707],[130.38559,33.33551],[130.3857,33.33007],[130.38534,33.33004],[130.38622,33.32973],[130.3887,33.33049],[130.38949,33.33026],[130.38969,33.33124],[130.39196,33.33104],[130.39207,33.33171],[130.39314,33.33158],[130.39158,33.33839],[130.38916,33.33775],[130.38689,33.33799],[130.38685,33.33718],[130.38513,33.33707]]]]}},{"type":"Feature","properties":{"vid":"K64G02S00021","name":"吉田村","reading":"よしだ","gun":"神埼郡","domains":["saga"],"isShared":false,"shared":[]},"geometry":{"type":"MultiPolygon","coordinates":[[[[130.40862,33.32822],[130.40769,33.32863],[130.40765,33.32936],[130.40719,33.32948],[130.40781,33.33033],[130.40695,33.32988],[130.40624,33.33016],[130.40594,33.32903],[130.40647,33.32837],[130.40594,33.32685],[130.40754,33.32713],[130.40777,33.3276],[130.40845,33.3274],[130.40862,33.32822]]],[[[130.40867,33.32771],[130.40594,33.32685],[130.40601,33.32582],[130.40526,33.32527],[130.40421,33.3253],[130.40317,33.32259],[130.40684,33.32489],[130.40867,33.32771]]],[[[130.40594,33.32685],[130.40647,33.32837],[130.40599,33.32886],[130.40221,33.3263],[130.40196,33.32663],[130.40162,33.3262],[130.39939,33.32593],[130.39947,33.3251],[130.39874,33.32472],[130.39806,33.32641],[130.39472,33.32585],[130.39444,33.32666],[130.39201,33.32621],[130.39344,33.32313],[130.39289,33.32161],[130.39347,33.32132],[130.39391,33.31975],[130.39738,33.32032],[130.39756,33.31934],[130.39979,33.31983],[130.39966,33.32033],[130.40053,33.32082],[130.4022,33.32055],[130.40373,33.32458],[130.40421,33.3253],[130.40526,33.32527],[130.40601,33.32582],[130.40594,33.32685]]],[[[130.40666,33.334],[130.40142,33.33285],[130.4008,33.32934],[130.39734,33.32925],[130.39853,33.32473],[130.39947,33.3251],[130.39939,33.32593],[130.40162,33.3262],[130.40196,33.32663],[130.40221,33.3263],[130.40599,33.32886],[130.40633,33.32996],[130.40565,33.33122],[130.40632,33.33171],[130.40622,33.33266],[130.40689,33.33278],[130.40719,33.33351],[130.40666,33.334]]],[[[130.40666,33.334],[130.40755,33.33359],[130.40802,33.33439],[130.40908,33.33448],[130.40963,33.3354],[130.40989,33.33724],[130.40941,33.3377],[130.40895,33.34094],[130.40743,33.33778],[130.40667,33.33761],[130.40585,33.33954],[130.40495,33.33755],[130.4055,33.3367],[130.40643,33.33671],[130.40598,33.33608],[130.40689,33.33679],[130.40661,33.33651],[130.40725,33.33654],[130.40643,33.33557],[130.40666,33.334]]],[[[130.39201,33.32621],[130.39444,33.32666],[130.39472,33.32585],[130.39806,33.32641],[130.39734,33.32925],[130.4008,33.32934],[130.40142,33.33285],[130.39957,33.33256],[130.39821,33.33339],[130.39733,33.33307],[130.39756,33.33233],[130.39719,33.33217],[130.39207,33.33171],[130.39144,33.32786],[130.39201,33.32621]]],[[[130.40862,33.32822],[130.40864,33.32713],[130.40808,33.32717],[130.40684,33.32489],[130.40317,33.32259],[130.4022,33.32055],[130.40238,33.31988],[130.40271,33.31942],[130.40325,33.31966],[130.40296,33.31908],[130.40743,33.31551],[130.40862,33.3157],[130.40855,33.31507],[130.41069,33.31485],[130.41062,33.31439],[130.41335,33.31505],[130.41531,33.32858],[130.415,33.32986],[130.41153,33.32852],[130.40862,33.32822]]]]}},{"type":"Feature","properties":{"vid":"K64G02S00022","name":"目達原村","reading":"めたばる","gun":"神埼郡","domains":["saga"],"isShared":false,"shared":[]},"geometry":{"type":"Polygon","coordinates":[[[130.40924,33.34017],[130.40941,33.3377],[130.40989,33.33724],[130.40959,33.33529],[130.40908,33.33448],[130.40802,33.33439],[130.40689,33.33278],[130.40622,33.33266],[130.40632,33.33171],[130.40564,33.33111],[130.40695,33.32988],[130.40781,33.33033],[130.40719,33.32948],[130.40765,33.32936],[130.40769,33.32863],[130.40886,33.32814],[130.41199,33.32864],[130.41276,33.3293],[130.415,33.32986],[130.41451,33.33211],[130.41595,33.33391],[130.41548,33.33557],[130.41639,33.33423],[130.41882,33.33587],[130.41766,33.33702],[130.41793,33.33881],[130.41702,33.33906],[130.41739,33.34034],[130.41602,33.33804],[130.41553,33.33852],[130.41501,33.34305],[130.41587,33.34392],[130.41494,33.34396],[130.41469,33.34497],[130.41445,33.34433],[130.41495,33.34322],[130.41376,33.34334],[130.4138,33.34402],[130.41302,33.34411],[130.41248,33.34209],[130.41086,33.34221],[130.40941,33.34097],[130.40924,33.34017]]]}},{"type":"Feature","properties":{"vid":"K64G02S00023","name":"豆田村","reading":"まめだ","gun":"神埼郡","domains":["saga"],"isShared":false,"shared":[]},"geometry":{"type":"MultiPolygon","coordinates":[[[[130.40368,33.30938],[130.40955,33.31044],[130.40919,33.3114],[130.41191,33.31174],[130.41335,33.31505],[130.41062,33.31439],[130.41069,33.31485],[130.40855,33.31507],[130.40862,33.3157],[130.40743,33.31551],[130.40591,33.31669],[130.40466,33.31649],[130.40488,33.31559],[130.40223,33.31515],[130.40305,33.31421],[130.40265,33.31415],[130.40368,33.30938]]],[[[130.40055,33.32071],[130.39966,33.32033],[130.39979,33.31983],[130.39756,33.31934],[130.39738,33.32032],[130.39391,33.31975],[130.39567,33.31326],[130.40305,33.31421],[130.40083,33.31802],[130.40117,33.31927],[130.40055,33.32071]]],[[[130.39567,33.31326],[130.39698,33.3081],[130.40374,33.30948],[130.40265,33.31415],[130.39567,33.31326]]],[[[130.40525,33.30387],[130.40688,33.30394],[130.40669,33.30467],[130.40729,33.30491],[130.40722,33.30576],[130.40904,33.30618],[130.40915,33.3069],[130.40987,33.3071],[130.41191,33.31174],[130.40919,33.3114],[130.40955,33.31044],[130.40368,33.30938],[130.40525,33.30387]]],[[[130.4022,33.32055],[130.40053,33.32082],[130.40117,33.31927],[130.40082,33.31807],[130.40212,33.31534],[130.40488,33.31559],[130.40466,33.31649],[130.40591,33.31669],[130.40296,33.31908],[130.40325,33.31966],[130.40271,33.31942],[130.4022,33.32055]]]]}},{"type":"Feature","properties":{"vid":"K64G02S00024","name":"田手村","reading":"たで","gun":"神埼郡","domains":["saga"],"isShared":false,"shared":[]},"geometry":{"type":"MultiPolygon","coordinates":[[[[130.3884,33.31252],[130.39031,33.30684],[130.39698,33.3081],[130.39547,33.31385],[130.3884,33.31252]]],[[[130.39031,33.30684],[130.39184,33.30112],[130.39841,33.3022],[130.39809,33.30398],[130.39845,33.30425],[130.39804,33.30415],[130.39792,33.30556],[130.39739,33.30607],[130.39805,33.307],[130.3975,33.30693],[130.3973,33.30818],[130.39031,33.30684]]],[[[130.38732,33.31743],[130.38858,33.31344],[130.3884,33.31252],[130.39547,33.31385],[130.39393,33.31961],[130.39116,33.31892],[130.39135,33.31817],[130.38732,33.31743]]],[[[130.38534,33.33004],[130.38418,33.32925],[130.38534,33.32795],[130.38413,33.32568],[130.38431,33.32403],[130.38818,33.32401],[130.3901,33.32456],[130.39006,33.32534],[130.3925,33.32538],[130.39144,33.32786],[130.39196,33.33104],[130.38969,33.33124],[130.38949,33.33026],[130.3887,33.33049],[130.38622,33.32973],[130.38534,33.33004]]],[[[130.38712,33.31801],[130.38705,33.31913],[130.3877,33.32026],[130.39006,33.32068],[130.39089,33.32039],[130.39116,33.31892],[130.39393,33.31961],[130.39347,33.32132],[130.39289,33.32161],[130.39323,33.32176],[130.39284,33.32232],[130.39348,33.32284],[130.3925,33.32538],[130.39006,33.32534],[130.3901,33.32456],[130.38818,33.32401],[130.38431,33.32403],[130.38436,33.32367],[130.38204,33.32334],[130.38358,33.31752],[130.38712,33.31801]]],[[[130.38712,33.31801],[130.38732,33.31743],[130.39135,33.31817],[130.39089,33.32039],[130.39006,33.32068],[130.3877,33.32026],[130.38705,33.31913],[130.38712,33.31801]]]]}},{"type":"Feature","properties":{"vid":"K64G02S00025","name":"的村","reading":"ゆくわ","gun":"神埼郡","domains":["saga"],"isShared":false,"shared":[]},"geometry":{"type":"MultiPolygon","coordinates":[[[[130.37393,33.3409],[130.37353,33.34288],[130.36948,33.34221],[130.3662,33.34239],[130.36607,33.34186],[130.36803,33.34085],[130.3671,33.33901],[130.36772,33.33872],[130.37201,33.33958],[130.37186,33.34051],[130.37393,33.3409]]],[[[130.37272,33.34647],[130.36961,33.34638],[130.36898,33.34616],[130.36927,33.34557],[130.36892,33.34546],[130.36848,33.34589],[130.36717,33.34593],[130.3662,33.34239],[130.36948,33.34221],[130.37353,33.34288],[130.37272,33.34647]]],[[[130.37272,33.34647],[130.37171,33.34678],[130.37134,33.34831],[130.37195,33.34854],[130.37242,33.35098],[130.37342,33.35263],[130.37325,33.35374],[130.36746,33.35348],[130.36574,33.353],[130.36742,33.35032],[130.36929,33.34881],[130.36942,33.34807],[130.36835,33.34757],[130.36863,33.34703],[130.36953,33.34739],[130.37035,33.34611],[130.37272,33.34647]]],[[[130.36335,33.35381],[130.36373,33.35143],[130.36717,33.34593],[130.36927,33.34557],[130.36898,33.34616],[130.37012,33.34651],[130.36953,33.34739],[130.36863,33.34703],[130.36835,33.34757],[130.36942,33.34807],[130.36929,33.34881],[130.36742,33.35032],[130.36541,33.35358],[130.36442,33.35298],[130.36472,33.35327],[130.36438,33.3545],[130.36401,33.35419],[130.36427,33.35343],[130.36335,33.35381]]],[[[130.37248,33.35479],[130.37024,33.35903],[130.36848,33.36004],[130.3626,33.36616],[130.362,33.36503],[130.35982,33.36353],[130.35944,33.36231],[130.35679,33.36027],[130.35916,33.35886],[130.35745,33.35733],[130.36018,33.35785],[130.36101,33.35618],[130.36331,33.3553],[130.36335,33.35381],[130.36427,33.35343],[130.36401,33.35419],[130.36438,33.3545],[130.36472,33.35327],[130.36442,33.35298],[130.36541,33.35358],[130.36574,33.353],[130.36746,33.35348],[130.37325,33.35374],[130.37248,33.35479]]]]}},{"type":"Feature","properties":{"vid":"K64G02S00026","name":"城原村","reading":"じょうばる","gun":"神埼郡","domains":["saga"],"isShared":false,"shared":[]},"geometry":{"type":"MultiPolygon","coordinates":[[[[130.36015,33.33456],[130.36251,33.33167],[130.36768,33.33269],[130.36641,33.33718],[130.36783,33.34059],[130.36556,33.34068],[130.36447,33.34],[130.3637,33.3392],[130.36394,33.33782],[130.36237,33.33789],[130.36249,33.33665],[130.36015,33.33456]]],[[[130.35863,33.3354],[130.35701,33.33193],[130.3542,33.32783],[130.35567,33.32727],[130.35589,33.32583],[130.35753,33.32593],[130.35765,33.324],[130.3623,33.32471],[130.36187,33.32562],[130.3629,33.32571],[130.36346,33.32864],[130.36254,33.33008],[130.36251,33.33167],[130.36171,33.33301],[130.36047,33.33442],[130.35863,33.3354]]],[[[130.3629,33.32571],[130.36948,33.32685],[130.3691,33.32987],[130.36768,33.33269],[130.36251,33.33167],[130.36254,33.33008],[130.36346,33.32864],[130.3629,33.32571]]],[[[130.35863,33.3354],[130.36057,33.33468],[130.36249,33.33665],[130.36237,33.33789],[130.36394,33.33782],[130.3637,33.3392],[130.36146,33.34056],[130.35947,33.34252],[130.35769,33.34138],[130.35925,33.33717],[130.35863,33.3354]]],[[[130.33752,33.35375],[130.33675,33.35218],[130.33671,33.35042],[130.33444,33.34982],[130.33408,33.34832],[130.33626,33.34755],[130.34254,33.34383],[130.3444,33.33999],[130.3457,33.33889],[130.34695,33.33864],[130.34721,33.33782],[130.34986,33.33813],[130.35215,33.33742],[130.35652,33.33708],[130.35863,33.3354],[130.35925,33.33717],[130.35769,33.34138],[130.35947,33.34252],[130.35902,33.34388],[130.3583,33.34385],[130.35788,33.34471],[130.35606,33.34599],[130.34918,33.34743],[130.34818,33.34861],[130.34694,33.35177],[130.34549,33.35321],[130.34521,33.35476],[130.34424,33.35486],[130.34294,33.35368],[130.33943,33.35415],[130.33752,33.35375]]],[[[130.3637,33.3392],[130.36556,33.34068],[130.36803,33.3408],[130.36607,33.34186],[130.36717,33.34593],[130.36373,33.35143],[130.3631,33.35555],[130.36101,33.35618],[130.36018,33.35785],[130.35558,33.35673],[130.35351,33.35563],[130.34975,33.35575],[130.34765,33.35509],[130.34547,33.35506],[130.34549,33.35321],[130.34694,33.35177],[130.34871,33.34781],[130.35044,33.34707],[130.35606,33.34599],[130.35788,33.34471],[130.3583,33.34385],[130.35902,33.34388],[130.36005,33.34176],[130.3637,33.3392]]]]}},{"type":"Feature","properties":{"vid":"K64G02S00027","name":"鶴村","reading":"つる","gun":"神埼郡","domains":["saga"],"isShared":false,"shared":[]},"geometry":{"type":"MultiPolygon","coordinates":[[[[130.37186,33.32265],[130.37722,33.32346],[130.37691,33.32469],[130.3781,33.32486],[130.37855,33.32568],[130.37839,33.32864],[130.37276,33.32725],[130.37314,33.32663],[130.37206,33.32426],[130.37186,33.32265]]],[[[130.37815,33.32495],[130.37882,33.3221],[130.38221,33.32265],[130.38204,33.32334],[130.3844,33.32374],[130.38413,33.32568],[130.3853,33.32817],[130.38429,33.3287],[130.38047,33.32849],[130.38049,33.32906],[130.37839,33.32864],[130.37855,33.32568],[130.37815,33.32495]]],[[[130.37157,33.3104],[130.37329,33.31177],[130.37163,33.31787],[130.37206,33.32426],[130.37314,33.32663],[130.37276,33.32725],[130.36948,33.32685],[130.36892,33.3244],[130.36959,33.32265],[130.36781,33.32169],[130.36741,33.32077],[130.36742,33.31931],[130.36899,33.31932],[130.3689,33.31848],[130.36952,33.31852],[130.37157,33.3104]]],[[[130.36795,33.30823],[130.36839,33.30824],[130.36844,33.3088],[130.3721,33.3092],[130.37051,33.31563],[130.37001,33.31575],[130.36952,33.31852],[130.3689,33.31848],[130.36899,33.31932],[130.36742,33.31931],[130.36667,33.31445],[130.36806,33.30918],[130.36795,33.30823]]],[[[130.36948,33.32685],[130.37276,33.32725],[130.37774,33.32875],[130.37572,33.32968],[130.37546,33.33414],[130.36777,33.3325],[130.3691,33.32987],[130.36948,33.32685]]],[[[130.37393,33.3409],[130.37186,33.34051],[130.37201,33.33958],[130.36772,33.33872],[130.3671,33.33901],[130.36641,33.33718],[130.36777,33.3325],[130.37538,33.33416],[130.37393,33.3409]]]]}},{"type":"Feature","properties":{"vid":"K64G02S00028","name":"尾崎村","reading":"おさき","gun":"神埼郡","domains":["saga"],"isShared":false,"shared":[]},"geometry":{"type":"MultiPolygon","coordinates":[[[[130.34086,33.31424],[130.34256,33.30695],[130.34253,33.3052],[130.34347,33.30531],[130.34364,33.30485],[130.34468,33.305],[130.34461,33.30551],[130.34522,33.30564],[130.35459,33.30669],[130.35307,33.31319],[130.34855,33.31249],[130.34755,33.3165],[130.34086,33.31424]]],[[[130.33789,33.32185],[130.33992,33.31805],[130.34086,33.31424],[130.34755,33.3165],[130.34855,33.31249],[130.35307,33.31319],[130.35219,33.31698],[130.35244,33.31758],[130.35168,33.31836],[130.35093,33.32147],[130.35254,33.32214],[130.35224,33.32256],[130.34946,33.32215],[130.34966,33.32127],[130.34754,33.32074],[130.34712,33.32249],[130.33789,33.32185]]],[[[130.33408,33.34832],[130.33376,33.34746],[130.33466,33.3462],[130.33452,33.34548],[130.33522,33.34534],[130.33495,33.34442],[130.33585,33.34329],[130.33521,33.34226],[130.33654,33.34072],[130.33616,33.33893],[130.33649,33.33778],[130.33759,33.33607],[130.33762,33.33338],[130.33676,33.33178],[130.33662,33.32921],[130.33743,33.32702],[130.33716,33.32505],[130.33789,33.32185],[130.34712,33.32249],[130.34754,33.32074],[130.34966,33.32127],[130.34905,33.3237],[130.3484,33.32421],[130.34915,33.32557],[130.34897,33.32713],[130.34995,33.32973],[130.34822,33.33073],[130.34149,33.33202],[130.34068,33.33275],[130.34011,33.33457],[130.34241,33.338],[130.34536,33.33909],[130.34338,33.34148],[130.34254,33.34383],[130.33626,33.34755],[130.33408,33.34832]]],[[[130.34946,33.32215],[130.35224,33.32256],[130.35128,33.32364],[130.35184,33.32327],[130.3524,33.32353],[130.35162,33.32444],[130.35217,33.32446],[130.3525,33.32689],[130.349,33.32726],[130.34915,33.32557],[130.3484,33.32421],[130.34905,33.3237],[130.34946,33.32215]]],[[[130.34536,33.33909],[130.34241,33.338],[130.34021,33.33523],[130.34068,33.33275],[130.34226,33.33171],[130.34822,33.33073],[130.34995,33.32973],[130.34927,33.32725],[130.3525,33.32689],[130.35217,33.32446],[130.35162,33.32444],[130.35204,33.32366],[130.35545,33.32429],[130.35765,33.324],[130.35753,33.32593],[130.35589,33.32583],[130.35567,33.32727],[130.3542,33.32783],[130.35701,33.33193],[130.35863,33.3354],[130.35652,33.33708],[130.35215,33.33742],[130.34986,33.33813],[130.34743,33.33773],[130.34695,33.33864],[130.34536,33.33909]]]]}},{"type":"Feature","properties":{"vid":"K64G02S00029","name":"本堀村","reading":"もとほり","gun":"神埼郡","domains":["saga"],"isShared":false,"shared":[]},"geometry":{"type":"MultiPolygon","coordinates":[[[[130.37845,33.31059],[130.37856,33.30958],[130.38213,33.31035],[130.38192,33.31125],[130.37973,33.31079],[130.37939,33.31181],[130.37898,33.31172],[130.37917,33.31066],[130.37845,33.31059]]],[[[130.3778,33.2984],[130.38554,33.29991],[130.38538,33.3009],[130.38463,33.30077],[130.38213,33.31035],[130.37856,33.30958],[130.37829,33.31042],[130.3748,33.30985],[130.37579,33.30477],[130.37488,33.30548],[130.37393,33.30551],[130.37411,33.30428],[130.37372,33.30421],[130.37409,33.30374],[130.37602,33.30424],[130.37637,33.30395],[130.3778,33.2984]]],[[[130.39182,33.30118],[130.38467,33.29972],[130.38635,33.29384],[130.38892,33.29436],[130.3893,33.29404],[130.39042,33.29508],[130.39352,33.29563],[130.39182,33.30118]]],[[[130.37961,33.29184],[130.38096,33.28679],[130.38805,33.28825],[130.38635,33.29384],[130.37942,33.29251],[130.37961,33.29184]]],[[[130.3778,33.2984],[130.37942,33.29251],[130.38635,33.29384],[130.38467,33.29972],[130.3778,33.2984]]],[[[130.38635,33.29384],[130.38878,33.28561],[130.39114,33.28608],[130.39158,33.28698],[130.39274,33.28712],[130.39225,33.28895],[130.39504,33.28955],[130.39352,33.29563],[130.39042,33.29508],[130.3893,33.29404],[130.38892,33.29436],[130.38635,33.29384]]]]}},{"type":"Feature","properties":{"vid":"K64G02S00030","name":"神埼村","reading":"かんざき","gun":"神埼郡","domains":["saga"],"isShared":false,"shared":[]},"geometry":{"type":"MultiPolygon","coordinates":[[[[130.37368,33.31076],[130.3744,33.30901],[130.375,33.30911],[130.3748,33.30985],[130.37845,33.31059],[130.37841,33.31099],[130.37468,33.31047],[130.37456,33.31093],[130.37368,33.31076]]],[[[130.37333,33.30506],[130.37156,33.30565],[130.37102,33.30517],[130.37009,33.30507],[130.37011,33.30565],[130.36879,33.30529],[130.36927,33.30398],[130.36898,33.30282],[130.37252,33.30338],[130.37271,33.30467],[130.37333,33.30506]]],[[[130.36879,33.30529],[130.37011,33.30565],[130.37009,33.30507],[130.37102,33.30517],[130.37156,33.30565],[130.37278,33.30518],[130.37354,33.30557],[130.37316,33.3088],[130.37409,33.30898],[130.37329,33.31177],[130.37157,33.3104],[130.3721,33.3092],[130.36844,33.3088],[130.36839,33.30824],[130.36783,33.30809],[130.36879,33.30529]]],[[[130.37333,33.30506],[130.37488,33.30548],[130.37579,33.30477],[130.375,33.30911],[130.37316,33.3088],[130.37333,33.30506]]]]}},{"type":"Feature","properties":{"vid":"K64G02S00031","name":"竹村","reading":"たけ","gun":"神埼郡","domains":["saga"],"isShared":false,"shared":[]},"geometry":{"type":"MultiPolygon","coordinates":[[[[130.35459,33.30669],[130.35971,33.3076],[130.35914,33.3112],[130.3604,33.31139],[130.35999,33.31343],[130.35585,33.31268],[130.35568,33.31336],[130.35489,33.31323],[130.35508,33.31272],[130.3533,33.31242],[130.35459,33.30669]]],[[[130.36779,33.30766],[130.36806,33.30918],[130.36667,33.31414],[130.3653,33.31433],[130.35999,33.31343],[130.3604,33.31139],[130.35914,33.3112],[130.35971,33.3076],[130.36632,33.30831],[130.36779,33.30766]]],[[[130.35765,33.324],[130.35689,33.32392],[130.3568,33.3217],[130.35827,33.31953],[130.35942,33.31971],[130.35957,33.31905],[130.36172,33.31942],[130.3616,33.32004],[130.36353,33.32033],[130.36375,33.31946],[130.36489,33.31963],[130.36323,33.32582],[130.36187,33.32562],[130.3623,33.32471],[130.35765,33.324]]],[[[130.36323,33.32582],[130.36531,33.31856],[130.36555,33.31594],[130.36667,33.31414],[130.36749,33.32121],[130.36959,33.32265],[130.36892,33.3244],[130.36948,33.32685],[130.36323,33.32582]]],[[[130.35957,33.31905],[130.3579,33.31895],[130.35707,33.31827],[130.35776,33.31497],[130.35829,33.31499],[130.35814,33.31314],[130.3653,33.31433],[130.36667,33.31414],[130.36555,33.31594],[130.36489,33.31963],[130.36375,33.31946],[130.36353,33.32033],[130.3616,33.32004],[130.36172,33.31942],[130.35957,33.31905]]],[[[130.35307,33.31319],[130.3533,33.31242],[130.35508,33.31272],[130.35489,33.31323],[130.35568,33.31336],[130.35585,33.31268],[130.35814,33.31314],[130.35829,33.31499],[130.35776,33.31497],[130.357,33.31862],[130.3542,33.31839],[130.35411,33.31904],[130.35168,33.31836],[130.35244,33.31758],[130.35219,33.31698],[130.35307,33.31319]]],[[[130.35224,33.32256],[130.35254,33.32214],[130.35093,33.32147],[130.35168,33.31836],[130.35411,33.31904],[130.3542,33.31839],[130.357,33.31862],[130.35707,33.31827],[130.3579,33.31895],[130.35957,33.31905],[130.35942,33.31971],[130.35827,33.31953],[130.3568,33.3217],[130.35689,33.32392],[130.35545,33.32429],[130.35237,33.32373],[130.35184,33.32327],[130.35128,33.32364],[130.35224,33.32256]]]]}},{"type":"Feature","properties":{"vid":"K64G02S00032","name":"志波屋村","reading":"しわや","gun":"神埼郡","domains":["saga"],"isShared":false,"shared":[]},"geometry":{"type":"MultiPolygon","coordinates":[[[[130.37998,33.35586],[130.37916,33.35905],[130.37828,33.35979],[130.37745,33.36208],[130.37924,33.36507],[130.37687,33.36798],[130.37537,33.37071],[130.37639,33.37213],[130.37606,33.37325],[130.3766,33.37413],[130.37716,33.37781],[130.3761,33.3782],[130.3741,33.37744],[130.37247,33.37822],[130.36886,33.37657],[130.368,33.37511],[130.36628,33.37489],[130.36572,33.37325],[130.36209,33.37031],[130.3615,33.36822],[130.36219,33.3678],[130.3626,33.36616],[130.36337,33.36532],[130.36848,33.36004],[130.37024,33.35903],[130.37248,33.35479],[130.37486,33.35542],[130.37537,33.35606],[130.37998,33.35586]]],[[[130.37998,33.35586],[130.37537,33.35606],[130.37486,33.35542],[130.37248,33.35479],[130.37341,33.35343],[130.37342,33.35263],[130.37242,33.35098],[130.37195,33.34854],[130.37135,33.34804],[130.37171,33.34678],[130.37262,33.34662],[130.37281,33.34573],[130.37647,33.34721],[130.37848,33.34685],[130.3787,33.34749],[130.37975,33.34704],[130.38066,33.34806],[130.38224,33.34792],[130.38247,33.34919],[130.38001,33.35366],[130.37998,33.35586]]],[[[130.38224,33.34792],[130.38066,33.34806],[130.37975,33.34704],[130.3787,33.34749],[130.37848,33.34685],[130.37647,33.34721],[130.37281,33.34573],[130.37393,33.3409],[130.38251,33.3411],[130.38176,33.34284],[130.3817,33.34468],[130.38319,33.34462],[130.38224,33.34792]]],[[[130.38319,33.34462],[130.3817,33.34468],[130.38171,33.34328],[130.38388,33.33757],[130.38445,33.3338],[130.38433,33.32956],[130.3857,33.33007],[130.38559,33.33551],[130.38319,33.34462]]],[[[130.38251,33.3411],[130.37393,33.3409],[130.37546,33.33414],[130.376,33.32936],[130.37894,33.32857],[130.38049,33.32906],[130.38047,33.32849],[130.38429,33.3287],[130.38426,33.33528],[130.38344,33.33924],[130.38251,33.3411]]]]}},{"type":"Feature","properties":{"vid":"K64G02S00033","name":"田道ヶ里","reading":"たみちがり","gun":"神埼郡","domains":["saga"],"isShared":false,"shared":[]},"geometry":{"type":"MultiPolygon","coordinates":[[[[130.37882,33.3221],[130.37995,33.31824],[130.37907,33.31729],[130.37901,33.3161],[130.37969,33.31662],[130.38034,33.31641],[130.38065,33.31504],[130.38152,33.31523],[130.38174,33.31423],[130.38237,33.31432],[130.38304,33.31142],[130.38449,33.31177],[130.38514,33.31292],[130.38465,33.31316],[130.38632,33.31277],[130.38629,33.31314],[130.38855,33.31357],[130.38707,33.31806],[130.38358,33.31752],[130.38221,33.32265],[130.37882,33.3221]]],[[[130.37845,33.31059],[130.37917,33.31066],[130.37898,33.31172],[130.37939,33.31181],[130.37973,33.31079],[130.38304,33.31142],[130.38237,33.31432],[130.38174,33.31423],[130.38152,33.31523],[130.38065,33.31504],[130.38034,33.31641],[130.37969,33.31662],[130.37901,33.3161],[130.37907,33.31729],[130.37995,33.31824],[130.37347,33.3153],[130.37468,33.31047],[130.37841,33.31099],[130.37845,33.31059]]],[[[130.37368,33.31076],[130.37456,33.31093],[130.37347,33.3153],[130.37995,33.31824],[130.37815,33.32495],[130.37691,33.32469],[130.37722,33.32346],[130.37186,33.32265],[130.37165,33.31774],[130.37368,33.31076]]],[[[130.38855,33.31357],[130.38629,33.31314],[130.38632,33.31277],[130.38465,33.31316],[130.38514,33.31292],[130.38449,33.31177],[130.38192,33.31125],[130.38274,33.30746],[130.38652,33.30817],[130.38705,33.3062],[130.39031,33.30684],[130.38833,33.31207],[130.38855,33.31357]]],[[[130.39031,33.30684],[130.38705,33.3062],[130.38652,33.30817],[130.38274,33.30746],[130.38463,33.30077],[130.38538,33.3009],[130.38554,33.29991],[130.39182,33.30118],[130.39031,33.30684]]]]}},{"type":"Feature","properties":{"vid":"K64G02S00034","name":"広滝山","reading":"ひろたきやま","gun":"神埼郡","domains":["saga"],"isShared":false,"shared":[]},"geometry":{"type":"MultiPolygon","coordinates":[[[[130.34318,33.38147],[130.34176,33.3784],[130.34214,33.37592],[130.34163,33.37383],[130.34203,33.37081],[130.34175,33.36823],[130.35023,33.36729],[130.35053,33.36902],[130.35255,33.37022],[130.34539,33.37636],[130.34318,33.38147]]],[[[130.31135,33.38248],[130.31158,33.38063],[130.31398,33.37684],[130.31418,33.37522],[130.3148,33.37475],[130.31886,33.37354],[130.32114,33.37379],[130.32435,33.37605],[130.32598,33.37618],[130.32691,33.37728],[130.32606,33.3772],[130.32518,33.37789],[130.32465,33.38012],[130.32196,33.38126],[130.32171,33.38335],[130.31994,33.38275],[130.31616,33.38255],[130.31545,33.38384],[130.3146,33.38425],[130.31135,33.38248]]],[[[130.32171,33.38335],[130.32196,33.38126],[130.32465,33.38012],[130.32518,33.37789],[130.32606,33.3772],[130.32691,33.37728],[130.32598,33.37618],[130.32784,33.37595],[130.32925,33.37648],[130.33033,33.37483],[130.33106,33.37469],[130.33285,33.3754],[130.33297,33.37637],[130.3343,33.37697],[130.33601,33.37915],[130.33654,33.38134],[130.33717,33.3814],[130.33812,33.38316],[130.33988,33.38358],[130.34034,33.38481],[130.34286,33.38562],[130.34327,33.38645],[130.3439,33.38663],[130.34597,33.39084],[130.34497,33.39166],[130.34413,33.39161],[130.34303,33.38954],[130.34158,33.38933],[130.34078,33.38841],[130.33984,33.38883],[130.33887,33.38849],[130.33653,33.39012],[130.33555,33.38977],[130.33514,33.38873],[130.33243,33.38912],[130.33205,33.38741],[130.33103,33.38813],[130.3304,33.38766],[130.327,33.38343],[130.32502,33.38334],[130.3213,33.38542],[130.32171,33.38335]]],[[[130.32598,33.37618],[130.32435,33.37605],[130.32114,33.37379],[130.32151,33.37319],[130.32105,33.37237],[130.32132,33.37114],[130.32223,33.37067],[130.32398,33.37115],[130.32485,33.37053],[130.32564,33.37089],[130.32676,33.37056],[130.32722,33.36948],[130.32985,33.36807],[130.3316,33.36827],[130.33312,33.3677],[130.33463,33.36833],[130.33627,33.36803],[130.33764,33.36542],[130.34175,33.36823],[130.34203,33.37081],[130.34163,33.37383],[130.34214,33.37592],[130.34176,33.3784],[130.34318,33.38147],[130.33988,33.38358],[130.33879,33.38351],[130.33812,33.38316],[130.33717,33.3814],[130.33654,33.38134],[130.33601,33.37915],[130.3343,33.37697],[130.33297,33.37637],[130.33285,33.3754],[130.33058,33.37471],[130.32925,33.37648],[130.32784,33.37595],[130.32598,33.37618]]],[[[130.34443,33.3549],[130.34765,33.35509],[130.34975,33.35575],[130.35351,33.35563],[130.35718,33.35716],[130.35916,33.35886],[130.3561,33.36083],[130.35537,33.36277],[130.35079,33.36496],[130.35024,33.36634],[130.3507,33.36688],[130.35023,33.36729],[130.34175,33.36823],[130.33764,33.36542],[130.33836,33.36423],[130.34275,33.36174],[130.3442,33.36141],[130.34398,33.36029],[130.3444,33.35888],[130.3433,33.35756],[130.34443,33.3549]]],[[[130.3626,33.36616],[130.36142,33.36886],[130.3591,33.36976],[130.3551,33.37283],[130.35255,33.37022],[130.35053,33.36902],[130.35023,33.36729],[130.3507,33.36688],[130.35024,33.36634],[130.35079,33.36496],[130.35537,33.36277],[130.35562,33.36151],[130.35679,33.36027],[130.35944,33.36231],[130.35982,33.36353],[130.362,33.36503],[130.3626,33.36616]]],[[[130.36142,33.36886],[130.36254,33.37087],[130.36591,33.37348],[130.36628,33.37489],[130.368,33.37511],[130.36886,33.37657],[130.37249,33.37814],[130.37219,33.37938],[130.37111,33.38032],[130.37061,33.38218],[130.36841,33.38333],[130.36796,33.38551],[130.36667,33.38618],[130.36686,33.38727],[130.36518,33.38915],[130.36507,33.38993],[130.35696,33.39114],[130.35519,33.38965],[130.35483,33.38742],[130.35401,33.38578],[130.35,33.381],[130.34787,33.38213],[130.34629,33.38438],[130.34541,33.38668],[130.34597,33.39084],[130.3439,33.38663],[130.34327,33.38645],[130.34286,33.38562],[130.34034,33.38481],[130.33988,33.38358],[130.34318,33.38147],[130.34539,33.37636],[130.3517,33.37063],[130.35255,33.37022],[130.35534,33.37279],[130.3591,33.36976],[130.36142,33.36886]]],[[[130.34597,33.39084],[130.34541,33.38668],[130.34629,33.38438],[130.34787,33.38213],[130.35,33.381],[130.35401,33.38578],[130.35483,33.38742],[130.35519,33.38965],[130.35657,33.3909],[130.35809,33.3912],[130.36507,33.38993],[130.36665,33.39075],[130.36726,33.39203],[130.36492,33.39477],[130.36464,33.39686],[130.36303,33.39761],[130.36196,33.39882],[130.36083,33.39891],[130.36036,33.40066],[130.35831,33.40076],[130.35784,33.40275],[130.35288,33.40276],[130.35072,33.40563],[130.34649,33.40569],[130.34593,33.40562],[130.34674,33.40341],[130.34621,33.40131],[130.34413,33.39947],[130.34591,33.39792],[130.34678,33.39599],[130.34593,33.39412],[130.34689,33.3908],[130.34597,33.39084]]]]}},{"type":"Feature","properties":{"vid":"K64G02S00035","name":"腹巻山","reading":"はらまきやま","gun":"神埼郡","domains":["saga"],"isShared":false,"shared":[]},"geometry":{"type":"MultiPolygon","coordinates":[[[[130.33243,33.38912],[130.33514,33.38873],[130.33555,33.38977],[130.33653,33.39012],[130.33887,33.38849],[130.33984,33.38883],[130.34078,33.38841],[130.34158,33.38933],[130.34303,33.38954],[130.34413,33.39161],[130.34497,33.39166],[130.34687,33.39074],[130.34593,33.39412],[130.34678,33.39599],[130.34609,33.39765],[130.34413,33.39947],[130.3317,33.39873],[130.33233,33.39674],[130.33193,33.39299],[130.33243,33.38912]]],[[[130.31425,33.3842],[130.31545,33.38384],[130.31598,33.38258],[130.31994,33.38275],[130.32171,33.38335],[130.3213,33.38542],[130.32502,33.38334],[130.32676,33.38338],[130.32849,33.38481],[130.3304,33.38766],[130.33103,33.38813],[130.33205,33.38741],[130.33249,33.38864],[130.33193,33.39299],[130.33233,33.39674],[130.3317,33.39873],[130.33009,33.39846],[130.32611,33.39518],[130.32035,33.39276],[130.31701,33.38647],[130.31425,33.3842]]],[[[130.31135,33.38248],[130.31701,33.38647],[130.32035,33.39276],[130.32611,33.39518],[130.33009,33.39846],[130.33159,33.39897],[130.32899,33.3999],[130.3255,33.39942],[130.31923,33.39675],[130.31089,33.39177],[130.30723,33.39152],[130.30739,33.3874],[130.30829,33.38696],[130.30792,33.38617],[130.30958,33.38352],[130.31135,33.38248]]],[[[130.30723,33.39152],[130.31089,33.39177],[130.31923,33.39675],[130.32541,33.39938],[130.32525,33.40157],[130.3261,33.4075],[130.33196,33.41153],[130.33109,33.41333],[130.33312,33.41473],[130.33192,33.41546],[130.32883,33.41447],[130.32554,33.41464],[130.32417,33.41522],[130.32061,33.4139],[130.32075,33.41301],[130.31806,33.40981],[130.31574,33.40474],[130.31426,33.39858],[130.31069,33.39611],[130.30529,33.39371],[130.30473,33.39301],[130.30615,33.39178],[130.30723,33.39152]]],[[[130.32634,33.42207],[130.32512,33.42157],[130.32259,33.4216],[130.3202,33.42058],[130.32016,33.42003],[130.32154,33.41928],[130.32273,33.4179],[130.32312,33.4148],[130.32417,33.41522],[130.32554,33.41464],[130.32883,33.41447],[130.33192,33.41546],[130.33312,33.41473],[130.33109,33.41333],[130.33196,33.41153],[130.32908,33.40924],[130.34123,33.40803],[130.34494,33.40686],[130.34593,33.40562],[130.34685,33.40959],[130.34674,33.41103],[130.34749,33.41166],[130.34759,33.41308],[130.34862,33.41474],[130.34816,33.41746],[130.34684,33.41949],[130.34658,33.42119],[130.34753,33.4238],[130.34959,33.42613],[130.34394,33.42934],[130.34227,33.42675],[130.34036,33.42662],[130.34021,33.42597],[130.33924,33.42567],[130.33859,33.4227],[130.33774,33.42185],[130.3362,33.42143],[130.33523,33.42197],[130.33477,33.42155],[130.33409,33.42069],[130.33467,33.4191],[130.3342,33.41743],[130.33064,33.42002],[130.32634,33.42207]]],[[[130.32016,33.42003],[130.31996,33.4179],[130.31923,33.41648],[130.31759,33.41555],[130.31686,33.41623],[130.31569,33.41615],[130.31541,33.41537],[130.31432,33.41483],[130.31417,33.41335],[130.31301,33.41181],[130.31057,33.41225],[130.30927,33.41155],[130.30728,33.41303],[130.30287,33.41068],[130.30017,33.40969],[130.2994,33.41001],[130.29835,33.40929],[130.29823,33.40818],[130.29704,33.40631],[130.29766,33.40488],[130.29404,33.40317],[130.29747,33.39825],[130.30083,33.39595],[130.30085,33.39474],[130.30144,33.39394],[130.30315,33.39303],[130.30473,33.39301],[130.30529,33.39371],[130.31069,33.39611],[130.31426,33.39858],[130.31547,33.40404],[130.31806,33.40981],[130.32075,33.41301],[130.32061,33.4139],[130.32312,33.4148],[130.32273,33.4179],[130.32154,33.41928],[130.32016,33.42003]]],[[[130.34413,33.39947],[130.34593,33.40077],[130.34674,33.40341],[130.34593,33.40562],[130.34404,33.40726],[130.34026,33.40819],[130.32908,33.40924],[130.32661,33.4082],[130.3261,33.4075],[130.32525,33.40157],[130.32541,33.39938],[130.32899,33.3999],[130.3317,33.39873],[130.34413,33.39947]]],[[[130.36208,33.39876],[130.36303,33.39761],[130.36476,33.39671],[130.36492,33.39477],[130.36641,33.39333],[130.36776,33.39381],[130.36897,33.39327],[130.36978,33.39472],[130.37234,33.39539],[130.37433,33.39461],[130.37716,33.39495],[130.3788,33.39734],[130.38076,33.39833],[130.38208,33.40196],[130.38371,33.40464],[130.38237,33.40696],[130.38361,33.40904],[130.38225,33.41111],[130.38082,33.41143],[130.378,33.41353],[130.37825,33.41476],[130.37768,33.41566],[130.37838,33.41659],[130.37257,33.41759],[130.37182,33.41702],[130.37177,33.41595],[130.37033,33.41423],[130.37009,33.41322],[130.36667,33.4101],[130.36398,33.41002],[130.36198,33.40888],[130.3601,33.40849],[130.3609,33.40683],[130.36326,33.40571],[130.36509,33.40317],[130.36525,33.40059],[130.36208,33.39876]]],[[[130.35072,33.40563],[130.35253,33.40288],[130.35784,33.40275],[130.35831,33.40076],[130.36036,33.40066],[130.36083,33.39891],[130.36208,33.39876],[130.36525,33.40059],[130.36509,33.40317],[130.36326,33.40571],[130.3609,33.40683],[130.3601,33.40849],[130.36198,33.40888],[130.36398,33.41002],[130.36667,33.4101],[130.37009,33.41322],[130.37033,33.41423],[130.37177,33.41595],[130.37182,33.41702],[130.37257,33.41759],[130.36564,33.41895],[130.36281,33.42063],[130.35604,33.41402],[130.35556,33.41249],[130.35312,33.41219],[130.35323,33.41073],[130.35243,33.40841],[130.35072,33.40563]]],[[[130.34593,33.40562],[130.35072,33.40563],[130.35243,33.40841],[130.35323,33.41073],[130.35312,33.41219],[130.35556,33.41249],[130.35604,33.41402],[130.36281,33.42063],[130.356,33.42445],[130.34959,33.42613],[130.34753,33.4238],[130.34658,33.42119],[130.34684,33.41949],[130.34816,33.41746],[130.34862,33.41474],[130.34759,33.41308],[130.34749,33.41166],[130.34674,33.41103],[130.34685,33.40959],[130.34593,33.40562]]],[[[130.32876,33.42933],[130.32889,33.42755],[130.32761,33.42446],[130.32781,33.42348],[130.32733,33.42237],[130.32634,33.42207],[130.33064,33.42002],[130.3342,33.41743],[130.33467,33.4191],[130.33409,33.42069],[130.33477,33.42155],[130.33523,33.42197],[130.3362,33.42143],[130.33774,33.42185],[130.33859,33.4227],[130.33924,33.42567],[130.34021,33.42597],[130.34036,33.42662],[130.34227,33.42675],[130.34394,33.42934],[130.33276,33.43552],[130.33182,33.43472],[130.33073,33.43467],[130.32871,33.43009],[130.32876,33.42933]]],[[[130.33975,33.44461],[130.3402,33.44332],[130.33941,33.44202],[130.33974,33.44103],[130.33913,33.44052],[130.33734,33.44028],[130.33727,33.4397],[130.33472,33.44017],[130.33449,33.44068],[130.3332,33.44018],[130.33297,33.43965],[130.33442,33.43865],[130.33375,33.43652],[130.33276,33.43552],[130.34806,33.42679],[130.35091,33.42555],[130.356,33.42445],[130.36564,33.41895],[130.37838,33.41659],[130.37856,33.41722],[130.37662,33.41912],[130.37671,33.42102],[130.37809,33.42343],[130.37795,33.42703],[130.37683,33.42787],[130.3766,33.42899],[130.3753,33.4302],[130.37268,33.43144],[130.37211,33.43242],[130.37065,33.43312],[130.37023,33.43487],[130.36892,33.43621],[130.36853,33.43617],[130.36829,33.43497],[130.36705,33.43401],[130.36494,33.43404],[130.36338,33.43494],[130.3585,33.43353],[130.35669,33.43452],[130.35579,33.43324],[130.35212,33.43679],[130.35148,33.43883],[130.3496,33.43949],[130.34943,33.44022],[130.34543,33.44502],[130.34316,33.4445],[130.34125,33.44543],[130.33975,33.44461]]]]}},{"type":"Feature","properties":{"vid":"K64G02S00036","name":"鹿路山","reading":"ろくろやま","gun":"神埼郡","domains":["saga"],"isShared":false,"shared":[]},"geometry":{"type":"MultiPolygon","coordinates":[[[[130.28359,33.38013],[130.2847,33.37946],[130.28643,33.3793],[130.28612,33.37746],[130.28669,33.37584],[130.28578,33.37441],[130.28451,33.37365],[130.28513,33.37265],[130.28365,33.37228],[130.28435,33.37116],[130.28311,33.37036],[130.28345,33.36916],[130.28223,33.36593],[130.2822,33.3639],[130.28268,33.36338],[130.28195,33.36256],[130.28224,33.3617],[130.28123,33.36095],[130.28178,33.36025],[130.28304,33.36155],[130.28431,33.36089],[130.28576,33.36126],[130.28676,33.36077],[130.28956,33.36603],[130.28971,33.36725],[130.28867,33.3688],[130.29117,33.37006],[130.29166,33.37112],[130.29281,33.37129],[130.2936,33.37508],[130.29292,33.37647],[130.29353,33.37721],[130.29361,33.37909],[130.29326,33.38012],[130.29196,33.38087],[130.29182,33.38207],[130.28868,33.38095],[130.28745,33.38251],[130.28471,33.38022],[130.28359,33.38013]]],[[[130.28973,33.36717],[130.28918,33.36517],[130.28676,33.36077],[130.28663,33.35949],[130.28775,33.35832],[130.2907,33.35872],[130.29523,33.35745],[130.2961,33.35803],[130.2977,33.35728],[130.30019,33.35957],[130.30078,33.36197],[130.29913,33.36183],[130.29878,33.36311],[130.2979,33.36351],[130.29552,33.36246],[130.29239,33.36465],[130.29162,33.36662],[130.28973,33.36717]]],[[[130.30426,33.34859],[130.30532,33.34819],[130.30651,33.34865],[130.30674,33.34978],[130.30602,33.35094],[130.30643,33.3532],[130.30742,33.35473],[130.30739,33.35655],[130.30862,33.35749],[130.30619,33.36189],[130.30441,33.36187],[130.30344,33.36126],[130.30193,33.36208],[130.30085,33.36134],[130.30019,33.35957],[130.29769,33.35735],[130.2987,33.35719],[130.30264,33.35315],[130.3045,33.35217],[130.30503,33.35024],[130.30426,33.34859]]],[[[130.32236,33.35989],[130.32401,33.36023],[130.32567,33.35963],[130.32684,33.36065],[130.32729,33.35969],[130.32971,33.35756],[130.32988,33.35672],[130.33114,33.35649],[130.33183,33.35599],[130.33204,33.35498],[130.33317,33.35464],[130.33387,33.35491],[130.33752,33.35375],[130.33943,33.35415],[130.34285,33.35367],[130.34443,33.3549],[130.3433,33.35756],[130.3444,33.35888],[130.34398,33.36029],[130.3442,33.36141],[130.34275,33.36174],[130.33819,33.36436],[130.33637,33.36798],[130.33463,33.36833],[130.33312,33.3677],[130.3316,33.36827],[130.32985,33.36807],[130.32722,33.36948],[130.32687,33.3705],[130.32564,33.37089],[130.32495,33.37053],[130.32409,33.37115],[130.32197,33.37076],[130.32024,33.36891],[130.31968,33.36739],[130.31944,33.36504],[130.31994,33.36351],[130.32236,33.35989]]],[[[130.30862,33.35749],[130.30951,33.35859],[130.31156,33.35902],[130.31488,33.36082],[130.31581,33.36053],[130.31537,33.35943],[130.31604,33.35878],[130.31803,33.359],[130.3187,33.35848],[130.31979,33.35964],[130.32089,33.3594],[130.32236,33.35989],[130.31994,33.36351],[130.31944,33.36504],[130.32024,33.36891],[130.32197,33.37076],[130.32105,33.37152],[130.32141,33.37351],[130.31941,33.37383],[130.31886,33.37354],[130.31436,33.37498],[130.31398,33.37684],[130.31158,33.38063],[130.31135,33.38248],[130.3099,33.38319],[130.3084,33.38178],[130.30721,33.37946],[130.30603,33.37588],[130.30524,33.3707],[130.30604,33.36756],[130.3052,33.36425],[130.30724,33.35948],[130.30862,33.35749]]],[[[130.2918,33.38207],[130.29196,33.38087],[130.29326,33.38012],[130.29361,33.37909],[130.29353,33.37721],[130.29292,33.37647],[130.2936,33.37508],[130.29342,33.37364],[130.29281,33.37129],[130.29166,33.37112],[130.29117,33.37006],[130.28867,33.3688],[130.28981,33.36686],[130.29162,33.36662],[130.29239,33.36465],[130.29552,33.36246],[130.2979,33.36351],[130.29878,33.36311],[130.29913,33.36183],[130.30038,33.36213],[130.30085,33.36134],[130.30193,33.36208],[130.30344,33.36126],[130.30441,33.36187],[130.30619,33.36189],[130.3052,33.36425],[130.30604,33.36756],[130.30524,33.3707],[130.30603,33.37588],[130.30721,33.37946],[130.3084,33.38178],[130.3099,33.38319],[130.30875,33.38487],[130.30503,33.38592],[130.30385,33.38525],[130.29648,33.38519],[130.29542,33.38554],[130.29344,33.38519],[130.29174,33.38273],[130.2918,33.38207]]],[[[130.29404,33.40317],[130.29268,33.40246],[130.29237,33.40323],[130.29196,33.40321],[130.29081,33.39811],[130.29071,33.39682],[130.29171,33.39349],[130.29173,33.38725],[130.29123,33.38683],[130.29344,33.38519],[130.29542,33.38554],[130.29648,33.38519],[130.30385,33.38525],[130.30503,33.38592],[130.30875,33.38487],[130.30792,33.38617],[130.30829,33.38696],[130.30739,33.3874],[130.30723,33.39152],[130.30615,33.39178],[130.3051,33.3929],[130.30315,33.39303],[130.30144,33.39394],[130.30085,33.39474],[130.30083,33.39595],[130.29747,33.39825],[130.29404,33.40317]]],[[[130.27372,33.38705],[130.27537,33.38518],[130.27651,33.38465],[130.27595,33.38263],[130.27678,33.38051],[130.28004,33.38199],[130.28016,33.38088],[130.28198,33.37964],[130.28471,33.38022],[130.28745,33.38251],[130.28868,33.38095],[130.2918,33.38207],[130.29228,33.38376],[130.29346,33.38514],[130.29123,33.38683],[130.29173,33.38725],[130.29171,33.39349],[130.29071,33.39682],[130.29196,33.40321],[130.28905,33.40301],[130.2879,33.40219],[130.28659,33.4037],[130.28568,33.40235],[130.28436,33.40343],[130.28146,33.40265],[130.28049,33.40328],[130.27954,33.40264],[130.27866,33.40274],[130.27736,33.40113],[130.27746,33.39953],[130.27549,33.39804],[130.27652,33.39216],[130.27579,33.38966],[130.27429,33.38924],[130.27385,33.38859],[130.27372,33.38705]]]]}},{"type":"Feature","properties":{"vid":"K64G02S00037","name":"杠山","reading":"ゆずりは","gun":"神埼郡","domains":["saga"],"isShared":false,"shared":[]},"geometry":{"type":"MultiPolygon","coordinates":[[[[130.27687,33.42458],[130.27717,33.42473],[130.2765,33.42582],[130.27658,33.42754],[130.27557,33.42806],[130.2763,33.42855],[130.27677,33.42983],[130.276,33.43209],[130.27245,33.43293],[130.27318,33.43433],[130.27266,33.43451],[130.27184,33.43609],[130.27076,33.43601],[130.27047,33.43557],[130.27144,33.43471],[130.27024,33.43368],[130.26974,33.43246],[130.26783,33.43161],[130.2668,33.43048],[130.26644,33.42957],[130.26687,33.42866],[130.26583,33.42767],[130.26953,33.42617],[130.26834,33.42407],[130.26956,33.42101],[130.27318,33.41825],[130.27486,33.41757],[130.27453,33.42143],[130.2752,33.42454],[130.27687,33.42458]]],[[[130.26669,33.40143],[130.26729,33.40127],[130.26751,33.40221],[130.26916,33.40352],[130.27275,33.40368],[130.27223,33.40926],[130.27255,33.41029],[130.27434,33.41101],[130.27521,33.41248],[130.2747,33.41312],[130.2749,33.41745],[130.26956,33.42101],[130.26834,33.42407],[130.26953,33.42617],[130.26376,33.42857],[130.26359,33.42913],[130.25977,33.428],[130.25794,33.42894],[130.25763,33.42848],[130.25846,33.42647],[130.25631,33.42339],[130.25542,33.42299],[130.25387,33.42332],[130.25401,33.42531],[130.25163,33.42592],[130.24754,33.42258],[130.24665,33.42053],[130.24675,33.4183],[130.2462,33.41711],[130.24621,33.41454],[130.24683,33.41379],[130.24645,33.41337],[130.24887,33.41174],[130.24961,33.41022],[130.24986,33.4071],[130.25037,33.40625],[130.25274,33.40599],[130.25593,33.40776],[130.25794,33.40769],[130.25941,33.40709],[130.25997,33.40608],[130.26231,33.40467],[130.26364,33.4031],[130.26542,33.40251],[130.26669,33.40143]]],[[[130.25274,33.43275],[130.25279,33.42965],[130.25163,33.42592],[130.25401,33.42531],[130.25387,33.42332],[130.25542,33.42299],[130.25631,33.42339],[130.25846,33.42647],[130.25763,33.42848],[130.25794,33.42894],[130.25977,33.428],[130.26329,33.42918],[130.26583,33.42767],[130.26687,33.42866],[130.26644,33.42957],[130.2668,33.43048],[130.26783,33.43161],[130.26974,33.43246],[130.27024,33.43368],[130.27144,33.43471],[130.27047,33.43557],[130.27085,33.43604],[130.26724,33.43992],[130.26466,33.44399],[130.26347,33.4429],[130.26261,33.44338],[130.26138,33.44231],[130.26063,33.44143],[130.26074,33.43974],[130.25934,33.43867],[130.25791,33.4392],[130.25602,33.43893],[130.25388,33.4372],[130.2535,33.4366],[130.25452,33.43574],[130.25428,33.43391],[130.25274,33.43275]]]]}},{"type":"Feature","properties":{"vid":"K64G02S00038","name":"三ツ瀬山","reading":"みつぜやま","gun":"神埼郡","domains":["saga"],"isShared":false,"shared":[]},"geometry":{"type":"MultiPolygon","coordinates":[[[[130.27687,33.42458],[130.27806,33.42443],[130.28176,33.42608],[130.2846,33.42557],[130.29061,33.42642],[130.29186,33.42618],[130.29313,33.42698],[130.29462,33.4264],[130.29498,33.4268],[130.29337,33.42819],[130.29159,33.42708],[130.28912,33.4283],[130.28743,33.42806],[130.28541,33.42892],[130.28415,33.42839],[130.28261,33.42863],[130.28169,33.42961],[130.28299,33.43174],[130.28329,33.43414],[130.2827,33.43471],[130.28064,33.43638],[130.27843,33.43435],[130.27734,33.43515],[130.27448,33.4357],[130.27389,33.43539],[130.27423,33.4343],[130.27245,33.43293],[130.27571,33.4324],[130.27624,33.43162],[130.27677,33.42983],[130.2763,33.42855],[130.27557,33.42806],[130.27658,33.42754],[130.2765,33.42582],[130.27717,33.42473],[130.27687,33.42458]]],[[[130.27933,33.44755],[130.28214,33.4475],[130.28275,33.44607],[130.28368,33.44569],[130.28475,33.44639],[130.28682,33.44661],[130.29056,33.44498],[130.29322,33.44615],[130.29594,33.44595],[130.29995,33.45058],[130.30052,33.45381],[130.30619,33.45772],[130.30805,33.45957],[130.30836,33.46242],[130.30593,33.46333],[130.30479,33.46214],[130.30235,33.46122],[130.30145,33.46217],[130.29683,33.4629],[130.29583,33.46362],[130.2951,33.4654],[130.29202,33.46362],[130.28896,33.46373],[130.28747,33.46273],[130.28609,33.46068],[130.28521,33.46166],[130.28316,33.45697],[130.28301,33.45494],[130.27861,33.45219],[130.27819,33.45143],[130.27933,33.44755]]],[[[130.27502,33.44909],[130.27288,33.44811],[130.27138,33.44831],[130.2709,33.44721],[130.26846,33.44669],[130.26752,33.44531],[130.26785,33.44451],[130.26737,33.44415],[130.26639,33.44431],[130.26592,33.44526],[130.26466,33.44399],[130.26861,33.43821],[130.27085,33.43604],[130.27184,33.43609],[130.27266,33.43451],[130.27318,33.43433],[130.27289,33.43352],[130.27423,33.4343],[130.27389,33.43539],[130.27448,33.4357],[130.27734,33.43515],[130.27843,33.43435],[130.28064,33.43638],[130.28119,33.43752],[130.28204,33.43772],[130.28361,33.43992],[130.28557,33.43994],[130.29056,33.44498],[130.28682,33.44661],[130.28475,33.44639],[130.28368,33.44569],[130.28275,33.44607],[130.28197,33.44757],[130.27933,33.44755],[130.27824,33.44827],[130.27641,33.44837],[130.27502,33.44909]]],[[[130.29056,33.44498],[130.28965,33.44441],[130.28905,33.44309],[130.28991,33.44164],[130.2883,33.43928],[130.2884,33.43811],[130.28961,33.43696],[130.29099,33.43677],[130.29139,33.43734],[130.29778,33.43782],[130.30228,33.44032],[130.30453,33.4434],[130.30605,33.4507],[130.30779,33.4543],[130.30813,33.45696],[130.31007,33.4578],[130.31388,33.458],[130.31303,33.46093],[130.3116,33.46134],[130.31103,33.46205],[130.30836,33.46242],[130.30805,33.45957],[130.30619,33.45772],[130.30052,33.45381],[130.29995,33.45058],[130.29594,33.44595],[130.29322,33.44615],[130.29056,33.44498]]],[[[130.27404,33.46159],[130.27318,33.45874],[130.27409,33.45617],[130.27515,33.45532],[130.2748,33.45464],[130.27538,33.45445],[130.27488,33.45216],[130.27531,33.44962],[130.27502,33.44909],[130.27641,33.44837],[130.27824,33.44827],[130.27933,33.44755],[130.27819,33.45143],[130.27935,33.45283],[130.28301,33.45494],[130.28316,33.45697],[130.28521,33.46166],[130.28609,33.46068],[130.28747,33.46273],[130.28896,33.46373],[130.29202,33.46362],[130.2951,33.4654],[130.29282,33.46653],[130.2913,33.46936],[130.28825,33.46961],[130.28603,33.47168],[130.28378,33.4727],[130.28176,33.47467],[130.27993,33.47192],[130.27891,33.47127],[130.27806,33.46956],[130.27698,33.46934],[130.27515,33.4674],[130.27557,33.46585],[130.27507,33.46525],[130.27479,33.46257],[130.27404,33.46159]]],[[[130.28064,33.43638],[130.28329,33.43414],[130.28299,33.43174],[130.28169,33.42961],[130.28261,33.42863],[130.28415,33.42839],[130.28541,33.42892],[130.28743,33.42806],[130.28912,33.4283],[130.29159,33.42708],[130.29337,33.42819],[130.29266,33.42932],[130.29262,33.43113],[130.29045,33.43251],[130.29024,33.43672],[130.2884,33.43811],[130.28855,33.44016],[130.28991,33.44164],[130.28905,33.44309],[130.2872,33.44193],[130.28544,33.43984],[130.28361,33.43992],[130.28204,33.43772],[130.28119,33.43752],[130.28064,33.43638]]]]}},{"type":"Feature","properties":{"vid":"K64G02S00039","name":"藤原山","reading":"ふじのはるやま","gun":"神埼郡","domains":["saga"],"isShared":false,"shared":[]},"geometry":{"type":"MultiPolygon","coordinates":[[[[130.31388,33.458],[130.31007,33.4578],[130.30813,33.45696],[130.30779,33.4543],[130.30605,33.4507],[130.30453,33.4434],[130.30252,33.44054],[130.30566,33.43982],[130.30496,33.43831],[130.30581,33.43731],[130.30526,33.43167],[130.30644,33.4319],[130.30756,33.43122],[130.30806,33.43187],[130.31034,33.43211],[130.31317,33.43428],[130.31637,33.4348],[130.31793,33.43415],[130.31799,33.43322],[130.31896,33.43274],[130.31915,33.43211],[130.3202,33.43207],[130.32218,33.43085],[130.32307,33.43098],[130.32369,33.43024],[130.32478,33.43041],[130.3252,33.42983],[130.32876,33.42933],[130.32871,33.43009],[130.33073,33.43467],[130.33182,33.43472],[130.33375,33.43652],[130.33442,33.43865],[130.33297,33.43965],[130.3332,33.44018],[130.33449,33.44068],[130.33472,33.44017],[130.33727,33.4397],[130.33734,33.44028],[130.33913,33.44052],[130.33974,33.44103],[130.33941,33.44202],[130.3402,33.44332],[130.33975,33.44461],[130.33637,33.44523],[130.33617,33.44792],[130.33485,33.4505],[130.33162,33.45139],[130.32595,33.45516],[130.32298,33.45604],[130.32123,33.45826],[130.31999,33.4587],[130.31641,33.4587],[130.31388,33.458]]],[[[130.29337,33.42819],[130.29489,33.42695],[130.29462,33.4264],[130.29725,33.42556],[130.30236,33.42699],[130.30372,33.42653],[130.30645,33.42702],[130.3072,33.42662],[130.30787,33.42499],[130.30873,33.42494],[130.30884,33.42439],[130.3105,33.42336],[130.31125,33.42389],[130.31519,33.4235],[130.31606,33.42458],[130.31733,33.42455],[130.32145,33.4268],[130.32333,33.42727],[130.32786,33.42536],[130.32899,33.42857],[130.32817,33.42967],[130.32712,33.42941],[130.3252,33.42983],[130.32489,33.43039],[130.32369,33.43024],[130.32307,33.43098],[130.32218,33.43085],[130.3202,33.43207],[130.31915,33.43211],[130.31896,33.43274],[130.31799,33.43322],[130.31793,33.43415],[130.31637,33.4348],[130.31317,33.43428],[130.31034,33.43211],[130.30806,33.43187],[130.30756,33.43122],[130.30644,33.4319],[130.30526,33.43167],[130.30581,33.43731],[130.30496,33.43831],[130.30566,33.43982],[130.30252,33.44054],[130.29778,33.43782],[130.29168,33.43739],[130.29099,33.43677],[130.2903,33.43688],[130.29045,33.43251],[130.29262,33.43113],[130.29266,33.42932],[130.29337,33.42819]]],[[[130.29462,33.4264],[130.29326,33.42699],[130.29186,33.42618],[130.29053,33.4264],[130.28841,33.42293],[130.28738,33.42215],[130.28492,33.42185],[130.28467,33.42143],[130.28637,33.42076],[130.28635,33.41995],[130.28571,33.41974],[130.28567,33.41668],[130.2821,33.41421],[130.27976,33.40916],[130.28046,33.40715],[130.28054,33.40327],[130.28119,33.40274],[130.28436,33.40343],[130.28568,33.40235],[130.28659,33.4037],[130.28782,33.40219],[130.28892,33.40297],[130.29032,33.40321],[130.29232,33.40326],[130.29276,33.40247],[130.29766,33.40488],[130.29704,33.40631],[130.29823,33.40818],[130.29835,33.40929],[130.299,33.40978],[130.29833,33.41057],[130.29862,33.41157],[130.29538,33.41376],[130.2953,33.41552],[130.29447,33.41635],[130.29212,33.41735],[130.29336,33.41938],[130.29519,33.42111],[130.29543,33.42358],[130.29462,33.4264]]],[[[130.29462,33.4264],[130.29543,33.42358],[130.29519,33.42111],[130.29336,33.41938],[130.29212,33.41735],[130.29521,33.41567],[130.29538,33.41376],[130.29862,33.41157],[130.29833,33.41057],[130.299,33.40978],[130.30152,33.41013],[130.30728,33.41303],[130.30927,33.41155],[130.31057,33.41225],[130.31301,33.41181],[130.31417,33.41335],[130.31432,33.41483],[130.31541,33.41537],[130.31569,33.41615],[130.31686,33.41623],[130.31759,33.41555],[130.31923,33.41648],[130.31996,33.4179],[130.3202,33.42058],[130.32259,33.4216],[130.32512,33.42157],[130.32733,33.42237],[130.32782,33.4236],[130.32786,33.42536],[130.32361,33.42729],[130.32145,33.4268],[130.31733,33.42455],[130.31606,33.42458],[130.31519,33.4235],[130.31125,33.42389],[130.31008,33.42349],[130.30873,33.42494],[130.30749,33.42536],[130.3072,33.42662],[130.30645,33.42702],[130.30372,33.42653],[130.30236,33.42699],[130.29725,33.42556],[130.29462,33.4264]]],[[[130.27275,33.40368],[130.27396,33.40243],[130.27635,33.40175],[130.27723,33.40072],[130.27866,33.40274],[130.27954,33.40264],[130.28054,33.40327],[130.28046,33.40715],[130.27976,33.40916],[130.2821,33.41421],[130.28567,33.41668],[130.28571,33.41974],[130.28635,33.41995],[130.28637,33.42076],[130.28467,33.42143],[130.28492,33.42185],[130.28738,33.42215],[130.28841,33.42293],[130.29038,33.42631],[130.2846,33.42557],[130.28176,33.42608],[130.27806,33.42443],[130.27523,33.4246],[130.27453,33.42143],[130.27485,33.42055],[130.2747,33.41312],[130.27521,33.41248],[130.27471,33.41133],[130.27241,33.40996],[130.27218,33.4071],[130.27275,33.40368]]]]}},{"type":"Feature","properties":{"vid":"K64G02S00040","name":"直島村","reading":"なおとり","gun":"神埼郡","domains":["hasuike"],"isShared":false,"shared":[]},"geometry":{"type":"MultiPolygon","coordinates":[[[[130.36412,33.27482],[130.36363,33.27232],[130.36448,33.27253],[130.36455,33.2717],[130.3627,33.27186],[130.36287,33.27074],[130.36463,33.27104],[130.3647,33.27005],[130.3624,33.2701],[130.36206,33.26973],[130.36221,33.26839],[130.36383,33.26849],[130.3638,33.26925],[130.36481,33.26932],[130.36475,33.2698],[130.36922,33.27013],[130.36934,33.26909],[130.3729,33.26907],[130.3729,33.27046],[130.37524,33.27067],[130.3752,33.26757],[130.37558,33.26669],[130.37634,33.26677],[130.37555,33.27417],[130.37518,33.27526],[130.37368,33.27499],[130.37443,33.27517],[130.37462,33.27633],[130.37356,33.27829],[130.36848,33.27834],[130.36844,33.27743],[130.36583,33.27753],[130.36548,33.27474],[130.36412,33.27482]]],[[[130.37634,33.26677],[130.37558,33.26669],[130.3752,33.26757],[130.37524,33.27067],[130.3729,33.27046],[130.3729,33.26907],[130.36934,33.26909],[130.36922,33.27013],[130.36475,33.2698],[130.36481,33.26932],[130.3638,33.26925],[130.36372,33.26774],[130.36239,33.26699],[130.36296,33.26571],[130.36226,33.26504],[130.36267,33.26503],[130.36259,33.26438],[130.36387,33.26443],[130.36397,33.26316],[130.36769,33.26278],[130.3677,33.26245],[130.37321,33.26265],[130.3767,33.26386],[130.37634,33.26677]]]]}},{"type":"Feature","properties":{"vid":"K64G02S00041","name":"嘉納村","reading":"かのう","gun":"神埼郡","domains":["hasuike"],"isShared":false,"shared":[]},"geometry":{"type":"MultiPolygon","coordinates":[[[[130.37071,33.28644],[130.37227,33.27826],[130.37356,33.27829],[130.37345,33.2787],[130.37429,33.27882],[130.37443,33.27793],[130.37515,33.278],[130.37509,33.27852],[130.37787,33.27912],[130.37763,33.28005],[130.38213,33.28084],[130.38126,33.28571],[130.37686,33.28496],[130.3766,33.28604],[130.37384,33.28551],[130.37337,33.28665],[130.37071,33.28644]]],[[[130.37356,33.27829],[130.37462,33.27633],[130.37443,33.27517],[130.37368,33.27499],[130.37518,33.27526],[130.37578,33.27282],[130.38073,33.27341],[130.38048,33.27497],[130.38213,33.27528],[130.38157,33.2782],[130.38261,33.27846],[130.38213,33.28084],[130.37763,33.28005],[130.37787,33.27912],[130.37509,33.27852],[130.37515,33.278],[130.37443,33.27793],[130.37429,33.27882],[130.37345,33.2787],[130.37356,33.27829]]]]}},{"type":"Feature","properties":{"vid":"K64G02S00043","name":"下西村","reading":"しもさい","gun":"神埼郡","domains":["hasuike"],"isShared":false,"shared":[]},"geometry":{"type":"MultiPolygon","coordinates":[[[[130.34241,33.26272],[130.34407,33.26337],[130.34587,33.2634],[130.34806,33.26316],[130.34795,33.26266],[130.34992,33.26234],[130.34996,33.26173],[130.35118,33.26199],[130.35108,33.26256],[130.34992,33.26256],[130.34997,33.26413],[130.34885,33.26433],[130.35022,33.26745],[130.34654,33.26811],[130.3465,33.26844],[130.34408,33.26806],[130.34026,33.26845],[130.34192,33.26531],[130.34241,33.26272]]],[[[130.34241,33.26271],[130.34353,33.25985],[130.3427,33.25956],[130.34323,33.25861],[130.34284,33.25638],[130.35018,33.25663],[130.35002,33.26146],[130.34929,33.26153],[130.34914,33.26231],[130.34795,33.26266],[130.34806,33.26316],[130.34504,33.26346],[130.34241,33.26271]]],[[[130.34284,33.25638],[130.34269,33.25526],[130.34347,33.25332],[130.34224,33.25291],[130.34363,33.2499],[130.34993,33.25009],[130.35039,33.25046],[130.35018,33.25663],[130.34284,33.25638]]]]}},{"type":"Feature","properties":{"vid":"K64G02S00046","name":"小松村","reading":"こまつ","gun":"神埼郡","domains":["hasuike"],"isShared":false,"shared":[]},"geometry":{"type":"MultiPolygon","coordinates":[[[[130.36708,33.24949],[130.36441,33.2494],[130.36467,33.24867],[130.36024,33.24844],[130.36062,33.24695],[130.362,33.24557],[130.36203,33.24521],[130.36005,33.24513],[130.36012,33.244],[130.36132,33.24403],[130.36107,33.24161],[130.36499,33.24173],[130.3649,33.24405],[130.36563,33.24408],[130.36563,33.24524],[130.3665,33.2453],[130.36647,33.24633],[130.36729,33.24634],[130.36708,33.24949]]],[[[130.36857,33.25094],[130.36706,33.25093],[130.36729,33.24634],[130.36647,33.24633],[130.3665,33.2453],[130.36913,33.24386],[130.37313,33.2436],[130.3733,33.24426],[130.37394,33.24436],[130.37371,33.24675],[130.37473,33.24731],[130.37535,33.24921],[130.37138,33.2497],[130.37072,33.25126],[130.36857,33.25094]]],[[[130.36016,33.25111],[130.35932,33.25001],[130.35936,33.24941],[130.36003,33.24952],[130.36024,33.24844],[130.36417,33.24869],[130.36357,33.25067],[130.36074,33.25045],[130.36069,33.251],[130.36016,33.25111]]]]}},{"type":"Feature","properties":{"vid":"K64G02S00047","name":"見島村","reading":"みしま","gun":"神埼郡","domains":["hasuike"],"isShared":false,"shared":[]},"geometry":{"type":"MultiPolygon","coordinates":[[[[130.35046,33.25256],[130.35529,33.25281],[130.35527,33.25224],[130.35567,33.25219],[130.36049,33.25245],[130.36062,33.25337],[130.35883,33.25598],[130.35124,33.25615],[130.35011,33.25602],[130.35046,33.25256]]],[[[130.36016,33.25111],[130.36049,33.25245],[130.35567,33.25219],[130.35527,33.25224],[130.35529,33.25281],[130.35126,33.25282],[130.35007,33.25252],[130.35039,33.25046],[130.35,33.25014],[130.35869,33.25041],[130.35834,33.25087],[130.35879,33.25132],[130.35933,33.25133],[130.35933,33.25076],[130.3601,33.25075],[130.36016,33.25111]]],[[[130.36016,33.25111],[130.36069,33.251],[130.36074,33.25045],[130.36357,33.25067],[130.36365,33.24939],[130.36467,33.24867],[130.36441,33.2494],[130.36708,33.24949],[130.36706,33.25093],[130.36857,33.25094],[130.36856,33.25164],[130.36967,33.25168],[130.37015,33.25358],[130.36823,33.25357],[130.36823,33.25456],[130.36695,33.25455],[130.36695,33.25698],[130.36464,33.25695],[130.36457,33.25645],[130.36355,33.25612],[130.36176,33.25631],[130.3616,33.25714],[130.35887,33.25714],[130.35888,33.25543],[130.36062,33.25337],[130.36016,33.25111]]]]}},{"type":"Feature","properties":{"vid":"K64G02S00048","name":"余り江村","reading":"あまりえ","gun":"神埼郡","domains":["hasuike"],"isShared":false,"shared":[]},"geometry":{"type":"MultiPolygon","coordinates":[[[[130.36205,33.25628],[130.36355,33.25612],[130.36457,33.25645],[130.36464,33.25695],[130.37003,33.2572],[130.36996,33.26249],[130.36397,33.26316],[130.36387,33.26443],[130.36332,33.26442],[130.36341,33.26262],[130.36229,33.26262],[130.3623,33.26053],[130.36196,33.26051],[130.36175,33.25922],[130.36205,33.25628]]],[[[130.35021,33.25602],[130.35703,33.25605],[130.35653,33.2576],[130.35663,33.26042],[130.35697,33.26058],[130.35662,33.26125],[130.35733,33.26122],[130.35854,33.26233],[130.35734,33.26262],[130.35661,33.26256],[130.35647,33.26205],[130.35389,33.2622],[130.3539,33.26274],[130.35147,33.26273],[130.34994,33.26333],[130.34992,33.26256],[130.35108,33.26256],[130.35118,33.26199],[130.34996,33.26173],[130.34992,33.26234],[130.34911,33.26219],[130.34929,33.26153],[130.35002,33.26146],[130.35021,33.25602]]],[[[130.35703,33.25605],[130.35913,33.25598],[130.35887,33.25714],[130.3616,33.25714],[130.36205,33.25628],[130.36175,33.25922],[130.36196,33.26051],[130.3623,33.26053],[130.36229,33.26262],[130.36341,33.26262],[130.36332,33.26442],[130.36259,33.26438],[130.36267,33.26503],[130.36155,33.26384],[130.36057,33.26397],[130.35982,33.26342],[130.35992,33.2625],[130.35854,33.26234],[130.35733,33.26122],[130.35662,33.26125],[130.35697,33.26058],[130.35663,33.26042],[130.35653,33.2576],[130.35703,33.25605]]]]}},{"type":"Feature","properties":{"vid":"K64G02S00049","name":"古賀村","reading":"こが","gun":"神埼郡","domains":["hasuike"],"isShared":false,"shared":[]},"geometry":{"type":"Polygon","coordinates":[[[130.36695,33.25698],[130.36695,33.25455],[130.36823,33.25456],[130.36823,33.25357],[130.37015,33.25358],[130.37017,33.25251],[130.36963,33.25259],[130.36967,33.25168],[130.36856,33.25164],[130.36857,33.25094],[130.37072,33.25126],[130.37138,33.2497],[130.37267,33.24982],[130.3727,33.24925],[130.37668,33.24911],[130.37714,33.25112],[130.37664,33.25108],[130.37655,33.25181],[130.37428,33.25166],[130.37378,33.25388],[130.37282,33.25385],[130.37369,33.25725],[130.36695,33.25698]]]}},{"type":"Feature","properties":{"vid":"K64G04S00006","name":"轟木村","reading":"とどろき","gun":"養父郡","domains":["saga"],"isShared":false,"shared":[]},"geometry":{"type":"Polygon","coordinates":[[[130.50668,33.36977],[130.50579,33.36932],[130.50521,33.36976],[130.49724,33.3702],[130.49807,33.36773],[130.49504,33.36596],[130.49645,33.36518],[130.49559,33.36433],[130.4962,33.3643],[130.49777,33.36115],[130.4976,33.35831],[130.49918,33.35678],[130.4994,33.35404],[130.5009,33.35345],[130.50491,33.3535],[130.50493,33.35392],[130.5058,33.35393],[130.50718,33.35188],[130.50774,33.34964],[130.50826,33.35001],[130.50816,33.35521],[130.50758,33.35578],[130.50622,33.35982],[130.50601,33.36228],[130.50709,33.36353],[130.50769,33.36287],[130.50903,33.36304],[130.50903,33.36511],[130.50985,33.36739],[130.50912,33.36822],[130.50906,33.36943],[130.50668,33.36977]]]}},{"type":"Feature","properties":{"vid":"K64G04S00007","name":"下野村","reading":"しもの","gun":"養父郡","domains":["saga"],"isShared":false,"shared":[]},"geometry":{"type":"MultiPolygon","coordinates":[[[[130.50774,33.34964],[130.50689,33.35238],[130.50545,33.35166],[130.50624,33.34952],[130.50576,33.34943],[130.50597,33.34847],[130.49631,33.34744],[130.49648,33.34481],[130.49909,33.34489],[130.49923,33.34115],[130.49664,33.34107],[130.49656,33.34277],[130.49183,33.34242],[130.49237,33.33915],[130.49552,33.33913],[130.49552,33.33759],[130.4959,33.33743],[130.49608,33.33828],[130.49648,33.33828],[130.49688,33.33076],[130.4957,33.33078],[130.4922,33.33273],[130.48738,33.33379],[130.48659,33.33455],[130.48558,33.33448],[130.48553,33.33276],[130.48788,33.33239],[130.48999,33.3299],[130.49709,33.32611],[130.49946,33.32558],[130.50196,33.32723],[130.50565,33.33107],[130.50633,33.33989],[130.50733,33.34205],[130.50869,33.34321],[130.50912,33.34501],[130.50774,33.34964]]],[[[130.47955,33.33638],[130.47942,33.33454],[130.47999,33.33422],[130.48054,33.33263],[130.47995,33.33087],[130.48291,33.33253],[130.48444,33.33298],[130.48553,33.33276],[130.48558,33.33448],[130.48659,33.33455],[130.48738,33.33379],[130.4922,33.33273],[130.4957,33.33078],[130.49688,33.33076],[130.49648,33.33828],[130.49608,33.33828],[130.4959,33.33743],[130.49552,33.33759],[130.49552,33.33913],[130.49227,33.33925],[130.49083,33.34689],[130.48924,33.34857],[130.48861,33.3484],[130.4893,33.34728],[130.48908,33.34622],[130.48955,33.34623],[130.48963,33.34375],[130.49124,33.3438],[130.49182,33.34079],[130.48056,33.34045],[130.48028,33.34116],[130.47938,33.34122],[130.47919,33.34067],[130.48003,33.3402],[130.47942,33.33978],[130.47905,33.3385],[130.48033,33.33844],[130.48054,33.33795],[130.48024,33.33683],[130.47955,33.33638]]]]}},{"type":"Feature","properties":{"vid":"K64G04S00008","name":"儀徳村","reading":"ぎとく","gun":"養父郡","domains":["saga"],"isShared":false,"shared":[]},"geometry":{"type":"MultiPolygon","coordinates":[[[[130.4858,33.35031],[130.49039,33.34776],[130.49183,33.34242],[130.49656,33.34277],[130.49664,33.34107],[130.49923,33.34115],[130.49909,33.34489],[130.49648,33.34481],[130.49637,33.34522],[130.49662,33.35374],[130.49432,33.35399],[130.49427,33.35486],[130.49223,33.35567],[130.49108,33.35563],[130.4907,33.35666],[130.48953,33.35698],[130.49121,33.36134],[130.49115,33.36221],[130.49015,33.3629],[130.48868,33.36238],[130.48721,33.36294],[130.48658,33.36224],[130.48632,33.36079],[130.48751,33.36043],[130.48793,33.35979],[130.48903,33.36169],[130.48987,33.36119],[130.48832,33.35649],[130.48944,33.35436],[130.49197,33.35264],[130.48875,33.35171],[130.48937,33.35024],[130.48832,33.34991],[130.4879,33.35098],[130.4858,33.35031]]],[[[130.50689,33.35238],[130.5058,33.35393],[130.50493,33.35392],[130.50491,33.3535],[130.5009,33.35345],[130.49949,33.35394],[130.49918,33.35678],[130.49762,33.35821],[130.49786,33.36086],[130.4962,33.3643],[130.49399,33.36362],[130.49335,33.36432],[130.49277,33.36397],[130.49229,33.36512],[130.4929,33.3653],[130.49136,33.36708],[130.49166,33.36417],[130.49028,33.36252],[130.49115,33.36221],[130.49115,33.361],[130.4895,33.35705],[130.4907,33.35666],[130.49108,33.35563],[130.49223,33.35567],[130.49427,33.35486],[130.49432,33.35399],[130.49662,33.35374],[130.49631,33.34744],[130.50597,33.34847],[130.50576,33.34943],[130.50624,33.34952],[130.50545,33.35166],[130.50689,33.35238]]]]}},{"type":"Feature","properties":{"vid":"K64G04S00009","name":"江島村","reading":"えじま","gun":"養父郡","domains":["saga"],"isShared":false,"shared":[]},"geometry":{"type":"MultiPolygon","coordinates":[[[[130.47955,33.33638],[130.48024,33.33683],[130.48054,33.33795],[130.48033,33.33844],[130.47905,33.3385],[130.47942,33.33978],[130.48003,33.3402],[130.47919,33.34067],[130.47938,33.34122],[130.48028,33.34116],[130.48056,33.34045],[130.49182,33.34079],[130.49124,33.3438],[130.48963,33.34375],[130.48955,33.34623],[130.48908,33.34622],[130.4893,33.34728],[130.48861,33.3484],[130.48924,33.34857],[130.48652,33.34965],[130.48545,33.35055],[130.48393,33.35037],[130.47977,33.35397],[130.47935,33.35466],[130.47933,33.35684],[130.47819,33.35836],[130.47809,33.36041],[130.47688,33.35911],[130.47722,33.35892],[130.47678,33.35851],[130.47693,33.35592],[130.47588,33.35586],[130.47595,33.35521],[130.47352,33.35726],[130.47527,33.35487],[130.47494,33.35495],[130.47523,33.35438],[130.47414,33.35413],[130.47155,33.35716],[130.47124,33.35674],[130.47182,33.35663],[130.47375,33.35414],[130.47297,33.35348],[130.47196,33.35353],[130.47177,33.3529],[130.4711,33.35264],[130.47021,33.35307],[130.47016,33.35231],[130.46914,33.35179],[130.4695,33.35152],[130.46915,33.35122],[130.46708,33.35215],[130.46788,33.35194],[130.46733,33.35153],[130.46837,33.35149],[130.46858,33.35093],[130.46824,33.35037],[130.46781,33.35102],[130.46708,33.35104],[130.46687,33.35005],[130.46754,33.34807],[130.46939,33.34675],[130.46877,33.34512],[130.46914,33.34283],[130.47198,33.34117],[130.47267,33.33818],[130.47455,33.33764],[130.47761,33.33758],[130.47955,33.33638]]],[[[130.49136,33.36708],[130.49061,33.36795],[130.48923,33.36778],[130.48892,33.36709],[130.48882,33.36787],[130.48678,33.36746],[130.48616,33.36776],[130.48446,33.36654],[130.48416,33.36693],[130.48183,33.36619],[130.47794,33.36577],[130.47676,33.36479],[130.47657,33.36355],[130.47568,33.36363],[130.47452,33.36279],[130.473,33.36287],[130.47235,33.36225],[130.4719,33.36257],[130.47139,33.36188],[130.47016,33.3615],[130.47004,33.36007],[130.46947,33.36114],[130.46912,33.36102],[130.46857,33.36022],[130.46872,33.35969],[130.46824,33.36005],[130.46798,33.35968],[130.46771,33.36012],[130.46864,33.36147],[130.46696,33.36158],[130.46687,33.35991],[130.46611,33.35945],[130.46702,33.35758],[130.46489,33.35837],[130.46374,33.35697],[130.46417,33.35617],[130.46367,33.35547],[130.46485,33.35493],[130.46392,33.35471],[130.46418,33.35401],[130.4638,33.35404],[130.46358,33.35267],[130.46468,33.35118],[130.46315,33.35124],[130.46213,33.35358],[130.46197,33.35583],[130.46049,33.35493],[130.46002,33.35295],[130.46052,33.35207],[130.46019,33.35156],[130.46092,33.35092],[130.46052,33.35038],[130.46078,33.34953],[130.4624,33.35066],[130.46397,33.35091],[130.46573,33.34979],[130.46533,33.34927],[130.46629,33.34893],[130.46708,33.35104],[130.46851,33.3506],[130.46846,33.3514],[130.46733,33.35153],[130.46788,33.35194],[130.46708,33.35215],[130.46915,33.35122],[130.4695,33.35152],[130.46914,33.35179],[130.47016,33.35231],[130.47021,33.35307],[130.47068,33.35255],[130.47169,33.35283],[130.47204,33.35357],[130.4732,33.35356],[130.47375,33.35414],[130.47182,33.35663],[130.47124,33.35674],[130.47155,33.35716],[130.47414,33.35413],[130.47523,33.35438],[130.47349,33.3572],[130.47608,33.35521],[130.47588,33.35586],[130.47693,33.35592],[130.47678,33.35851],[130.47722,33.35892],[130.47688,33.35911],[130.47809,33.36041],[130.47819,33.35836],[130.47939,33.35666],[130.47941,33.35449],[130.48167,33.35207],[130.48399,33.35034],[130.4848,33.35074],[130.4858,33.35031],[130.4879,33.35098],[130.48832,33.34991],[130.48937,33.35024],[130.48875,33.35171],[130.49197,33.35264],[130.48944,33.35436],[130.48832,33.35649],[130.4899,33.3611],[130.48903,33.36169],[130.48793,33.35979],[130.48631,33.36103],[130.48721,33.36294],[130.48939,33.36244],[130.49157,33.36383],[130.49136,33.36708]]]]}},{"type":"Feature","properties":{"vid":"K64G04S00010","name":"立石村","reading":"たていし","gun":"養父郡","domains":["saga"],"isShared":false,"shared":[]},"geometry":{"type":"MultiPolygon","coordinates":[[[[130.45903,33.39007],[130.45664,33.38945],[130.45655,33.38823],[130.45735,33.38474],[130.45987,33.3842],[130.46013,33.37799],[130.4615,33.37538],[130.46169,33.37249],[130.46238,33.37162],[130.46662,33.37033],[130.46712,33.36974],[130.46681,33.36873],[130.46891,33.36795],[130.46867,33.36739],[130.46932,33.36613],[130.47224,33.36548],[130.47055,33.36488],[130.47132,33.36354],[130.47237,33.36361],[130.47452,33.36279],[130.47568,33.36363],[130.47657,33.36355],[130.47676,33.36479],[130.47794,33.36577],[130.48183,33.36619],[130.48252,33.36706],[130.4851,33.36793],[130.48414,33.36861],[130.48246,33.36856],[130.48021,33.36928],[130.47889,33.36938],[130.47828,33.36862],[130.4763,33.36993],[130.47356,33.36984],[130.47301,33.37046],[130.47215,33.37025],[130.46983,33.37111],[130.46962,33.37163],[130.46925,33.37033],[130.46779,33.37085],[130.46703,33.37196],[130.46736,33.37284],[130.46688,33.37372],[130.46566,33.37407],[130.46482,33.37985],[130.46015,33.38337],[130.46042,33.38425],[130.45989,33.38487],[130.46,33.3872],[130.45903,33.39007]]],[[[130.45664,33.38945],[130.45503,33.39043],[130.45324,33.39028],[130.45242,33.39126],[130.44971,33.39254],[130.44931,33.39314],[130.44961,33.3941],[130.44762,33.39449],[130.4465,33.39604],[130.44227,33.39757],[130.44167,33.39754],[130.43997,33.39444],[130.43983,33.39246],[130.44077,33.39173],[130.44072,33.3902],[130.44195,33.38858],[130.44198,33.38554],[130.44301,33.38499],[130.44311,33.38367],[130.44696,33.38162],[130.44747,33.38051],[130.44722,33.37721],[130.45156,33.37446],[130.45307,33.37266],[130.45391,33.36902],[130.45607,33.36642],[130.45606,33.36467],[130.45696,33.363],[130.45601,33.3618],[130.4556,33.3601],[130.45648,33.35983],[130.45577,33.35892],[130.45586,33.35629],[130.45642,33.35438],[130.45753,33.35348],[130.45828,33.35065],[130.45741,33.34732],[130.46078,33.34953],[130.46052,33.35038],[130.46092,33.35092],[130.46019,33.35156],[130.46052,33.35207],[130.46002,33.35295],[130.46049,33.35493],[130.46141,33.35581],[130.46197,33.35583],[130.46213,33.35358],[130.46315,33.35124],[130.46468,33.35118],[130.46358,33.35267],[130.4638,33.35404],[130.46418,33.35401],[130.46392,33.35471],[130.46485,33.35493],[130.46367,33.35547],[130.46417,33.35617],[130.46374,33.35697],[130.46489,33.35837],[130.46702,33.35758],[130.46611,33.35945],[130.46687,33.35991],[130.46691,33.36154],[130.46864,33.36147],[130.46771,33.36012],[130.46798,33.35968],[130.46824,33.36005],[130.46872,33.35969],[130.46857,33.36022],[130.46922,33.36109],[130.47001,33.36005],[130.47022,33.36157],[130.47139,33.36188],[130.472,33.36261],[130.47235,33.36225],[130.4729,33.36283],[130.47373,33.36282],[130.47237,33.36361],[130.47132,33.36354],[130.47124,33.36412],[130.47057,33.36432],[130.47055,33.36488],[130.47224,33.36548],[130.46932,33.36613],[130.46867,33.36739],[130.46896,33.36787],[130.46681,33.36873],[130.46712,33.36974],[130.46633,33.37056],[130.46196,33.37198],[130.4615,33.37538],[130.46013,33.37799],[130.45987,33.3842],[130.45735,33.38474],[130.45664,33.38945]]]]}},{"type":"Feature","properties":{"vid":"K64G04S00011","name":"蓑原村","reading":"みのばる","gun":"養父郡","domains":["saga"],"isShared":false,"shared":[]},"geometry":{"type":"MultiPolygon","coordinates":[[[[130.45596,33.35922],[130.45648,33.35983],[130.4556,33.3601],[130.45601,33.3618],[130.45696,33.363],[130.45606,33.36467],[130.45607,33.36642],[130.45391,33.36902],[130.45334,33.37213],[130.45255,33.37298],[130.44705,33.36881],[130.44503,33.36627],[130.44461,33.36396],[130.44375,33.36263],[130.44432,33.36178],[130.44359,33.36117],[130.44584,33.36029],[130.44594,33.35977],[130.45596,33.35922]]],[[[130.45626,33.35487],[130.45586,33.35629],[130.45596,33.35922],[130.44594,33.35977],[130.44584,33.36029],[130.44359,33.36117],[130.44354,33.35972],[130.44284,33.35874],[130.44429,33.35531],[130.44304,33.3533],[130.44761,33.35319],[130.4549,33.35427],[130.45626,33.35487]]],[[[130.45735,33.35376],[130.45626,33.35487],[130.4549,33.35427],[130.44761,33.35319],[130.44304,33.3533],[130.44235,33.35221],[130.44213,33.35038],[130.44366,33.34539],[130.44485,33.34435],[130.4451,33.34244],[130.44616,33.34163],[130.44748,33.34234],[130.44861,33.34233],[130.44855,33.34441],[130.44924,33.34521],[130.45527,33.3469],[130.45481,33.34757],[130.45497,33.34855],[130.45556,33.34888],[130.45519,33.35039],[130.4559,33.35045],[130.45735,33.35376]]],[[[130.44167,33.39754],[130.43828,33.40062],[130.43815,33.40007],[130.43584,33.39886],[130.43224,33.39861],[130.42847,33.39688],[130.427,33.39779],[130.42188,33.3985],[130.41901,33.40112],[130.41597,33.39911],[130.41428,33.39887],[130.41375,33.39834],[130.41404,33.39704],[130.41336,33.39601],[130.41097,33.39504],[130.41055,33.39443],[130.41179,33.39139],[130.41242,33.39085],[130.41745,33.38878],[130.41773,33.38542],[130.41894,33.38505],[130.41968,33.38361],[130.41979,33.38005],[130.42388,33.37519],[130.42353,33.37013],[130.425,33.36856],[130.4259,33.3667],[130.42526,33.3646],[130.42683,33.36299],[130.42667,33.36143],[130.42784,33.36023],[130.42921,33.36115],[130.44203,33.36565],[130.44253,33.36527],[130.44288,33.36348],[130.44375,33.36263],[130.44461,33.36396],[130.44503,33.36627],[130.44705,33.36881],[130.45255,33.37298],[130.45156,33.37446],[130.44722,33.37721],[130.44747,33.38051],[130.44696,33.38162],[130.44311,33.38367],[130.44301,33.38499],[130.44198,33.38554],[130.44192,33.38872],[130.44072,33.3902],[130.44077,33.39173],[130.4398,33.39256],[130.44027,33.39528],[130.44167,33.39754]]],[[[130.45742,33.3476],[130.45828,33.35065],[130.45735,33.35376],[130.4559,33.35045],[130.45519,33.35039],[130.45556,33.34888],[130.45497,33.34855],[130.45481,33.34757],[130.45527,33.3469],[130.44924,33.34521],[130.44855,33.34441],[130.44842,33.34033],[130.44924,33.33801],[130.45049,33.33814],[130.45056,33.33906],[130.454,33.3391],[130.45363,33.3383],[130.45394,33.33786],[130.4533,33.33681],[130.45483,33.33654],[130.45583,33.33851],[130.45425,33.33879],[130.45432,33.33936],[130.45505,33.33931],[130.45516,33.33974],[130.45416,33.34044],[130.45505,33.34091],[130.45573,33.34065],[130.45603,33.34116],[130.45536,33.34154],[130.45617,33.342],[130.45559,33.34231],[130.45613,33.34466],[130.45764,33.34608],[130.45649,33.34523],[130.4557,33.34537],[130.4573,33.34644],[130.45688,33.34707],[130.45742,33.3476]]]]}},{"type":"Feature","properties":{"vid":"K64G04S00012","name":"原古賀村","reading":"はらこが","gun":"養父郡","domains":["saga"],"isShared":false,"shared":[]},"geometry":{"type":"MultiPolygon","coordinates":[[[[130.44861,33.34233],[130.44748,33.34234],[130.44498,33.34109],[130.4456,33.34028],[130.44598,33.33798],[130.44755,33.33668],[130.44662,33.33395],[130.44646,33.33147],[130.4468,33.33076],[130.448,33.33086],[130.44737,33.33528],[130.44846,33.33611],[130.44901,33.33769],[130.4496,33.33763],[130.44992,33.33701],[130.45069,33.3371],[130.45092,33.33683],[130.45027,33.33682],[130.45062,33.33625],[130.45026,33.33594],[130.45191,33.3357],[130.45187,33.3351],[130.45346,33.33581],[130.45304,33.33636],[130.45394,33.33786],[130.45363,33.3383],[130.454,33.3391],[130.45301,33.33915],[130.45056,33.33906],[130.45049,33.33814],[130.44924,33.33801],[130.44842,33.34033],[130.44861,33.34233]]],[[[130.44654,33.3326],[130.44755,33.33668],[130.44598,33.33798],[130.4456,33.34028],[130.44498,33.34109],[130.44434,33.3414],[130.43869,33.34044],[130.43866,33.33848],[130.4399,33.33848],[130.44065,33.33189],[130.44216,33.33129],[130.44317,33.33222],[130.44529,33.33288],[130.44623,33.33315],[130.44654,33.3326]]],[[[130.44304,33.3533],[130.43606,33.35321],[130.43581,33.35283],[130.43769,33.35023],[130.43764,33.3454],[130.43825,33.34472],[130.43701,33.34035],[130.44434,33.3414],[130.44498,33.34109],[130.44616,33.34163],[130.44489,33.34282],[130.44485,33.34435],[130.44366,33.34539],[130.44254,33.34843],[130.44211,33.35091],[130.44304,33.3533]]],[[[130.42949,33.33804],[130.42589,33.33719],[130.42533,33.3364],[130.42584,33.33504],[130.42525,33.33358],[130.42693,33.33238],[130.42643,33.33156],[130.42731,33.32981],[130.42695,33.32892],[130.43403,33.32999],[130.44065,33.33189],[130.4399,33.33848],[130.43866,33.33848],[130.43869,33.34044],[130.43365,33.34025],[130.43272,33.33907],[130.42949,33.33804]]],[[[130.42908,33.34799],[130.43069,33.34788],[130.43019,33.34619],[130.43086,33.3458],[130.43064,33.34471],[130.42959,33.34383],[130.43171,33.34324],[130.43221,33.34106],[130.43338,33.34134],[130.43365,33.34025],[130.43701,33.34035],[130.43825,33.34472],[130.43764,33.3454],[130.43769,33.35023],[130.43635,33.3525],[130.43581,33.35283],[130.43331,33.35027],[130.42908,33.34799]]],[[[130.428,33.36017],[130.42843,33.35965],[130.42884,33.35571],[130.42968,33.3547],[130.42958,33.35331],[130.42834,33.35196],[130.42838,33.3512],[130.42691,33.35112],[130.42769,33.3473],[130.42887,33.34737],[130.42882,33.34799],[130.43331,33.35027],[130.43606,33.35321],[130.43435,33.35433],[130.43048,33.36155],[130.428,33.36017]]],[[[130.44375,33.36263],[130.44288,33.36348],[130.44253,33.36527],[130.44203,33.36565],[130.43048,33.36155],[130.4351,33.35359],[130.43656,33.35305],[130.4413,33.35307],[130.44304,33.3533],[130.44428,33.35516],[130.44381,33.35715],[130.44284,33.35874],[130.44354,33.35972],[130.44359,33.36117],[130.44432,33.36178],[130.44375,33.36263]]]]}},{"type":"Feature","properties":{"vid":"K64G04S00013","name":"白壁村","reading":"しらかべ","gun":"養父郡","domains":["saga"],"isShared":false,"shared":[]},"geometry":{"type":"MultiPolygon","coordinates":[[[[130.47006,33.31825],[130.47319,33.3188],[130.47399,33.31619],[130.47514,33.31639],[130.47537,33.31685],[130.4779,33.31676],[130.47825,33.31534],[130.4808,33.31587],[130.47998,33.31638],[130.48092,33.31642],[130.48033,33.31868],[130.48063,33.31909],[130.48042,33.31946],[130.47934,33.3193],[130.48033,33.31963],[130.4803,33.32125],[130.47968,33.32166],[130.48032,33.3223],[130.47696,33.32609],[130.47142,33.32567],[130.47156,33.3251],[130.47024,33.32488],[130.47058,33.32368],[130.46878,33.32336],[130.46916,33.3205],[130.47006,33.31825]]],[[[130.47955,33.33638],[130.47853,33.33726],[130.477,33.33767],[130.47649,33.33597],[130.47449,33.33546],[130.47539,33.33432],[130.47505,33.33285],[130.4757,33.3327],[130.47521,33.33185],[130.47593,33.33035],[130.47666,33.33054],[130.47695,33.32961],[130.47637,33.32928],[130.4781,33.32954],[130.47995,33.33087],[130.48054,33.33263],[130.47999,33.33422],[130.47942,33.33454],[130.47955,33.33638]]],[[[130.47189,33.34124],[130.46914,33.34283],[130.46883,33.34497],[130.46872,33.34306],[130.46513,33.34278],[130.46398,33.34305],[130.46296,33.34394],[130.4627,33.34242],[130.45983,33.34141],[130.46125,33.34084],[130.46087,33.34015],[130.46131,33.33892],[130.46072,33.33794],[130.46087,33.33722],[130.46381,33.33763],[130.46455,33.33708],[130.46538,33.33794],[130.46711,33.33695],[130.46908,33.33728],[130.46918,33.33776],[130.47008,33.33792],[130.47095,33.33884],[130.47189,33.34124]]],[[[130.477,33.33767],[130.47292,33.33798],[130.47224,33.33892],[130.47189,33.34124],[130.47078,33.33861],[130.46918,33.33776],[130.46865,33.33689],[130.46859,33.33308],[130.46898,33.33283],[130.46853,33.33228],[130.46926,33.33051],[130.46869,33.33038],[130.46846,33.3311],[130.46795,33.33098],[130.46793,33.33051],[130.46899,33.32955],[130.4696,33.32755],[130.46933,33.32709],[130.46972,33.32716],[130.47024,33.32488],[130.47156,33.3251],[130.47142,33.32567],[130.47696,33.32609],[130.47735,33.32794],[130.47923,33.33016],[130.47637,33.32928],[130.47695,33.32961],[130.47666,33.33054],[130.47599,33.33027],[130.47521,33.33185],[130.4757,33.3327],[130.47505,33.33285],[130.47539,33.33432],[130.47449,33.33546],[130.47649,33.33597],[130.477,33.33767]]],[[[130.46299,33.31945],[130.46333,33.3195],[130.46295,33.32148],[130.46896,33.32243],[130.46878,33.32336],[130.47058,33.32368],[130.46972,33.32716],[130.46933,33.32709],[130.4696,33.32755],[130.46899,33.32955],[130.46793,33.33051],[130.46795,33.33098],[130.46846,33.3311],[130.46869,33.33038],[130.46926,33.33051],[130.46853,33.33228],[130.46898,33.33283],[130.46859,33.33308],[130.46855,33.33656],[130.46908,33.33728],[130.46684,33.33699],[130.46538,33.33794],[130.46455,33.33708],[130.46381,33.33763],[130.46129,33.33723],[130.46139,33.33499],[130.46177,33.3349],[130.46132,33.33482],[130.46149,33.33377],[130.461,33.33253],[130.46163,33.33211],[130.46042,33.33035],[130.4608,33.3295],[130.46039,33.32879],[130.46045,33.32631],[130.46154,33.32608],[130.46299,33.31945]]],[[[130.46299,33.31945],[130.46333,33.31786],[130.46429,33.31804],[130.46447,33.3173],[130.47006,33.31825],[130.46896,33.32243],[130.46295,33.32148],[130.46333,33.3195],[130.46299,33.31945]]],[[[130.45742,33.3476],[130.45688,33.34707],[130.4573,33.34644],[130.4557,33.34537],[130.45649,33.34523],[130.45764,33.34608],[130.45613,33.34466],[130.45559,33.34231],[130.45617,33.342],[130.45536,33.34154],[130.45603,33.34116],[130.45573,33.34065],[130.45505,33.34091],[130.45416,33.34044],[130.45516,33.33974],[130.45505,33.33931],[130.45432,33.33936],[130.45425,33.33879],[130.45583,33.33851],[130.45554,33.33812],[130.4587,33.33787],[130.46067,33.33833],[130.46051,33.33892],[130.46131,33.33892],[130.46086,33.33995],[130.46125,33.34084],[130.45983,33.34141],[130.4627,33.34242],[130.46296,33.34394],[130.46398,33.34305],[130.46513,33.34278],[130.46872,33.34306],[130.46898,33.34415],[130.46865,33.34487],[130.46939,33.34675],[130.46754,33.34807],[130.46705,33.35007],[130.4662,33.34893],[130.46533,33.34927],[130.46573,33.34979],[130.46397,33.35091],[130.4624,33.35066],[130.45742,33.3476]]]]}},{"type":"Feature","properties":{"vid":"K64G04S00014","name":"東尾村","reading":"ひがしお","gun":"養父郡","domains":["saga"],"isShared":false,"shared":[]},"geometry":{"type":"MultiPolygon","coordinates":[[[[130.45554,33.33812],[130.45483,33.33654],[130.45441,33.33657],[130.45364,33.33198],[130.45542,33.32924],[130.4553,33.3264],[130.45568,33.32597],[130.45493,33.3254],[130.45515,33.32437],[130.45688,33.32465],[130.45883,33.31633],[130.46251,33.31696],[130.46263,33.31645],[130.46351,33.31713],[130.46184,33.3248],[130.46154,33.32608],[130.46045,33.32631],[130.46039,33.32879],[130.4608,33.3295],[130.46042,33.33035],[130.46163,33.33211],[130.461,33.33253],[130.46149,33.33377],[130.46132,33.33482],[130.46177,33.3349],[130.46139,33.33499],[130.4616,33.33597],[130.46116,33.33615],[130.46129,33.33723],[130.46087,33.33722],[130.46071,33.33788],[130.46131,33.33892],[130.46051,33.33892],[130.46079,33.3385],[130.46002,33.33795],[130.45554,33.33812]]],[[[130.45441,33.33657],[130.4533,33.33681],[130.453,33.33593],[130.45346,33.33581],[130.45187,33.3351],[130.45191,33.3357],[130.45026,33.33594],[130.45062,33.33625],[130.45027,33.33682],[130.45092,33.33683],[130.45069,33.3371],[130.44992,33.33701],[130.44909,33.33772],[130.44846,33.33611],[130.44737,33.33528],[130.44754,33.33223],[130.4487,33.32992],[130.4494,33.324],[130.44868,33.32222],[130.45021,33.31988],[130.45025,33.3184],[130.45158,33.31498],[130.45883,33.31633],[130.45688,33.32465],[130.45515,33.32437],[130.45493,33.3254],[130.45568,33.32597],[130.4553,33.3264],[130.45542,33.32924],[130.45364,33.33198],[130.45441,33.33657]]]]}},{"type":"Feature","properties":{"vid":"K64G04S00015","name":"中津隈村","reading":"なかつくま","gun":"養父郡","domains":["saga"],"isShared":false,"shared":[]},"geometry":{"type":"MultiPolygon","coordinates":[[[[130.448,33.33086],[130.44661,33.33086],[130.44623,33.33315],[130.44317,33.33222],[130.44216,33.33129],[130.44065,33.33189],[130.43747,33.33085],[130.43859,33.32818],[130.43821,33.32819],[130.43837,33.32753],[130.43787,33.32769],[130.43791,33.32666],[130.4389,33.32661],[130.43909,33.32541],[130.43827,33.32507],[130.43917,33.32492],[130.43926,33.32426],[130.43843,33.32395],[130.43953,33.3235],[130.44121,33.31756],[130.44059,33.31743],[130.4408,33.31673],[130.44134,33.31682],[130.44242,33.31325],[130.45119,33.31518],[130.45021,33.31988],[130.44868,33.32222],[130.4494,33.324],[130.4487,33.32992],[130.448,33.33086]]],[[[130.42695,33.32892],[130.42713,33.32719],[130.42669,33.32679],[130.42826,33.3208],[130.43189,33.32141],[130.43278,33.31752],[130.43652,33.31825],[130.43716,33.31633],[130.43816,33.31637],[130.43913,33.31268],[130.44242,33.31325],[130.44134,33.31682],[130.4408,33.31673],[130.44059,33.31743],[130.44121,33.31756],[130.43953,33.3235],[130.43843,33.32395],[130.43926,33.32426],[130.43917,33.32492],[130.43827,33.32507],[130.43909,33.32541],[130.4389,33.32661],[130.43791,33.32666],[130.43787,33.32769],[130.43837,33.32753],[130.43821,33.32819],[130.43859,33.32818],[130.43747,33.33085],[130.42695,33.32892]]]]}},{"type":"Feature","properties":{"vid":"K64G04S10001","name":"山浦村","reading":null,"gun":"養父郡","domains":["saga"],"isShared":false,"shared":[]},"geometry":{"type":"Polygon","coordinates":[[[130.48983,33.3746],[130.49074,33.37586],[130.49064,33.37713],[130.49147,33.3781],[130.49084,33.37873],[130.49067,33.3805],[130.48676,33.38422],[130.48686,33.38571],[130.48747,33.3858],[130.48865,33.3871],[130.48771,33.38786],[130.48638,33.38749],[130.48568,33.38823],[130.48423,33.38849],[130.48289,33.39019],[130.48129,33.39061],[130.47875,33.39035],[130.47705,33.39219],[130.46861,33.38916],[130.46498,33.39003],[130.46423,33.39059],[130.45903,33.39007],[130.46,33.3872],[130.45989,33.38487],[130.46042,33.38425],[130.46015,33.38337],[130.46482,33.37985],[130.46566,33.37407],[130.46688,33.37372],[130.46736,33.37284],[130.46703,33.37196],[130.46794,33.37073],[130.46925,33.37033],[130.46962,33.37163],[130.46983,33.37111],[130.47215,33.37025],[130.47301,33.37046],[130.47356,33.36984],[130.4763,33.36993],[130.47828,33.36862],[130.47889,33.36938],[130.48001,33.36927],[130.48048,33.3716],[130.48165,33.37194],[130.48172,33.37286],[130.48109,33.37306],[130.48105,33.3739],[130.48199,33.37353],[130.48246,33.37423],[130.48352,33.37443],[130.4838,33.37629],[130.48497,33.37588],[130.48642,33.37412],[130.48827,33.37352],[130.48913,33.37495],[130.48983,33.3746]]]}},{"type":"Feature","properties":{"vid":"K64G05S00001","name":"坂口村","reading":"さかぐち","gun":"三根郡","domains":["saga"],"isShared":false,"shared":[]},"geometry":{"type":"MultiPolygon","coordinates":[[[[130.43514,33.27552],[130.43623,33.26979],[130.43988,33.26532],[130.44313,33.26385],[130.44587,33.26375],[130.44809,33.26435],[130.45042,33.26571],[130.45088,33.26694],[130.45086,33.26908],[130.4482,33.27475],[130.44832,33.27756],[130.4449,33.27482],[130.43981,33.27218],[130.43925,33.27608],[130.43514,33.27552]]],[[[130.43925,33.27608],[130.43981,33.27218],[130.44656,33.27602],[130.45334,33.28335],[130.45172,33.2861],[130.44512,33.28402],[130.4453,33.28293],[130.4422,33.2825],[130.44243,33.28151],[130.44089,33.28125],[130.44181,33.27639],[130.43925,33.27608]]],[[[130.43514,33.27552],[130.44181,33.27639],[130.44089,33.28125],[130.43556,33.28054],[130.43509,33.27877],[130.43514,33.27552]]]]}},{"type":"Feature","properties":{"vid":"K64G05S00002","name":"天建寺村","reading":"てんけんじ","gun":"三根郡","domains":["saga"],"isShared":false,"shared":[]},"geometry":{"type":"MultiPolygon","coordinates":[[[[130.45474,33.2975],[130.45172,33.29727],[130.44782,33.29616],[130.44825,33.29371],[130.44788,33.29363],[130.44837,33.2931],[130.44779,33.29299],[130.44809,33.2916],[130.44676,33.29136],[130.44874,33.28656],[130.44803,33.28629],[130.44844,33.285],[130.45172,33.2861],[130.45305,33.28336],[130.45503,33.2859],[130.45627,33.28891],[130.45474,33.2975]]],[[[130.45334,33.28335],[130.45481,33.28361],[130.45828,33.28301],[130.46582,33.28518],[130.46761,33.2863],[130.46786,33.28825],[130.46623,33.29033],[130.45742,33.29324],[130.45551,33.29452],[130.45627,33.28891],[130.45503,33.2859],[130.45334,33.28335]]],[[[130.44089,33.28125],[130.44243,33.28151],[130.4422,33.2825],[130.4453,33.28293],[130.44512,33.28402],[130.44844,33.285],[130.44803,33.28629],[130.44874,33.28656],[130.44786,33.28861],[130.44655,33.28796],[130.44633,33.2887],[130.44638,33.28795],[130.44601,33.28792],[130.44517,33.28799],[130.44538,33.28867],[130.44268,33.2884],[130.44249,33.28648],[130.44015,33.28619],[130.44035,33.28525],[130.43741,33.28484],[130.43787,33.2838],[130.4376,33.28266],[130.43696,33.28139],[130.43593,33.2813],[130.43556,33.28054],[130.44089,33.28125]]],[[[130.44782,33.29616],[130.44328,33.29533],[130.43874,33.29302],[130.43809,33.29085],[130.4361,33.29108],[130.43772,33.2895],[130.4385,33.28938],[130.43721,33.28542],[130.43741,33.28484],[130.44035,33.28525],[130.44015,33.28619],[130.44249,33.28648],[130.44268,33.2884],[130.44538,33.28867],[130.44517,33.28799],[130.44601,33.28792],[130.44638,33.28795],[130.44633,33.2887],[130.44655,33.28796],[130.44786,33.28861],[130.44676,33.29136],[130.44809,33.2916],[130.44779,33.29299],[130.44837,33.2931],[130.44788,33.29363],[130.44825,33.29371],[130.44782,33.29616]]]]}},{"type":"Feature","properties":{"vid":"K64G05S00003","name":"西島村","reading":"にしじま","gun":"三根郡","domains":["saga"],"isShared":false,"shared":[]},"geometry":{"type":"MultiPolygon","coordinates":[[[[130.43814,33.30867],[130.43686,33.30837],[130.43701,33.30789],[130.43644,33.30772],[130.43705,33.30766],[130.43984,33.29865],[130.44021,33.29871],[130.44005,33.29698],[130.43904,33.29686],[130.43966,33.29336],[130.44328,33.29533],[130.44511,33.2971],[130.44634,33.30141],[130.44834,33.30436],[130.43995,33.30265],[130.43814,33.30867]]],[[[130.44258,33.31138],[130.43893,33.31066],[130.43932,33.30911],[130.43814,33.30867],[130.43995,33.30265],[130.44529,33.30368],[130.44294,33.31144],[130.44258,33.31138]]],[[[130.45608,33.30149],[130.45348,33.30433],[130.45392,33.30498],[130.44834,33.30436],[130.44634,33.30141],[130.44511,33.2971],[130.44328,33.29533],[130.44505,33.29538],[130.45172,33.29727],[130.45474,33.2975],[130.45507,33.29949],[130.45608,33.30149]]],[[[130.43338,33.30642],[130.43426,33.30224],[130.43243,33.29927],[130.43205,33.29949],[130.43051,33.29784],[130.43227,33.29735],[130.43135,33.29598],[130.4339,33.29343],[130.43354,33.29247],[130.4361,33.29108],[130.43809,33.29085],[130.43849,33.29268],[130.43966,33.29336],[130.43904,33.29686],[130.44005,33.29698],[130.44021,33.29871],[130.43984,33.29865],[130.43705,33.30766],[130.43644,33.30772],[130.43701,33.30789],[130.43686,33.30837],[130.43454,33.30779],[130.43338,33.30642]]],[[[130.4421,33.31321],[130.44529,33.30368],[130.44834,33.30436],[130.44945,33.30716],[130.44715,33.31431],[130.4421,33.31321]]]]}},{"type":"Feature","properties":{"vid":"K64G05S00004","name":"江迎村","reading":"えむかい","gun":"三根郡","domains":["saga"],"isShared":false,"shared":[]},"geometry":{"type":"MultiPolygon","coordinates":[[[[130.43015,33.30637],[130.42996,33.2987],[130.43111,33.29916],[130.43169,33.2989],[130.43205,33.29949],[130.43243,33.29927],[130.43426,33.30224],[130.43338,33.30642],[130.43015,33.30637]]],[[[130.42777,33.31308],[130.42827,33.31122],[130.42991,33.31146],[130.43027,33.30902],[130.42959,33.30843],[130.43015,33.30637],[130.43338,33.30642],[130.43463,33.30782],[130.43273,33.31384],[130.42777,33.31308]]],[[[130.42748,33.31598],[130.42777,33.31308],[130.43273,33.31384],[130.43239,33.31488],[130.43321,33.31499],[130.43189,33.32141],[130.42796,33.32089],[130.42845,33.31794],[130.42756,33.31786],[130.42748,33.31598]]],[[[130.43025,33.30376],[130.4229,33.30253],[130.42341,33.29858],[130.42495,33.29783],[130.42996,33.2987],[130.43025,33.30376]]],[[[130.42379,33.30854],[130.42282,33.30256],[130.43025,33.30376],[130.42959,33.30843],[130.43027,33.30902],[130.42991,33.31146],[130.42666,33.31098],[130.42701,33.31001],[130.42564,33.30885],[130.42379,33.30854]]],[[[130.43273,33.31384],[130.43463,33.30782],[130.43918,33.30894],[130.43893,33.31066],[130.44258,33.31138],[130.44208,33.31333],[130.43913,33.31268],[130.43816,33.31637],[130.43716,33.31633],[130.43652,33.31825],[130.43266,33.31748],[130.43321,33.31499],[130.43239,33.31488],[130.43273,33.31384]]]]}},{"type":"Feature","properties":{"vid":"K64G05S00005","name":"堤村","reading":"つつみ","gun":"三根郡","domains":["saga"],"isShared":false,"shared":[]},"geometry":{"type":"MultiPolygon","coordinates":[[[[130.41481,33.34958],[130.41495,33.34672],[130.41612,33.34566],[130.41695,33.34242],[130.41741,33.3423],[130.41793,33.34074],[130.41805,33.33931],[130.42534,33.34125],[130.42435,33.3524],[130.42368,33.35195],[130.42381,33.35108],[130.42323,33.34998],[130.42114,33.34919],[130.41481,33.34958]]],[[[130.41793,33.33881],[130.41766,33.33702],[130.41869,33.33608],[130.42427,33.33752],[130.42457,33.33597],[130.4249,33.336],[130.42475,33.33763],[130.42534,33.3377],[130.42576,33.33711],[130.42949,33.33804],[130.42853,33.33965],[130.42755,33.33985],[130.42833,33.34202],[130.41805,33.33931],[130.41793,33.33881]]],[[[130.41986,33.37993],[130.42005,33.37829],[130.41888,33.37682],[130.41964,33.37477],[130.41756,33.37068],[130.4178,33.36746],[130.41711,33.36728],[130.41649,33.36774],[130.41538,33.36716],[130.41428,33.36529],[130.41398,33.36339],[130.41093,33.3598],[130.41109,33.35858],[130.41273,33.3572],[130.41318,33.35439],[130.4231,33.35697],[130.42377,33.35909],[130.42582,33.35902],[130.42771,33.36036],[130.42664,33.3615],[130.42683,33.36299],[130.42526,33.3646],[130.4259,33.3667],[130.425,33.36856],[130.42353,33.37013],[130.42388,33.37519],[130.41986,33.37993]]],[[[130.41318,33.35439],[130.41299,33.35294],[130.41237,33.35217],[130.41323,33.3497],[130.41711,33.34968],[130.41971,33.349],[130.42323,33.34998],[130.42381,33.35108],[130.42368,33.35195],[130.42435,33.3524],[130.42468,33.35347],[130.42657,33.3535],[130.42673,33.35394],[130.42726,33.35362],[130.42755,33.35421],[130.4282,33.3542],[130.42798,33.35474],[130.42949,33.35517],[130.42862,33.35651],[130.42837,33.35991],[130.42771,33.36036],[130.42582,33.35902],[130.42377,33.35909],[130.4231,33.35697],[130.41318,33.35439]]],[[[130.42949,33.35517],[130.42798,33.35474],[130.4282,33.3542],[130.42755,33.35421],[130.42726,33.35362],[130.42673,33.35394],[130.42657,33.3535],[130.42468,33.35347],[130.42435,33.3524],[130.42534,33.34125],[130.42833,33.34202],[130.42755,33.33985],[130.42853,33.33965],[130.42949,33.33804],[130.43272,33.33907],[130.43368,33.34002],[130.43338,33.34134],[130.4324,33.34096],[130.43196,33.34134],[130.43171,33.34324],[130.42959,33.34383],[130.43064,33.34471],[130.43086,33.3458],[130.43019,33.34619],[130.43069,33.34788],[130.42882,33.34799],[130.42887,33.34737],[130.42769,33.3473],[130.42716,33.34842],[130.42691,33.35112],[130.42838,33.3512],[130.42834,33.35196],[130.42958,33.35331],[130.42949,33.35517]]]]}},{"type":"Feature","properties":{"vid":"K64G05S00006","name":"坊所村","reading":"ぼうしょ","gun":"三根郡","domains":["saga"],"isShared":false,"shared":[]},"geometry":{"type":"MultiPolygon","coordinates":[[[[130.42748,33.31598],[130.42227,33.31719],[130.42239,33.31787],[130.42075,33.31878],[130.42054,33.31999],[130.41804,33.32006],[130.41832,33.31728],[130.41786,33.31609],[130.4192,33.31188],[130.42777,33.31308],[130.42748,33.31598]]],[[[130.42792,33.32229],[130.42273,33.32149],[130.42103,33.32363],[130.41987,33.32314],[130.41998,33.3218],[130.41813,33.32016],[130.42054,33.31999],[130.42075,33.31878],[130.42239,33.31787],[130.42227,33.31719],[130.42748,33.31598],[130.42756,33.31786],[130.42845,33.31794],[130.42792,33.32229]]],[[[130.41869,33.33608],[130.41639,33.33423],[130.41548,33.33557],[130.41595,33.33391],[130.41451,33.33211],[130.415,33.32986],[130.41655,33.32987],[130.41743,33.33217],[130.42441,33.32729],[130.42702,33.32779],[130.42733,33.32968],[130.42643,33.33156],[130.42693,33.33238],[130.42525,33.33358],[130.42584,33.33504],[130.4253,33.33609],[130.42576,33.33711],[130.42534,33.3377],[130.42475,33.33763],[130.4249,33.336],[130.42457,33.33597],[130.42427,33.33752],[130.41869,33.33608]]],[[[130.42702,33.32779],[130.42441,33.32729],[130.41743,33.33217],[130.41655,33.32987],[130.41789,33.32593],[130.4185,33.32507],[130.41971,33.32467],[130.41987,33.32314],[130.42103,33.32363],[130.42273,33.32149],[130.42792,33.32229],[130.42669,33.32679],[130.42702,33.32779]]],[[[130.415,33.32986],[130.41531,33.32858],[130.41335,33.31505],[130.41786,33.31609],[130.41832,33.31728],[130.41804,33.32006],[130.41998,33.3218],[130.41971,33.32467],[130.4185,33.32507],[130.41789,33.32593],[130.41655,33.32987],[130.415,33.32986]]]]}},{"type":"Feature","properties":{"vid":"K64G05S00007","name":"前牟田村","reading":"まえむた","gun":"三根郡","domains":["saga"],"isShared":false,"shared":[]},"geometry":{"type":"MultiPolygon","coordinates":[[[[130.41191,33.31174],[130.41073,33.30882],[130.41164,33.30854],[130.41317,33.30843],[130.41375,33.30955],[130.41411,33.3095],[130.41377,33.30966],[130.41411,33.31036],[130.41834,33.31067],[130.41815,33.31169],[130.4192,33.31188],[130.41786,33.31609],[130.41335,33.31505],[130.41191,33.31174]]],[[[130.41073,33.30882],[130.40904,33.30618],[130.40722,33.30576],[130.40668,33.30324],[130.40579,33.3029],[130.40666,33.29848],[130.40597,33.29835],[130.40615,33.29661],[130.41068,33.29749],[130.41109,33.29632],[130.41384,33.29648],[130.41181,33.30494],[130.4124,33.30549],[130.41215,33.30592],[130.41153,33.30581],[130.41195,33.30624],[130.41177,33.30703],[130.41112,33.30718],[130.41197,33.30851],[130.41073,33.30882]]],[[[130.41253,33.30854],[130.41202,33.30861],[130.41112,33.30718],[130.41177,33.30703],[130.41195,33.30624],[130.41153,33.30581],[130.41215,33.30592],[130.4124,33.30549],[130.41181,33.30494],[130.41384,33.29648],[130.4163,33.29663],[130.41607,33.30033],[130.41501,33.3002],[130.41427,33.30404],[130.41475,33.30406],[130.41424,33.30433],[130.41374,33.30773],[130.41275,33.30774],[130.41253,33.30854]]],[[[130.41253,33.30854],[130.41275,33.30774],[130.41374,33.30773],[130.41424,33.30433],[130.41475,33.30406],[130.41427,33.30404],[130.41501,33.3002],[130.41607,33.30033],[130.41604,33.30216],[130.4175,33.30271],[130.41747,33.30341],[130.418,33.30348],[130.41752,33.30654],[130.41863,33.30673],[130.41839,33.30771],[130.41895,33.30779],[130.41834,33.31067],[130.41411,33.31036],[130.41377,33.30966],[130.41411,33.3095],[130.41375,33.30955],[130.41346,33.3087],[130.41253,33.30854]]],[[[130.41895,33.30779],[130.41839,33.30771],[130.41863,33.30673],[130.41752,33.30654],[130.418,33.30348],[130.41856,33.30356],[130.41865,33.30287],[130.41948,33.30289],[130.41951,33.30242],[130.42282,33.30256],[130.42379,33.30854],[130.41895,33.30779]]],[[[130.42777,33.31308],[130.41815,33.31169],[130.41895,33.30779],[130.42564,33.30885],[130.42701,33.31001],[130.42666,33.31098],[130.42827,33.31122],[130.42777,33.31308]]]]}},{"type":"Feature","properties":{"vid":"K64G05S00008","name":"市武村","reading":"いちたけ","gun":"三根郡","domains":["saga"],"isShared":false,"shared":[]},"geometry":{"type":"MultiPolygon","coordinates":[[[[130.43354,33.29247],[130.4339,33.29343],[130.43146,33.29576],[130.4308,33.29548],[130.43099,33.29498],[130.42969,33.29464],[130.42979,33.29397],[130.42853,33.2935],[130.429,33.29132],[130.43098,33.29233],[130.43354,33.29247]]],[[[130.42996,33.2987],[130.42495,33.29783],[130.42421,33.29807],[130.4234,33.2914],[130.42503,33.29138],[130.42556,33.28937],[130.42669,33.28898],[130.42704,33.29034],[130.429,33.29132],[130.42853,33.2935],[130.42979,33.29397],[130.42969,33.29464],[130.43013,33.295],[130.43099,33.29498],[130.4308,33.29548],[130.43146,33.29576],[130.43171,33.29696],[130.43227,33.2972],[130.43051,33.29784],[130.43159,33.29889],[130.43135,33.29915],[130.42996,33.2987]]],[[[130.41607,33.30033],[130.41682,33.2914],[130.41657,33.28988],[130.42082,33.28994],[130.42187,33.29084],[130.42152,33.29146],[130.42339,33.2919],[130.42421,33.29807],[130.42335,33.29871],[130.42289,33.30257],[130.41951,33.30242],[130.41948,33.30289],[130.41865,33.30287],[130.41856,33.30356],[130.41747,33.30341],[130.4175,33.30271],[130.41604,33.30216],[130.41607,33.30033]]],[[[130.42528,33.28952],[130.42503,33.29138],[130.4234,33.2914],[130.423,33.29195],[130.42286,33.29152],[130.42152,33.29146],[130.42187,33.29084],[130.42082,33.28994],[130.4244,33.2901],[130.42528,33.28952]]]]}},{"type":"Feature","properties":{"vid":"K64G05S00009","name":"東津村","reading":"ひがしづ","gun":"三根郡","domains":["saga"],"isShared":false,"shared":[]},"geometry":{"type":"MultiPolygon","coordinates":[[[[130.4304,33.28375],[130.42812,33.28336],[130.42834,33.28238],[130.42524,33.28181],[130.42503,33.28276],[130.42298,33.28237],[130.42274,33.28323],[130.42213,33.2831],[130.42175,33.28471],[130.41928,33.28456],[130.41961,33.28064],[130.42105,33.27608],[130.42327,33.27652],[130.42369,33.27617],[130.42385,33.2756],[130.42276,33.2754],[130.42362,33.27192],[130.42477,33.27175],[130.42632,33.27061],[130.4281,33.2716],[130.42809,33.27255],[130.42957,33.27401],[130.42958,33.27717],[130.43095,33.28053],[130.4304,33.28375]]],[[[130.41335,33.26891],[130.41746,33.26834],[130.42004,33.27146],[130.42362,33.27192],[130.42276,33.2754],[130.42385,33.2756],[130.42369,33.27617],[130.42327,33.27652],[130.42105,33.27608],[130.41961,33.28064],[130.41928,33.28456],[130.41703,33.28446],[130.41712,33.28344],[130.41595,33.28337],[130.41602,33.28235],[130.41401,33.28222],[130.41422,33.28145],[130.41263,33.28134],[130.41257,33.28075],[130.41351,33.28019],[130.41384,33.27939],[130.41554,33.27775],[130.41628,33.27794],[130.4167,33.27701],[130.41581,33.2768],[130.4168,33.27458],[130.41597,33.27399],[130.41603,33.27309],[130.41486,33.27144],[130.41474,33.27037],[130.41366,33.27043],[130.41335,33.26891]]],[[[130.40701,33.27997],[130.40685,33.27479],[130.40812,33.27105],[130.40992,33.27106],[130.40968,33.26894],[130.41098,33.26885],[130.41115,33.26824],[130.41335,33.26891],[130.41366,33.27043],[130.41474,33.27037],[130.41486,33.27144],[130.41603,33.27309],[130.41597,33.27399],[130.4168,33.27458],[130.41581,33.2768],[130.4167,33.27701],[130.41657,33.27745],[130.41628,33.27794],[130.41554,33.27775],[130.41373,33.27961],[130.40701,33.27997]]]]}},{"type":"Feature","properties":{"vid":"K64G05S00010","name":"寄人村","reading":"よりうと","gun":"三根郡","domains":["saga"],"isShared":false,"shared":[]},"geometry":{"type":"MultiPolygon","coordinates":[[[[130.42528,33.28952],[130.42529,33.28867],[130.42468,33.28853],[130.4249,33.28766],[130.42346,33.2871],[130.41907,33.28679],[130.41928,33.28456],[130.42175,33.28471],[130.42213,33.2831],[130.42274,33.28323],[130.42298,33.28237],[130.42503,33.28276],[130.42524,33.28181],[130.42834,33.28238],[130.42812,33.28336],[130.4304,33.28375],[130.42987,33.28622],[130.42796,33.28675],[130.42669,33.28898],[130.42528,33.28952]]],[[[130.42528,33.28952],[130.42389,33.29013],[130.41464,33.28963],[130.41479,33.28666],[130.41496,33.28625],[130.41684,33.28648],[130.41703,33.28446],[130.41928,33.28456],[130.41907,33.28679],[130.42346,33.2871],[130.4249,33.28766],[130.42468,33.28853],[130.42529,33.28867],[130.42528,33.28952]]],[[[130.40615,33.29661],[130.40631,33.29536],[130.40528,33.29527],[130.40569,33.29367],[130.40529,33.28919],[130.40611,33.28922],[130.40616,33.28843],[130.4054,33.28839],[130.40547,33.28708],[130.40796,33.28776],[130.40815,33.28834],[130.40815,33.28776],[130.41225,33.28792],[130.41305,33.28582],[130.41479,33.28666],[130.41464,33.28963],[130.41651,33.2898],[130.4168,33.29069],[130.41613,33.29662],[130.41109,33.29632],[130.41068,33.29749],[130.40615,33.29661]]],[[[130.41703,33.28446],[130.41684,33.28648],[130.41496,33.28625],[130.41479,33.28666],[130.41305,33.28582],[130.41225,33.28792],[130.40925,33.28779],[130.40936,33.28483],[130.40976,33.28428],[130.4108,33.28453],[130.41099,33.28372],[130.41079,33.27971],[130.41373,33.27961],[130.41257,33.28075],[130.41263,33.28134],[130.41422,33.28145],[130.41401,33.28222],[130.41602,33.28235],[130.41595,33.28337],[130.41712,33.28344],[130.41703,33.28446]]],[[[130.40546,33.28502],[130.40617,33.28503],[130.40636,33.2833],[130.40512,33.2837],[130.40424,33.28168],[130.40667,33.282],[130.40701,33.27997],[130.41079,33.27971],[130.41099,33.28372],[130.4108,33.28453],[130.40976,33.28428],[130.40936,33.28483],[130.40925,33.28779],[130.40815,33.28776],[130.40791,33.28834],[130.40796,33.28776],[130.40656,33.2876],[130.40685,33.28632],[130.40596,33.28629],[130.40598,33.28591],[130.40484,33.2865],[130.40493,33.28542],[130.40541,33.28545],[130.40546,33.28502]]],[[[130.40153,33.28609],[130.40163,33.28518],[130.40389,33.28538],[130.40413,33.28475],[130.40546,33.28502],[130.40541,33.28545],[130.40493,33.28542],[130.40484,33.2865],[130.40598,33.28591],[130.40596,33.28629],[130.40685,33.28632],[130.40658,33.28733],[130.40547,33.28708],[130.4054,33.28839],[130.40616,33.28843],[130.40611,33.28922],[130.40529,33.28919],[130.40532,33.2903],[130.40037,33.28973],[130.40153,33.28609]]]]}},{"type":"Feature","properties":{"vid":"K64G05S00011","name":"江口村","reading":"えぐち","gun":"三根郡","domains":["saga"],"isShared":false,"shared":[]},"geometry":{"type":"MultiPolygon","coordinates":[[[[130.46333,33.31786],[130.46351,33.31713],[130.46241,33.31588],[130.46258,33.3148],[130.46385,33.31497],[130.46467,33.30909],[130.46606,33.30948],[130.46629,33.30877],[130.46562,33.3085],[130.46559,33.30793],[130.46594,33.30472],[130.46917,33.3047],[130.46909,33.3041],[130.4703,33.30401],[130.47043,33.30466],[130.47088,33.30463],[130.47097,33.30685],[130.47007,33.30735],[130.46901,33.31148],[130.46841,33.31134],[130.46815,33.31236],[130.46733,33.31219],[130.46707,33.31319],[130.46841,33.31343],[130.46872,33.31499],[130.46957,33.31521],[130.46908,33.31594],[130.46966,33.31604],[130.46946,33.317],[130.47362,33.31768],[130.47319,33.3188],[130.46447,33.3173],[130.46429,33.31804],[130.46333,33.31786]]],[[[130.46263,33.31645],[130.46251,33.31696],[130.44712,33.31442],[130.44945,33.30716],[130.44834,33.30436],[130.45392,33.30498],[130.45348,33.30433],[130.45608,33.30149],[130.45746,33.30291],[130.45943,33.30387],[130.46594,33.30472],[130.46562,33.3085],[130.46629,33.30877],[130.46606,33.30948],[130.46467,33.30909],[130.46385,33.31497],[130.46258,33.3148],[130.46263,33.31645]]],[[[130.46966,33.31604],[130.46908,33.31594],[130.46957,33.31521],[130.46872,33.31499],[130.46841,33.31343],[130.46707,33.31319],[130.46733,33.31219],[130.46815,33.31236],[130.46841,33.31134],[130.46901,33.31148],[130.47007,33.30735],[130.47097,33.30685],[130.47088,33.30463],[130.47771,33.30435],[130.47782,33.30668],[130.47916,33.30697],[130.47788,33.30719],[130.47837,33.30925],[130.47763,33.30909],[130.47715,33.31069],[130.47608,33.31027],[130.47347,33.31039],[130.47293,33.31133],[130.47103,33.31082],[130.46974,33.31449],[130.47023,33.31462],[130.46966,33.31604]]],[[[130.47362,33.31768],[130.46946,33.317],[130.47023,33.31462],[130.46974,33.31449],[130.47103,33.31082],[130.47293,33.31133],[130.47347,33.31039],[130.47608,33.31027],[130.47715,33.31069],[130.47763,33.30909],[130.47837,33.30925],[130.48039,33.31165],[130.47945,33.31558],[130.47825,33.31534],[130.4779,33.31676],[130.47537,33.31685],[130.47514,33.31639],[130.47399,33.31619],[130.47362,33.31768]]],[[[130.47837,33.30925],[130.47788,33.30719],[130.47916,33.30697],[130.47782,33.30668],[130.47771,33.30435],[130.4816,33.30467],[130.48471,33.30588],[130.48702,33.3118],[130.48949,33.3163],[130.48934,33.31765],[130.48751,33.31971],[130.48472,33.31998],[130.48032,33.3223],[130.47968,33.32166],[130.48047,33.32045],[130.48033,33.31963],[130.47934,33.3193],[130.48042,33.31946],[130.48063,33.31909],[130.48033,33.31868],[130.48092,33.31642],[130.47998,33.31638],[130.4808,33.31587],[130.47945,33.31558],[130.48039,33.31165],[130.47837,33.30925]]]]}},{"type":"Feature","properties":{"vid":"K64G06S00001","name":"八反原村","reading":"はったばる","gun":"小城郡","domains":["ogi"],"isShared":false,"shared":[]},"geometry":{"type":"Polygon","coordinates":[[[130.22918,33.3246],[130.23528,33.3247],[130.23554,33.3239],[130.24348,33.32525],[130.24903,33.3273],[130.25591,33.33093],[130.25893,33.33109],[130.26015,33.33232],[130.26071,33.33418],[130.26183,33.33466],[130.25813,33.33849],[130.25684,33.33857],[130.25588,33.34177],[130.25261,33.34289],[130.25116,33.34288],[130.24706,33.34104],[130.24629,33.33916],[130.24406,33.33743],[130.24389,33.33644],[130.24267,33.33572],[130.24209,33.33391],[130.24095,33.33326],[130.24026,33.33186],[130.23897,33.33123],[130.23554,33.33208],[130.23454,33.33319],[130.23338,33.33189],[130.2312,33.3322],[130.23012,33.33158],[130.22748,33.3313],[130.22562,33.32912],[130.2259,33.32696],[130.22502,33.32467],[130.22918,33.3246]]]}},{"type":"Feature","properties":{"vid":"K64G06S00002","name":"下熊川村","reading":"しもくまのかわ","gun":"小城郡","domains":["ogi"],"isShared":false,"shared":[]},"geometry":{"type":"MultiPolygon","coordinates":[[[[130.22748,33.3313],[130.23012,33.33158],[130.2312,33.3322],[130.23338,33.33189],[130.23454,33.33319],[130.23543,33.33213],[130.23842,33.33121],[130.24026,33.33186],[130.24095,33.33326],[130.24209,33.33391],[130.24267,33.33572],[130.24389,33.33644],[130.24406,33.33743],[130.24629,33.33916],[130.24594,33.34083],[130.24515,33.34199],[130.2415,33.34353],[130.23763,33.34648],[130.23464,33.34607],[130.23336,33.34641],[130.23258,33.3456],[130.22965,33.34707],[130.22831,33.34478],[130.2264,33.34402],[130.22605,33.34261],[130.22505,33.34324],[130.22273,33.34217],[130.22328,33.34083],[130.22236,33.33654],[130.21951,33.33558],[130.22048,33.33466],[130.22168,33.33494],[130.22337,33.33157],[130.22545,33.33109],[130.22667,33.33154],[130.22748,33.3313]]],[[[130.24914,33.34856],[130.24758,33.35045],[130.24746,33.35135],[130.24869,33.35366],[130.24897,33.35637],[130.24933,33.35663],[130.25064,33.35611],[130.25087,33.35663],[130.24764,33.35766],[130.24668,33.35725],[130.24621,33.35604],[130.24523,33.35602],[130.24525,33.35501],[130.24394,33.35502],[130.23945,33.3531],[130.23736,33.35005],[130.23733,33.34948],[130.23785,33.34949],[130.2357,33.34645],[130.23804,33.34633],[130.2415,33.34353],[130.24515,33.34199],[130.24635,33.33977],[130.24689,33.34086],[130.24859,33.34205],[130.24781,33.34357],[130.2477,33.34586],[130.24914,33.34856]]]]}},{"type":"Feature","properties":{"vid":"K64G06S00003","name":"内野村","reading":"うちの","gun":"小城郡","domains":["ogi"],"isShared":false,"shared":[]},"geometry":{"type":"Polygon","coordinates":[[[130.25292,33.3595],[130.25254,33.36141],[130.24931,33.36435],[130.24747,33.36333],[130.24504,33.36291],[130.2443,33.36176],[130.24234,33.36036],[130.24321,33.35731],[130.24521,33.35792],[130.24668,33.35725],[130.24841,33.35763],[130.25087,33.35663],[130.25261,33.35833],[130.25292,33.3595]]]}},{"type":"Feature","properties":{"vid":"K64G06S00004","name":"上熊川村","reading":"かみくまのかわ","gun":"小城郡","domains":["ogi"],"isShared":false,"shared":[]},"geometry":{"type":"MultiPolygon","coordinates":[[[[130.21726,33.36357],[130.2136,33.36399],[130.21248,33.36521],[130.20666,33.36122],[130.20509,33.36101],[130.20367,33.36176],[130.20327,33.36016],[130.2039,33.3579],[130.20609,33.35617],[130.20677,33.35377],[130.20943,33.35196],[130.21017,33.3509],[130.20641,33.34175],[130.20843,33.3408],[130.21036,33.34054],[130.2152,33.338],[130.21662,33.33674],[130.21867,33.33682],[130.21951,33.33558],[130.22236,33.33654],[130.22328,33.34083],[130.22273,33.34217],[130.22505,33.34324],[130.22605,33.34261],[130.2264,33.34402],[130.22831,33.34478],[130.22907,33.34646],[130.22621,33.34661],[130.21959,33.34804],[130.2171,33.35173],[130.21152,33.35211],[130.21012,33.35311],[130.20981,33.35394],[130.21096,33.35583],[130.21075,33.35669],[130.21125,33.3581],[130.21247,33.35867],[130.21198,33.35938],[130.21263,33.35965],[130.21283,33.3607],[130.21726,33.36357]]],[[[130.21726,33.36357],[130.21283,33.3607],[130.21263,33.35965],[130.21198,33.35938],[130.21247,33.35867],[130.21125,33.3581],[130.21075,33.35669],[130.21096,33.35583],[130.20981,33.35394],[130.21012,33.35311],[130.21152,33.35211],[130.21675,33.3519],[130.21923,33.34823],[130.22621,33.34661],[130.22907,33.34646],[130.22986,33.34714],[130.23258,33.3456],[130.23319,33.34636],[130.23464,33.34607],[130.2357,33.34645],[130.23785,33.34949],[130.23733,33.34948],[130.23736,33.35005],[130.23945,33.3531],[130.24394,33.35502],[130.24525,33.35501],[130.24523,33.35602],[130.24621,33.35604],[130.24668,33.35725],[130.24521,33.35792],[130.24321,33.35731],[130.24234,33.36036],[130.24114,33.36057],[130.23855,33.35994],[130.23696,33.36181],[130.23663,33.36422],[130.23506,33.36398],[130.2334,33.36555],[130.22764,33.36447],[130.22533,33.36558],[130.22382,33.36562],[130.22201,33.36476],[130.22017,33.36218],[130.2186,33.36188],[130.21726,33.36357]]],[[[130.24504,33.36291],[130.24314,33.36346],[130.24235,33.36645],[130.23927,33.36595],[130.23663,33.36422],[130.23696,33.36181],[130.23888,33.35984],[130.24114,33.36057],[130.24234,33.36036],[130.2443,33.36176],[130.24504,33.36291]]]]}},{"type":"Feature","properties":{"vid":"K64G06S00005","name":"古湯村","reading":"ふるゆ","gun":"小城郡","domains":["ogi"],"isShared":false,"shared":[]},"geometry":{"type":"MultiPolygon","coordinates":[[[[130.1918,33.36808],[130.19285,33.36783],[130.19519,33.36898],[130.19675,33.37046],[130.1986,33.37078],[130.20086,33.37335],[130.19764,33.37829],[130.19749,33.38198],[130.1952,33.38624],[130.19541,33.3878],[130.19119,33.39002],[130.18505,33.3889],[130.18224,33.38929],[130.18271,33.38845],[130.18257,33.38759],[130.18066,33.38639],[130.17978,33.38499],[130.17862,33.38465],[130.17855,33.38375],[130.17794,33.38328],[130.17908,33.38207],[130.17877,33.38083],[130.17764,33.3808],[130.17718,33.38009],[130.17774,33.37913],[130.17754,33.37818],[130.1783,33.37552],[130.17906,33.37395],[130.18078,33.37394],[130.18235,33.37328],[130.18378,33.37097],[130.18561,33.36964],[130.18838,33.3685],[130.19107,33.36902],[130.19198,33.36868],[130.1918,33.36808]]],[[[130.21248,33.36521],[130.2102,33.36681],[130.20616,33.367],[130.20543,33.36764],[130.20719,33.37015],[130.20954,33.37242],[130.20911,33.37493],[130.20971,33.37765],[130.21091,33.37906],[130.2135,33.38023],[130.21522,33.38665],[130.21677,33.38931],[130.21602,33.38991],[130.21369,33.3904],[130.21128,33.38925],[130.20544,33.38891],[130.2044,33.38955],[130.20336,33.39315],[130.20234,33.39209],[130.20119,33.38924],[130.19773,33.38923],[130.19521,33.38743],[130.1952,33.38624],[130.19749,33.38198],[130.19764,33.37829],[130.20076,33.37309],[130.1986,33.37078],[130.19675,33.37046],[130.19519,33.36898],[130.19285,33.36783],[130.1918,33.36808],[130.19064,33.36701],[130.18823,33.36297],[130.19213,33.36154],[130.19595,33.36212],[130.197,33.3613],[130.20207,33.36135],[130.20322,33.36201],[130.20575,33.36097],[130.20692,33.36132],[130.21248,33.36521]]]]}},{"type":"Feature","properties":{"vid":"K64G06S00006","name":"苣木村","reading":"ちやのき","gun":"小城郡","domains":["ogi"],"isShared":false,"shared":[]},"geometry":{"type":"Polygon","coordinates":[[[130.19244,33.36153],[130.18823,33.36297],[130.19064,33.36701],[130.1916,33.36772],[130.1919,33.36875],[130.19012,33.36903],[130.18838,33.3685],[130.18614,33.36938],[130.18404,33.37069],[130.18259,33.37309],[130.18112,33.37387],[130.17906,33.37395],[130.17872,33.37254],[130.17739,33.37242],[130.17625,33.37499],[130.17477,33.37544],[130.17342,33.37485],[130.17367,33.37329],[130.17432,33.37249],[130.17359,33.37008],[130.1742,33.36744],[130.17326,33.36532],[130.17355,33.36305],[130.17528,33.36239],[130.17663,33.36051],[130.17971,33.35855],[130.18126,33.35822],[130.18211,33.35881],[130.18439,33.35903],[130.18514,33.35835],[130.18504,33.35798],[130.18325,33.35841],[130.18034,33.35517],[130.17974,33.35233],[130.18006,33.34921],[130.17933,33.34782],[130.18243,33.34925],[130.18513,33.35132],[130.1863,33.35337],[130.1864,33.35582],[130.18742,33.35808],[130.18975,33.36067],[130.19264,33.36063],[130.19244,33.36153]]]}},{"type":"Feature","properties":{"vid":"K64G06S00007","name":"鎌原村","reading":"かまばる","gun":"小城郡","domains":["ogi"],"isShared":false,"shared":[]},"geometry":{"type":"Polygon","coordinates":[[[130.20367,33.36176],[130.19717,33.36128],[130.196,33.36212],[130.19528,33.36207],[130.19244,33.36153],[130.19264,33.36063],[130.18975,33.36067],[130.187,33.35743],[130.18634,33.35554],[130.1863,33.35337],[130.18553,33.35176],[130.18283,33.34949],[130.17933,33.34782],[130.17993,33.34563],[130.18159,33.3428],[130.18365,33.34103],[130.18978,33.34155],[130.19081,33.34215],[130.2022,33.34056],[130.20843,33.3408],[130.20641,33.34175],[130.21017,33.3509],[130.20943,33.35196],[130.20677,33.35377],[130.20609,33.35617],[130.20375,33.35814],[130.20326,33.36035],[130.20367,33.36176]]]}},{"type":"Feature","properties":{"vid":"K64G06S00008","name":"市川村","reading":"いちかわ","gun":"小城郡","domains":["ogi"],"isShared":false,"shared":[]},"geometry":{"type":"MultiPolygon","coordinates":[[[[130.17359,33.374],[130.16985,33.37472],[130.16776,33.37428],[130.16409,33.37938],[130.15929,33.38232],[130.15582,33.38359],[130.15349,33.38328],[130.14997,33.38399],[130.14727,33.38366],[130.14497,33.38438],[130.14116,33.38082],[130.14144,33.37971],[130.14035,33.37813],[130.14094,33.37644],[130.13946,33.37371],[130.13943,33.3722],[130.14264,33.36885],[130.14255,33.367],[130.14458,33.36458],[130.14424,33.36168],[130.14492,33.3596],[130.14476,33.35729],[130.14605,33.35619],[130.14619,33.35543],[130.14574,33.35203],[130.14232,33.34993],[130.14223,33.34845],[130.14092,33.34668],[130.14189,33.34531],[130.14203,33.34361],[130.14264,33.34274],[130.14281,33.33888],[130.14686,33.33974],[130.14834,33.33922],[130.15243,33.33902],[130.15419,33.33969],[130.16122,33.34032],[130.16606,33.33984],[130.16676,33.33797],[130.16826,33.33785],[130.17173,33.33849],[130.17199,33.33923],[130.17161,33.33975],[130.17312,33.33913],[130.17881,33.33888],[130.18032,33.3394],[130.18207,33.34088],[130.18365,33.34103],[130.18159,33.3428],[130.17964,33.34634],[130.17859,33.34613],[130.17685,33.34667],[130.17181,33.35062],[130.16906,33.35559],[130.16898,33.35629],[130.17008,33.35806],[130.17078,33.3588],[130.17227,33.35909],[130.17163,33.36012],[130.17223,33.36151],[130.17199,33.36186],[130.1742,33.36734],[130.17359,33.37008],[130.17432,33.37249],[130.17359,33.374]]],[[[130.17323,33.36437],[130.17265,33.36387],[130.17163,33.36012],[130.17227,33.35909],[130.17078,33.3588],[130.17008,33.35806],[130.16898,33.35629],[130.16906,33.35559],[130.1712,33.35153],[130.17319,33.34933],[130.17685,33.34667],[130.17933,33.34617],[130.17964,33.34634],[130.17937,33.3481],[130.18006,33.34921],[130.17974,33.35233],[130.18034,33.35517],[130.18325,33.35841],[130.18504,33.35798],[130.18514,33.35835],[130.18439,33.35903],[130.18211,33.35881],[130.18126,33.35822],[130.17911,33.35882],[130.17617,33.36092],[130.17528,33.36239],[130.17355,33.36305],[130.17323,33.36437]]]]}},{"type":"Feature","properties":{"vid":"K64G06S00009","name":"杉山村","reading":"すぎやま","gun":"小城郡","domains":["ogi"],"isShared":false,"shared":[]},"geometry":{"type":"MultiPolygon","coordinates":[[[[130.17906,33.37395],[130.1772,33.38018],[130.17757,33.38077],[130.17891,33.38108],[130.17902,33.38227],[130.17794,33.38328],[130.17855,33.38375],[130.17862,33.38465],[130.17978,33.38499],[130.18066,33.38639],[130.18262,33.38769],[130.18189,33.39027],[130.18291,33.39333],[130.18264,33.39391],[130.18072,33.39476],[130.17719,33.39483],[130.17284,33.38839],[130.17256,33.38531],[130.17119,33.38408],[130.16827,33.38278],[130.16727,33.38117],[130.16409,33.37938],[130.16796,33.37418],[130.16985,33.37472],[130.17359,33.374],[130.17342,33.37485],[130.17493,33.37543],[130.17654,33.37472],[130.17702,33.37277],[130.17764,33.37239],[130.17884,33.37265],[130.17906,33.37395]]],[[[130.16409,33.37938],[130.16727,33.38117],[130.16827,33.38278],[130.17119,33.38408],[130.17256,33.38531],[130.17284,33.38839],[130.17719,33.39483],[130.17613,33.39518],[130.17537,33.39667],[130.17225,33.3972],[130.17148,33.39879],[130.17041,33.40207],[130.17049,33.40623],[130.17103,33.40788],[130.16959,33.40943],[130.17002,33.41226],[130.16979,33.41464],[130.16819,33.4135],[130.16778,33.41208],[130.16648,33.41153],[130.16451,33.40942],[130.16339,33.40968],[130.16247,33.40912],[130.16142,33.40939],[130.16026,33.40887],[130.15876,33.40944],[130.15625,33.40915],[130.15538,33.40657],[130.15543,33.40574],[130.1565,33.40516],[130.15589,33.40277],[130.15677,33.40187],[130.15754,33.40177],[130.15777,33.4008],[130.1565,33.39893],[130.15643,33.39756],[130.15357,33.39499],[130.15423,33.39261],[130.15393,33.39169],[130.15237,33.3913],[130.15132,33.38921],[130.14797,33.38845],[130.14704,33.38706],[130.14529,33.38577],[130.14497,33.38438],[130.14727,33.38366],[130.14997,33.38399],[130.15349,33.38328],[130.15582,33.38359],[130.15929,33.38232],[130.16409,33.37938]]]]}},{"type":"Feature","properties":{"vid":"K64G06S00010","name":"畑瀬村","reading":"はたぜ","gun":"小城郡","domains":["ogi"],"isShared":false,"shared":[]},"geometry":{"type":"Polygon","coordinates":[[[130.2201,33.40406],[130.21483,33.40503],[130.21466,33.40356],[130.21341,33.40216],[130.20998,33.39987],[130.206,33.39628],[130.20336,33.39315],[130.20453,33.38935],[130.20551,33.3889],[130.21093,33.38919],[130.21369,33.3904],[130.21602,33.38991],[130.21677,33.38931],[130.21759,33.38987],[130.21946,33.3901],[130.21864,33.39271],[130.21969,33.39407],[130.21967,33.39523],[130.2203,33.39587],[130.22304,33.39676],[130.22446,33.39838],[130.22353,33.40025],[130.2201,33.40406]]]}},{"type":"Feature","properties":{"vid":"K64G06S00011","name":"栗並村","reading":"くりなみ","gun":"小城郡","domains":["ogi"],"isShared":false,"shared":[]},"geometry":{"type":"Polygon","coordinates":[[[130.21483,33.40503],[130.21398,33.4059],[130.21404,33.40749],[130.21336,33.40904],[130.2084,33.41048],[130.20893,33.41299],[130.20809,33.41331],[130.2056,33.41281],[130.20374,33.41554],[130.20237,33.41632],[130.20077,33.41598],[130.20004,33.41627],[130.19896,33.4181],[130.19943,33.41963],[130.19756,33.41968],[130.19691,33.41909],[130.19469,33.41949],[130.19493,33.41788],[130.1924,33.41595],[130.19285,33.41444],[130.1898,33.41333],[130.18943,33.41211],[130.18786,33.4111],[130.18532,33.41118],[130.17996,33.40605],[130.17897,33.40551],[130.17768,33.40594],[130.17645,33.40381],[130.17547,33.40417],[130.17482,33.40379],[130.17488,33.40136],[130.17548,33.40055],[130.17492,33.4],[130.1753,33.39939],[130.17358,33.39684],[130.17549,33.39661],[130.17661,33.39485],[130.18048,33.39481],[130.18276,33.39383],[130.18279,33.39243],[130.18189,33.39027],[130.18224,33.38929],[130.18505,33.3889],[130.19119,33.39002],[130.19592,33.38769],[130.19773,33.38923],[130.20129,33.38931],[130.20271,33.39263],[130.20998,33.39987],[130.21341,33.40216],[130.21466,33.40356],[130.21483,33.40503]]]}},{"type":"Feature","properties":{"vid":"K64G06S00012","name":"摩那古村","reading":"まなご","gun":"小城郡","domains":["ogi"],"isShared":false,"shared":[]},"geometry":{"type":"Polygon","coordinates":[[[130.20636,33.44569],[130.20563,33.44764],[130.19361,33.44779],[130.19065,33.44868],[130.18841,33.45033],[130.18129,33.4489],[130.17896,33.44931],[130.1765,33.45111],[130.17341,33.45076],[130.1694,33.45121],[130.17004,33.44886],[130.16894,33.44692],[130.16899,33.44581],[130.16795,33.44448],[130.16898,33.44225],[130.16837,33.44026],[130.16879,33.43818],[130.16756,33.43821],[130.16657,33.4373],[130.16709,33.43495],[130.16654,33.43386],[130.16794,33.43159],[130.16711,33.42894],[130.16612,33.42724],[130.16495,33.42678],[130.16357,33.42524],[130.16382,33.42367],[130.16347,33.42322],[130.16163,33.42246],[130.16026,33.42223],[130.15942,33.42259],[130.15786,33.42213],[130.15787,33.42112],[130.15653,33.41953],[130.15832,33.41907],[130.15823,33.4183],[130.15953,33.41585],[130.16264,33.41667],[130.16536,33.41538],[130.16667,33.41564],[130.16629,33.41665],[130.16665,33.41741],[130.16842,33.41658],[130.17083,33.4168],[130.17443,33.41907],[130.1753,33.42018],[130.17663,33.42285],[130.17757,33.4236],[130.17768,33.42651],[130.17964,33.42637],[130.18173,33.42729],[130.18425,33.4275],[130.18684,33.42968],[130.18871,33.4297],[130.18998,33.43024],[130.19065,33.43112],[130.18994,33.43225],[130.19047,33.43381],[130.1897,33.43523],[130.19138,33.43523],[130.19277,33.43623],[130.19476,33.43597],[130.19623,33.43678],[130.19727,33.43676],[130.19959,33.44005],[130.19988,33.44202],[130.20254,33.44313],[130.20258,33.44576],[130.20546,33.44654],[130.20561,33.44576],[130.20636,33.44569]]]}},{"type":"Feature","properties":{"vid":"K64G06S00013","name":"中原村","reading":"なかばる","gun":"小城郡","domains":["ogi"],"isShared":false,"shared":[]},"geometry":{"type":"Polygon","coordinates":[[[130.20636,33.44569],[130.20561,33.44576],[130.20546,33.44654],[130.20258,33.44576],[130.20254,33.44313],[130.19988,33.44202],[130.19959,33.44005],[130.19737,33.43682],[130.19623,33.43678],[130.19476,33.43597],[130.19277,33.43623],[130.19138,33.43523],[130.18966,33.43518],[130.19047,33.43381],[130.1899,33.4327],[130.19065,33.43112],[130.19039,33.43054],[130.1891,33.42979],[130.18684,33.42968],[130.18425,33.4275],[130.18173,33.42729],[130.17964,33.42637],[130.17768,33.42651],[130.17747,33.42607],[130.17833,33.42421],[130.18269,33.42484],[130.18788,33.42662],[130.1891,33.42741],[130.18922,33.42819],[130.19023,33.42925],[130.19236,33.42965],[130.19337,33.43035],[130.19394,33.42989],[130.19846,33.42977],[130.20039,33.43029],[130.20172,33.42979],[130.20216,33.43082],[130.2041,33.43278],[130.20406,33.43348],[130.20232,33.43548],[130.2034,33.43743],[130.20477,33.43839],[130.20543,33.44115],[130.20603,33.4415],[130.20589,33.44372],[130.20636,33.44569]]]}},{"type":"Feature","properties":{"vid":"K64G06S00014","name":"大野村","reading":"おおの","gun":"小城郡","domains":["ogi"],"isShared":false,"shared":[]},"geometry":{"type":"Polygon","coordinates":[[[130.21404,33.40749],[130.21495,33.41005],[130.21492,33.41217],[130.21625,33.41388],[130.21881,33.41992],[130.22024,33.42137],[130.22129,33.42169],[130.21883,33.42382],[130.21542,33.42417],[130.2136,33.4262],[130.21271,33.43009],[130.21007,33.43003],[130.20811,33.43126],[130.20315,33.43152],[130.20216,33.43082],[130.20172,33.42979],[130.20039,33.43029],[130.19846,33.42977],[130.19394,33.42989],[130.19337,33.43035],[130.19236,33.42965],[130.19038,33.42932],[130.18942,33.42846],[130.18905,33.42781],[130.1893,33.42693],[130.1909,33.42619],[130.1915,33.4264],[130.1923,33.42452],[130.19407,33.4246],[130.19457,33.42369],[130.19561,33.42323],[130.19585,33.42111],[130.19952,33.41959],[130.19896,33.4181],[130.19995,33.41634],[130.20077,33.41598],[130.20237,33.41632],[130.20374,33.41554],[130.2056,33.41281],[130.20809,33.41331],[130.20893,33.41299],[130.2084,33.41048],[130.21294,33.40933],[130.21404,33.40749]]]}},{"type":"Feature","properties":{"vid":"K64G06S00015","name":"大串村","reading":"おおくし","gun":"小城郡","domains":["ogi"],"isShared":false,"shared":[]},"geometry":{"type":"Polygon","coordinates":[[[130.16979,33.41464],[130.17002,33.41226],[130.16959,33.40943],[130.17103,33.40788],[130.17049,33.40623],[130.17041,33.40207],[130.17206,33.39737],[130.17358,33.39684],[130.1753,33.39939],[130.17492,33.4],[130.17548,33.40055],[130.17488,33.40136],[130.17482,33.40379],[130.17547,33.40417],[130.17645,33.40381],[130.17768,33.40594],[130.17897,33.40551],[130.17996,33.40605],[130.18532,33.41118],[130.18786,33.4111],[130.18943,33.41211],[130.1898,33.41333],[130.19285,33.41444],[130.1924,33.41595],[130.19493,33.41788],[130.19463,33.41946],[130.19691,33.41909],[130.19746,33.41965],[130.19879,33.41967],[130.19717,33.42082],[130.19585,33.42111],[130.19561,33.42323],[130.19457,33.42369],[130.19407,33.4246],[130.19257,33.42435],[130.19158,33.42635],[130.19003,33.42651],[130.1891,33.42741],[130.18269,33.42484],[130.17842,33.42417],[130.17747,33.42607],[130.17757,33.4236],[130.17663,33.42285],[130.1753,33.42018],[130.17443,33.41907],[130.1705,33.41666],[130.17047,33.41557],[130.16979,33.41464]]]}},{"type":"Feature","properties":{"vid":"K64G06S00016","name":"上無津呂村","reading":"かみむつろ","gun":"小城郡","domains":["ogi"],"isShared":false,"shared":[]},"geometry":{"type":"MultiPolygon","coordinates":[[[[130.1694,33.45121],[130.17341,33.45076],[130.1765,33.45111],[130.17896,33.44931],[130.18129,33.4489],[130.18841,33.45033],[130.19065,33.44868],[130.19339,33.44784],[130.20181,33.44748],[130.20215,33.44786],[130.20164,33.4494],[130.2017,33.4514],[130.20065,33.45317],[130.19963,33.4539],[130.19819,33.4577],[130.20008,33.45883],[130.19986,33.45999],[130.20044,33.46059],[130.19994,33.46138],[130.20116,33.46225],[130.20065,33.4631],[130.19533,33.46699],[130.19368,33.46746],[130.18914,33.46703],[130.18635,33.46836],[130.1828,33.46665],[130.17925,33.4663],[130.17768,33.46668],[130.17605,33.46592],[130.17483,33.46739],[130.17203,33.46719],[130.16879,33.46765],[130.16887,33.466],[130.17,33.46337],[130.16776,33.45925],[130.1658,33.45891],[130.16449,33.45526],[130.16512,33.45336],[130.169,33.4518],[130.1694,33.45121]]],[[[130.18635,33.46836],[130.18914,33.46703],[130.19233,33.46748],[130.19483,33.46725],[130.20065,33.4631],[130.20117,33.46212],[130.19994,33.46138],[130.20044,33.46059],[130.19986,33.45999],[130.20008,33.45883],[130.19819,33.4577],[130.19963,33.4539],[130.20065,33.45317],[130.2017,33.4514],[130.20164,33.4494],[130.20209,33.44877],[130.20364,33.45047],[130.20418,33.45365],[130.20535,33.45444],[130.20954,33.45276],[130.21296,33.45229],[130.2172,33.45302],[130.22115,33.45481],[130.22152,33.45779],[130.22474,33.45899],[130.22514,33.4598],[130.22394,33.46141],[130.22508,33.46124],[130.22774,33.46526],[130.22617,33.46683],[130.22615,33.46832],[130.22555,33.46931],[130.22569,33.47074],[130.22505,33.47239],[130.22553,33.47559],[130.2267,33.47672],[130.22334,33.47828],[130.22166,33.47766],[130.21817,33.47819],[130.21776,33.47905],[130.21631,33.47984],[130.21465,33.47975],[130.21278,33.48068],[130.20388,33.48157],[130.20333,33.48075],[130.20173,33.48004],[130.19852,33.48117],[130.19793,33.48053],[130.19795,33.47934],[130.19909,33.47814],[130.19849,33.4773],[130.19597,33.47809],[130.19453,33.47611],[130.19152,33.47643],[130.18879,33.47489],[130.18842,33.47251],[130.18885,33.47096],[130.18653,33.47084],[130.18635,33.46836]]]]}},{"type":"Feature","properties":{"vid":"K64G06S00017","name":"下無津呂村","reading":"しもむつろ","gun":"小城郡","domains":["ogi"],"isShared":false,"shared":[]},"geometry":{"type":"Polygon","coordinates":[[[130.20636,33.44569],[130.20589,33.44372],[130.20603,33.4415],[130.20543,33.44115],[130.20477,33.43839],[130.2034,33.43743],[130.20232,33.43548],[130.20414,33.4333],[130.20315,33.43152],[130.20811,33.43126],[130.21007,33.43003],[130.21271,33.43009],[130.21425,33.43283],[130.21433,33.43357],[130.2136,33.43469],[130.21603,33.44065],[130.21724,33.44112],[130.2186,33.4431],[130.21864,33.44479],[130.2195,33.44614],[130.22088,33.44687],[130.22094,33.44949],[130.22261,33.45155],[130.22314,33.45391],[130.22482,33.45558],[130.22438,33.4578],[130.22474,33.45899],[130.22162,33.45794],[130.22115,33.45481],[130.21691,33.45294],[130.21202,33.45232],[130.20905,33.45291],[130.206,33.45444],[130.20468,33.45411],[130.2041,33.45347],[130.20355,33.45028],[130.20209,33.44877],[130.20215,33.44779],[130.20563,33.44764],[130.20636,33.44569]]]}},{"type":"Feature","properties":{"vid":"K64G06S00018","name":"古場村","reading":"こば","gun":"小城郡","domains":["ogi"],"isShared":false,"shared":[]},"geometry":{"type":"Polygon","coordinates":[[[130.24197,33.43363],[130.24477,33.43439],[130.24609,33.43401],[130.24716,33.43282],[130.24804,33.43255],[130.25048,33.43312],[130.25095,33.43536],[130.25348,33.43907],[130.25248,33.44068],[130.25268,33.4427],[130.25364,33.44421],[130.25309,33.4454],[130.25357,33.44651],[130.25304,33.4481],[130.25447,33.44958],[130.25514,33.45125],[130.25495,33.45199],[130.25261,33.45388],[130.25053,33.45406],[130.25078,33.45811],[130.24928,33.45888],[130.24848,33.46031],[130.24736,33.46074],[130.24829,33.46539],[130.24696,33.46611],[130.2469,33.46741],[130.2476,33.46893],[130.24987,33.47051],[130.24692,33.47109],[130.24479,33.474],[130.24227,33.47486],[130.23849,33.47417],[130.23698,33.47306],[130.23366,33.47268],[130.2332,33.46923],[130.23147,33.46666],[130.23141,33.46508],[130.23207,33.46262],[130.2338,33.46097],[130.23374,33.45927],[130.23345,33.45882],[130.23066,33.45825],[130.22887,33.45854],[130.22765,33.45823],[130.22615,33.4556],[130.22468,33.45443],[130.22488,33.45284],[130.22412,33.44894],[130.22482,33.44708],[130.22639,33.44672],[130.22671,33.44532],[130.22855,33.44443],[130.22786,33.44272],[130.22825,33.44137],[130.22707,33.439],[130.22743,33.43826],[130.23034,33.43764],[130.23289,33.43785],[130.23393,33.43587],[130.23534,33.43499],[130.23654,33.4355],[130.23729,33.43519],[130.23753,33.43565],[130.23814,33.43559],[130.23824,33.43625],[130.24118,33.43612],[130.24163,33.43574],[130.24197,33.43363]]]}},{"type":"Feature","properties":{"vid":"K64G06S00019","name":"上合瀬村","reading":"かみおうせ","gun":"小城郡","domains":["ogi"],"isShared":false,"shared":[]},"geometry":{"type":"Polygon","coordinates":[[[130.24987,33.47051],[130.2476,33.46893],[130.24685,33.4668],[130.24696,33.46611],[130.24829,33.46539],[130.24736,33.46074],[130.24848,33.46031],[130.24928,33.45888],[130.25078,33.45811],[130.25053,33.45406],[130.25254,33.45393],[130.25619,33.45132],[130.25779,33.45069],[130.2593,33.44898],[130.26113,33.44785],[130.2626,33.44806],[130.2636,33.44756],[130.26542,33.44841],[130.26728,33.44701],[130.26832,33.44706],[130.26972,33.44828],[130.26964,33.44949],[130.27189,33.45143],[130.27171,33.45378],[130.26969,33.45666],[130.26746,33.45756],[130.26562,33.45701],[130.26389,33.45785],[130.2621,33.46001],[130.262,33.46178],[130.26331,33.46216],[130.26494,33.46372],[130.26575,33.46275],[130.2676,33.46178],[130.27102,33.46208],[130.27404,33.46159],[130.27479,33.46257],[130.27507,33.46525],[130.27557,33.46585],[130.27515,33.4674],[130.27698,33.46934],[130.27806,33.46956],[130.27891,33.47127],[130.27993,33.47192],[130.28176,33.47467],[130.27857,33.47608],[130.27864,33.47683],[130.27786,33.47792],[130.27558,33.47944],[130.27211,33.47935],[130.27104,33.47993],[130.26456,33.47743],[130.26263,33.47801],[130.26061,33.47675],[130.25759,33.47613],[130.25237,33.47096],[130.24987,33.47051]]]}},{"type":"Feature","properties":{"vid":"K64G06S00020","name":"下合瀬村","reading":"しもおうせ","gun":"小城郡","domains":["ogi"],"isShared":false,"shared":[]},"geometry":{"type":"Polygon","coordinates":[[[130.25274,33.43275],[130.25428,33.43391],[130.25449,33.43588],[130.25351,33.43675],[130.25555,33.4387],[130.25791,33.4392],[130.25934,33.43867],[130.26074,33.43974],[130.26068,33.44155],[130.26253,33.44336],[130.26347,33.4429],[130.26581,33.44525],[130.26647,33.44425],[130.26737,33.44415],[130.26785,33.44451],[130.26752,33.44531],[130.26846,33.44669],[130.2709,33.44721],[130.27138,33.44831],[130.27288,33.44811],[130.27517,33.44923],[130.27487,33.45198],[130.27538,33.45445],[130.2748,33.45464],[130.27515,33.45532],[130.27409,33.45617],[130.27318,33.45866],[130.27404,33.46159],[130.27102,33.46208],[130.2676,33.46178],[130.26575,33.46275],[130.26494,33.46372],[130.26331,33.46216],[130.262,33.46178],[130.2621,33.46001],[130.26389,33.45785],[130.26562,33.45701],[130.26746,33.45756],[130.26969,33.45666],[130.27171,33.45378],[130.27189,33.45143],[130.26964,33.44949],[130.26972,33.44828],[130.26832,33.44706],[130.26728,33.44701],[130.26542,33.44841],[130.2636,33.44756],[130.2626,33.44806],[130.26113,33.44785],[130.2593,33.44898],[130.25779,33.45069],[130.25466,33.45228],[130.25498,33.45069],[130.25304,33.4481],[130.25357,33.44651],[130.25309,33.4454],[130.25364,33.44421],[130.25268,33.4427],[130.25248,33.44068],[130.25348,33.43907],[130.25045,33.43405],[130.25048,33.43312],[130.25274,33.43275]]]}},{"type":"Feature","properties":{"vid":"K64G06S00021","name":"藤瀬村","reading":"ふじせ","gun":"小城郡","domains":["ogi"],"isShared":false,"shared":[]},"geometry":{"type":"Polygon","coordinates":[[[130.22421,33.42799],[130.22639,33.42921],[130.22758,33.43236],[130.2301,33.43345],[130.24197,33.43363],[130.24163,33.43574],[130.24118,33.43612],[130.23824,33.43625],[130.23814,33.43559],[130.23753,33.43565],[130.23729,33.43519],[130.23654,33.4355],[130.23534,33.43499],[130.23393,33.43587],[130.23289,33.43785],[130.23034,33.43764],[130.22743,33.43826],[130.22707,33.439],[130.22825,33.44137],[130.22786,33.44272],[130.22855,33.44443],[130.22671,33.44532],[130.22639,33.44672],[130.22482,33.44708],[130.22413,33.44884],[130.22488,33.45284],[130.22468,33.45443],[130.22615,33.4556],[130.22765,33.45823],[130.22887,33.45854],[130.23066,33.45825],[130.23345,33.45882],[130.23374,33.45927],[130.2338,33.46097],[130.2326,33.46178],[130.23172,33.46369],[130.23147,33.46666],[130.2332,33.46923],[130.23375,33.4728],[130.2377,33.47325],[130.23819,33.47402],[130.23761,33.47439],[130.23779,33.47607],[130.23687,33.47744],[130.23553,33.47816],[130.23389,33.47823],[130.23331,33.47892],[130.22991,33.4783],[130.2267,33.47672],[130.22553,33.47559],[130.22505,33.47239],[130.22569,33.47074],[130.22555,33.46931],[130.22615,33.46832],[130.22624,33.46669],[130.22759,33.4658],[130.22772,33.46514],[130.22508,33.46124],[130.22394,33.46141],[130.22515,33.45974],[130.22438,33.4578],[130.22482,33.45558],[130.22314,33.45391],[130.22261,33.45155],[130.22094,33.44949],[130.22088,33.44687],[130.2195,33.44614],[130.21864,33.44479],[130.2186,33.4431],[130.21724,33.44112],[130.21603,33.44065],[130.2136,33.43469],[130.21433,33.43357],[130.21425,33.43283],[130.21268,33.43],[130.2136,33.4262],[130.21542,33.42417],[130.21883,33.42382],[130.22129,33.42169],[130.22152,33.42377],[130.22366,33.42652],[130.22421,33.42799]]]}},{"type":"Feature","properties":{"vid":"K64G06S00022","name":"牛津本町","reading":"うしづほんまち","gun":"小城郡","domains":["ogi"],"isShared":false,"shared":[]},"geometry":{"type":"MultiPolygon","coordinates":[[[[130.20543,33.24629],[130.20425,33.2478],[130.20445,33.24809],[130.20284,33.24845],[130.19927,33.24636],[130.19965,33.24577],[130.199,33.24457],[130.19693,33.24544],[130.19669,33.24487],[130.19468,33.2437],[130.1953,33.24285],[130.19746,33.24311],[130.2,33.24044],[130.20192,33.23997],[130.20306,33.24094],[130.20362,33.24321],[130.20472,33.24333],[130.20435,33.24377],[130.20579,33.24452],[130.20543,33.24629]]],[[[130.20543,33.24629],[130.20579,33.24452],[130.20435,33.24377],[130.20472,33.24333],[130.20362,33.24321],[130.20317,33.24118],[130.21127,33.24138],[130.21071,33.24614],[130.21,33.24618],[130.21018,33.2468],[130.20543,33.24629]]],[[[130.21026,33.2472],[130.2102,33.24759],[130.20641,33.24771],[130.20553,33.24959],[130.20443,33.24913],[130.20425,33.2478],[130.20543,33.24629],[130.21018,33.2468],[130.21026,33.2472]]],[[[130.19395,33.24737],[130.19366,33.24576],[130.19936,33.24729],[130.19989,33.2486],[130.19395,33.24737]]],[[[130.20553,33.24959],[130.2045,33.25003],[130.2035,33.25217],[130.20423,33.25226],[130.20415,33.25273],[130.20374,33.25267],[130.20325,33.25362],[130.20314,33.25156],[130.20175,33.25189],[130.20165,33.25083],[130.20076,33.25073],[130.20054,33.25025],[130.20089,33.2491],[130.20011,33.24894],[130.19958,33.24741],[130.19366,33.24576],[130.19376,33.24522],[130.19468,33.2437],[130.19669,33.24487],[130.19693,33.24544],[130.199,33.24457],[130.19965,33.24577],[130.19927,33.24636],[130.20022,33.24657],[130.20049,33.24738],[130.20284,33.24845],[130.20445,33.24809],[130.20443,33.24913],[130.20553,33.24959]]]]}},{"type":"Feature","properties":{"vid":"K64G06S00023","name":"金田刈","reading":"かなだ","gun":"小城郡","domains":["ogi"],"isShared":false,"shared":[]},"geometry":{"type":"MultiPolygon","coordinates":[[[[130.24413,33.25865],[130.24387,33.26436],[130.23705,33.26336],[130.23695,33.26392],[130.23599,33.26348],[130.23678,33.25747],[130.24413,33.25865]]],[[[130.24413,33.25865],[130.23462,33.2571],[130.23562,33.25241],[130.23716,33.25198],[130.23963,33.25233],[130.24148,33.25155],[130.24128,33.25277],[130.24223,33.25285],[130.24233,33.25213],[130.24347,33.25226],[130.24355,33.25146],[130.24442,33.25154],[130.24413,33.25865]]],[[[130.22965,33.25609],[130.22972,33.25646],[130.23451,33.25683],[130.23678,33.25747],[130.23599,33.26348],[130.23145,33.26312],[130.23145,33.26353],[130.22865,33.26224],[130.2288,33.26062],[130.22947,33.25945],[130.22903,33.25864],[130.22965,33.25609]]],[[[130.22309,33.25502],[130.22382,33.25484],[130.22397,33.25428],[130.22731,33.25471],[130.22711,33.2557],[130.22965,33.25609],[130.22903,33.25864],[130.22947,33.25945],[130.22897,33.26062],[130.22346,33.26018],[130.22309,33.25502]]]]}},{"type":"Feature","properties":{"vid":"K64G06S00024","name":"樋口刈","reading":"ひぐちがり","gun":"小城郡","domains":["ogi","saga"],"isShared":true,"shared":[]},"geometry":{"type":"MultiPolygon","coordinates":[[[[130.22865,33.26819],[130.2234,33.26732],[130.22311,33.26836],[130.22204,33.26794],[130.22223,33.26717],[130.22184,33.2671],[130.22357,33.26147],[130.22346,33.26018],[130.2288,33.26062],[130.22865,33.26224],[130.23096,33.26336],[130.2305,33.26455],[130.23006,33.26445],[130.22865,33.26819]]],[[[130.22728,33.27415],[130.22033,33.27293],[130.22184,33.2671],[130.22223,33.26717],[130.22238,33.26825],[130.22311,33.26836],[130.2234,33.26732],[130.22833,33.26814],[130.22728,33.27415]]],[[[130.22309,33.25502],[130.22356,33.26138],[130.21597,33.26008],[130.2181,33.2535],[130.21785,33.25253],[130.21857,33.24864],[130.21963,33.24971],[130.21959,33.2519],[130.22082,33.25222],[130.2208,33.25292],[130.22188,33.25308],[130.22166,33.25447],[130.22309,33.25502]]],[[[130.21597,33.26008],[130.22356,33.26138],[130.22184,33.2671],[130.2147,33.26562],[130.21597,33.26008]]],[[[130.22184,33.2671],[130.22037,33.27291],[130.21334,33.27168],[130.2147,33.26562],[130.22184,33.2671]]]]}},{"type":"Feature","properties":{"vid":"K64G06S00025","name":"乙柳刈","reading":"おとやなぎがり","gun":"小城郡","domains":["ogi","saga"],"isShared":true,"shared":[]},"geometry":{"type":"MultiPolygon","coordinates":[[[[130.21597,33.26008],[130.2147,33.26562],[130.21226,33.26556],[130.20744,33.26433],[130.20887,33.25889],[130.21597,33.26008]]],[[[130.20099,33.26314],[130.20254,33.25738],[130.20887,33.25889],[130.20744,33.26433],[130.20099,33.26314]]],[[[130.20618,33.2703],[130.19987,33.26915],[130.20099,33.26314],[130.20723,33.26435],[130.20618,33.2703]]],[[[130.2147,33.26562],[130.21334,33.27168],[130.20618,33.2703],[130.20723,33.26435],[130.21226,33.26556],[130.2147,33.26562]]]]}},{"type":"Feature","properties":{"vid":"K64G06S00026","name":"堀江村","reading":"ほりえ","gun":"小城郡","domains":["ogi"],"isShared":false,"shared":[]},"geometry":{"type":"MultiPolygon","coordinates":[[[[130.24421,33.27136],[130.2447,33.27286],[130.24352,33.27692],[130.23526,33.27587],[130.23499,33.27686],[130.23373,33.27665],[130.23401,33.27324],[130.23519,33.27042],[130.23467,33.27008],[130.23484,33.26896],[130.23577,33.26918],[130.23555,33.27005],[130.24421,33.27136]]],[[[130.22728,33.27415],[130.22833,33.26814],[130.23484,33.26896],[130.23467,33.27008],[130.23519,33.27042],[130.2336,33.27537],[130.22728,33.27415]]],[[[130.24387,33.26436],[130.24367,33.26741],[130.2445,33.27045],[130.24394,33.27059],[130.24421,33.27136],[130.23555,33.27005],[130.23539,33.2681],[130.23625,33.26526],[130.23619,33.26377],[130.23695,33.26392],[130.23705,33.26336],[130.24387,33.26436]]],[[[130.23538,33.269],[130.22865,33.26819],[130.23006,33.26445],[130.2305,33.26455],[130.23096,33.26336],[130.23599,33.26348],[130.23625,33.26526],[130.23538,33.269]]]]}},{"type":"Feature","properties":{"vid":"K64G06S00027","name":"勝ヶ里","reading":"かすかり","gun":"小城郡","domains":["ogi","saga"],"isShared":true,"shared":[]},"geometry":{"type":"MultiPolygon","coordinates":[[[[130.19387,33.26204],[130.19526,33.25608],[130.20253,33.25717],[130.20091,33.26354],[130.19387,33.26204]]],[[[130.19522,33.25625],[130.19119,33.25563],[130.1906,33.25395],[130.187,33.25202],[130.18596,33.25048],[130.18608,33.24963],[130.18733,33.24933],[130.18897,33.25007],[130.18997,33.24961],[130.19135,33.24978],[130.19107,33.25146],[130.19267,33.25162],[130.19286,33.25053],[130.19644,33.2514],[130.19574,33.25476],[130.19625,33.25479],[130.19617,33.2553],[130.19547,33.25531],[130.19522,33.25625]]],[[[130.20325,33.25362],[130.20253,33.25717],[130.19526,33.25608],[130.19547,33.25531],[130.19617,33.2553],[130.19625,33.25479],[130.19574,33.25476],[130.19617,33.25265],[130.19688,33.25276],[130.19708,33.25176],[130.1992,33.25202],[130.19905,33.25063],[130.20165,33.25083],[130.20175,33.25189],[130.20222,33.25201],[130.20247,33.25146],[130.20314,33.25156],[130.20325,33.25362]]],[[[130.19267,33.26792],[130.19387,33.26204],[130.20091,33.26354],[130.19987,33.26915],[130.19267,33.26792]]],[[[130.19395,33.24737],[130.20089,33.2491],[130.20076,33.25073],[130.19905,33.25063],[130.1992,33.25202],[130.19708,33.25176],[130.19688,33.25276],[130.19617,33.25265],[130.19644,33.2514],[130.19504,33.2508],[130.19286,33.25053],[130.19267,33.25162],[130.19107,33.25146],[130.19135,33.24978],[130.18997,33.24961],[130.19039,33.24724],[130.19158,33.2471],[130.19301,33.24773],[130.19395,33.24737]]]]}},{"type":"Feature","properties":{"vid":"K64G06S00028","name":"道免村","reading":"どうめ","gun":"小城郡","domains":["ogi"],"isShared":false,"shared":[]},"geometry":{"type":"MultiPolygon","coordinates":[[[[130.21879,33.23694],[130.21609,33.23675],[130.21625,33.23597],[130.21463,33.23593],[130.21471,33.23474],[130.21209,33.23464],[130.2123,33.2306],[130.21521,33.23087],[130.21509,33.23178],[130.21815,33.23208],[130.21803,33.23344],[130.21899,33.23603],[130.21879,33.23694]]],[[[130.21973,33.22241],[130.21906,33.22632],[130.21574,33.22597],[130.21651,33.21951],[130.21753,33.21961],[130.2177,33.21836],[130.21659,33.21831],[130.21766,33.20684],[130.21994,33.20686],[130.22145,33.20741],[130.21973,33.22241]]],[[[130.2123,33.2306],[130.21288,33.22666],[130.21574,33.22597],[130.21906,33.22632],[130.21815,33.23208],[130.21509,33.23178],[130.21521,33.23087],[130.2123,33.2306]]],[[[130.20637,33.21602],[130.20393,33.21615],[130.2038,33.21416],[130.20087,33.21464],[130.19994,33.21335],[130.204,33.21322],[130.20653,33.21373],[130.20762,33.2129],[130.20774,33.21596],[130.20637,33.21602]]],[[[130.19994,33.21335],[130.20066,33.21195],[130.20274,33.21193],[130.20291,33.21102],[130.20744,33.20996],[130.208,33.21129],[130.2078,33.21325],[130.20712,33.21298],[130.20653,33.21373],[130.204,33.21322],[130.19994,33.21335]]],[[[130.21289,33.21757],[130.2129,33.21702],[130.21107,33.21704],[130.211,33.21662],[130.20945,33.21678],[130.20961,33.21774],[130.20649,33.21786],[130.20637,33.21602],[130.20774,33.21596],[130.20768,33.21524],[130.21074,33.21456],[130.21049,33.2128],[130.21011,33.21266],[130.2107,33.21188],[130.21016,33.20955],[130.21736,33.21],[130.21665,33.2177],[130.21289,33.21757]]],[[[130.20765,33.21325],[130.20815,33.21262],[130.20744,33.20996],[130.21016,33.20955],[130.2107,33.21188],[130.21011,33.21266],[130.21049,33.2128],[130.21074,33.21456],[130.20768,33.21524],[130.20765,33.21325]]],[[[130.21288,33.22666],[130.21332,33.22194],[130.21221,33.21871],[130.21162,33.21851],[130.2122,33.21851],[130.21218,33.21759],[130.21665,33.2177],[130.21659,33.21831],[130.2177,33.21836],[130.21765,33.21881],[130.21753,33.21961],[130.21651,33.21951],[130.21574,33.22597],[130.21288,33.22666]]],[[[130.23233,33.19795],[130.23495,33.19811],[130.23459,33.20419],[130.22933,33.20398],[130.22811,33.20715],[130.2282,33.21071],[130.22711,33.21085],[130.22529,33.20854],[130.22299,33.20758],[130.21994,33.20686],[130.21643,33.20673],[130.2166,33.20489],[130.21608,33.20368],[130.21592,33.19953],[130.22123,33.19818],[130.22387,33.19909],[130.22743,33.19864],[130.22977,33.19924],[130.22992,33.20055],[130.2312,33.2006],[130.23188,33.2002],[130.23233,33.19795]]],[[[130.21571,33.19681],[130.21536,33.19882],[130.21619,33.20073],[130.21641,33.20666],[130.21766,33.20684],[130.21736,33.21],[130.21016,33.20955],[130.20268,33.21109],[130.20274,33.21193],[130.20066,33.21195],[130.20156,33.21012],[130.20015,33.2067],[130.20109,33.20564],[130.20507,33.20354],[130.20851,33.20318],[130.21137,33.20399],[130.21032,33.19971],[130.2118,33.19854],[130.21247,33.19594],[130.21571,33.19681]]],[[[130.21247,33.19594],[130.2118,33.19854],[130.21032,33.19971],[130.21137,33.20399],[130.20851,33.20318],[130.20507,33.20354],[130.20171,33.20509],[130.20015,33.2067],[130.19656,33.20395],[130.19791,33.20306],[130.19749,33.20255],[130.19828,33.20212],[130.19828,33.20063],[130.19891,33.19986],[130.20111,33.1995],[130.20254,33.19998],[130.20318,33.1994],[130.20329,33.19981],[130.20532,33.19952],[130.20421,33.19389],[130.21247,33.19594]]],[[[130.20421,33.19389],[130.20532,33.19952],[130.20329,33.19981],[130.20318,33.1994],[130.20254,33.19998],[130.20111,33.1995],[130.19891,33.19986],[130.19828,33.20063],[130.19828,33.20212],[130.19749,33.20255],[130.19791,33.20306],[130.19656,33.20395],[130.19812,33.20552],[130.19667,33.20584],[130.19512,33.20773],[130.19423,33.20816],[130.19271,33.20787],[130.19169,33.20711],[130.19065,33.20601],[130.20044,33.19523],[130.20188,33.19431],[130.20421,33.19389]]]]}},{"type":"Feature","properties":{"vid":"K64G06S00029","name":"川越村","reading":"かわごえ","gun":"小城郡","domains":["ogi"],"isShared":false,"shared":[]},"geometry":{"type":"MultiPolygon","coordinates":[[[[130.20317,33.24118],[130.20248,33.24043],[130.20221,33.23849],[130.20146,33.23835],[130.20154,33.23487],[130.19694,33.23475],[130.19707,33.23105],[130.19904,33.23109],[130.20166,33.23016],[130.20648,33.23024],[130.20646,33.23211],[130.2077,33.23214],[130.20728,33.24132],[130.20317,33.24118]]],[[[130.18955,33.23529],[130.19057,33.23202],[130.1874,33.23013],[130.1867,33.22896],[130.19252,33.22899],[130.19248,33.22996],[130.19708,33.23008],[130.19694,33.23475],[130.19226,33.23465],[130.19221,33.23528],[130.18955,33.23529]]],[[[130.2077,33.23214],[130.20646,33.23211],[130.20648,33.23024],[130.20166,33.23016],[130.20174,33.2272],[130.20654,33.22723],[130.20657,33.22626],[130.21288,33.22666],[130.21217,33.23156],[130.20928,33.23131],[130.20926,33.23229],[130.2077,33.23214]]]]}},{"type":"Feature","properties":{"vid":"K64G06S00030","name":"八枝村","reading":"やつえだ","gun":"小城郡","domains":["ogi"],"isShared":false,"shared":[]},"geometry":{"type":"MultiPolygon","coordinates":[[[[130.19983,33.24061],[130.19746,33.24311],[130.1953,33.24285],[130.19581,33.24197],[130.19529,33.24117],[130.19571,33.24043],[130.19675,33.24015],[130.19687,33.23775],[130.19984,33.23782],[130.19983,33.24061]]],[[[130.20248,33.24043],[130.20109,33.23998],[130.19983,33.24061],[130.19984,33.23782],[130.19687,33.23775],[130.19694,33.23475],[130.20154,33.23487],[130.20146,33.23835],[130.20221,33.23849],[130.20248,33.24043]]],[[[130.19529,33.24117],[130.19317,33.24042],[130.19284,33.2376],[130.1898,33.23632],[130.18955,33.23529],[130.19221,33.23528],[130.19226,33.23465],[130.19694,33.23475],[130.19675,33.24015],[130.19571,33.24043],[130.19529,33.24117]]]]}},{"type":"Feature","properties":{"vid":"K64G06S00031","name":"柿樋瀬村","reading":"かきひせ","gun":"小城郡","domains":["ogi"],"isShared":false,"shared":[]},"geometry":{"type":"MultiPolygon","coordinates":[[[[130.21856,33.24737],[130.21841,33.25108],[130.21785,33.25253],[130.2181,33.2535],[130.21619,33.25984],[130.20887,33.25889],[130.21074,33.2504],[130.2126,33.24973],[130.21305,33.24721],[130.21856,33.24737]]],[[[130.20887,33.25889],[130.20254,33.25738],[130.20325,33.25362],[130.20374,33.25267],[130.20415,33.25273],[130.20423,33.25226],[130.20353,33.25202],[130.2045,33.25003],[130.20572,33.24966],[130.20641,33.24771],[130.21305,33.24721],[130.2126,33.24973],[130.21074,33.2504],[130.20887,33.25889]]]]}},{"type":"Feature","properties":{"vid":"K64G06S00032","name":"小城町","reading":"おぎまち","gun":"小城郡","domains":["ogi","saga"],"isShared":true,"shared":[]},"geometry":{"type":"MultiPolygon","coordinates":[[[[130.20104,33.29385],[130.20004,33.29322],[130.20006,33.2912],[130.20022,33.28976],[130.20092,33.28928],[130.20079,33.28528],[130.2014,33.28509],[130.20225,33.29329],[130.20104,33.29385]]],[[[130.20879,33.29526],[130.20901,33.2965],[130.21015,33.29667],[130.20973,33.29848],[130.21094,33.29868],[130.21132,33.29957],[130.21055,33.30016],[130.20927,33.30067],[130.20909,33.30013],[130.20827,33.30014],[130.20721,33.30117],[130.20509,33.30174],[130.20476,33.30118],[130.20425,33.30169],[130.20374,33.30154],[130.2034,33.30026],[130.20096,33.30015],[130.20048,33.30006],[130.20051,33.29955],[130.19992,33.29963],[130.19987,33.2979],[130.20029,33.29743],[130.20122,33.2976],[130.20153,33.29616],[130.20372,33.29631],[130.20308,33.29527],[130.20349,33.29448],[130.20879,33.29526]]],[[[130.202,33.29596],[130.20118,33.29658],[130.20057,33.29558],[130.19986,33.29552],[130.19979,33.2934],[130.19926,33.29337],[130.19892,33.29215],[130.19731,33.29172],[130.1973,33.28719],[130.19991,33.28756],[130.19988,33.28651],[130.20077,33.28655],[130.20092,33.28928],[130.20022,33.28976],[130.20004,33.29322],[130.2017,33.29448],[130.20123,33.29466],[130.202,33.29596]]],[[[130.20029,33.29743],[130.19825,33.29698],[130.1983,33.29867],[130.19704,33.29885],[130.19671,33.29802],[130.19535,33.29824],[130.19506,33.29649],[130.19384,33.29568],[130.19391,33.29515],[130.19323,33.29555],[130.1911,33.29506],[130.19119,33.29463],[130.19073,33.29454],[130.19097,33.2934],[130.19115,33.29309],[130.19465,33.29368],[130.19563,33.29343],[130.19565,33.29292],[130.1979,33.29319],[130.19829,33.29218],[130.19892,33.29215],[130.19926,33.29337],[130.19993,33.29363],[130.19955,33.29385],[130.20006,33.29488],[130.19986,33.29552],[130.20057,33.29558],[130.20134,33.29693],[130.20122,33.2976],[130.20029,33.29743]]],[[[130.19273,33.28701],[130.19287,33.28628],[130.1951,33.28648],[130.19498,33.28703],[130.19722,33.28741],[130.19731,33.29172],[130.19825,33.2918],[130.19828,33.29291],[130.19565,33.29292],[130.19563,33.29343],[130.19465,33.29368],[130.19115,33.29309],[130.1906,33.29192],[130.1924,33.29222],[130.19314,33.28985],[130.19308,33.28832],[130.1924,33.28827],[130.19273,33.28701]]]]}},{"type":"Feature","properties":{"vid":"K64G06S00033","name":"岩蔵村","reading":"いわくら","gun":"小城郡","domains":["ogi","saga"],"isShared":true,"shared":[]},"geometry":{"type":"MultiPolygon","coordinates":[[[[130.19965,33.31462],[130.19853,33.31387],[130.19852,33.31339],[130.20121,33.30979],[130.20184,33.30816],[130.20176,33.30472],[130.20211,33.30442],[130.20138,33.30416],[130.20187,33.30333],[130.20438,33.30491],[130.20466,33.30713],[130.20519,33.3079],[130.20392,33.30859],[130.20177,33.31161],[130.20187,33.3139],[130.20279,33.31468],[130.20267,33.31517],[130.19965,33.31462]]],[[[130.20091,33.30246],[130.20191,33.30287],[130.20138,33.30416],[130.20211,33.30442],[130.20176,33.30472],[130.20184,33.30816],[130.1991,33.31287],[130.19846,33.31208],[130.19795,33.30812],[130.1965,33.30732],[130.19929,33.30233],[130.20091,33.30246]]],[[[130.20772,33.31187],[130.20722,33.31239],[130.20704,33.31471],[130.20498,33.31552],[130.20267,33.31517],[130.20279,33.31468],[130.20187,33.3139],[130.2019,33.31133],[130.20392,33.30859],[130.20519,33.3079],[130.20636,33.30906],[130.20772,33.31187]]],[[[130.19965,33.31462],[130.1991,33.31491],[130.19904,33.31643],[130.19782,33.31567],[130.19654,33.31558],[130.1953,33.31359],[130.19474,33.31359],[130.1942,33.31081],[130.19319,33.3101],[130.19337,33.30957],[130.19613,33.30827],[130.1965,33.30732],[130.19795,33.30812],[130.19846,33.31208],[130.1991,33.31287],[130.19849,33.31381],[130.19965,33.31462]]],[[[130.19319,33.3101],[130.1942,33.31081],[130.19474,33.31359],[130.1954,33.31387],[130.19444,33.31527],[130.19518,33.31669],[130.19238,33.31826],[130.19219,33.31759],[130.1938,33.3154],[130.19225,33.31353],[130.19225,33.31206],[130.19319,33.3101]]],[[[130.19904,33.31643],[130.19905,33.31849],[130.20033,33.32069],[130.19673,33.32455],[130.19582,33.32235],[130.1953,33.32214],[130.19371,33.32293],[130.19145,33.32312],[130.18951,33.32248],[130.19126,33.32101],[130.19057,33.31981],[130.19095,33.31933],[130.19518,33.31669],[130.19444,33.31527],[130.19487,33.3142],[130.19525,33.31402],[130.19654,33.31558],[130.19782,33.31567],[130.19904,33.31643]]],[[[130.19215,33.30241],[130.19222,33.30317],[130.1932,33.30383],[130.19632,33.30409],[130.19803,33.30484],[130.19613,33.30827],[130.19337,33.30957],[130.19184,33.31247],[130.18686,33.31615],[130.18476,33.31668],[130.18371,33.31793],[130.18104,33.318],[130.1772,33.31689],[130.17521,33.3168],[130.17579,33.31634],[130.17645,33.31378],[130.17873,33.31227],[130.18193,33.31169],[130.1842,33.30932],[130.18652,33.30849],[130.18683,33.30702],[130.18788,33.30583],[130.18762,33.30444],[130.19215,33.30241]]],[[[130.19225,33.31206],[130.1923,33.31382],[130.1938,33.3154],[130.19219,33.31759],[130.19238,33.31826],[130.19057,33.31981],[130.19126,33.32101],[130.18951,33.32248],[130.18568,33.32195],[130.18623,33.32119],[130.18583,33.31975],[130.18627,33.31793],[130.18371,33.31793],[130.18476,33.31668],[130.18686,33.31615],[130.19225,33.31206]]],[[[130.17698,33.33901],[130.17312,33.33913],[130.17161,33.33975],[130.17199,33.33923],[130.17173,33.33849],[130.16728,33.33783],[130.16664,33.33813],[130.16606,33.33984],[130.16122,33.34032],[130.15374,33.3396],[130.15312,33.33923],[130.15304,33.33755],[130.15373,33.33648],[130.15801,33.33416],[130.15936,33.33223],[130.16137,33.33078],[130.16284,33.32673],[130.16435,33.32523],[130.16514,33.3223],[130.16947,33.32183],[130.17405,33.31875],[130.17521,33.3168],[130.1772,33.31689],[130.18104,33.318],[130.18627,33.31793],[130.18583,33.31975],[130.18623,33.32119],[130.18568,33.32195],[130.18951,33.32248],[130.1888,33.32324],[130.18887,33.32422],[130.18694,33.32678],[130.18597,33.32671],[130.18491,33.32811],[130.18414,33.32754],[130.18304,33.32835],[130.18258,33.33229],[130.18025,33.33446],[130.17966,33.33421],[130.17838,33.33541],[130.17698,33.33901]]],[[[130.18365,33.34103],[130.18207,33.34088],[130.17905,33.33893],[130.17698,33.33901],[130.1769,33.33848],[130.17794,33.33729],[130.17765,33.33664],[130.17838,33.33541],[130.17966,33.33421],[130.18025,33.33446],[130.18258,33.33229],[130.18304,33.32835],[130.18414,33.32754],[130.18491,33.32811],[130.18597,33.32671],[130.18694,33.32678],[130.18887,33.32422],[130.1888,33.32324],[130.18951,33.32248],[130.19145,33.32312],[130.19371,33.32293],[130.1953,33.32214],[130.19582,33.32235],[130.19673,33.32455],[130.20033,33.32069],[130.20215,33.32132],[130.20246,33.32264],[130.20191,33.32492],[130.20529,33.32612],[130.20437,33.32937],[130.20345,33.33061],[130.20497,33.33294],[130.20598,33.33351],[130.20521,33.3374],[130.20538,33.34074],[130.19658,33.34107],[130.19477,33.34186],[130.19081,33.34215],[130.18978,33.34155],[130.18365,33.34103]]]]}},{"type":"Feature","properties":{"vid":"K64G06S00034","name":"松尾村","reading":"まつお","gun":"小城郡","domains":["ogi"],"isShared":false,"shared":[]},"geometry":{"type":"MultiPolygon","coordinates":[[[[130.20772,33.31187],[130.20636,33.30906],[130.20477,33.30752],[130.20454,33.30515],[130.20343,33.30432],[130.20452,33.30377],[130.20396,33.3035],[130.20421,33.30264],[130.20559,33.302],[130.20767,33.30364],[130.21183,33.30385],[130.21244,33.30508],[130.21211,33.30566],[130.21104,33.30558],[130.21096,33.30611],[130.21298,33.3058],[130.21377,33.30507],[130.2153,33.30643],[130.21441,33.30885],[130.21341,33.31008],[130.21302,33.31219],[130.20906,33.30929],[130.20767,33.30983],[130.20772,33.31187]]],[[[130.20559,33.302],[130.20544,33.30165],[130.20721,33.30117],[130.20827,33.30014],[130.20909,33.30013],[130.20927,33.30067],[130.21132,33.29957],[130.21094,33.29868],[130.20973,33.29848],[130.21015,33.29667],[130.20901,33.2965],[130.20879,33.29526],[130.21423,33.29633],[130.21411,33.29697],[130.21218,33.2984],[130.21363,33.29805],[130.21292,33.30163],[130.21183,33.30385],[130.20767,33.30364],[130.20559,33.302]]],[[[130.20559,33.302],[130.20421,33.30264],[130.20396,33.3035],[130.20452,33.30377],[130.20415,33.30421],[130.20187,33.30333],[130.20191,33.30287],[130.20084,33.30241],[130.20143,33.30069],[130.20372,33.30089],[130.20374,33.30154],[130.20425,33.30169],[130.20476,33.30118],[130.20559,33.302]]],[[[130.1983,33.29867],[130.19806,33.29899],[130.19878,33.29898],[130.19813,33.30169],[130.19878,33.30166],[130.1987,33.30232],[130.19929,33.30233],[130.19803,33.30484],[130.19632,33.30409],[130.1932,33.30383],[130.19222,33.30317],[130.19211,33.30187],[130.19591,33.29867],[130.19562,33.29821],[130.19671,33.29802],[130.19704,33.29885],[130.1983,33.29867]]],[[[130.20843,33.3408],[130.20538,33.34074],[130.20521,33.3374],[130.20598,33.33351],[130.20497,33.33294],[130.20345,33.33061],[130.20437,33.32937],[130.20529,33.32612],[130.20739,33.32536],[130.20803,33.32436],[130.20884,33.32028],[130.20896,33.31636],[130.20817,33.31457],[130.20846,33.31407],[130.20912,33.31464],[130.21004,33.31437],[130.21112,33.31516],[130.21205,33.31717],[130.21291,33.3175],[130.21375,33.31878],[130.21312,33.31995],[130.21514,33.32268],[130.21499,33.32311],[130.21582,33.32415],[130.2172,33.32415],[130.21659,33.32491],[130.21685,33.32601],[130.21918,33.32932],[130.21812,33.32909],[130.21722,33.33048],[130.21656,33.32976],[130.21517,33.33012],[130.21641,33.33008],[130.21698,33.33225],[130.21762,33.33179],[130.21756,33.33113],[130.21827,33.33119],[130.21886,33.33266],[130.22025,33.33198],[130.22065,33.33271],[130.22171,33.33263],[130.22157,33.33356],[130.22208,33.3336],[130.22168,33.33494],[130.22031,33.33472],[130.21867,33.33682],[130.21662,33.33674],[130.2152,33.338],[130.21036,33.34054],[130.20843,33.3408]]],[[[130.22283,33.33252],[130.22172,33.33367],[130.22171,33.33263],[130.22065,33.33271],[130.21979,33.3319],[130.21886,33.33266],[130.21825,33.33193],[130.21835,33.33125],[130.21768,33.33112],[130.21711,33.3323],[130.21641,33.33008],[130.21517,33.33012],[130.21656,33.32976],[130.21722,33.33048],[130.21799,33.32916],[130.21922,33.32919],[130.21685,33.32601],[130.21659,33.32491],[130.2172,33.32415],[130.21574,33.3241],[130.21499,33.32311],[130.21514,33.32268],[130.21351,33.32082],[130.2131,33.31976],[130.21375,33.31878],[130.21291,33.3175],[130.21205,33.31717],[130.2112,33.31524],[130.21004,33.31437],[130.20912,33.31464],[130.20846,33.31407],[130.20704,33.31471],[130.20787,33.30948],[130.20906,33.30929],[130.21535,33.31394],[130.21619,33.31567],[130.21861,33.31679],[130.21767,33.31849],[130.21787,33.31824],[130.21833,33.31906],[130.21968,33.31931],[130.22092,33.3206],[130.21971,33.32032],[130.21885,33.32081],[130.21903,33.32199],[130.2184,33.32303],[130.21904,33.32402],[130.21889,33.32464],[130.21974,33.32493],[130.22035,33.32799],[130.22227,33.32935],[130.2229,33.33113],[130.22283,33.33252]]],[[[130.20819,33.3144],[130.20896,33.31636],[130.20884,33.32028],[130.20765,33.32513],[130.20556,33.32616],[130.20191,33.32492],[130.20246,33.32264],[130.20215,33.32132],[130.20033,33.32069],[130.19905,33.31849],[130.19911,33.31486],[130.19965,33.31462],[130.20498,33.31552],[130.20819,33.3144]]]]}},{"type":"Feature","properties":{"vid":"K64G06S00035","name":"織島刈","reading":"おりしまかり","gun":"小城郡","domains":["ogi"],"isShared":false,"shared":[]},"geometry":{"type":"MultiPolygon","coordinates":[[[[130.21832,33.31655],[130.21619,33.31567],[130.21535,33.31394],[130.21302,33.31219],[130.21341,33.31008],[130.21441,33.30885],[130.2153,33.30643],[130.21451,33.30579],[130.2182,33.3034],[130.219,33.30409],[130.21971,33.30359],[130.22038,33.30381],[130.22063,33.30267],[130.22148,33.30278],[130.22134,33.30177],[130.2269,33.3029],[130.22577,33.30772],[130.22442,33.31059],[130.2217,33.31306],[130.22033,33.31371],[130.21832,33.31655]]],[[[130.21451,33.30579],[130.21377,33.30507],[130.21298,33.3058],[130.21096,33.30611],[130.21104,33.30558],[130.21211,33.30566],[130.21247,33.30502],[130.21186,33.30355],[130.21259,33.30265],[130.21363,33.29805],[130.21218,33.2984],[130.21411,33.29697],[130.21423,33.29633],[130.22095,33.29763],[130.22039,33.29862],[130.22064,33.29897],[130.21785,33.29882],[130.21744,33.3007],[130.21905,33.30155],[130.2182,33.3034],[130.21451,33.30579]]],[[[130.2219,33.3019],[130.22134,33.30177],[130.22148,33.30278],[130.22063,33.30267],[130.22038,33.30381],[130.21971,33.30359],[130.219,33.30409],[130.21821,33.30354],[130.21905,33.30155],[130.21744,33.3007],[130.21785,33.29882],[130.22064,33.29897],[130.22039,33.29862],[130.22106,33.29718],[130.22168,33.29725],[130.22157,33.29775],[130.22215,33.29786],[130.22171,33.29975],[130.22251,33.29995],[130.2219,33.3019]]],[[[130.22773,33.30304],[130.2219,33.3019],[130.22251,33.29995],[130.22171,33.29975],[130.22215,33.29786],[130.22762,33.29866],[130.22755,33.30038],[130.22917,33.30127],[130.22882,33.30223],[130.22802,33.30184],[130.22773,33.30304]]],[[[130.22952,33.31156],[130.22856,33.31177],[130.22848,33.31255],[130.22675,33.31357],[130.22572,33.31496],[130.22484,33.31697],[130.22482,33.31868],[130.22383,33.32044],[130.22435,33.32177],[130.22416,33.32296],[130.2259,33.32696],[130.22555,33.32895],[130.22748,33.3313],[130.22667,33.33154],[130.22545,33.33109],[130.2235,33.33154],[130.22283,33.33252],[130.2229,33.33113],[130.22227,33.32935],[130.22035,33.32799],[130.21974,33.32493],[130.21889,33.32464],[130.21904,33.32402],[130.21839,33.32297],[130.21903,33.32199],[130.21885,33.32081],[130.21971,33.32032],[130.22091,33.32056],[130.21968,33.31931],[130.21833,33.31906],[130.21773,33.318],[130.21864,33.31722],[130.21816,33.31721],[130.21863,33.31696],[130.21832,33.31655],[130.22033,33.31371],[130.2217,33.31306],[130.22442,33.31059],[130.22577,33.30772],[130.2269,33.3029],[130.23361,33.30382],[130.23245,33.30887],[130.22952,33.31156]]],[[[130.21423,33.29633],[130.21551,33.29052],[130.22247,33.29181],[130.22095,33.29763],[130.21423,33.29633]]],[[[130.23347,33.30318],[130.23361,33.30382],[130.22773,33.30304],[130.22802,33.30184],[130.22882,33.30223],[130.22917,33.30127],[130.22804,33.30066],[130.23346,33.30106],[130.23347,33.30318]]],[[[130.23636,33.29441],[130.23599,33.2954],[130.23506,33.2952],[130.23474,33.29626],[130.23355,33.29606],[130.23336,33.29669],[130.23259,33.29656],[130.23223,33.29815],[130.23148,33.29825],[130.23401,33.2988],[130.23346,33.30106],[130.23161,33.30063],[130.23145,33.30116],[130.22755,33.30038],[130.22753,33.29852],[130.228,33.29677],[130.22856,33.29687],[130.22949,33.29315],[130.23636,33.29441]]],[[[130.22215,33.29786],[130.22106,33.29718],[130.22247,33.29181],[130.22949,33.29315],[130.22856,33.29687],[130.228,33.29677],[130.22762,33.29866],[130.22215,33.29786]]]]}},{"type":"Feature","properties":{"vid":"K64G06S00036","name":"久米刈","reading":"くめかり","gun":"小城郡","domains":["ogi","saga"],"isShared":true,"shared":[]},"geometry":{"type":"Polygon","coordinates":[[[130.19651,33.2808],[130.198,33.27493],[130.20477,33.27612],[130.20311,33.28229],[130.19651,33.2808]]]}},{"type":"Feature","properties":{"vid":"K64G06S00037","name":"畑田刈","reading":"はたけだかり","gun":"小城郡","domains":["ogi"],"isShared":false,"shared":[]},"geometry":{"type":"MultiPolygon","coordinates":[[[[130.19081,33.27478],[130.19108,33.2737],[130.19395,33.27419],[130.19395,33.2746],[130.198,33.27493],[130.19651,33.2808],[130.18953,33.2796],[130.19081,33.27478]]],[[[130.18953,33.2796],[130.19651,33.2808],[130.1951,33.28648],[130.19287,33.28628],[130.19273,33.28701],[130.19118,33.28706],[130.1909,33.28587],[130.18801,33.28536],[130.18953,33.2796]]],[[[130.18718,33.28839],[130.19108,33.28748],[130.19095,33.28812],[130.19308,33.28832],[130.19324,33.28943],[130.1924,33.29222],[130.18771,33.29145],[130.18791,33.29044],[130.18668,33.29019],[130.18718,33.28839]]],[[[130.18801,33.28536],[130.1909,33.28587],[130.19118,33.28706],[130.19273,33.28701],[130.1924,33.28827],[130.19095,33.28812],[130.19108,33.28748],[130.18718,33.28839],[130.18801,33.28536]]],[[[130.19562,33.29821],[130.19591,33.29867],[130.19211,33.30187],[130.19189,33.30253],[130.19037,33.29942],[130.18984,33.29602],[130.19022,33.29602],[130.19073,33.29454],[130.19119,33.29463],[130.1911,33.29506],[130.19323,33.29555],[130.19391,33.29515],[130.19384,33.29568],[130.19506,33.29649],[130.19562,33.29821]]],[[[130.19189,33.30253],[130.18769,33.30437],[130.1869,33.30374],[130.18512,33.30374],[130.18309,33.30098],[130.18586,33.29833],[130.18649,33.29624],[130.18612,33.2961],[130.1876,33.29289],[130.18771,33.29145],[130.1906,33.29192],[130.19115,33.29309],[130.19022,33.29602],[130.18984,33.29602],[130.18991,33.2969],[130.19037,33.29942],[130.19189,33.30253]]],[[[130.18681,33.29025],[130.18791,33.29044],[130.18766,33.29264],[130.18653,33.29593],[130.18612,33.2961],[130.18649,33.29624],[130.18586,33.29833],[130.18309,33.30098],[130.18348,33.297],[130.18483,33.296],[130.18416,33.29561],[130.18535,33.29093],[130.18572,33.29099],[130.18559,33.29142],[130.18679,33.29128],[130.18681,33.29025]]]]}},{"type":"Feature","properties":{"vid":"K64G06S00038","name":"下古賀村","reading":"しもこが","gun":"小城郡","domains":["ogi"],"isShared":false,"shared":[]},"geometry":{"type":"MultiPolygon","coordinates":[[[[130.2219,33.23319],[130.22272,33.2363],[130.21899,33.23603],[130.21803,33.23344],[130.21832,33.23137],[130.21924,33.23158],[130.21906,33.23216],[130.22039,33.23226],[130.22038,33.23299],[130.2219,33.23319]]],[[[130.2219,33.23319],[130.22038,33.23299],[130.22039,33.23226],[130.21906,33.23216],[130.21924,33.23158],[130.21832,33.23137],[130.21973,33.22241],[130.22593,33.2231],[130.22509,33.22501],[130.22519,33.22662],[130.22394,33.22686],[130.22298,33.22834],[130.22141,33.22927],[130.22173,33.23124],[130.22284,33.23187],[130.22257,33.23251],[130.22169,33.23245],[130.2219,33.23319]]],[[[130.2288,33.21637],[130.2285,33.21777],[130.22746,33.21908],[130.22726,33.22054],[130.22625,33.2213],[130.22593,33.2231],[130.21973,33.22241],[130.22145,33.20741],[130.22503,33.20836],[130.22711,33.21085],[130.22983,33.21107],[130.23003,33.21181],[130.2286,33.21435],[130.22986,33.21484],[130.2288,33.21637]]]]}},{"type":"Feature","properties":{"vid":"K64G06S00039","name":"船田刈","reading":"ふなだかり","gun":"小城郡","domains":["ogi"],"isShared":false,"shared":[]},"geometry":{"type":"MultiPolygon","coordinates":[[[[130.18953,33.2796],[130.18801,33.28536],[130.18064,33.28373],[130.18258,33.27821],[130.18953,33.2796]]],[[[130.19081,33.27478],[130.18953,33.2796],[130.18428,33.27856],[130.18568,33.27376],[130.19081,33.27478]]],[[[130.198,33.27493],[130.19395,33.2746],[130.19395,33.27419],[130.19108,33.2737],[130.19259,33.26791],[130.1997,33.2691],[130.19925,33.27102],[130.19873,33.27125],[130.198,33.27493]]]]}},{"type":"Feature","properties":{"vid":"K64G06S00040","name":"甲柳原刈","reading":"こうやなぎばらかり","gun":"小城郡","domains":["ogi"],"isShared":false,"shared":[]},"geometry":{"type":"Polygon","coordinates":[[[130.21334,33.27168],[130.21308,33.2727],[130.21267,33.27262],[130.21235,33.27563],[130.21184,33.27553],[130.21193,33.27747],[130.20477,33.27612],[130.20656,33.2704],[130.21334,33.27168]]]}},{"type":"Feature","properties":{"vid":"K64G06S00041","name":"石木刈","reading":"いしきかり","gun":"小城郡","domains":["ogi"],"isShared":false,"shared":[]},"geometry":{"type":"Polygon","coordinates":[[[130.198,33.27493],[130.19873,33.27125],[130.19925,33.27102],[130.1997,33.2691],[130.20656,33.2704],[130.20477,33.27612],[130.198,33.27493]]]}},{"type":"Feature","properties":{"vid":"K64G06S00042","name":"長神田刈","reading":"ちょうかんだかり","gun":"小城郡","domains":["ogi","saga"],"isShared":true,"shared":[]},"geometry":{"type":"MultiPolygon","coordinates":[[[[130.21334,33.27168],[130.22033,33.27293],[130.21891,33.27871],[130.21193,33.27747],[130.21184,33.27553],[130.21235,33.27563],[130.21267,33.27262],[130.21308,33.2727],[130.21334,33.27168]]],[[[130.22728,33.27415],[130.22588,33.279],[130.22567,33.27942],[130.22485,33.27928],[130.22551,33.28002],[130.21891,33.27871],[130.22033,33.27293],[130.22728,33.27415]]],[[[130.2241,33.28604],[130.21721,33.28476],[130.21882,33.27869],[130.22585,33.28024],[130.2241,33.28604]]],[[[130.21193,33.27747],[130.21882,33.27869],[130.21725,33.28463],[130.21017,33.28337],[130.21134,33.27974],[130.21156,33.27739],[130.21193,33.27747]]],[[[130.21551,33.29052],[130.20953,33.28937],[130.21017,33.28337],[130.21725,33.28463],[130.21551,33.29052]]],[[[130.22247,33.29181],[130.21551,33.29052],[130.21721,33.28476],[130.2241,33.28604],[130.22247,33.29181]]],[[[130.21156,33.27739],[130.21134,33.27974],[130.21017,33.28337],[130.20318,33.28197],[130.20477,33.27612],[130.21156,33.27739]]]]}},{"type":"Feature","properties":{"vid":"K64G06S00043","name":"三島刈","reading":"みかしまかり","gun":"小城郡","domains":["ogi"],"isShared":false,"shared":[]},"geometry":{"type":"Polygon","coordinates":[[[130.23009,33.28701],[130.2241,33.28604],[130.22514,33.28192],[130.22575,33.28127],[130.22585,33.28024],[130.22476,33.27959],[130.22588,33.279],[130.22728,33.27415],[130.23405,33.27546],[130.23147,33.28365],[130.23147,33.28556],[130.23009,33.28701]]]}},{"type":"Feature","properties":{"vid":"K64G06S00044","name":"道辺刈","reading":"みちべかり","gun":"小城郡","domains":["ogi","saga"],"isShared":true,"shared":[]},"geometry":{"type":"MultiPolygon","coordinates":[[[[130.23951,33.28922],[130.23887,33.29007],[130.23759,33.29448],[130.22949,33.29315],[130.23095,33.28718],[130.23951,33.28922]]],[[[130.22949,33.29315],[130.22247,33.29181],[130.2241,33.28604],[130.23095,33.28718],[130.22949,33.29315]]],[[[130.24072,33.28287],[130.24054,33.28553],[130.23951,33.28922],[130.23009,33.28701],[130.23147,33.28556],[130.23147,33.28365],[130.23238,33.28142],[130.24072,33.28287]]],[[[130.24352,33.27692],[130.24285,33.28008],[130.24072,33.28287],[130.23238,33.28142],[130.23271,33.2791],[130.23373,33.27665],[130.23499,33.27686],[130.23526,33.27587],[130.24352,33.27692]]]]}},{"type":"Feature","properties":{"vid":"K64G06S00045","name":"池上刈","reading":"いけのうえかり","gun":"小城郡","domains":["ogi","saga"],"isShared":true,"shared":[]},"geometry":{"type":"MultiPolygon","coordinates":[[[[130.19081,33.27478],[130.18224,33.27324],[130.18133,33.27232],[130.18366,33.27182],[130.18446,33.26828],[130.1853,33.26804],[130.18683,33.26866],[130.186,33.26973],[130.19183,33.27085],[130.19081,33.27478]]],[[[130.19409,33.26111],[130.18889,33.26003],[130.18835,33.25608],[130.18727,33.25619],[130.18701,33.25501],[130.18749,33.25247],[130.1906,33.25395],[130.19119,33.25563],[130.19522,33.25625],[130.19409,33.26111]]],[[[130.17691,33.26044],[130.17779,33.25976],[130.17979,33.26009],[130.18104,33.26135],[130.1849,33.26359],[130.18496,33.26427],[130.18389,33.26646],[130.18464,33.26723],[130.18409,33.27122],[130.18366,33.27182],[130.18062,33.27239],[130.17745,33.27478],[130.17817,33.27162],[130.17784,33.2699],[130.17885,33.26278],[130.17826,33.26133],[130.17691,33.26044]]],[[[130.16645,33.27614],[130.16776,33.27388],[130.16814,33.27218],[130.17763,33.27406],[130.17745,33.27478],[130.17848,33.27649],[130.17614,33.27754],[130.17206,33.27832],[130.17255,33.28065],[130.1733,33.28118],[130.17337,33.28181],[130.17325,33.28233],[130.17181,33.28318],[130.16951,33.28241],[130.1681,33.28126],[130.16682,33.28126],[130.16318,33.27991],[130.16315,33.2791],[130.16517,33.27831],[130.16645,33.27614]]],[[[130.17691,33.26044],[130.17826,33.26133],[130.17885,33.26278],[130.17813,33.26662],[130.17831,33.26862],[130.17781,33.27049],[130.17817,33.27162],[130.17763,33.27406],[130.16814,33.27218],[130.16929,33.27037],[130.1707,33.26936],[130.1698,33.26701],[130.17137,33.26583],[130.17429,33.265],[130.17519,33.26299],[130.17666,33.26165],[130.17633,33.26086],[130.17691,33.26044]]],[[[130.19183,33.27085],[130.186,33.26973],[130.18683,33.26866],[130.1853,33.26804],[130.18446,33.26828],[130.18464,33.26723],[130.18389,33.26646],[130.18496,33.26427],[130.18437,33.26265],[130.18655,33.26196],[130.18716,33.26071],[130.18873,33.25995],[130.19409,33.26111],[130.19183,33.27085]]],[[[130.18429,33.26321],[130.1816,33.26158],[130.1813,33.26071],[130.18444,33.25794],[130.18525,33.25312],[130.18709,33.25309],[130.18727,33.25619],[130.18835,33.25608],[130.18889,33.26003],[130.18716,33.26071],[130.1869,33.26172],[130.18437,33.26265],[130.18429,33.26321]]],[[[130.18279,33.25045],[130.18391,33.25028],[130.18442,33.25074],[130.18455,33.25257],[130.18525,33.25312],[130.18494,33.2562],[130.1839,33.25878],[130.1813,33.26071],[130.1816,33.26158],[130.17979,33.26009],[130.17779,33.25976],[130.17812,33.25882],[130.18111,33.25627],[130.18088,33.25401],[130.18279,33.25045]]]]}},{"type":"Feature","properties":{"vid":"K64G06S00046","name":"栗原刈","reading":"くりはらかり","gun":"小城郡","domains":["ogi"],"isShared":false,"shared":[]},"geometry":{"type":"MultiPolygon","coordinates":[[[[130.17033,33.28552],[130.17181,33.28318],[130.17485,33.28154],[130.17703,33.28183],[130.17645,33.28221],[130.17729,33.28268],[130.17729,33.28215],[130.18117,33.283],[130.18056,33.28384],[130.18076,33.28544],[130.18028,33.28801],[130.17691,33.28723],[130.17502,33.28785],[130.17033,33.28552]]],[[[130.18117,33.283],[130.17729,33.28215],[130.17729,33.28268],[130.17645,33.28221],[130.17734,33.28172],[130.1782,33.27948],[130.17949,33.27893],[130.18122,33.27904],[130.18228,33.27926],[130.18117,33.283]]],[[[130.18228,33.27926],[130.18047,33.27909],[130.17913,33.27835],[130.1795,33.27661],[130.17848,33.27649],[130.17745,33.27478],[130.18062,33.27239],[130.18133,33.27232],[130.18224,33.27324],[130.18568,33.27376],[130.18428,33.27856],[130.18258,33.27821],[130.18228,33.27926]]],[[[130.16693,33.2884],[130.16878,33.28794],[130.17033,33.28552],[130.17502,33.28785],[130.17691,33.28723],[130.17903,33.28772],[130.1782,33.29028],[130.17914,33.29054],[130.17819,33.29147],[130.17474,33.29105],[130.17485,33.2905],[130.1739,33.29093],[130.17074,33.29054],[130.16842,33.28988],[130.16693,33.2884]]],[[[130.17703,33.28183],[130.17586,33.28197],[130.17568,33.28138],[130.17332,33.28203],[130.17199,33.27841],[130.17614,33.27754],[130.17848,33.27649],[130.1795,33.27661],[130.17913,33.27835],[130.18047,33.27909],[130.17949,33.27893],[130.1782,33.27948],[130.17703,33.28183]]]]}},{"type":"Feature","properties":{"vid":"K64G06S00047","name":"多久町村","reading":"たくまち","gun":"小城郡","domains":["saga"],"isShared":false,"shared":[]},"geometry":{"type":"MultiPolygon","coordinates":[[[[130.08869,33.26586],[130.0919,33.26856],[130.09193,33.27028],[130.09348,33.26981],[130.09674,33.27001],[130.09329,33.27189],[130.09375,33.27286],[130.09329,33.27404],[130.09364,33.27519],[130.08653,33.27583],[130.08109,33.27776],[130.07665,33.27793],[130.0783,33.27677],[130.07913,33.27512],[130.07913,33.27232],[130.08118,33.27204],[130.08289,33.27109],[130.08533,33.26859],[130.08743,33.26761],[130.08869,33.26586]]],[[[130.10929,33.2588],[130.10999,33.26197],[130.11127,33.26265],[130.1109,33.26431],[130.11154,33.26532],[130.10924,33.27045],[130.10715,33.27034],[130.1059,33.27097],[130.10395,33.27113],[130.10086,33.27057],[130.10052,33.26814],[130.09739,33.26624],[130.09802,33.26435],[130.09876,33.26371],[130.10069,33.26339],[130.10472,33.26379],[130.10567,33.26299],[130.1058,33.26238],[130.10517,33.26189],[130.10639,33.26034],[130.10929,33.2588]]],[[[130.10523,33.24655],[130.10525,33.24806],[130.10814,33.25171],[130.10638,33.25349],[130.10491,33.2558],[130.10489,33.2567],[130.10546,33.25759],[130.10886,33.25828],[130.10929,33.2588],[130.10639,33.26034],[130.10517,33.26189],[130.1058,33.26238],[130.10567,33.26299],[130.10472,33.26379],[130.10069,33.26339],[130.09876,33.26371],[130.09802,33.26435],[130.09739,33.26624],[130.10052,33.26814],[130.10086,33.27057],[130.09793,33.2698],[130.09348,33.26981],[130.09193,33.27028],[130.0919,33.26856],[130.08869,33.26586],[130.09003,33.26432],[130.0891,33.26374],[130.08983,33.26117],[130.08902,33.26103],[130.09014,33.25815],[130.09365,33.25683],[130.09731,33.25217],[130.09948,33.24836],[130.099,33.24673],[130.10084,33.24518],[130.10098,33.24401],[130.10523,33.24655]]],[[[130.08902,33.26103],[130.08688,33.26036],[130.08723,33.2599],[130.08406,33.25914],[130.08322,33.25852],[130.08247,33.25592],[130.08383,33.25538],[130.08451,33.25559],[130.08705,33.2528],[130.0878,33.2505],[130.09013,33.24822],[130.09187,33.24135],[130.09324,33.23937],[130.09405,33.23842],[130.09536,33.23877],[130.09684,33.23838],[130.0977,33.23883],[130.09939,33.24129],[130.10098,33.24401],[130.10084,33.24518],[130.099,33.24673],[130.09948,33.24836],[130.09731,33.25217],[130.09365,33.25683],[130.09014,33.25815],[130.08902,33.26103]]],[[[130.09405,33.23842],[130.09187,33.24135],[130.09013,33.24822],[130.0878,33.2505],[130.08705,33.2528],[130.08451,33.25559],[130.08259,33.25584],[130.08248,33.25669],[130.08014,33.25667],[130.07886,33.25383],[130.08015,33.25204],[130.08003,33.24952],[130.08048,33.24799],[130.07779,33.24465],[130.07466,33.24271],[130.07453,33.24022],[130.07572,33.2392],[130.07716,33.23882],[130.0789,33.23717],[130.08027,33.23698],[130.08182,33.23729],[130.08283,33.23677],[130.08637,33.238],[130.09405,33.23842]]],[[[130.07453,33.24022],[130.07466,33.24271],[130.07779,33.24465],[130.08048,33.24799],[130.08003,33.24952],[130.08015,33.25204],[130.07935,33.25335],[130.078,33.25421],[130.07554,33.25417],[130.07103,33.25562],[130.06964,33.25498],[130.06875,33.2551],[130.06781,33.25421],[130.06701,33.25171],[130.06571,33.25116],[130.06571,33.25039],[130.06476,33.25011],[130.0636,33.24784],[130.06313,33.24371],[130.06416,33.24394],[130.06443,33.2432],[130.06633,33.24295],[130.06666,33.24209],[130.06869,33.24085],[130.0695,33.23951],[130.07219,33.23922],[130.07453,33.24022]]],[[[130.07886,33.25383],[130.0808,33.25824],[130.08085,33.26156],[130.07951,33.26476],[130.0777,33.2661],[130.07633,33.26613],[130.07554,33.26589],[130.07522,33.26469],[130.07353,33.26302],[130.07261,33.26123],[130.073,33.26056],[130.07174,33.2579],[130.07127,33.25881],[130.06895,33.25892],[130.06815,33.25854],[130.06974,33.25701],[130.06976,33.25525],[130.0723,33.25549],[130.07554,33.25417],[130.07665,33.25446],[130.07886,33.25383]]],[[[130.08869,33.26586],[130.08743,33.26761],[130.08533,33.26859],[130.08289,33.27109],[130.08118,33.27204],[130.07913,33.27232],[130.07868,33.26878],[130.0777,33.2661],[130.07951,33.26476],[130.08085,33.26156],[130.08214,33.26193],[130.08265,33.25974],[130.08629,33.26108],[130.08579,33.26318],[130.08699,33.26388],[130.08675,33.26474],[130.08869,33.26586]]],[[[130.08248,33.25669],[130.08322,33.25852],[130.08406,33.25914],[130.08723,33.2599],[130.08688,33.26036],[130.08785,33.26066],[130.08699,33.26388],[130.08579,33.26318],[130.0864,33.26154],[130.08532,33.26065],[130.08265,33.25974],[130.08214,33.26193],[130.08085,33.26156],[130.081,33.25925],[130.08014,33.25667],[130.08248,33.25669]]],[[[130.08902,33.26103],[130.08983,33.26117],[130.0891,33.26374],[130.09003,33.26432],[130.08869,33.26586],[130.08675,33.26474],[130.08785,33.26066],[130.08902,33.26103]]],[[[130.07665,33.27793],[130.08109,33.27776],[130.08653,33.27583],[130.09364,33.27519],[130.09411,33.27617],[130.09364,33.27744],[130.09383,33.27969],[130.0946,33.28232],[130.09245,33.28441],[130.0908,33.28492],[130.0907,33.28445],[130.08983,33.2848],[130.08941,33.28446],[130.08858,33.28632],[130.08011,33.28639],[130.07341,33.2826],[130.07376,33.28093],[130.07665,33.27793]]],[[[130.10924,33.27045],[130.10875,33.27127],[130.10559,33.27313],[130.10615,33.27591],[130.10368,33.27907],[130.09895,33.28235],[130.09444,33.28285],[130.09462,33.2818],[130.09383,33.27969],[130.09364,33.27744],[130.09411,33.27617],[130.0933,33.27442],[130.09375,33.27286],[130.09329,33.27189],[130.09729,33.26981],[130.10395,33.27113],[130.1059,33.27097],[130.10715,33.27034],[130.10924,33.27045]]],[[[130.11172,33.23928],[130.10852,33.24009],[130.10745,33.24079],[130.10603,33.24335],[130.10653,33.2456],[130.10583,33.24682],[130.10098,33.24401],[130.0977,33.23883],[130.09684,33.23838],[130.09927,33.23648],[130.10401,33.23507],[130.10763,33.23613],[130.11172,33.23928]]]]}},{"type":"Feature","properties":{"vid":"K64G06S00048","name":"板屋村","reading":"いたや","gun":"小城郡","domains":["saga"],"isShared":false,"shared":[]},"geometry":{"type":"MultiPolygon","coordinates":[[[[130.03221,33.25744],[130.0318,33.25853],[130.03228,33.259],[130.03211,33.2594],[130.03096,33.25934],[130.02982,33.26071],[130.02878,33.26049],[130.02306,33.26411],[130.02221,33.2619],[130.0231,33.26015],[130.02279,33.25846],[130.0242,33.25749],[130.02571,33.2572],[130.02619,33.25521],[130.02685,33.2549],[130.02746,33.25558],[130.0294,33.25598],[130.03221,33.25744]]],[[[130.06976,33.25525],[130.06974,33.25701],[130.06818,33.25862],[130.07141,33.25878],[130.07174,33.2579],[130.073,33.26056],[130.07261,33.26123],[130.07364,33.26318],[130.07522,33.26469],[130.07554,33.26589],[130.0777,33.2661],[130.07868,33.26878],[130.07913,33.27232],[130.07913,33.27512],[130.0783,33.27677],[130.07484,33.27948],[130.07376,33.28093],[130.07341,33.2826],[130.07179,33.28374],[130.07189,33.28482],[130.06976,33.2841],[130.06894,33.2831],[130.06774,33.28287],[130.06718,33.28227],[130.0642,33.28228],[130.06163,33.28162],[130.05955,33.28186],[130.05916,33.28108],[130.05979,33.27992],[130.05878,33.27945],[130.05756,33.27964],[130.05706,33.27884],[130.05931,33.27458],[130.05909,33.27308],[130.05953,33.27219],[130.05908,33.27063],[130.05959,33.26996],[130.06075,33.26989],[130.06328,33.26822],[130.06308,33.26776],[130.06374,33.26789],[130.0629,33.26695],[130.06485,33.26744],[130.0658,33.26375],[130.0667,33.26313],[130.06644,33.25991],[130.0675,33.25944],[130.06747,33.25888],[130.06643,33.25916],[130.06646,33.25865],[130.06842,33.25578],[130.06976,33.25525]]],[[[130.06646,33.25865],[130.06643,33.25916],[130.06747,33.25888],[130.0675,33.25944],[130.06644,33.25991],[130.0667,33.26313],[130.0658,33.26375],[130.06485,33.26744],[130.0629,33.26695],[130.06378,33.26784],[130.06308,33.26776],[130.06328,33.26822],[130.06075,33.26989],[130.0603,33.26757],[130.06129,33.26631],[130.06122,33.26271],[130.06071,33.26234],[130.05976,33.26269],[130.05922,33.2614],[130.05965,33.26119],[130.05891,33.25982],[130.06096,33.25897],[130.06328,33.25918],[130.06476,33.25828],[130.06646,33.25865]]],[[[130.06075,33.26989],[130.05959,33.26996],[130.05908,33.27063],[130.05953,33.27219],[130.05909,33.27308],[130.05931,33.27458],[130.0578,33.27803],[130.0571,33.27838],[130.05641,33.27645],[130.0551,33.27629],[130.05476,33.27683],[130.0526,33.27588],[130.05109,33.2762],[130.0476,33.27555],[130.04847,33.27379],[130.05019,33.26557],[130.052,33.2642],[130.05205,33.26318],[130.05356,33.26233],[130.05283,33.25798],[130.05349,33.25728],[130.05882,33.25529],[130.06058,33.25735],[130.06382,33.25883],[130.06283,33.25925],[130.06096,33.25897],[130.05891,33.25982],[130.05965,33.26119],[130.05922,33.2614],[130.05976,33.26269],[130.06071,33.26234],[130.06122,33.26271],[130.06129,33.26631],[130.0603,33.26757],[130.06075,33.26989]]],[[[130.05349,33.25728],[130.05284,33.25851],[130.05356,33.26233],[130.05205,33.26318],[130.052,33.2642],[130.05016,33.26564],[130.04802,33.27506],[130.0476,33.27555],[130.04406,33.27583],[130.04475,33.27338],[130.04381,33.27259],[130.04323,33.27123],[130.04407,33.27028],[130.04376,33.26748],[130.04418,33.26703],[130.04349,33.26574],[130.04617,33.26217],[130.04755,33.26178],[130.04756,33.26067],[130.04686,33.26001],[130.04684,33.25907],[130.04597,33.25759],[130.04677,33.25762],[130.048,33.25863],[130.05033,33.25744],[130.05349,33.25728]]],[[[130.04626,33.25837],[130.04756,33.26067],[130.04755,33.26178],[130.04617,33.26217],[130.04349,33.26574],[130.04418,33.26703],[130.04376,33.26748],[130.04407,33.27028],[130.04323,33.27123],[130.04381,33.27259],[130.04475,33.27338],[130.04406,33.27583],[130.0432,33.27468],[130.04233,33.27436],[130.04028,33.27428],[130.03946,33.27473],[130.03828,33.27234],[130.0391,33.26989],[130.03877,33.26632],[130.03944,33.26431],[130.04202,33.25988],[130.04285,33.25977],[130.04323,33.25906],[130.04505,33.25912],[130.04495,33.25832],[130.04518,33.25876],[130.04626,33.25837]]],[[[130.04202,33.25988],[130.03988,33.26342],[130.03877,33.26632],[130.0391,33.26989],[130.03828,33.27234],[130.03946,33.27473],[130.03499,33.27698],[130.03435,33.27704],[130.03326,33.26879],[130.0294,33.26411],[130.02599,33.26506],[130.02317,33.26487],[130.02306,33.26411],[130.02878,33.26049],[130.02953,33.26081],[130.03096,33.25934],[130.03211,33.2594],[130.03228,33.259],[130.0318,33.25853],[130.03221,33.25744],[130.03293,33.25825],[130.03376,33.25792],[130.03418,33.25672],[130.03492,33.25621],[130.03587,33.25638],[130.0386,33.25849],[130.03949,33.25685],[130.04134,33.25608],[130.04113,33.25898],[130.04202,33.25988]]],[[[130.03436,33.27766],[130.0297,33.28066],[130.02763,33.28084],[130.02526,33.27612],[130.02529,33.27539],[130.02633,33.27404],[130.02632,33.27263],[130.02524,33.26955],[130.0232,33.26737],[130.02317,33.26487],[130.02599,33.26506],[130.0294,33.26411],[130.03231,33.26724],[130.03359,33.2703],[130.03436,33.27766]]],[[[130.03221,33.25744],[130.0294,33.25598],[130.02746,33.25558],[130.02685,33.2549],[130.02845,33.2534],[130.02814,33.25244],[130.02724,33.25189],[130.02745,33.24983],[130.03375,33.25058],[130.03493,33.25037],[130.03655,33.24931],[130.03744,33.24987],[130.03965,33.25013],[130.04024,33.25132],[130.04391,33.25069],[130.04431,33.24987],[130.04473,33.25118],[130.04568,33.25128],[130.04589,33.2507],[130.04593,33.25208],[130.04536,33.25268],[130.04349,33.25312],[130.04109,33.25495],[130.04154,33.25528],[130.04134,33.25608],[130.03949,33.25685],[130.0386,33.25849],[130.03539,33.25619],[130.03424,33.25666],[130.03401,33.25774],[130.033,33.25825],[130.03221,33.25744]]],[[[130.05033,33.25744],[130.048,33.25863],[130.04677,33.25762],[130.04599,33.25757],[130.04626,33.25837],[130.04518,33.25876],[130.04493,33.25833],[130.04505,33.25912],[130.04323,33.25906],[130.04242,33.25996],[130.04133,33.2595],[130.04102,33.25716],[130.04159,33.2555],[130.04109,33.25495],[130.04349,33.25312],[130.04536,33.25268],[130.04593,33.25208],[130.04589,33.2507],[130.04513,33.25135],[130.04423,33.25032],[130.04624,33.24822],[130.04768,33.24907],[130.04781,33.25009],[130.04895,33.25048],[130.05031,33.24963],[130.05055,33.24858],[130.05331,33.24868],[130.05364,33.25122],[130.0518,33.25352],[130.05141,33.25558],[130.05033,33.25744]]],[[[130.0571,33.27838],[130.05756,33.27964],[130.05878,33.27945],[130.05979,33.27992],[130.05916,33.28108],[130.05955,33.28186],[130.05703,33.28233],[130.0562,33.28192],[130.05604,33.28252],[130.05432,33.28211],[130.05318,33.28241],[130.05181,33.28088],[130.05044,33.28061],[130.04971,33.28082],[130.04834,33.28245],[130.04734,33.28158],[130.04666,33.28009],[130.04442,33.2797],[130.04669,33.27689],[130.04663,33.2754],[130.05109,33.2762],[130.0526,33.27588],[130.05476,33.27683],[130.0551,33.27629],[130.05641,33.27645],[130.0571,33.27838]]],[[[130.05331,33.24868],[130.05055,33.24858],[130.05031,33.24963],[130.04895,33.25048],[130.04781,33.25009],[130.04768,33.24907],[130.04624,33.24822],[130.04825,33.24685],[130.04981,33.24289],[130.05155,33.24148],[130.05224,33.24029],[130.05554,33.23867],[130.0571,33.24023],[130.05845,33.24045],[130.06072,33.24185],[130.05548,33.24468],[130.05595,33.24618],[130.0542,33.24684],[130.05455,33.24721],[130.05331,33.24868]]],[[[130.06313,33.24371],[130.06374,33.24807],[130.05935,33.24763],[130.05794,33.24858],[130.05688,33.24821],[130.05402,33.24896],[130.05331,33.24868],[130.05455,33.24721],[130.0542,33.24684],[130.05595,33.24618],[130.05548,33.24468],[130.06072,33.24185],[130.06313,33.24371]]],[[[130.06374,33.24807],[130.06476,33.25011],[130.06571,33.25039],[130.06571,33.25116],[130.06701,33.25171],[130.06804,33.25456],[130.06975,33.25519],[130.06842,33.25578],[130.0667,33.25856],[130.06476,33.25828],[130.06382,33.25883],[130.06058,33.25735],[130.05882,33.25529],[130.05428,33.25718],[130.05033,33.25744],[130.05141,33.25558],[130.0518,33.25352],[130.05364,33.25122],[130.05331,33.24868],[130.05402,33.24896],[130.05688,33.24821],[130.05794,33.24858],[130.05935,33.24763],[130.06374,33.24807]]],[[[130.06089,33.29518],[130.05936,33.29182],[130.05688,33.29049],[130.05538,33.28897],[130.05424,33.2884],[130.05186,33.28875],[130.05074,33.28618],[130.04929,33.28697],[130.04496,33.28611],[130.04054,33.28165],[130.0375,33.28],[130.03681,33.27804],[130.03436,33.27766],[130.03435,33.27704],[130.04028,33.27428],[130.04233,33.27436],[130.0432,33.27468],[130.04406,33.27583],[130.04663,33.2754],[130.04669,33.27689],[130.04442,33.2797],[130.04666,33.28009],[130.04808,33.28239],[130.05044,33.28061],[130.05181,33.28088],[130.05318,33.28241],[130.05432,33.28211],[130.05604,33.28252],[130.0562,33.28192],[130.05703,33.28233],[130.06163,33.28162],[130.0642,33.28228],[130.06745,33.28234],[130.06976,33.2841],[130.07189,33.28482],[130.06799,33.289],[130.06132,33.29264],[130.06185,33.29334],[130.06089,33.29518]]]]}},{"type":"Feature","properties":{"vid":"K64G06S00049","name":"小侍村","reading":"こさむらい","gun":"小城郡","domains":["saga"],"isShared":false,"shared":[]},"geometry":{"type":"MultiPolygon","coordinates":[[[[130.11196,33.30028],[130.10826,33.3],[130.10668,33.30057],[130.10401,33.29922],[130.10295,33.29742],[130.09981,33.29776],[130.09883,33.29635],[130.09784,33.29338],[130.0989,33.29113],[130.09894,33.28951],[130.10756,33.28837],[130.11221,33.29018],[130.11168,33.29056],[130.11205,33.29122],[130.1115,33.29107],[130.11186,33.29136],[130.11145,33.29172],[130.11186,33.29217],[130.11225,33.29108],[130.11324,33.29152],[130.11343,33.29345],[130.11124,33.29526],[130.11123,33.29737],[130.1118,33.29731],[130.11192,33.29835],[130.11126,33.29851],[130.11131,33.29907],[130.11196,33.30028]]],[[[130.11265,33.32533],[130.10954,33.32313],[130.1074,33.32086],[130.10603,33.32041],[130.10556,33.31948],[130.10189,33.31734],[130.10381,33.3118],[130.10494,33.31009],[130.10444,33.30873],[130.10546,33.30707],[130.10555,33.30527],[130.10644,33.30375],[130.10615,33.30152],[130.10724,33.30013],[130.11196,33.30028],[130.11437,33.30273],[130.11512,33.30469],[130.11472,33.30775],[130.11333,33.31083],[130.11374,33.31343],[130.11239,33.31788],[130.11295,33.32189],[130.11265,33.32533]]],[[[130.09544,33.3144],[130.09602,33.31342],[130.0972,33.31324],[130.09782,33.31262],[130.09924,33.30993],[130.09831,33.309],[130.0989,33.30571],[130.09796,33.30373],[130.09954,33.30063],[130.09915,33.29971],[130.09981,33.29776],[130.10295,33.29742],[130.10401,33.29922],[130.10668,33.30057],[130.10615,33.30152],[130.10644,33.30375],[130.10555,33.30527],[130.10546,33.30707],[130.10444,33.30873],[130.10494,33.31009],[130.10381,33.3118],[130.1024,33.31643],[130.10189,33.31734],[130.0996,33.31661],[130.09778,33.31444],[130.09544,33.3144]]],[[[130.09544,33.3144],[130.09468,33.31373],[130.09187,33.31393],[130.09129,33.31318],[130.09234,33.30838],[130.0933,33.30731],[130.09396,33.3048],[130.094,33.3036],[130.09272,33.30101],[130.09399,33.29921],[130.09506,33.29605],[130.09784,33.29338],[130.09883,33.29635],[130.09981,33.29776],[130.09915,33.29971],[130.09954,33.30063],[130.09796,33.30373],[130.0989,33.30571],[130.09831,33.309],[130.09924,33.30993],[130.09782,33.31262],[130.0972,33.31324],[130.09602,33.31342],[130.09544,33.3144]]],[[[130.09129,33.31318],[130.08611,33.31223],[130.08518,33.31096],[130.08362,33.31006],[130.08235,33.30667],[130.08005,33.30585],[130.07926,33.30661],[130.07816,33.30606],[130.07841,33.30502],[130.0779,33.30346],[130.08077,33.30277],[130.0811,33.29937],[130.0805,33.29783],[130.08292,33.29783],[130.08673,33.30064],[130.09167,33.30045],[130.09272,33.30101],[130.094,33.3036],[130.09396,33.3048],[130.0933,33.30731],[130.09234,33.30838],[130.09129,33.31318]]],[[[130.09894,33.28951],[130.09845,33.29228],[130.09506,33.29605],[130.09303,33.30089],[130.09167,33.30045],[130.08673,33.30064],[130.08292,33.29783],[130.0805,33.29783],[130.08017,33.29685],[130.08077,33.2962],[130.08074,33.29496],[130.08582,33.29399],[130.08962,33.29079],[130.0907,33.29134],[130.0908,33.29053],[130.09181,33.28993],[130.09248,33.28868],[130.09239,33.2872],[130.09319,33.28706],[130.09304,33.28625],[130.09406,33.28497],[130.09429,33.28594],[130.09683,33.28782],[130.09758,33.28907],[130.09884,33.28895],[130.09894,33.28951]]],[[[130.09444,33.28285],[130.09388,33.28365],[130.09406,33.28497],[130.09304,33.28625],[130.09319,33.28706],[130.09239,33.2872],[130.09248,33.28868],[130.09181,33.28993],[130.0908,33.29053],[130.0907,33.29134],[130.08962,33.29079],[130.08676,33.2935],[130.08397,33.29458],[130.08074,33.29496],[130.08002,33.29298],[130.07805,33.29234],[130.07701,33.29127],[130.07329,33.28924],[130.06919,33.28771],[130.07178,33.28524],[130.07179,33.28374],[130.07341,33.2826],[130.07921,33.28611],[130.08112,33.28655],[130.08371,33.28614],[130.08858,33.28632],[130.08941,33.28446],[130.08983,33.2848],[130.0907,33.28445],[130.0908,33.28492],[130.09189,33.28461],[130.09357,33.28306],[130.09444,33.28285]]],[[[130.10601,33.28512],[130.10328,33.28641],[130.10353,33.2866],[130.10271,33.28742],[130.10322,33.28899],[130.09894,33.28951],[130.09884,33.28895],[130.09758,33.28907],[130.09683,33.28782],[130.09429,33.28594],[130.09388,33.28365],[130.09444,33.28285],[130.09895,33.28235],[130.10197,33.28047],[130.10398,33.28134],[130.10483,33.28272],[130.10515,33.28446],[130.10601,33.28512]]],[[[130.0779,33.30346],[130.078,33.30241],[130.074,33.29977],[130.07329,33.29998],[130.07191,33.29911],[130.06962,33.29934],[130.06758,33.29878],[130.0666,33.29785],[130.06332,33.29722],[130.06089,33.29519],[130.06185,33.29334],[130.06132,33.29264],[130.06692,33.28977],[130.06919,33.28771],[130.07329,33.28924],[130.07701,33.29127],[130.07805,33.29234],[130.08002,33.29298],[130.08083,33.29575],[130.08017,33.29685],[130.08033,33.29815],[130.0811,33.29937],[130.08077,33.30277],[130.0779,33.30346]]]]}},{"type":"Feature","properties":{"vid":"K64G06S00050","name":"多久原村","reading":"たくばる","gun":"小城郡","domains":["saga"],"isShared":false,"shared":[]},"geometry":{"type":"MultiPolygon","coordinates":[[[[130.12654,33.2909],[130.12833,33.29428],[130.12808,33.29727],[130.12909,33.29753],[130.12935,33.2997],[130.12521,33.29999],[130.12063,33.29655],[130.11824,33.29618],[130.12012,33.29234],[130.12166,33.29244],[130.12259,33.29098],[130.12511,33.29167],[130.12572,33.29094],[130.12654,33.2909]]],[[[130.13846,33.30024],[130.14056,33.30374],[130.1383,33.30217],[130.1349,33.30226],[130.12968,33.30006],[130.12905,33.2992],[130.12909,33.29753],[130.12808,33.29727],[130.12833,33.29428],[130.12654,33.2909],[130.12913,33.29004],[130.12958,33.2906],[130.12982,33.28953],[130.13358,33.28827],[130.13428,33.2903],[130.13364,33.29132],[130.13454,33.29209],[130.13555,33.29187],[130.13593,33.29299],[130.13521,33.29322],[130.13519,33.29465],[130.1337,33.29468],[130.1329,33.29588],[130.13619,33.29916],[130.13846,33.30024]]],[[[130.13424,33.28605],[130.13323,33.28649],[130.13358,33.28827],[130.12982,33.28953],[130.12958,33.2906],[130.12913,33.29004],[130.12572,33.29094],[130.12511,33.29167],[130.12259,33.29098],[130.12313,33.29008],[130.12488,33.28904],[130.12599,33.28681],[130.12892,33.28525],[130.12983,33.28502],[130.13095,33.28616],[130.13424,33.28605]]],[[[130.12677,33.28439],[130.12766,33.28441],[130.12892,33.28525],[130.12599,33.28681],[130.12488,33.28904],[130.1226,33.2889],[130.1224,33.28782],[130.12072,33.28726],[130.12224,33.28517],[130.1224,33.28403],[130.12677,33.28439]]],[[[130.14056,33.30374],[130.14161,33.30579],[130.14187,33.30816],[130.14293,33.30879],[130.1418,33.31143],[130.13315,33.31139],[130.12869,33.30715],[130.12634,33.30588],[130.12319,33.30297],[130.11645,33.29873],[130.11738,33.29644],[130.12063,33.29655],[130.12521,33.29999],[130.12935,33.2997],[130.13209,33.30138],[130.1349,33.30226],[130.1383,33.30217],[130.14056,33.30374]]],[[[130.11732,33.29939],[130.12319,33.30297],[130.12634,33.30588],[130.12869,33.30715],[130.13315,33.31139],[130.13747,33.31137],[130.13693,33.31365],[130.13458,33.3145],[130.13278,33.31386],[130.1308,33.31409],[130.12268,33.30806],[130.1146,33.30358],[130.11437,33.30273],[130.11196,33.30028],[130.11698,33.30044],[130.11732,33.29939]]],[[[130.11032,33.28556],[130.11057,33.28513],[130.10978,33.28473],[130.10999,33.28439],[130.11081,33.28496],[130.11103,33.28584],[130.11216,33.2846],[130.11346,33.28426],[130.11371,33.28519],[130.11682,33.28423],[130.11626,33.28534],[130.11813,33.28564],[130.11883,33.28514],[130.11883,33.28406],[130.11946,33.28373],[130.1224,33.28403],[130.12224,33.28517],[130.12072,33.28726],[130.1224,33.28782],[130.1226,33.2889],[130.12488,33.28904],[130.12278,33.2904],[130.12166,33.29244],[130.12012,33.29234],[130.11811,33.29661],[130.11764,33.29658],[130.11655,33.2963],[130.11693,33.29551],[130.11582,33.29501],[130.11622,33.29372],[130.11167,33.29467],[130.11343,33.29345],[130.11328,33.29175],[130.11225,33.29108],[130.11186,33.29217],[130.11145,33.29172],[130.11186,33.29136],[130.1115,33.29107],[130.11205,33.29122],[130.11168,33.29056],[130.11227,33.29003],[130.11227,33.28899],[130.1118,33.28886],[130.11164,33.28807],[130.11217,33.28769],[130.11208,33.28712],[130.11172,33.28701],[130.11182,33.28626],[130.11032,33.28556]]],[[[130.14281,33.33888],[130.13864,33.3384],[130.13224,33.33917],[130.12932,33.34009],[130.12747,33.33976],[130.11979,33.33325],[130.11677,33.3269],[130.11498,33.32664],[130.11265,33.32533],[130.11295,33.32189],[130.11239,33.31788],[130.11374,33.31343],[130.11333,33.31083],[130.11472,33.30775],[130.1152,33.30537],[130.1146,33.30358],[130.12268,33.30806],[130.1308,33.31409],[130.13278,33.31386],[130.13458,33.3145],[130.13693,33.31365],[130.13772,33.31712],[130.13853,33.31813],[130.13651,33.32038],[130.1384,33.32288],[130.13975,33.32387],[130.13899,33.3266],[130.13914,33.32784],[130.13852,33.32916],[130.13815,33.33346],[130.13864,33.33491],[130.14039,33.33547],[130.14102,33.33738],[130.14281,33.33888]]],[[[130.11738,33.29644],[130.11645,33.29873],[130.11732,33.29939],[130.11698,33.30044],[130.11176,33.30005],[130.11126,33.29851],[130.11192,33.29835],[130.11184,33.29749],[130.11123,33.29737],[130.11117,33.29633],[130.11167,33.29467],[130.11622,33.29372],[130.11582,33.29501],[130.11693,33.29551],[130.11655,33.2963],[130.11738,33.29644]]],[[[130.10601,33.28512],[130.10719,33.2849],[130.10723,33.28441],[130.10759,33.28516],[130.11031,33.28554],[130.11182,33.28626],[130.11217,33.28769],[130.11164,33.28807],[130.1118,33.28886],[130.11227,33.28899],[130.11221,33.29018],[130.10756,33.28837],[130.10322,33.28899],[130.10271,33.28742],[130.10353,33.2866],[130.10328,33.28641],[130.10601,33.28512]]]]}},{"type":"Feature","properties":{"vid":"K64G06S00051","name":"別府村","reading":"べふ","gun":"小城郡","domains":["saga"],"isShared":false,"shared":[]},"geometry":{"type":"MultiPolygon","coordinates":[[[[130.16693,33.2884],[130.16354,33.28639],[130.16324,33.28522],[130.16208,33.28456],[130.16128,33.28301],[130.16185,33.2798],[130.16315,33.27971],[130.1663,33.28111],[130.1681,33.28126],[130.16951,33.28241],[130.17183,33.2832],[130.16878,33.28794],[130.16693,33.2884]]],[[[130.16693,33.2884],[130.16504,33.28942],[130.16319,33.28889],[130.1621,33.28958],[130.16222,33.29043],[130.16156,33.29149],[130.15736,33.29289],[130.1583,33.28153],[130.16185,33.2798],[130.16128,33.28301],[130.16208,33.28456],[130.16324,33.28522],[130.16354,33.28639],[130.16693,33.2884]]],[[[130.1583,33.28153],[130.15736,33.29289],[130.15558,33.29951],[130.15764,33.30089],[130.15819,33.30204],[130.15514,33.30528],[130.15373,33.29793],[130.15321,33.29091],[130.15128,33.28616],[130.15164,33.28436],[130.1529,33.28409],[130.15217,33.28264],[130.15143,33.28276],[130.1513,33.28044],[130.15014,33.28003],[130.15202,33.27985],[130.15423,33.28055],[130.15678,33.28137],[130.1565,33.28207],[130.1583,33.28153]]],[[[130.15014,33.28003],[130.1513,33.28044],[130.15143,33.28276],[130.15217,33.28264],[130.1529,33.28409],[130.15164,33.28436],[130.15128,33.28616],[130.15321,33.29091],[130.15455,33.30348],[130.15324,33.30141],[130.15236,33.29401],[130.15056,33.29182],[130.14941,33.28795],[130.14769,33.28439],[130.1471,33.28399],[130.14782,33.28332],[130.14931,33.28308],[130.14924,33.28138],[130.15014,33.28003]]],[[[130.15884,33.26986],[130.16194,33.27246],[130.16153,33.27296],[130.16302,33.2735],[130.16511,33.27585],[130.16645,33.27614],[130.16539,33.27811],[130.16343,33.27888],[130.16315,33.27971],[130.16213,33.27969],[130.1565,33.28207],[130.15678,33.28137],[130.15309,33.28038],[130.15421,33.27754],[130.15439,33.27255],[130.15698,33.27046],[130.15884,33.26986]]],[[[130.13453,33.28519],[130.13804,33.27866],[130.1404,33.27951],[130.14364,33.27837],[130.14444,33.27855],[130.14404,33.28149],[130.14304,33.28325],[130.14209,33.28395],[130.14219,33.28479],[130.14091,33.2851],[130.14103,33.28562],[130.1402,33.28686],[130.13785,33.28607],[130.13858,33.28409],[130.13453,33.28519]]],[[[130.15014,33.28003],[130.14924,33.28138],[130.14931,33.28308],[130.14782,33.28332],[130.1471,33.28399],[130.14769,33.28439],[130.14941,33.28795],[130.15056,33.29182],[130.15255,33.29459],[130.14778,33.29043],[130.14616,33.28693],[130.14406,33.28394],[130.1442,33.28296],[130.14487,33.28222],[130.1462,33.28225],[130.14764,33.27993],[130.15014,33.28003]]],[[[130.15255,33.29459],[130.15305,33.29953],[130.15229,33.29792],[130.14961,33.29519],[130.14538,33.29286],[130.14432,33.29124],[130.14353,33.28877],[130.14256,33.28865],[130.14166,33.28801],[130.14165,33.28733],[130.1402,33.28686],[130.14103,33.28562],[130.14091,33.2851],[130.14219,33.28479],[130.14209,33.28395],[130.14304,33.28325],[130.14404,33.28149],[130.14453,33.2789],[130.14764,33.27993],[130.1462,33.28225],[130.14487,33.28222],[130.1442,33.28296],[130.14406,33.28394],[130.14616,33.28693],[130.14778,33.29043],[130.15255,33.29459]]],[[[130.15523,33.26895],[130.15615,33.26887],[130.15884,33.26986],[130.15698,33.27046],[130.15439,33.27255],[130.15421,33.27754],[130.15309,33.28038],[130.15202,33.27985],[130.14764,33.27993],[130.14364,33.27837],[130.1404,33.27951],[130.13804,33.27866],[130.14009,33.27461],[130.13919,33.2743],[130.13935,33.27393],[130.1421,33.27376],[130.14256,33.2723],[130.1523,33.26827],[130.15356,33.26807],[130.15523,33.26895]]],[[[130.15455,33.30348],[130.15514,33.30528],[130.15315,33.30666],[130.1528,33.30774],[130.15045,33.3076],[130.14999,33.30904],[130.1478,33.3102],[130.14195,33.30829],[130.14154,33.30559],[130.13846,33.30024],[130.13924,33.29879],[130.14005,33.29433],[130.13924,33.28948],[130.1402,33.28686],[130.14165,33.28733],[130.14166,33.28801],[130.14256,33.28865],[130.14353,33.28877],[130.14432,33.29124],[130.14538,33.29286],[130.14905,33.29479],[130.15178,33.29729],[130.15305,33.29953],[130.15346,33.30218],[130.15455,33.30348]]],[[[130.13453,33.28519],[130.13858,33.28409],[130.13785,33.28607],[130.1402,33.28686],[130.13924,33.28948],[130.14005,33.29433],[130.13924,33.29879],[130.13846,33.30024],[130.13619,33.29916],[130.1329,33.29588],[130.1337,33.29468],[130.13519,33.29465],[130.13521,33.29322],[130.13593,33.29299],[130.13555,33.29187],[130.13454,33.29209],[130.1336,33.29122],[130.13428,33.2903],[130.13323,33.28649],[130.13419,33.28619],[130.13453,33.28519]]]]}},{"type":"Feature","properties":{"vid":"K64G06S00052","name":"下多久村","reading":"しもたく","gun":"小城郡","domains":["saga"],"isShared":false,"shared":[]},"geometry":{"type":"MultiPolygon","coordinates":[[[[130.11154,33.26532],[130.11226,33.26669],[130.11333,33.26733],[130.11606,33.2684],[130.11814,33.26859],[130.11995,33.27147],[130.11902,33.27199],[130.12138,33.27558],[130.1192,33.27669],[130.11551,33.27693],[130.11613,33.27746],[130.11504,33.27802],[130.11546,33.27876],[130.11516,33.27928],[130.10345,33.27926],[130.10615,33.27591],[130.10559,33.27313],[130.10884,33.27117],[130.11154,33.26532]]],[[[130.12397,33.25198],[130.12624,33.25135],[130.129,33.25463],[130.13191,33.2563],[130.13507,33.26044],[130.13412,33.26115],[130.13322,33.26095],[130.13361,33.26108],[130.13301,33.26143],[130.13315,33.26288],[130.12555,33.26335],[130.12364,33.25986],[130.12382,33.25808],[130.12232,33.25667],[130.12298,33.25285],[130.12397,33.25198]]],[[[130.11502,33.23684],[130.11995,33.24147],[130.12099,33.24406],[130.1248,33.2453],[130.1252,33.24725],[130.12756,33.24815],[130.12992,33.24838],[130.12995,33.24956],[130.12947,33.25005],[130.1274,33.24907],[130.12637,33.25129],[130.12397,33.25198],[130.1196,33.24989],[130.11695,33.24961],[130.1157,33.24997],[130.11531,33.24914],[130.11519,33.24251],[130.11307,33.23789],[130.11502,33.23684]]],[[[130.1157,33.24997],[130.11695,33.24961],[130.1196,33.24989],[130.12397,33.25198],[130.12298,33.25285],[130.12232,33.25667],[130.12382,33.25808],[130.12388,33.26056],[130.12266,33.26395],[130.12081,33.26549],[130.11897,33.26396],[130.1197,33.26191],[130.11841,33.26171],[130.11717,33.26074],[130.11775,33.25969],[130.11686,33.25845],[130.11681,33.25742],[130.11564,33.2568],[130.11523,33.25569],[130.1138,33.25547],[130.11422,33.25439],[130.11384,33.25331],[130.11585,33.25092],[130.1157,33.24997]]],[[[130.11307,33.23789],[130.11519,33.24251],[130.11531,33.24914],[130.11585,33.25092],[130.11384,33.25331],[130.11422,33.25439],[130.1138,33.25547],[130.11143,33.25593],[130.10724,33.25812],[130.10546,33.25759],[130.10491,33.2558],[130.10814,33.25171],[130.10518,33.2479],[130.10523,33.24655],[130.10594,33.24678],[130.10653,33.24568],[130.10603,33.24335],[130.10773,33.24052],[130.11166,33.2394],[130.11307,33.23789]]],[[[130.12081,33.26549],[130.12091,33.26622],[130.1197,33.26698],[130.1195,33.26833],[130.11889,33.26859],[130.11606,33.2684],[130.11333,33.26733],[130.11226,33.26669],[130.11104,33.26485],[130.11127,33.26265],[130.10999,33.26197],[130.10903,33.25837],[130.10724,33.25812],[130.11143,33.25593],[130.1138,33.25547],[130.11523,33.25569],[130.11549,33.25661],[130.1164,33.25688],[130.11686,33.25845],[130.11753,33.25889],[130.11775,33.25969],[130.11717,33.26074],[130.11841,33.26171],[130.1197,33.26191],[130.11897,33.26396],[130.12081,33.26549]]],[[[130.11613,33.27746],[130.12083,33.28226],[130.12052,33.28383],[130.11889,33.284],[130.11887,33.28505],[130.11823,33.28564],[130.11626,33.28534],[130.11665,33.2842],[130.11371,33.28519],[130.11346,33.28426],[130.11253,33.28442],[130.11103,33.28584],[130.11081,33.28496],[130.10999,33.28439],[130.10978,33.28473],[130.11057,33.28513],[130.10986,33.28574],[130.10759,33.28516],[130.10723,33.28441],[130.10719,33.2849],[130.10601,33.28512],[130.10515,33.28446],[130.10483,33.28272],[130.10398,33.28134],[130.10197,33.28047],[130.10345,33.27926],[130.11516,33.27928],[130.11546,33.27876],[130.11504,33.27802],[130.11613,33.27746]]],[[[130.12081,33.26549],[130.12287,33.2636],[130.12389,33.2604],[130.12555,33.26335],[130.12419,33.26911],[130.12732,33.26915],[130.12742,33.27047],[130.12654,33.27056],[130.12661,33.27232],[130.12754,33.27241],[130.12772,33.27628],[130.12691,33.27716],[130.12455,33.27715],[130.12138,33.27558],[130.11902,33.27199],[130.11995,33.27147],[130.11814,33.26859],[130.1195,33.26833],[130.1197,33.26698],[130.12091,33.26622],[130.12081,33.26549]]],[[[130.14082,33.27315],[130.13373,33.27388],[130.13258,33.27645],[130.13154,33.27642],[130.13055,33.27807],[130.1296,33.27777],[130.1293,33.27838],[130.12865,33.27796],[130.12927,33.27647],[130.12772,33.27628],[130.12755,33.27567],[130.12754,33.27241],[130.13526,33.27167],[130.13864,33.27207],[130.14082,33.27315]]],[[[130.11613,33.27746],[130.11551,33.27693],[130.1192,33.27669],[130.12138,33.27558],[130.12495,33.27724],[130.12661,33.27727],[130.12772,33.27628],[130.12927,33.27647],[130.12865,33.27796],[130.1293,33.27838],[130.12677,33.28439],[130.12546,33.28434],[130.12052,33.28383],[130.12083,33.28226],[130.11613,33.27746]]],[[[130.13453,33.28519],[130.13424,33.28605],[130.13095,33.28616],[130.12983,33.28502],[130.12923,33.28536],[130.12766,33.28441],[130.12677,33.28439],[130.1296,33.27777],[130.13055,33.27807],[130.13154,33.27642],[130.13258,33.27645],[130.13373,33.27388],[130.14082,33.27315],[130.14032,33.27417],[130.13926,33.274],[130.14009,33.27461],[130.13453,33.28519]]],[[[130.14087,33.26661],[130.14146,33.27087],[130.14082,33.27315],[130.13864,33.27207],[130.13526,33.27167],[130.12661,33.27232],[130.12654,33.27056],[130.12742,33.27047],[130.12732,33.26915],[130.12419,33.26911],[130.12555,33.26335],[130.13315,33.26288],[130.13301,33.26143],[130.13361,33.26108],[130.13322,33.26095],[130.13412,33.26115],[130.13482,33.26046],[130.13853,33.26005],[130.13838,33.26115],[130.13934,33.26288],[130.1394,33.26431],[130.1404,33.26562],[130.13967,33.26689],[130.14087,33.26661]]],[[[130.12624,33.25135],[130.12747,33.24905],[130.13118,33.25118],[130.13215,33.25239],[130.13249,33.25188],[130.13349,33.25261],[130.1377,33.25092],[130.13967,33.25112],[130.14257,33.25311],[130.14036,33.25531],[130.14034,33.2559],[130.1411,33.25669],[130.14075,33.25746],[130.14117,33.25867],[130.14092,33.25903],[130.13986,33.25878],[130.13853,33.26005],[130.13507,33.26044],[130.13191,33.2563],[130.129,33.25463],[130.12624,33.25135]]]]}},{"type":"Feature","properties":{"vid":"K64G06S00053","name":"納所村","reading":"のうさ","gun":"小城郡","domains":["saga"],"isShared":false,"shared":[]},"geometry":{"type":"MultiPolygon","coordinates":[[[[130.16795,33.25519],[130.16799,33.25609],[130.16883,33.25714],[130.16479,33.25881],[130.15804,33.25923],[130.15235,33.2585],[130.15432,33.25733],[130.15405,33.25466],[130.15581,33.25337],[130.15758,33.25327],[130.15881,33.25411],[130.16795,33.25519]]],[[[130.17017,33.25777],[130.17006,33.25885],[130.16909,33.259],[130.16991,33.25997],[130.17025,33.26215],[130.16729,33.26328],[130.16165,33.26453],[130.15562,33.26484],[130.15239,33.26586],[130.15104,33.26418],[130.14918,33.26374],[130.15029,33.26186],[130.15025,33.261],[130.1516,33.26031],[130.15168,33.25892],[130.15235,33.2585],[130.15656,33.25916],[130.16317,33.25911],[130.16479,33.25881],[130.1683,33.25712],[130.17017,33.25777]]],[[[130.17017,33.25777],[130.17281,33.25931],[130.17347,33.25852],[130.17685,33.2604],[130.17633,33.26086],[130.17666,33.26165],[130.17373,33.26296],[130.1712,33.2633],[130.17067,33.262],[130.17022,33.26209],[130.16991,33.25997],[130.16912,33.25921],[130.17006,33.25885],[130.17017,33.25777]]],[[[130.16309,33.26432],[130.17067,33.262],[130.1712,33.2633],[130.17598,33.26219],[130.17411,33.26516],[130.17137,33.26583],[130.1699,33.26689],[130.1707,33.26936],[130.16929,33.27037],[130.16824,33.272],[130.16582,33.26921],[130.16309,33.26432]]],[[[130.16517,33.26747],[130.16674,33.27058],[130.16824,33.272],[130.16776,33.27388],[130.16645,33.27614],[130.16511,33.27585],[130.16302,33.2735],[130.16153,33.27296],[130.16194,33.27246],[130.15933,33.27015],[130.15615,33.26887],[130.15523,33.26895],[130.16134,33.26703],[130.16517,33.26747]]],[[[130.15239,33.26586],[130.15562,33.26484],[130.16309,33.26432],[130.16517,33.26747],[130.16134,33.26703],[130.15523,33.26895],[130.15393,33.26642],[130.15239,33.26586]]],[[[130.14918,33.26374],[130.15075,33.264],[130.15239,33.26586],[130.15393,33.26642],[130.15523,33.26895],[130.15356,33.26807],[130.15043,33.26888],[130.14256,33.2723],[130.1421,33.27376],[130.14043,33.27394],[130.14146,33.27087],[130.14097,33.26928],[130.14106,33.26629],[130.14614,33.26468],[130.14647,33.26399],[130.14918,33.26374]]],[[[130.18279,33.25045],[130.18088,33.25401],[130.1812,33.25607],[130.17343,33.25138],[130.16875,33.24881],[130.1658,33.24786],[130.16337,33.24622],[130.16571,33.24372],[130.16737,33.24417],[130.16881,33.24391],[130.16989,33.24561],[130.17152,33.24538],[130.1722,33.24421],[130.17327,33.24433],[130.17585,33.24662],[130.17849,33.24637],[130.17913,33.24682],[130.18156,33.24636],[130.18186,33.2466],[130.17904,33.2483],[130.18279,33.25045]]],[[[130.16337,33.24622],[130.1658,33.24786],[130.16875,33.24881],[130.17343,33.25138],[130.18111,33.25627],[130.17892,33.2582],[130.17537,33.25616],[130.17474,33.25695],[130.17199,33.25533],[130.16976,33.25461],[130.16797,33.25455],[130.16795,33.25519],[130.15892,33.25405],[130.16337,33.24622]]],[[[130.16795,33.25519],[130.16797,33.25455],[130.17066,33.2548],[130.17474,33.25695],[130.17537,33.25616],[130.17892,33.2582],[130.17691,33.26044],[130.17347,33.25852],[130.17281,33.25931],[130.169,33.25735],[130.16799,33.25609],[130.16795,33.25519]]]]}},{"type":"Feature","properties":{"vid":"K64G06S00055","name":"晴気村","reading":"はるけ","gun":"小城郡","domains":["saga"],"isShared":false,"shared":[]},"geometry":{"type":"MultiPolygon","coordinates":[[[[130.1829,33.29155],[130.18168,33.29126],[130.1815,33.29224],[130.18042,33.29204],[130.1799,33.29337],[130.18106,33.29361],[130.18086,33.29427],[130.17868,33.2935],[130.17847,33.29447],[130.17646,33.29414],[130.17739,33.2926],[130.17622,33.29235],[130.17641,33.29125],[130.17819,33.29147],[130.17914,33.29054],[130.1782,33.29028],[130.17903,33.28772],[130.1813,33.28812],[130.18082,33.28986],[130.18338,33.28959],[130.18258,33.29046],[130.18312,33.29056],[130.1829,33.29155]]],[[[130.18801,33.28536],[130.18668,33.29019],[130.18679,33.29128],[130.18559,33.29142],[130.18572,33.29099],[130.18535,33.29093],[130.18517,33.29183],[130.18398,33.29218],[130.18406,33.2918],[130.1829,33.29155],[130.18312,33.29056],[130.18258,33.29046],[130.18338,33.28959],[130.18082,33.28986],[130.1813,33.28812],[130.18031,33.28792],[130.18064,33.28373],[130.18801,33.28536]]],[[[130.15736,33.29289],[130.16156,33.29149],[130.16222,33.29043],[130.1621,33.28958],[130.16319,33.28889],[130.16504,33.28942],[130.16669,33.2885],[130.16879,33.29007],[130.17355,33.29088],[130.17334,33.29198],[130.17153,33.2914],[130.17091,33.29312],[130.16788,33.29347],[130.16197,33.29552],[130.15664,33.29602],[130.15736,33.29289]]],[[[130.18769,33.30437],[130.18788,33.30583],[130.18683,33.30702],[130.18652,33.30849],[130.1842,33.30932],[130.18212,33.31159],[130.18026,33.31212],[130.17963,33.30885],[130.17831,33.3067],[130.17709,33.30591],[130.17696,33.30283],[130.17794,33.30027],[130.17746,33.29833],[130.17793,33.2966],[130.17577,33.29629],[130.17588,33.29586],[130.17494,33.29572],[130.17521,33.29513],[130.17646,33.29414],[130.17847,33.29447],[130.17868,33.2935],[130.18086,33.29427],[130.18106,33.29361],[130.1799,33.29337],[130.18042,33.29204],[130.1815,33.29224],[130.18168,33.29126],[130.18406,33.2918],[130.18398,33.29218],[130.18517,33.29183],[130.18416,33.29561],[130.18483,33.296],[130.18348,33.297],[130.18309,33.30098],[130.18512,33.30374],[130.1869,33.30374],[130.18769,33.30437]]],[[[130.17494,33.29572],[130.17588,33.29586],[130.17577,33.29629],[130.17793,33.2966],[130.17746,33.29833],[130.17597,33.29783],[130.17514,33.29809],[130.17388,33.29711],[130.17494,33.29572]]],[[[130.17746,33.29833],[130.17794,33.30027],[130.17703,33.30217],[130.17709,33.30591],[130.17051,33.30284],[130.17388,33.29711],[130.17514,33.29809],[130.17597,33.29783],[130.17746,33.29833]]],[[[130.18026,33.31212],[130.17842,33.31239],[130.17651,33.3089],[130.1751,33.30783],[130.1721,33.30785],[130.17097,33.30708],[130.16915,33.30714],[130.1693,33.30448],[130.17051,33.30284],[130.17255,33.30398],[130.17472,33.30449],[130.17831,33.3067],[130.17963,33.30885],[130.18026,33.31212]]],[[[130.17842,33.31239],[130.17639,33.31383],[130.17624,33.31522],[130.17521,33.3168],[130.17366,33.31483],[130.17041,33.31465],[130.17067,33.31284],[130.17004,33.3124],[130.17024,33.31144],[130.16954,33.31147],[130.16826,33.31053],[130.16851,33.30682],[130.17138,33.30718],[130.1721,33.30785],[130.1751,33.30783],[130.17651,33.3089],[130.17842,33.31239]]],[[[130.17646,33.29414],[130.17518,33.29523],[130.17195,33.29464],[130.1722,33.29269],[130.17264,33.29276],[130.1728,33.29191],[130.17334,33.29198],[130.17355,33.29088],[130.1741,33.29053],[130.17485,33.2905],[130.17474,33.29105],[130.17641,33.29125],[130.17622,33.29235],[130.17739,33.2926],[130.17646,33.29414]]],[[[130.17521,33.3168],[130.17405,33.31875],[130.16947,33.32183],[130.16514,33.3223],[130.16472,33.32389],[130.16264,33.32375],[130.16169,33.32153],[130.16187,33.32042],[130.16552,33.31893],[130.16774,33.31704],[130.16689,33.31641],[130.1674,33.31551],[130.16626,33.3147],[130.1669,33.31066],[130.16826,33.31053],[130.16954,33.31147],[130.17024,33.31144],[130.17004,33.3124],[130.17067,33.31284],[130.17041,33.31465],[130.17366,33.31483],[130.17521,33.3168]]],[[[130.1693,33.30448],[130.16909,33.30676],[130.16828,33.30733],[130.16826,33.31053],[130.1669,33.31066],[130.16704,33.31147],[130.16626,33.31358],[130.16634,33.31503],[130.1674,33.31551],[130.16689,33.31641],[130.16774,33.31704],[130.16552,33.31893],[130.16187,33.32042],[130.16169,33.32153],[130.16105,33.31933],[130.1621,33.31786],[130.16281,33.31775],[130.16424,33.31467],[130.16403,33.3131],[130.16305,33.31164],[130.16475,33.3102],[130.16572,33.31027],[130.16513,33.30949],[130.1653,33.30849],[130.16654,33.30759],[130.16671,33.30655],[130.16826,33.30535],[130.16838,33.30462],[130.1693,33.30448]]],[[[130.15818,33.30205],[130.15764,33.30089],[130.15561,33.29963],[130.15664,33.29602],[130.16197,33.29552],[130.16788,33.29347],[130.17091,33.29312],[130.17153,33.2914],[130.17286,33.2916],[130.17264,33.29276],[130.1722,33.29269],[130.17176,33.29542],[130.16715,33.29753],[130.1631,33.2979],[130.16292,33.29977],[130.16181,33.29997],[130.16142,33.30073],[130.16032,33.30129],[130.16048,33.30156],[130.15818,33.30205]]],[[[130.14293,33.30879],[130.14767,33.31022],[130.14999,33.30904],[130.15045,33.3076],[130.15238,33.30794],[130.15302,33.3068],[130.1568,33.30859],[130.16133,33.3097],[130.1653,33.30849],[130.16513,33.30949],[130.16572,33.31027],[130.16475,33.3102],[130.16305,33.31164],[130.16403,33.3131],[130.16424,33.31467],[130.16281,33.31775],[130.1621,33.31786],[130.16163,33.31903],[130.16105,33.31933],[130.1593,33.31691],[130.15829,33.31688],[130.15761,33.31762],[130.15775,33.31857],[130.15681,33.31906],[130.15646,33.32003],[130.15563,33.32029],[130.15316,33.31899],[130.15069,33.31908],[130.15006,33.31614],[130.14843,33.31512],[130.14688,33.31288],[130.14559,33.31292],[130.14389,33.31237],[130.1442,33.31206],[130.1434,33.31176],[130.14172,33.31148],[130.14293,33.30879]]],[[[130.15514,33.30528],[130.15638,33.30396],[130.15909,33.30576],[130.16143,33.30574],[130.16684,33.30388],[130.16838,33.30462],[130.16826,33.30535],[130.16671,33.30655],[130.16654,33.30759],[130.16595,33.30805],[130.16394,33.30863],[130.16298,33.30951],[130.16133,33.3097],[130.1568,33.30859],[130.15302,33.3068],[130.15514,33.30528]]],[[[130.15638,33.30396],[130.15818,33.30205],[130.16448,33.30023],[130.17155,33.30134],[130.1693,33.30448],[130.16838,33.30462],[130.16684,33.30388],[130.16143,33.30574],[130.15909,33.30576],[130.15638,33.30396]]],[[[130.17494,33.29572],[130.17325,33.2978],[130.17155,33.30134],[130.16448,33.30023],[130.16048,33.30156],[130.16032,33.30129],[130.16142,33.30073],[130.16181,33.29997],[130.16292,33.29977],[130.1631,33.2979],[130.16815,33.29723],[130.17176,33.29542],[130.17195,33.29464],[130.17518,33.29523],[130.17494,33.29572]]],[[[130.14297,33.33891],[130.14102,33.33738],[130.14039,33.33547],[130.13864,33.33491],[130.13815,33.33346],[130.13852,33.32916],[130.13914,33.32784],[130.13899,33.3266],[130.13975,33.32387],[130.1384,33.32288],[130.13651,33.32038],[130.13853,33.31813],[130.13772,33.31712],[130.13694,33.31402],[130.13742,33.31138],[130.14172,33.31148],[130.1434,33.31176],[130.1442,33.31206],[130.14389,33.31237],[130.14559,33.31292],[130.14688,33.31288],[130.14843,33.31512],[130.15006,33.31614],[130.15069,33.31908],[130.15316,33.31899],[130.15563,33.32029],[130.14365,33.33664],[130.14297,33.33891]]],[[[130.15312,33.33923],[130.14848,33.3392],[130.14686,33.33974],[130.14297,33.33891],[130.14365,33.33664],[130.15394,33.32215],[130.15775,33.31857],[130.15761,33.31762],[130.15804,33.31711],[130.15905,33.31678],[130.16098,33.31887],[130.16264,33.32375],[130.16472,33.32389],[130.16435,33.32523],[130.16284,33.32673],[130.16137,33.33078],[130.15936,33.33223],[130.15759,33.33448],[130.15341,33.33674],[130.15312,33.33923]]]]}},{"type":"Feature","properties":{"vid":"K64G06S00062","name":"三間寺分","reading":"さんげんじぶん","gun":"小城郡","domains":["saga"],"isShared":false,"shared":[]},"geometry":{"type":"Polygon","coordinates":[[[130.20372,33.30089],[130.20143,33.30069],[130.20091,33.30246],[130.1987,33.30232],[130.19878,33.30166],[130.19813,33.30169],[130.19878,33.29898],[130.19806,33.29899],[130.19844,33.29849],[130.19825,33.29698],[130.20029,33.29743],[130.19975,33.29856],[130.20011,33.29864],[130.19992,33.29963],[130.20051,33.29955],[130.20048,33.30006],[130.2034,33.30026],[130.20372,33.30089]]]}},{"type":"Feature","properties":{"vid":"K64G06S00065","name":"芦刈村","reading":"あしかり","gun":"小城郡","domains":["saga"],"isShared":false,"shared":[]},"geometry":{"type":"MultiPolygon","coordinates":[[[[130.21127,33.24138],[130.20729,33.24122],[130.20766,33.23862],[130.21832,33.23898],[130.218,33.24181],[130.21127,33.24138]]],[[[130.21832,33.23898],[130.20766,33.23862],[130.20767,33.2366],[130.20882,33.2366],[130.20882,33.23716],[130.20959,33.23659],[130.21048,33.23662],[130.21038,33.23774],[130.21199,33.23778],[130.21201,33.23588],[130.21625,33.23597],[130.21609,33.23675],[130.21879,33.23694],[130.21832,33.23898]]],[[[130.21691,33.2473],[130.21015,33.2472],[130.21,33.24618],[130.21071,33.24614],[130.21127,33.24138],[130.218,33.24181],[130.21691,33.2473]]],[[[130.21856,33.24651],[130.21856,33.24737],[130.21691,33.2473],[130.21899,33.23603],[130.22272,33.2363],[130.2233,33.24051],[130.22241,33.24188],[130.22009,33.24371],[130.21856,33.24651]]],[[[130.1867,33.22896],[130.18701,33.22755],[130.1884,33.22588],[130.19419,33.2234],[130.19436,33.22287],[130.19374,33.22214],[130.20667,33.22232],[130.20654,33.22723],[130.20174,33.2272],[130.20166,33.23016],[130.19904,33.23109],[130.19707,33.23105],[130.19708,33.23008],[130.19248,33.22996],[130.19252,33.22899],[130.1867,33.22896]]],[[[130.21463,33.23593],[130.21201,33.23588],[130.21199,33.23778],[130.21038,33.23774],[130.21048,33.23662],[130.20959,33.23659],[130.20882,33.23716],[130.20882,33.2366],[130.20767,33.2366],[130.2077,33.23214],[130.20926,33.23229],[130.20928,33.23131],[130.21217,33.23156],[130.21209,33.23464],[130.21471,33.23474],[130.21463,33.23593]]],[[[130.20657,33.22626],[130.20649,33.21786],[130.20961,33.21774],[130.20945,33.21678],[130.2129,33.21702],[130.21289,33.21757],[130.21218,33.21759],[130.2122,33.21851],[130.21162,33.21851],[130.21221,33.21871],[130.21332,33.22194],[130.21288,33.22666],[130.20657,33.22626]]],[[[130.20667,33.22232],[130.19929,33.22217],[130.19931,33.21418],[130.19984,33.21335],[130.20087,33.21464],[130.2038,33.21416],[130.20393,33.21615],[130.20637,33.21602],[130.20667,33.22232]]],[[[130.19374,33.22214],[130.19034,33.21998],[130.19002,33.21868],[130.19083,33.21687],[130.19388,33.21409],[130.19585,33.2139],[130.19847,33.21452],[130.19931,33.21418],[130.19929,33.22217],[130.19374,33.22214]]]]}},{"type":"Feature","properties":{"vid":"K64G06S00066","name":"上砥川村","reading":"かみとがわ","gun":"小城郡","domains":["saga"],"isShared":false,"shared":[]},"geometry":{"type":"MultiPolygon","coordinates":[[[[130.18279,33.25045],[130.17904,33.2483],[130.18186,33.2466],[130.18156,33.24636],[130.17913,33.24682],[130.17849,33.24637],[130.17585,33.24662],[130.17327,33.24433],[130.1722,33.24421],[130.17152,33.24538],[130.16989,33.24561],[130.16881,33.24391],[130.16764,33.24414],[130.17036,33.24185],[130.17106,33.24213],[130.1775,33.24055],[130.17799,33.24078],[130.17823,33.24013],[130.17966,33.24056],[130.17992,33.24161],[130.18433,33.24231],[130.18394,33.24306],[130.18511,33.24324],[130.18736,33.24486],[130.18769,33.24443],[130.18865,33.24497],[130.18819,33.24556],[130.1909,33.24706],[130.19031,33.24737],[130.19032,33.24898],[130.18966,33.24985],[130.18897,33.25007],[130.18711,33.24931],[130.18592,33.24985],[130.18749,33.25247],[130.18684,33.25324],[130.18484,33.25292],[130.18421,33.25042],[130.18279,33.25045]]],[[[130.1953,33.24285],[130.19366,33.24576],[130.18663,33.2427],[130.18716,33.2419],[130.18689,33.24143],[130.18862,33.24183],[130.19061,33.23902],[130.19304,33.23856],[130.19317,33.24042],[130.19573,33.24172],[130.1953,33.24285]]],[[[130.18823,33.24358],[130.18736,33.24486],[130.18511,33.24324],[130.18394,33.24306],[130.18433,33.24231],[130.17992,33.24161],[130.17966,33.24056],[130.18129,33.23956],[130.18225,33.2398],[130.18236,33.24052],[130.18364,33.24088],[130.18341,33.24137],[130.18389,33.24184],[130.18509,33.24197],[130.18576,33.24286],[130.18634,33.24311],[130.18663,33.2427],[130.18823,33.24358]]],[[[130.17833,33.2312],[130.17742,33.23275],[130.17805,33.23336],[130.1774,33.23426],[130.17616,33.23364],[130.17566,33.23428],[130.1751,33.23424],[130.17242,33.23761],[130.17201,33.23902],[130.16464,33.24063],[130.16361,33.2397],[130.16147,33.23921],[130.15981,33.23744],[130.15924,33.23272],[130.15995,33.23109],[130.16253,33.2286],[130.16454,33.22846],[130.16738,33.22965],[130.16918,33.22826],[130.17095,33.22774],[130.17347,33.22892],[130.17504,33.22793],[130.17563,33.22873],[130.17578,33.23045],[130.17631,33.23021],[130.17833,33.2312]]],[[[130.16764,33.24414],[130.16571,33.24372],[130.16473,33.24051],[130.17201,33.23902],[130.17242,33.23761],[130.1751,33.23424],[130.17566,33.23428],[130.17616,33.23364],[130.1774,33.23426],[130.17805,33.23336],[130.17742,33.23275],[130.17833,33.2312],[130.18096,33.23236],[130.18294,33.23739],[130.18194,33.23898],[130.18225,33.2398],[130.18129,33.23956],[130.17979,33.24057],[130.17823,33.24013],[130.17799,33.24078],[130.1775,33.24055],[130.17106,33.24213],[130.17036,33.24185],[130.16764,33.24414]]],[[[130.19395,33.24737],[130.19301,33.24773],[130.1909,33.24706],[130.18819,33.24556],[130.18865,33.24497],[130.18776,33.2443],[130.18823,33.24358],[130.19366,33.24576],[130.19395,33.24737]]],[[[130.19304,33.23856],[130.19061,33.23902],[130.18862,33.24183],[130.18689,33.24143],[130.18716,33.2419],[130.18634,33.24311],[130.18529,33.24206],[130.18377,33.24176],[130.18349,33.24071],[130.18236,33.24052],[130.18194,33.23898],[130.18294,33.23739],[130.18186,33.23458],[130.18553,33.23368],[130.1858,33.2347],[130.18969,33.23419],[130.18962,33.23613],[130.19231,33.23709],[130.19304,33.23856]]]]}},{"type":"Feature","properties":{"vid":"K64G06S00067","name":"下砥川村","reading":"しもとがわ","gun":"小城郡","domains":["saga"],"isShared":false,"shared":[]},"geometry":{"type":"MultiPolygon","coordinates":[[[[130.18259,33.22745],[130.18201,33.22831],[130.18124,33.22799],[130.17991,33.22853],[130.17848,33.22768],[130.17896,33.22778],[130.18014,33.22598],[130.18259,33.22745]]],[[[130.19984,33.21335],[130.19847,33.21452],[130.19585,33.2139],[130.19388,33.21409],[130.19082,33.21688],[130.187,33.21532],[130.18966,33.2107],[130.18433,33.20865],[130.18338,33.20868],[130.18541,33.20466],[130.1863,33.20415],[130.18772,33.20576],[130.19065,33.20601],[130.19271,33.20787],[130.19381,33.20818],[130.19512,33.20773],[130.19702,33.20565],[130.19866,33.20555],[130.20002,33.20646],[130.20156,33.21012],[130.19984,33.21335]]],[[[130.19122,33.22064],[130.19015,33.22165],[130.189,33.22101],[130.18847,33.22171],[130.18452,33.21984],[130.187,33.21532],[130.19082,33.21688],[130.19002,33.21889],[130.19034,33.21998],[130.19122,33.22064]]],[[[130.18553,33.23368],[130.18186,33.23458],[130.18096,33.23236],[130.17631,33.23021],[130.17578,33.23045],[130.17563,33.22873],[130.17504,33.22793],[130.17773,33.22754],[130.17991,33.22853],[130.18124,33.22799],[130.18201,33.22831],[130.18259,33.22745],[130.18425,33.22939],[130.18553,33.23368]]],[[[130.18969,33.23419],[130.1858,33.2347],[130.18439,33.22973],[130.18343,33.22824],[130.1838,33.2279],[130.1867,33.22896],[130.1874,33.23013],[130.19028,33.23167],[130.19062,33.23218],[130.18969,33.23419]]],[[[130.18259,33.22745],[130.18014,33.22598],[130.1805,33.22543],[130.17956,33.22478],[130.18027,33.22372],[130.18148,33.2243],[130.18457,33.21989],[130.18847,33.22171],[130.189,33.22101],[130.19015,33.22165],[130.19122,33.22064],[130.19431,33.22275],[130.19399,33.22353],[130.1884,33.22588],[130.18701,33.22755],[130.1867,33.22896],[130.1838,33.2279],[130.18343,33.22824],[130.18259,33.22745]]]]}},{"type":"Feature","properties":{"vid":"K64G07S00001","name":"上小田村","reading":"かみおだ","gun":"杵島郡","domains":["saga"],"isShared":false,"shared":[]},"geometry":{"type":"MultiPolygon","coordinates":[[[[130.14521,33.23117],[130.14468,33.23081],[130.14522,33.22918],[130.14464,33.22916],[130.14268,33.22738],[130.14225,33.22643],[130.1426,33.22628],[130.13997,33.2263],[130.13958,33.2244],[130.14118,33.22266],[130.1449,33.22077],[130.14455,33.22028],[130.14618,33.21954],[130.14714,33.2216],[130.14854,33.22304],[130.14738,33.22363],[130.1476,33.22408],[130.14889,33.22583],[130.15008,33.22521],[130.15184,33.22763],[130.14521,33.23117]]],[[[130.12861,33.23929],[130.12788,33.23875],[130.12702,33.23891],[130.1263,33.23767],[130.12762,33.23707],[130.12817,33.23579],[130.12556,33.23426],[130.12569,33.23297],[130.12674,33.23204],[130.1269,33.23127],[130.12848,33.23231],[130.12824,33.23183],[130.12933,33.23052],[130.13475,33.22942],[130.13704,33.22966],[130.138,33.22837],[130.14022,33.22958],[130.1409,33.22853],[130.1419,33.22817],[130.14011,33.22765],[130.13997,33.2263],[130.1426,33.22628],[130.14225,33.22643],[130.14268,33.22738],[130.14464,33.22916],[130.14522,33.22918],[130.14468,33.23081],[130.14521,33.23117],[130.14449,33.23271],[130.14004,33.23296],[130.13851,33.23409],[130.13799,33.23322],[130.13616,33.23305],[130.13543,33.23379],[130.13517,33.23533],[130.13443,33.23559],[130.13323,33.2372],[130.12861,33.23929]]],[[[130.1257,33.22657],[130.12763,33.22631],[130.12742,33.22482],[130.12995,33.22457],[130.13075,33.22505],[130.1329,33.22433],[130.1389,33.22363],[130.13984,33.22518],[130.14011,33.22765],[130.1419,33.22817],[130.1409,33.22853],[130.14005,33.22963],[130.138,33.22837],[130.13704,33.22966],[130.13475,33.22942],[130.12939,33.23049],[130.12824,33.23183],[130.12848,33.23231],[130.12753,33.23202],[130.12706,33.23124],[130.12674,33.23204],[130.12626,33.23209],[130.1264,33.2294],[130.12494,33.22838],[130.12489,33.22659],[130.1257,33.22657]]],[[[130.12742,33.22482],[130.12879,33.22427],[130.13021,33.22169],[130.13476,33.21882],[130.1367,33.21864],[130.14044,33.21522],[130.14246,33.21658],[130.14335,33.21843],[130.14492,33.2178],[130.14516,33.21814],[130.14603,33.21749],[130.14592,33.21685],[130.14801,33.21611],[130.14647,33.21766],[130.14601,33.21855],[130.14618,33.21954],[130.14455,33.22028],[130.1449,33.22077],[130.14118,33.22266],[130.14,33.22426],[130.13958,33.2244],[130.1389,33.22363],[130.1329,33.22433],[130.13075,33.22505],[130.12995,33.22457],[130.12742,33.22482]]]]}},{"type":"Feature","properties":{"vid":"K64G07S00002","name":"下小田村","reading":"しもおだ","gun":"杵島郡","domains":["saga"],"isShared":false,"shared":[]},"geometry":{"type":"MultiPolygon","coordinates":[[[[130.14268,33.20564],[130.14291,33.20389],[130.14205,33.20388],[130.14077,33.20251],[130.13741,33.20189],[130.13582,33.20021],[130.13553,33.19828],[130.1369,33.19623],[130.13935,33.19551],[130.14433,33.19566],[130.14534,33.19531],[130.14683,33.19684],[130.14675,33.1989],[130.14478,33.20095],[130.14427,33.20317],[130.14473,33.20324],[130.14643,33.20583],[130.148,33.20696],[130.14581,33.20849],[130.14268,33.20564]]],[[[130.13628,33.21853],[130.13567,33.21711],[130.13638,33.21734],[130.13775,33.21582],[130.13609,33.2154],[130.13646,33.21438],[130.13414,33.21373],[130.13512,33.21104],[130.13487,33.21058],[130.13532,33.20942],[130.13495,33.20865],[130.13779,33.20663],[130.14083,33.20607],[130.14185,33.2052],[130.14205,33.20388],[130.14291,33.20389],[130.14232,33.20858],[130.14107,33.21062],[130.14541,33.21629],[130.14568,33.21535],[130.14779,33.21451],[130.14922,33.21631],[130.14868,33.21671],[130.14907,33.21715],[130.14801,33.21769],[130.14785,33.21859],[130.14614,33.21944],[130.14647,33.21766],[130.14801,33.21611],[130.14592,33.21685],[130.14603,33.21749],[130.14516,33.21814],[130.14492,33.2178],[130.14335,33.21843],[130.14246,33.21658],[130.14044,33.21522],[130.13854,33.21735],[130.13628,33.21853]]],[[[130.14779,33.21451],[130.14568,33.21535],[130.14541,33.21629],[130.14107,33.21062],[130.14232,33.20858],[130.14268,33.20564],[130.14581,33.20849],[130.148,33.20696],[130.1489,33.20785],[130.15026,33.20692],[130.15291,33.20782],[130.15207,33.20876],[130.15056,33.20934],[130.15084,33.21013],[130.14969,33.21012],[130.14978,33.21128],[130.1485,33.21171],[130.14846,33.21274],[130.1474,33.213],[130.14707,33.21362],[130.14779,33.21451]]]]}},{"type":"Feature","properties":{"vid":"K64G07S00003","name":"八町村","reading":"はっちょう","gun":"杵島郡","domains":["saga"],"isShared":false,"shared":[]},"geometry":{"type":"MultiPolygon","coordinates":[[[[130.14859,33.19732],[130.15234,33.19639],[130.15505,33.19686],[130.15615,33.19615],[130.15558,33.19506],[130.16474,33.19499],[130.16469,33.19613],[130.16263,33.1972],[130.15781,33.1975],[130.1595,33.1987],[130.16043,33.19861],[130.16085,33.19964],[130.15947,33.19979],[130.15907,33.19942],[130.15824,33.19993],[130.15485,33.20028],[130.15479,33.19988],[130.15412,33.20003],[130.15378,33.1992],[130.15124,33.19938],[130.15113,33.19878],[130.15095,33.19942],[130.1497,33.19951],[130.14954,33.19911],[130.14944,33.1995],[130.14809,33.19968],[130.14871,33.19871],[130.14859,33.19732]]],[[[130.14694,33.19732],[130.14534,33.19531],[130.14744,33.19426],[130.15438,33.19278],[130.15998,33.18859],[130.16291,33.18921],[130.16716,33.19189],[130.16792,33.19335],[130.16796,33.19409],[130.16528,33.19427],[130.16528,33.19499],[130.15558,33.19506],[130.15615,33.19615],[130.15505,33.19686],[130.15234,33.19639],[130.14694,33.19732]]],[[[130.15253,33.20834],[130.15279,33.20763],[130.15026,33.20692],[130.14888,33.20784],[130.14643,33.20583],[130.14473,33.20324],[130.14427,33.20317],[130.14431,33.20179],[130.14675,33.1989],[130.14694,33.19732],[130.14859,33.19732],[130.14871,33.19871],[130.14809,33.19968],[130.14944,33.1995],[130.14954,33.19911],[130.1497,33.19951],[130.15095,33.19942],[130.15113,33.19878],[130.15124,33.19938],[130.15378,33.1992],[130.15412,33.20003],[130.15479,33.19988],[130.15485,33.20028],[130.15824,33.19993],[130.15907,33.19942],[130.15947,33.19979],[130.16085,33.19964],[130.16101,33.20342],[130.16015,33.20429],[130.1601,33.2059],[130.15884,33.2063],[130.15846,33.20597],[130.15812,33.20619],[130.15869,33.20726],[130.15804,33.20748],[130.15761,33.20639],[130.15712,33.20664],[130.15758,33.20765],[130.15609,33.20817],[130.15582,33.20762],[130.15515,33.20786],[130.15537,33.20842],[130.15288,33.20929],[130.15253,33.20834]]]]}},{"type":"Feature","properties":{"vid":"K64G07S00004","name":"大町村","reading":"おおまち","gun":"杵島郡","domains":["saga"],"isShared":false,"shared":[]},"geometry":{"type":"MultiPolygon","coordinates":[[[[130.12005,33.20933],[130.12026,33.21246],[130.1191,33.21348],[130.1189,33.2154],[130.11992,33.21542],[130.11922,33.21716],[130.11717,33.21699],[130.11728,33.21754],[130.11579,33.21725],[130.11581,33.21688],[130.11677,33.21695],[130.11676,33.2165],[130.11531,33.21603],[130.11537,33.21534],[130.11657,33.21521],[130.11653,33.2146],[130.11692,33.2146],[130.11676,33.21345],[130.11607,33.21341],[130.11602,33.21127],[130.11544,33.21127],[130.11546,33.20936],[130.12005,33.20933]]],[[[130.11335,33.20823],[130.11546,33.20786],[130.11544,33.21127],[130.11602,33.21127],[130.11607,33.21341],[130.11676,33.21345],[130.11692,33.21449],[130.11657,33.21521],[130.11537,33.21534],[130.1153,33.21598],[130.11672,33.21644],[130.11677,33.21695],[130.11513,33.21706],[130.11521,33.21781],[130.11422,33.21902],[130.1137,33.21794],[130.11235,33.21773],[130.11016,33.21576],[130.11231,33.21026],[130.1122,33.20896],[130.11334,33.20936],[130.11335,33.20823]]],[[[130.13009,33.20632],[130.13194,33.20706],[130.13394,33.20863],[130.13495,33.20865],[130.13532,33.20942],[130.13487,33.21058],[130.13512,33.21104],[130.13414,33.21373],[130.13646,33.21438],[130.13609,33.2154],[130.13775,33.21582],[130.13638,33.21734],[130.13567,33.21711],[130.13628,33.21853],[130.13476,33.21882],[130.1301,33.22178],[130.12879,33.22427],[130.12745,33.22473],[130.12763,33.22631],[130.12636,33.22664],[130.1257,33.22657],[130.12611,33.22607],[130.12412,33.22626],[130.12478,33.22583],[130.12375,33.22497],[130.12466,33.2235],[130.12606,33.22261],[130.12663,33.22051],[130.12494,33.2183],[130.12526,33.21693],[130.12618,33.21626],[130.12686,33.21431],[130.12744,33.21449],[130.13009,33.20632]]],[[[130.12207,33.21163],[130.1214,33.21422],[130.1209,33.21445],[130.12191,33.21472],[130.12148,33.21656],[130.12106,33.21633],[130.12047,33.21808],[130.11904,33.21798],[130.11992,33.21542],[130.1189,33.2154],[130.1192,33.21315],[130.12026,33.21246],[130.12029,33.21122],[130.12207,33.21163]]],[[[130.13009,33.20632],[130.12744,33.21449],[130.12686,33.21431],[130.12618,33.21626],[130.12526,33.21693],[130.12494,33.2183],[130.12663,33.22051],[130.12615,33.22138],[130.12225,33.21841],[130.12232,33.21692],[130.12089,33.21707],[130.12204,33.2153],[130.12191,33.21472],[130.12096,33.21423],[130.1214,33.21422],[130.12207,33.21163],[130.12366,33.21194],[130.12478,33.21136],[130.12792,33.20591],[130.13009,33.20632]]],[[[130.12207,33.21163],[130.12029,33.21122],[130.12002,33.20839],[130.12068,33.20838],[130.12156,33.20748],[130.12083,33.20516],[130.11999,33.20517],[130.11997,33.20423],[130.11865,33.20424],[130.11865,33.2033],[130.11718,33.2033],[130.11718,33.20235],[130.11588,33.20146],[130.11844,33.19904],[130.12221,33.19868],[130.12533,33.19658],[130.12813,33.19629],[130.12999,33.19842],[130.13062,33.20096],[130.12971,33.20183],[130.12622,33.20211],[130.12604,33.20412],[130.12792,33.20591],[130.12478,33.21136],[130.12366,33.21194],[130.12207,33.21163]]],[[[130.11588,33.20146],[130.11718,33.20235],[130.11718,33.2033],[130.11865,33.2033],[130.11865,33.20424],[130.11997,33.20423],[130.11999,33.20517],[130.12083,33.20516],[130.12156,33.20748],[130.12068,33.20838],[130.12002,33.20839],[130.12005,33.20933],[130.11546,33.20936],[130.11546,33.20786],[130.11316,33.20821],[130.11352,33.20613],[130.11426,33.20608],[130.11376,33.20608],[130.11377,33.20518],[130.11275,33.20518],[130.11275,33.20307],[130.11405,33.20373],[130.11327,33.20208],[130.11524,33.20194],[130.11588,33.20146]]],[[[130.12615,33.22138],[130.12606,33.22261],[130.12466,33.2235],[130.12374,33.22506],[130.1193,33.224],[130.11959,33.22476],[130.11925,33.22585],[130.12035,33.22669],[130.12097,33.22864],[130.12191,33.22812],[130.12258,33.2283],[130.1223,33.22966],[130.12025,33.23268],[130.11704,33.23284],[130.11663,33.2323],[130.11525,33.2321],[130.11329,33.23324],[130.11093,33.23373],[130.10866,33.23286],[130.10811,33.23219],[130.10846,33.23135],[130.1075,33.23105],[130.10774,33.23016],[130.10927,33.22836],[130.11048,33.22492],[130.11086,33.21953],[130.11045,33.21946],[130.11039,33.21789],[130.10922,33.21749],[130.11012,33.21748],[130.11028,33.21684],[130.11103,33.2167],[130.11235,33.21773],[130.1137,33.21794],[130.11422,33.21902],[130.11521,33.21781],[130.11532,33.21695],[130.11728,33.21754],[130.11717,33.21699],[130.11913,33.21715],[130.11904,33.21798],[130.11965,33.21819],[130.12047,33.21808],[130.12089,33.21707],[130.12232,33.21692],[130.12225,33.21841],[130.12615,33.22138]]],[[[130.12556,33.23426],[130.12299,33.23451],[130.1213,33.23574],[130.12023,33.23567],[130.11924,33.23624],[130.11747,33.23597],[130.11539,33.23664],[130.11269,33.23814],[130.11186,33.23927],[130.11084,33.23898],[130.10778,33.23622],[130.10633,33.23573],[130.10811,33.23219],[130.10866,33.23286],[130.11093,33.23373],[130.11329,33.23324],[130.11525,33.2321],[130.11663,33.2323],[130.11704,33.23284],[130.12025,33.23268],[130.1223,33.22966],[130.12258,33.2283],[130.12191,33.22812],[130.12097,33.22864],[130.12035,33.22669],[130.11925,33.22585],[130.11935,33.22398],[130.12403,33.22515],[130.12478,33.22588],[130.12412,33.22626],[130.12611,33.22607],[130.1257,33.22657],[130.12489,33.22659],[130.12502,33.22865],[130.12647,33.22965],[130.12627,33.23224],[130.12569,33.23297],[130.12556,33.23426]]]]}},{"type":"Feature","properties":{"vid":"K64G07S00005","name":"佐留志村","reading":"さるし","gun":"杵島郡","domains":["saga"],"isShared":false,"shared":[]},"geometry":{"type":"MultiPolygon","coordinates":[[[[130.16885,33.22861],[130.1671,33.22965],[130.16454,33.22846],[130.16299,33.22848],[130.16327,33.22243],[130.16393,33.21992],[130.1636,33.21983],[130.1637,33.21607],[130.16798,33.21616],[130.16836,33.21576],[130.16835,33.21617],[130.1698,33.21631],[130.17275,33.21772],[130.16851,33.22445],[130.16931,33.22577],[130.16885,33.22861]]],[[[130.17343,33.20681],[130.17278,33.21053],[130.1762,33.21156],[130.17607,33.21262],[130.1769,33.2151],[130.17611,33.21643],[130.1748,33.21622],[130.17437,33.21691],[130.17326,33.21684],[130.17275,33.21772],[130.17199,33.21738],[130.17413,33.21377],[130.17329,33.21406],[130.17325,33.21331],[130.17404,33.21325],[130.17402,33.21285],[130.17237,33.21266],[130.17237,33.21053],[130.17194,33.21055],[130.17277,33.20674],[130.17343,33.20681]]],[[[130.17343,33.20681],[130.17277,33.20674],[130.17194,33.21055],[130.17237,33.21053],[130.17237,33.21266],[130.17402,33.21285],[130.17404,33.21325],[130.17325,33.21331],[130.17329,33.21406],[130.17413,33.21377],[130.17398,33.21449],[130.17199,33.21738],[130.1698,33.21631],[130.16835,33.21617],[130.16836,33.21576],[130.16742,33.21615],[130.16757,33.21388],[130.16679,33.21384],[130.16664,33.21177],[130.16616,33.21145],[130.16531,33.2041],[130.16847,33.20474],[130.16839,33.20262],[130.17295,33.20284],[130.17343,33.20681]]],[[[130.1637,33.21607],[130.16119,33.21618],[130.1599,33.206],[130.1604,33.2053],[130.16019,33.2042],[130.16094,33.20388],[130.16085,33.19964],[130.16043,33.19861],[130.1595,33.1987],[130.15781,33.1975],[130.16263,33.1972],[130.16469,33.19613],[130.16528,33.19427],[130.16796,33.19409],[130.1663,33.20005],[130.16706,33.20168],[130.16839,33.20262],[130.16847,33.20474],[130.16531,33.2041],[130.16616,33.21145],[130.16664,33.21177],[130.16679,33.21384],[130.16757,33.21388],[130.16742,33.21615],[130.1637,33.21607]]]]}},{"type":"Feature","properties":{"vid":"K64G07S00006","name":"総領分村","reading":"そうりょうぶん","gun":"杵島郡","domains":["saga"],"isShared":false,"shared":[]},"geometry":{"type":"MultiPolygon","coordinates":[[[[130.18457,33.21989],[130.18148,33.2243],[130.18027,33.22372],[130.1796,33.22472],[130.17673,33.2232],[130.18272,33.21426],[130.1817,33.21386],[130.18206,33.21325],[130.18093,33.21275],[130.18338,33.20868],[130.18433,33.20865],[130.18966,33.2107],[130.18457,33.21989]]],[[[130.18338,33.20868],[130.18093,33.21275],[130.18206,33.21325],[130.1817,33.21386],[130.18272,33.21426],[130.18152,33.21565],[130.18185,33.21577],[130.17819,33.22104],[130.17625,33.22014],[130.18005,33.21417],[130.17909,33.21381],[130.18239,33.20817],[130.1813,33.20758],[130.18237,33.20603],[130.18412,33.20692],[130.18338,33.20868]]],[[[130.18412,33.20692],[130.18237,33.20603],[130.1813,33.20758],[130.18239,33.20817],[130.17909,33.21381],[130.18005,33.21417],[130.17587,33.2208],[130.17215,33.21875],[130.17326,33.21684],[130.17437,33.21691],[130.1748,33.21622],[130.17611,33.21643],[130.1769,33.2151],[130.17607,33.21262],[130.1762,33.21156],[130.17278,33.21053],[130.17353,33.20761],[130.17295,33.20284],[130.17862,33.19999],[130.18246,33.2002],[130.18402,33.20102],[130.1863,33.20415],[130.18541,33.20466],[130.18412,33.20692]]],[[[130.17504,33.22793],[130.17365,33.22892],[130.17247,33.2286],[130.17156,33.22773],[130.16885,33.22861],[130.16931,33.22577],[130.16851,33.22445],[130.17215,33.21875],[130.17587,33.2208],[130.17625,33.22014],[130.17819,33.22104],[130.17673,33.2232],[130.1805,33.22543],[130.17896,33.22778],[130.17504,33.22793]]]]}},{"type":"Feature","properties":{"vid":"K64G07S00007","name":"山口村","reading":"やまぐち","gun":"杵島郡","domains":["saga"],"isShared":false,"shared":[]},"geometry":{"type":"MultiPolygon","coordinates":[[[[130.15612,33.21847],[130.1604,33.21733],[130.16046,33.21822],[130.16261,33.21827],[130.16265,33.21893],[130.16367,33.21903],[130.16393,33.21992],[130.16333,33.22197],[130.15936,33.2221],[130.15832,33.22083],[130.15674,33.22084],[130.15624,33.22015],[130.15564,33.22021],[130.15493,33.2191],[130.15612,33.21847]]],[[[130.13487,33.24752],[130.13447,33.24827],[130.13402,33.24748],[130.13368,33.24831],[130.13305,33.24854],[130.13239,33.24811],[130.1309,33.24831],[130.12995,33.24956],[130.12992,33.24838],[130.12756,33.24815],[130.1252,33.24725],[130.12486,33.24536],[130.12099,33.24406],[130.11995,33.24147],[130.11502,33.23684],[130.11747,33.23597],[130.11851,33.2363],[130.1213,33.23574],[130.12299,33.23451],[130.12556,33.23426],[130.12817,33.23579],[130.12762,33.23707],[130.1263,33.2376],[130.12702,33.23891],[130.12788,33.23875],[130.12911,33.23971],[130.13143,33.23943],[130.1326,33.24049],[130.13363,33.2429],[130.13367,33.2454],[130.13489,33.24687],[130.13487,33.24752]]],[[[130.15025,33.261],[130.15029,33.26186],[130.14918,33.26374],[130.14633,33.26404],[130.14614,33.26468],[130.1431,33.26589],[130.14248,33.26557],[130.13967,33.26689],[130.1404,33.26562],[130.1394,33.26431],[130.13934,33.26288],[130.13838,33.26115],[130.13865,33.25985],[130.13986,33.25878],[130.14092,33.25903],[130.14117,33.25867],[130.14075,33.25746],[130.1411,33.25669],[130.14034,33.2559],[130.14042,33.25513],[130.14805,33.2574],[130.14795,33.25775],[130.14878,33.25829],[130.14864,33.2593],[130.14927,33.26036],[130.15025,33.261]]],[[[130.13487,33.24752],[130.13746,33.2442],[130.13888,33.24577],[130.13904,33.24686],[130.14073,33.24697],[130.14147,33.24463],[130.14263,33.2455],[130.14329,33.24518],[130.14546,33.24636],[130.14427,33.25065],[130.14257,33.25311],[130.13967,33.25112],[130.1377,33.25092],[130.13349,33.25261],[130.13249,33.25188],[130.13215,33.25239],[130.13205,33.25181],[130.12947,33.25005],[130.1309,33.24831],[130.13239,33.24811],[130.13305,33.24854],[130.13368,33.24831],[130.13402,33.24748],[130.13447,33.24827],[130.13487,33.24752]]],[[[130.15758,33.25327],[130.15581,33.25337],[130.15428,33.25435],[130.15432,33.25733],[130.15175,33.25886],[130.1516,33.26031],[130.15025,33.261],[130.14927,33.26036],[130.14864,33.2593],[130.14878,33.25829],[130.14795,33.25775],[130.14805,33.2574],[130.14042,33.25513],[130.143,33.25287],[130.14487,33.24914],[130.14498,33.24712],[130.14541,33.24629],[130.14617,33.24606],[130.14606,33.24535],[130.14756,33.24522],[130.14972,33.24401],[130.14989,33.24493],[130.14911,33.24639],[130.15013,33.24889],[130.15162,33.24929],[130.15428,33.24908],[130.15464,33.25109],[130.15688,33.25177],[130.15761,33.25254],[130.15758,33.25327]]],[[[130.16299,33.22848],[130.16215,33.22878],[130.15987,33.23129],[130.15299,33.22899],[130.15339,33.22797],[130.15277,33.22715],[130.15184,33.22763],[130.15008,33.22521],[130.14889,33.22583],[130.14738,33.22363],[130.15044,33.22208],[130.15079,33.22257],[130.15278,33.22154],[130.15254,33.22123],[130.15354,33.22073],[130.15342,33.22042],[130.15624,33.22015],[130.15674,33.22084],[130.15832,33.22083],[130.15936,33.2221],[130.16333,33.22197],[130.16299,33.22848]]],[[[130.15088,33.2101],[130.15056,33.20934],[130.15253,33.20834],[130.15288,33.20929],[130.15537,33.20842],[130.15515,33.20786],[130.15582,33.20762],[130.15609,33.20817],[130.15758,33.20765],[130.15712,33.20664],[130.15761,33.20639],[130.15804,33.20748],[130.15869,33.20726],[130.15812,33.20619],[130.15846,33.20597],[130.15884,33.2063],[130.1599,33.206],[130.16119,33.21618],[130.1637,33.21607],[130.16385,33.21901],[130.16265,33.21893],[130.16261,33.21827],[130.16046,33.21822],[130.1604,33.21733],[130.15612,33.21847],[130.15481,33.2172],[130.15511,33.21707],[130.15458,33.21629],[130.15406,33.21628],[130.15441,33.21608],[130.15369,33.21492],[130.15328,33.21505],[130.15282,33.21441],[130.15389,33.21387],[130.15088,33.2101]]],[[[130.14854,33.22304],[130.14714,33.2216],[130.14614,33.21944],[130.14785,33.21859],[130.14798,33.21773],[130.14907,33.21715],[130.14868,33.21671],[130.14922,33.21631],[130.14707,33.21362],[130.1474,33.213],[130.14846,33.21274],[130.1485,33.21171],[130.14978,33.21128],[130.14974,33.21007],[130.15088,33.2101],[130.15389,33.21387],[130.15282,33.21441],[130.15328,33.21505],[130.15369,33.21492],[130.15441,33.21608],[130.15406,33.21628],[130.15458,33.21629],[130.15511,33.21707],[130.15481,33.2172],[130.15612,33.21847],[130.15493,33.2191],[130.15564,33.22021],[130.15342,33.22042],[130.15354,33.22073],[130.15254,33.22123],[130.15278,33.22154],[130.15079,33.22257],[130.15044,33.22208],[130.14854,33.22304]]],[[[130.15987,33.23129],[130.15924,33.23272],[130.15934,33.234],[130.15843,33.23554],[130.15761,33.2359],[130.15637,33.23548],[130.15626,33.23607],[130.15514,33.23622],[130.15505,33.23676],[130.15427,33.2367],[130.15351,33.23732],[130.15118,33.23683],[130.1508,33.2374],[130.14971,33.23751],[130.14838,33.24071],[130.14381,33.24015],[130.14169,33.23482],[130.14284,33.23378],[130.14548,33.23275],[130.14586,33.23372],[130.14654,33.23358],[130.14609,33.23254],[130.14488,33.2322],[130.14485,33.2313],[130.1473,33.23038],[130.15277,33.22715],[130.15339,33.22797],[130.15299,33.22899],[130.15987,33.23129]]],[[[130.16571,33.24372],[130.16268,33.24685],[130.16025,33.25228],[130.15881,33.25411],[130.15765,33.25342],[130.15761,33.25254],[130.15688,33.25177],[130.15478,33.25125],[130.15428,33.24908],[130.15162,33.24929],[130.15013,33.24889],[130.14911,33.24639],[130.14989,33.24493],[130.14972,33.24401],[130.14756,33.24522],[130.14609,33.24532],[130.14617,33.24606],[130.14541,33.24629],[130.14544,33.24558],[130.1448,33.24523],[130.14439,33.24392],[130.14381,33.24015],[130.14838,33.24071],[130.14971,33.23751],[130.1508,33.2374],[130.15118,33.23683],[130.15362,33.23729],[130.15427,33.2367],[130.15505,33.23676],[130.15514,33.23622],[130.15626,33.23607],[130.15637,33.23548],[130.15765,33.2359],[130.15843,33.23554],[130.15934,33.234],[130.15981,33.23744],[130.16147,33.23921],[130.16447,33.24026],[130.16571,33.24372]]],[[[130.13487,33.24752],[130.13489,33.24687],[130.13367,33.2454],[130.13363,33.2429],[130.1326,33.24049],[130.13143,33.23943],[130.13001,33.23979],[130.12861,33.23929],[130.13323,33.2372],[130.13443,33.23559],[130.13517,33.23533],[130.13543,33.23379],[130.13616,33.23305],[130.13799,33.23322],[130.13851,33.23409],[130.14004,33.23296],[130.14438,33.23276],[130.14488,33.2322],[130.14609,33.23254],[130.14654,33.23358],[130.14586,33.23372],[130.14548,33.23275],[130.14284,33.23378],[130.14169,33.23482],[130.14381,33.24015],[130.14439,33.24392],[130.1448,33.24523],[130.14544,33.24558],[130.14541,33.24629],[130.14329,33.24518],[130.14263,33.2455],[130.14147,33.24463],[130.14073,33.24697],[130.13904,33.24686],[130.13888,33.24577],[130.13746,33.2442],[130.13487,33.24752]]]]}},{"type":"Feature","properties":{"vid":"K64G07S00008","name":"福母村","reading":"ふくも","gun":"杵島郡","domains":["saga"],"isShared":false,"shared":[]},"geometry":{"type":"MultiPolygon","coordinates":[[[[130.09965,33.20652],[130.09815,33.20469],[130.09831,33.20348],[130.099,33.20282],[130.10584,33.20293],[130.10562,33.2066],[130.10625,33.20866],[130.10799,33.21005],[130.10766,33.21246],[130.1006,33.21312],[130.10034,33.2121],[130.10252,33.21165],[130.10139,33.20633],[130.09965,33.20652]]],[[[130.11327,33.20208],[130.1141,33.2037],[130.11275,33.20307],[130.11275,33.20518],[130.11377,33.20518],[130.11376,33.20608],[130.11426,33.20613],[130.11352,33.20613],[130.11351,33.20711],[130.11312,33.20711],[130.11334,33.20936],[130.1122,33.20896],[130.11231,33.21026],[130.11136,33.21245],[130.11037,33.21245],[130.11069,33.21148],[130.10901,33.21088],[130.11082,33.21006],[130.11125,33.20681],[130.10963,33.20421],[130.11093,33.20282],[130.11327,33.20208]]],[[[130.10349,33.23508],[130.10198,33.23225],[130.10203,33.2304],[130.10003,33.22786],[130.10014,33.2264],[130.10139,33.22658],[130.10245,33.22611],[130.10247,33.22389],[130.10304,33.22341],[130.10248,33.22321],[130.10209,33.22383],[130.10049,33.22293],[130.09905,33.21943],[130.10247,33.21828],[130.10133,33.21802],[130.10201,33.21749],[130.10032,33.21591],[130.1022,33.21541],[130.10142,33.213],[130.10766,33.21246],[130.10799,33.21005],[130.11069,33.21148],[130.11037,33.21245],[130.11136,33.21245],[130.11016,33.21576],[130.11074,33.21602],[130.11043,33.21621],[130.11079,33.21669],[130.11012,33.21748],[130.10922,33.21749],[130.11039,33.21789],[130.11045,33.21946],[130.11086,33.21953],[130.11048,33.22492],[130.10927,33.22836],[130.10774,33.23016],[130.1075,33.23105],[130.10846,33.23135],[130.10651,33.23559],[130.10349,33.23508]]],[[[130.10014,33.2264],[130.10049,33.2258],[130.09997,33.22497],[130.09993,33.22359],[130.09771,33.22247],[130.09778,33.2212],[130.0969,33.22051],[130.0962,33.22143],[130.09578,33.21843],[130.09334,33.21465],[130.09023,33.2154],[130.08873,33.21395],[130.09643,33.21046],[130.09928,33.20804],[130.09965,33.20652],[130.10139,33.20633],[130.10252,33.21165],[130.10034,33.2121],[130.1006,33.21312],[130.1014,33.21294],[130.1022,33.21541],[130.10032,33.21591],[130.10201,33.21749],[130.10133,33.21802],[130.10247,33.21828],[130.09905,33.21946],[130.10049,33.22293],[130.10209,33.22383],[130.10248,33.22321],[130.10304,33.22349],[130.10247,33.22389],[130.10241,33.22616],[130.10139,33.22658],[130.10014,33.2264]]]]}},{"type":"Feature","properties":{"vid":"K64G07S00009","name":"福田村","reading":"ふくた","gun":"杵島郡","domains":["saga"],"isShared":false,"shared":[]},"geometry":{"type":"MultiPolygon","coordinates":[[[[130.13575,33.1876],[130.13605,33.18546],[130.1374,33.18506],[130.1382,33.18486],[130.13854,33.18587],[130.13994,33.18563],[130.14022,33.18632],[130.14024,33.18669],[130.13689,33.18732],[130.137,33.18775],[130.13575,33.1876]]],[[[130.17183,33.18583],[130.16065,33.18701],[130.15805,33.18689],[130.15645,33.18575],[130.15507,33.18551],[130.15463,33.18335],[130.15778,33.18304],[130.15736,33.18025],[130.15943,33.18006],[130.15972,33.17921],[130.16284,33.17883],[130.16203,33.17169],[130.16833,33.1715],[130.17288,33.17255],[130.17025,33.17286],[130.17183,33.18583]]],[[[130.13575,33.1876],[130.13389,33.18803],[130.13258,33.18421],[130.12577,33.18582],[130.1248,33.18296],[130.13249,33.18111],[130.13284,33.18207],[130.13601,33.18138],[130.13636,33.18367],[130.13575,33.1876]]],[[[130.15736,33.18025],[130.15778,33.18304],[130.15463,33.18335],[130.15492,33.18511],[130.14787,33.18593],[130.14663,33.1799],[130.15308,33.17901],[130.15333,33.18063],[130.15736,33.18025]]],[[[130.13605,33.18546],[130.13636,33.18367],[130.13601,33.18138],[130.14663,33.1799],[130.14714,33.18266],[130.13942,33.18388],[130.13987,33.18563],[130.13854,33.18587],[130.1382,33.18486],[130.13605,33.18546]]],[[[130.14714,33.18266],[130.14783,33.18569],[130.14743,33.18597],[130.14024,33.18669],[130.13942,33.18388],[130.14714,33.18266]]]]}},{"type":"Feature","properties":{"vid":"K64G07S00010","name":"福富下分村","reading":"ふくどみしもぶん","gun":"杵島郡","domains":["saga"],"isShared":false,"shared":[]},"geometry":{"type":"MultiPolygon","coordinates":[[[[130.21571,33.19681],[130.21179,33.19575],[130.21069,33.19109],[130.21285,33.1907],[130.2133,33.188],[130.21589,33.18776],[130.22023,33.18589],[130.22134,33.18877],[130.22177,33.19189],[130.21624,33.19548],[130.21571,33.19681]]],[[[130.20824,33.19478],[130.20859,33.1914],[130.20569,33.19125],[130.20539,33.18951],[130.20717,33.18926],[130.20711,33.18863],[130.20861,33.18813],[130.20845,33.18711],[130.21035,33.18608],[130.21055,33.18743],[130.21193,33.18695],[130.21167,33.18535],[130.2131,33.18457],[130.21343,33.18539],[130.21306,33.19027],[130.21228,33.19096],[130.21069,33.19109],[130.21179,33.19575],[130.20824,33.19478]]],[[[130.20711,33.18863],[130.20696,33.18733],[130.2054,33.18731],[130.20497,33.18535],[130.203,33.18294],[130.2054,33.18073],[130.20544,33.18021],[130.20574,33.18046],[130.20656,33.17997],[130.20786,33.18118],[130.20939,33.18059],[130.21162,33.18385],[130.21268,33.18333],[130.2131,33.18457],[130.21167,33.18535],[130.21193,33.18695],[130.21055,33.18743],[130.21035,33.18608],[130.20845,33.18711],[130.20861,33.18813],[130.20711,33.18863]]],[[[130.20656,33.17997],[130.20448,33.17811],[130.20828,33.17435],[130.21273,33.1779],[130.21163,33.17864],[130.21573,33.18271],[130.21635,33.18761],[130.2133,33.188],[130.21343,33.18539],[130.21268,33.18333],[130.21162,33.18385],[130.20939,33.18059],[130.20786,33.18118],[130.20656,33.17997]]],[[[130.20038,33.1953],[130.19295,33.20355],[130.19223,33.20016],[130.1927,33.19929],[130.19108,33.19874],[130.19252,33.19845],[130.19182,33.19788],[130.19178,33.19562],[130.19304,33.19502],[130.19266,33.19084],[130.19434,33.19087],[130.20038,33.1953]]],[[[130.20824,33.19478],[130.20362,33.1939],[130.20188,33.19431],[130.20038,33.1953],[130.19879,33.19443],[130.20042,33.19247],[130.20282,33.19242],[130.20522,33.19129],[130.20711,33.19127],[130.20859,33.1914],[130.20824,33.19478]]],[[[130.19284,33.19078],[130.19326,33.18769],[130.1919,33.18614],[130.19291,33.18613],[130.19271,33.18531],[130.19577,33.18467],[130.19596,33.18597],[130.19838,33.18561],[130.19855,33.18609],[130.19967,33.18541],[130.19988,33.18699],[130.20033,33.18715],[130.20017,33.1876],[130.19907,33.1878],[130.19887,33.18712],[130.19852,33.18719],[130.19872,33.18853],[130.19914,33.18844],[130.19953,33.19274],[130.19842,33.19415],[130.19711,33.19264],[130.19434,33.19087],[130.19284,33.19078]]],[[[130.19879,33.19443],[130.19842,33.19415],[130.19953,33.19274],[130.19914,33.18844],[130.19872,33.18853],[130.19852,33.18719],[130.19887,33.18712],[130.19907,33.1878],[130.20077,33.18709],[130.20151,33.18751],[130.20186,33.18744],[130.20173,33.18694],[130.20225,33.18686],[130.20236,33.18733],[130.20291,33.18682],[130.20519,33.18639],[130.2054,33.18731],[130.20696,33.18733],[130.20717,33.18926],[130.20539,33.18951],[130.20569,33.19125],[130.20302,33.19238],[130.20042,33.19247],[130.19879,33.19443]]],[[[130.20033,33.18715],[130.19988,33.18699],[130.1994,33.18391],[130.20337,33.1831],[130.20497,33.18535],[130.20519,33.18639],[130.20291,33.18682],[130.20236,33.18733],[130.20225,33.18686],[130.20173,33.18694],[130.20186,33.18744],[130.20151,33.18751],[130.20033,33.18715]]],[[[130.19967,33.18541],[130.19866,33.18608],[130.19838,33.18561],[130.19596,33.18597],[130.19577,33.18467],[130.19667,33.18448],[130.19643,33.1833],[130.19839,33.18248],[130.19758,33.18094],[130.20139,33.17866],[130.20277,33.1797],[130.20448,33.17811],[130.20635,33.17958],[130.20656,33.17997],[130.20574,33.18046],[130.20544,33.18021],[130.2054,33.18073],[130.20275,33.18316],[130.1994,33.18391],[130.19967,33.18541]]]]}},{"type":"Feature","properties":{"vid":"K64G07S00011","name":"福吉村","reading":"ふくよし","gun":"杵島郡","domains":["saga"],"isShared":false,"shared":[]},"geometry":{"type":"MultiPolygon","coordinates":[[[[130.16635,33.19135],[130.1624,33.18891],[130.15963,33.18871],[130.15847,33.18687],[130.16633,33.1864],[130.16685,33.18839],[130.16757,33.1883],[130.16795,33.19034],[130.16635,33.19135]]],[[[130.15492,33.18511],[130.15528,33.18566],[130.15645,33.18575],[130.15847,33.18687],[130.15862,33.18736],[130.15823,33.18779],[130.14047,33.18966],[130.14031,33.18892],[130.13982,33.18878],[130.13484,33.18975],[130.13455,33.18899],[130.13337,33.18917],[130.13299,33.18841],[130.13656,33.1874],[130.137,33.18775],[130.13689,33.18732],[130.13905,33.18679],[130.15492,33.18511]]],[[[130.16635,33.19135],[130.16795,33.19034],[130.16757,33.1883],[130.16685,33.18839],[130.16633,33.1864],[130.17933,33.1851],[130.17925,33.18726],[130.17793,33.1873],[130.17776,33.1878],[130.17881,33.19541],[130.17924,33.19716],[130.17984,33.19724],[130.17971,33.1999],[130.17764,33.20033],[130.1735,33.20275],[130.17073,33.20294],[130.1681,33.20251],[130.16706,33.20168],[130.1663,33.20005],[130.16796,33.19416],[130.16744,33.19218],[130.16635,33.19135]]]]}},{"type":"Feature","properties":{"vid":"K64G07S00012","name":"東郷村","reading":"ひがしごう","gun":"杵島郡","domains":["saga"],"isShared":false,"shared":[]},"geometry":{"type":"MultiPolygon","coordinates":[[[[130.15963,33.18871],[130.15515,33.19237],[130.15371,33.19301],[130.15233,33.19328],[130.15059,33.19224],[130.15041,33.19124],[130.14452,33.19204],[130.13753,33.19392],[130.13705,33.19175],[130.13633,33.19125],[130.13572,33.19142],[130.13515,33.18968],[130.13982,33.18878],[130.14031,33.18892],[130.14047,33.18966],[130.15823,33.18779],[130.15862,33.18736],[130.15963,33.18871]]],[[[130.14534,33.19531],[130.14433,33.19566],[130.13859,33.19561],[130.1369,33.19623],[130.13587,33.19743],[130.13443,33.19464],[130.13361,33.19483],[130.13211,33.19046],[130.13515,33.18968],[130.13572,33.19142],[130.13633,33.19125],[130.13705,33.19175],[130.13753,33.19392],[130.14452,33.19204],[130.15041,33.19124],[130.15059,33.19224],[130.15233,33.19328],[130.14744,33.19426],[130.14534,33.19531]]],[[[130.13009,33.20632],[130.12845,33.20603],[130.13507,33.20256],[130.13446,33.19902],[130.13055,33.19998],[130.12898,33.19682],[130.12921,33.19615],[130.12768,33.19145],[130.13211,33.19046],[130.13361,33.19483],[130.13443,33.19464],[130.13587,33.19743],[130.13546,33.19884],[130.13582,33.20021],[130.13779,33.20209],[130.14123,33.20272],[130.14211,33.20427],[130.14185,33.2052],[130.14083,33.20607],[130.13779,33.20663],[130.13463,33.20872],[130.13009,33.20632]]]]}},{"type":"Feature","properties":{"vid":"K64G07S00013","name":"今泉村","reading":"いまいずみ","gun":"杵島郡","domains":["saga"],"isShared":false,"shared":[]},"geometry":{"type":"MultiPolygon","coordinates":[[[[130.1248,33.18296],[130.12577,33.18582],[130.11928,33.18757],[130.11911,33.18708],[130.11853,33.18722],[130.11709,33.18186],[130.11922,33.18111],[130.11874,33.17955],[130.12214,33.17877],[130.12263,33.1803],[130.12391,33.18016],[130.1248,33.18296]]],[[[130.12591,33.18578],[130.13258,33.18421],[130.13389,33.18803],[130.13299,33.18841],[130.13337,33.18917],[130.13455,33.18899],[130.13484,33.18975],[130.12783,33.19142],[130.12591,33.18578]]],[[[130.12898,33.19682],[130.12813,33.19629],[130.12632,33.19621],[130.12241,33.19862],[130.11908,33.19881],[130.11897,33.19633],[130.11809,33.1937],[130.12768,33.19145],[130.12921,33.19615],[130.12898,33.19682]]],[[[130.12845,33.20603],[130.12708,33.20538],[130.12604,33.20412],[130.12622,33.20211],[130.12971,33.20183],[130.13047,33.2013],[130.13055,33.19998],[130.13446,33.19902],[130.13507,33.20256],[130.12845,33.20603]]],[[[130.12577,33.18582],[130.12783,33.19142],[130.12072,33.19305],[130.11884,33.1877],[130.12577,33.18582]]]]}},{"type":"Feature","properties":{"vid":"K64G07S00014","name":"廿治村","reading":"はたち","gun":"杵島郡","domains":["saga"],"isShared":false,"shared":[]},"geometry":{"type":"MultiPolygon","coordinates":[[[[130.13249,33.18111],[130.1248,33.18296],[130.12391,33.18016],[130.12258,33.18024],[130.12136,33.17666],[130.12459,33.17596],[130.12425,33.17499],[130.13073,33.17343],[130.13185,33.17395],[130.13293,33.17689],[130.13248,33.177],[130.13346,33.17983],[130.13276,33.18002],[130.13311,33.18097],[130.13249,33.18111]]],[[[130.13185,33.17395],[130.13073,33.17343],[130.12425,33.17499],[130.12459,33.17596],[130.12136,33.17666],[130.11851,33.16799],[130.12786,33.16575],[130.12804,33.16656],[130.12763,33.16667],[130.12812,33.16685],[130.12893,33.16903],[130.12847,33.16948],[130.12906,33.16932],[130.12935,33.17106],[130.13085,33.17032],[130.13185,33.17395]]],[[[130.13601,33.18138],[130.13284,33.18207],[130.13249,33.18111],[130.13311,33.18097],[130.13276,33.18002],[130.13346,33.17983],[130.1328,33.17795],[130.13868,33.17666],[130.13972,33.18071],[130.13601,33.18138]]],[[[130.16242,33.1755],[130.16284,33.17883],[130.16235,33.17911],[130.15972,33.17921],[130.15943,33.18006],[130.15333,33.18063],[130.15308,33.17901],[130.13972,33.18071],[130.13868,33.17666],[130.15906,33.17445],[130.15924,33.17586],[130.16242,33.1755]]]]}},{"type":"Feature","properties":{"vid":"K64G07S00017","name":"戸ヶ里村","reading":"とがり","gun":"杵島郡","domains":["saga"],"isShared":false,"shared":[]},"geometry":{"type":"MultiPolygon","coordinates":[[[[130.12965,33.15933],[130.12657,33.16037],[130.12389,33.15458],[130.12349,33.15484],[130.12235,33.15324],[130.1234,33.1523],[130.12276,33.15126],[130.12324,33.15016],[130.12432,33.15007],[130.12495,33.15436],[130.12544,33.1548],[130.12623,33.15459],[130.12651,33.15522],[130.12705,33.15508],[130.12758,33.15661],[130.12856,33.15636],[130.129,33.15784],[130.13033,33.15913],[130.12965,33.15933]]],[[[130.13114,33.15888],[130.13033,33.15913],[130.129,33.15784],[130.12856,33.15636],[130.12758,33.15661],[130.12705,33.15508],[130.12651,33.15522],[130.12623,33.15459],[130.12544,33.1548],[130.12495,33.15436],[130.12432,33.15007],[130.12324,33.15016],[130.1239,33.14843],[130.1244,33.1425],[130.12761,33.13665],[130.12824,33.13462],[130.12826,33.13204],[130.12747,33.13066],[130.13235,33.12941],[130.13223,33.13501],[130.13176,33.1356],[130.13156,33.13978],[130.13035,33.13963],[130.13032,33.14036],[130.13052,33.14835],[130.13151,33.14828],[130.13105,33.14882],[130.13155,33.14883],[130.13211,33.15609],[130.13026,33.15681],[130.13114,33.15888]]],[[[130.11956,33.16773],[130.11755,33.16168],[130.11562,33.16175],[130.11557,33.16132],[130.11674,33.16113],[130.11635,33.15977],[130.11701,33.15927],[130.11708,33.15847],[130.11639,33.15843],[130.11633,33.15688],[130.11812,33.15699],[130.11869,33.15471],[130.1214,33.15421],[130.12235,33.15324],[130.12349,33.15484],[130.12389,33.15458],[130.12657,33.16037],[130.1261,33.16054],[130.12786,33.16575],[130.11956,33.16773]]],[[[130.11956,33.16773],[130.11845,33.16796],[130.11785,33.16605],[130.11549,33.16656],[130.11419,33.16214],[130.11526,33.16202],[130.11465,33.15837],[130.11664,33.15492],[130.11869,33.15471],[130.11812,33.15699],[130.11633,33.15688],[130.11639,33.15843],[130.11708,33.15847],[130.11701,33.15927],[130.11635,33.15977],[130.11674,33.16113],[130.11557,33.16132],[130.11562,33.16175],[130.11755,33.16168],[130.11956,33.16773]]]]}},{"type":"Feature","properties":{"vid":"K64G07S00018","name":"辺田村","reading":"へた","gun":"杵島郡","domains":["saga"],"isShared":false,"shared":[]},"geometry":{"type":"MultiPolygon","coordinates":[[[[130.11851,33.16799],[130.10765,33.17037],[130.10693,33.16651],[130.10996,33.16578],[130.109,33.16273],[130.11419,33.16214],[130.11549,33.16656],[130.11785,33.16605],[130.11851,33.16799]]],[[[130.12214,33.17877],[130.11874,33.17955],[130.11712,33.1751],[130.1098,33.17679],[130.10845,33.17263],[130.10962,33.17236],[130.10996,33.17335],[130.11157,33.17295],[130.11132,33.17098],[130.1108,33.17103],[130.11193,33.17077],[130.11151,33.16957],[130.11851,33.16799],[130.12214,33.17877]]],[[[130.07955,33.16895],[130.07981,33.16606],[130.07931,33.16345],[130.07968,33.16245],[130.08379,33.16252],[130.08554,33.16364],[130.08843,33.16229],[130.08982,33.16216],[130.09038,33.16277],[130.09145,33.16182],[130.09427,33.16072],[130.0982,33.16144],[130.10311,33.16107],[130.10335,33.16152],[130.10452,33.16119],[130.10421,33.16064],[130.10687,33.15952],[130.11098,33.15861],[130.11173,33.15767],[130.11229,33.15785],[130.11269,33.15662],[130.11324,33.15675],[130.11397,33.15545],[130.11602,33.15623],[130.11462,33.15854],[130.11526,33.16202],[130.109,33.16273],[130.10996,33.16578],[130.10466,33.16673],[130.10155,33.16487],[130.0957,33.16353],[130.09185,33.16526],[130.09091,33.16702],[130.08796,33.16775],[130.08557,33.16659],[130.07955,33.16895]]]]}},{"type":"Feature","properties":{"vid":"K64G07S00019","name":"田野上村","reading":"たのうえ","gun":"杵島郡","domains":["saga"],"isShared":false,"shared":[]},"geometry":{"type":"MultiPolygon","coordinates":[[[[130.10854,33.15905],[130.10421,33.16064],[130.10452,33.16119],[130.10335,33.16152],[130.10311,33.16107],[130.10118,33.16124],[130.10304,33.15903],[130.10222,33.15851],[130.10409,33.15814],[130.10583,33.15432],[130.10254,33.15355],[130.10319,33.15205],[130.10104,33.15112],[130.09942,33.14939],[130.10935,33.15203],[130.10817,33.15501],[130.10929,33.15535],[130.10854,33.15905]]],[[[130.07968,33.16245],[130.08217,33.15894],[130.0838,33.15844],[130.08439,33.15432],[130.08821,33.15211],[130.08784,33.15063],[130.08674,33.14975],[130.08657,33.14904],[130.09599,33.14994],[130.09942,33.14939],[130.10104,33.15112],[130.10319,33.15205],[130.10254,33.15355],[130.10583,33.15432],[130.10409,33.15814],[130.10222,33.15851],[130.10304,33.15903],[130.10118,33.16124],[130.0982,33.16144],[130.09427,33.16072],[130.09145,33.16182],[130.09038,33.16277],[130.08982,33.16216],[130.08843,33.16229],[130.08554,33.16364],[130.08379,33.16252],[130.07968,33.16245]]],[[[130.11602,33.15623],[130.11397,33.15545],[130.11324,33.15675],[130.11269,33.15662],[130.11229,33.15785],[130.11173,33.15767],[130.11098,33.15861],[130.10854,33.15905],[130.10929,33.15535],[130.10817,33.15501],[130.10935,33.15203],[130.11654,33.15487],[130.11602,33.15623]]]]}},{"type":"Feature","properties":{"vid":"K64G07S00020","name":"坂田村","reading":"さかだ","gun":"杵島郡","domains":["saga"],"isShared":false,"shared":[]},"geometry":{"type":"MultiPolygon","coordinates":[[[[130.08581,33.14728],[130.08363,33.14148],[130.09058,33.13799],[130.09791,33.13609],[130.09963,33.13503],[130.10334,33.13387],[130.10163,33.13705],[130.10156,33.13874],[130.09803,33.14088],[130.09811,33.1413],[130.10193,33.14043],[130.1022,33.14461],[130.09255,33.14665],[130.08663,33.14887],[130.08581,33.14728]]],[[[130.08657,33.14904],[130.09255,33.14665],[130.1022,33.14461],[130.10193,33.14043],[130.10236,33.1403],[130.1048,33.13981],[130.10633,33.14025],[130.10648,33.14107],[130.10866,33.13982],[130.11057,33.13976],[130.11413,33.14145],[130.11416,33.14283],[130.11288,33.14428],[130.10948,33.15208],[130.09995,33.14928],[130.09599,33.14994],[130.08657,33.14904]]],[[[130.11409,33.15398],[130.10948,33.15208],[130.11288,33.14428],[130.11409,33.14284],[130.11729,33.14311],[130.1216,33.14154],[130.12043,33.14452],[130.11942,33.14472],[130.11932,33.14659],[130.11749,33.14665],[130.11731,33.14925],[130.1171,33.15],[130.11662,33.14999],[130.1162,33.15259],[130.11456,33.15227],[130.11409,33.15398]]],[[[130.1244,33.1425],[130.1239,33.14843],[130.12276,33.1512],[130.12335,33.15239],[130.1214,33.15421],[130.11772,33.15498],[130.11409,33.15398],[130.11456,33.15227],[130.1162,33.15259],[130.11662,33.14999],[130.1171,33.15],[130.11731,33.14925],[130.11749,33.14665],[130.11932,33.14659],[130.11942,33.14472],[130.12043,33.14452],[130.1216,33.14154],[130.1244,33.1425]]]]}},{"type":"Feature","properties":{"vid":"K64G07S00021","name":"深浦村","reading":"ふかうら","gun":"杵島郡","domains":["saga"],"isShared":false,"shared":[]},"geometry":{"type":"MultiPolygon","coordinates":[[[[130.08504,33.13002],[130.09208,33.12911],[130.09341,33.12963],[130.09404,33.13036],[130.09287,33.13113],[130.09279,33.1374],[130.0886,33.13902],[130.08504,33.13002]]],[[[130.12687,33.13793],[130.1244,33.1425],[130.12145,33.14153],[130.11739,33.14309],[130.11563,33.14313],[130.11416,33.14283],[130.11413,33.14145],[130.1115,33.14021],[130.11373,33.13996],[130.11665,33.13846],[130.11733,33.13791],[130.11749,33.13681],[130.11834,33.13713],[130.11964,33.13684],[130.12098,33.13769],[130.12193,33.13698],[130.12278,33.13745],[130.12305,33.13668],[130.1263,33.1373],[130.12603,33.13762],[130.12687,33.13793]]],[[[130.11011,33.13156],[130.11098,33.1314],[130.11144,33.12922],[130.11265,33.12845],[130.11718,33.12782],[130.12053,33.12864],[130.12065,33.13178],[130.11915,33.13191],[130.11923,33.13277],[130.12051,33.13288],[130.12063,33.13359],[130.11948,33.13388],[130.11975,33.1369],[130.11749,33.13681],[130.11727,33.13799],[130.11373,33.13996],[130.11142,33.14021],[130.11057,33.13976],[130.10873,33.13981],[130.10648,33.14107],[130.10633,33.14025],[130.10462,33.1398],[130.09811,33.1413],[130.09833,33.14046],[130.10156,33.13874],[130.10163,33.13705],[130.10334,33.13387],[130.10715,33.13301],[130.10679,33.13417],[130.10953,33.13431],[130.11011,33.13156]]],[[[130.08237,33.13077],[130.08504,33.13002],[130.0886,33.13902],[130.08363,33.14148],[130.07802,33.14058],[130.07351,33.13765],[130.0725,33.13582],[130.07041,33.13467],[130.07163,33.13351],[130.07147,33.1325],[130.07244,33.13109],[130.07538,33.13037],[130.0771,33.13108],[130.07788,33.13093],[130.07786,33.12916],[130.08079,33.12931],[130.08075,33.1313],[130.08237,33.13077]]],[[[130.09404,33.13036],[130.09602,33.13127],[130.10144,33.13055],[130.10176,33.13436],[130.09791,33.13609],[130.09279,33.1374],[130.09287,33.13113],[130.09404,33.13036]]],[[[130.12328,33.12322],[130.12282,33.12476],[130.13024,33.12589],[130.1275,33.13034],[130.12826,33.13204],[130.12827,33.13447],[130.12687,33.13793],[130.12603,33.13762],[130.1263,33.1373],[130.12305,33.13668],[130.12278,33.13745],[130.12193,33.13698],[130.12098,33.13769],[130.11971,33.13675],[130.11948,33.13388],[130.12063,33.13359],[130.12051,33.13288],[130.11923,33.13277],[130.11915,33.13191],[130.12065,33.13178],[130.12036,33.13013],[130.12053,33.12864],[130.12145,33.12761],[130.12097,33.12589],[130.12131,33.12451],[130.1222,33.12355],[130.12328,33.12322]]],[[[130.11011,33.13156],[130.10953,33.13431],[130.10679,33.13417],[130.10724,33.13303],[130.10693,33.13301],[130.10176,33.13436],[130.10144,33.13055],[130.10435,33.13113],[130.10819,33.13075],[130.11011,33.13156]]]]}},{"type":"Feature","properties":{"vid":"K64G07S00022","name":"築切村","reading":"ついきり","gun":"杵島郡","domains":["saga"],"isShared":false,"shared":[]},"geometry":{"type":"MultiPolygon","coordinates":[[[[130.14392,33.1639],[130.1417,33.16394],[130.14278,33.16106],[130.14702,33.16034],[130.14738,33.16197],[130.146,33.1621],[130.14498,33.16267],[130.14508,33.16387],[130.14392,33.1639]]],[[[130.14397,33.16633],[130.14421,33.16574],[130.14364,33.16576],[130.14392,33.1639],[130.14508,33.16387],[130.146,33.16752],[130.14419,33.16781],[130.14397,33.16633]]],[[[130.14508,33.16387],[130.14498,33.16267],[130.14623,33.16199],[130.14738,33.16197],[130.14702,33.16034],[130.14536,33.16061],[130.14498,33.15823],[130.14926,33.15704],[130.15099,33.16175],[130.14751,33.16259],[130.14848,33.16571],[130.14651,33.16567],[130.14611,33.16493],[130.14559,33.16528],[130.14508,33.16387]]],[[[130.14848,33.16571],[130.14751,33.16259],[130.15099,33.16175],[130.1512,33.16238],[130.14925,33.16285],[130.1495,33.16388],[130.14908,33.16397],[130.14968,33.16497],[130.14928,33.16575],[130.14886,33.16538],[130.14848,33.16571]]],[[[130.15099,33.16175],[130.14979,33.15806],[130.15191,33.15703],[130.15182,33.15663],[130.1534,33.1562],[130.15387,33.15513],[130.15622,33.15603],[130.15732,33.15512],[130.15905,33.15613],[130.15518,33.15881],[130.1556,33.15976],[130.15305,33.16044],[130.15376,33.16247],[130.15291,33.16262],[130.15317,33.16357],[130.15147,33.16379],[130.15177,33.16511],[130.14949,33.16549],[130.14925,33.16285],[130.1512,33.16238],[130.15099,33.16175]]],[[[130.14438,33.16879],[130.14419,33.16781],[130.146,33.16752],[130.14536,33.16503],[130.14611,33.16493],[130.14651,33.16567],[130.14736,33.16542],[130.14762,33.16684],[130.14866,33.16697],[130.14878,33.16731],[130.14816,33.16745],[130.14837,33.16828],[130.14438,33.16879]]],[[[130.14752,33.16597],[130.14945,33.1655],[130.14998,33.16703],[130.1491,33.1672],[130.14931,33.1681],[130.14837,33.16828],[130.14816,33.16745],[130.14878,33.16731],[130.14866,33.16697],[130.14762,33.16684],[130.14752,33.16597]]],[[[130.14945,33.1655],[130.15102,33.16599],[130.15113,33.16649],[130.15256,33.16623],[130.15283,33.16721],[130.14931,33.1681],[130.1491,33.1672],[130.14998,33.16703],[130.14945,33.1655]]],[[[130.14979,33.16544],[130.15177,33.16511],[130.15147,33.16379],[130.15317,33.16357],[130.15291,33.16262],[130.15376,33.16247],[130.15305,33.16044],[130.1556,33.15976],[130.15518,33.15881],[130.15905,33.15613],[130.16803,33.16336],[130.16785,33.16453],[130.16067,33.16624],[130.15283,33.16721],[130.15256,33.16623],[130.15113,33.16649],[130.15102,33.16599],[130.1504,33.16611],[130.14979,33.16544]]],[[[130.16803,33.16336],[130.16477,33.16104],[130.16163,33.15788],[130.16214,33.15752],[130.16415,33.1597],[130.16519,33.15913],[130.16606,33.1594],[130.16579,33.15877],[130.17001,33.15436],[130.174,33.15741],[130.16935,33.16248],[130.16803,33.16336]]],[[[130.15905,33.15613],[130.15732,33.15512],[130.15885,33.15372],[130.16156,33.15543],[130.16458,33.15177],[130.16893,33.15557],[130.16579,33.15877],[130.16627,33.15922],[130.16519,33.15913],[130.16415,33.1597],[130.16214,33.15752],[130.16163,33.15788],[130.15905,33.15613]]],[[[130.13882,33.16962],[130.13845,33.16834],[130.14397,33.16633],[130.14438,33.16879],[130.13882,33.16962]]],[[[130.13845,33.16834],[130.13613,33.16913],[130.13925,33.16763],[130.1398,33.16516],[130.14085,33.1643],[130.1439,33.16385],[130.14364,33.16576],[130.14421,33.16574],[130.14397,33.16633],[130.13845,33.16834]]]]}},{"type":"Feature","properties":{"vid":"K64G07S00023","name":"牛屋村","reading":"うしや","gun":"杵島郡","domains":["saga"],"isShared":false,"shared":[]},"geometry":{"type":"MultiPolygon","coordinates":[[[[130.15772,33.14596],[130.15065,33.15178],[130.14986,33.15089],[130.14534,33.15215],[130.14575,33.15399],[130.13114,33.15888],[130.13026,33.15681],[130.13211,33.15609],[130.13159,33.15131],[130.13774,33.15068],[130.13805,33.14885],[130.13773,33.14344],[130.1386,33.14349],[130.13912,33.1412],[130.14296,33.13939],[130.14099,33.13771],[130.14592,33.13377],[130.1524,33.14061],[130.15559,33.14524],[130.15673,33.14472],[130.15772,33.14596]]],[[[130.14599,33.13374],[130.14099,33.13771],[130.14296,33.13939],[130.13912,33.1412],[130.1386,33.14349],[130.13773,33.14344],[130.13805,33.14885],[130.13774,33.15068],[130.13159,33.15131],[130.13155,33.14883],[130.13105,33.14882],[130.13151,33.14828],[130.13052,33.14835],[130.13032,33.14036],[130.13035,33.13963],[130.13156,33.13978],[130.13176,33.1356],[130.13223,33.13501],[130.13235,33.12941],[130.13644,33.12826],[130.14085,33.12984],[130.14599,33.13374]]]]}},{"type":"Feature","properties":{"vid":"K64G07S00024","name":"横手村","reading":"よこて","gun":"杵島郡","domains":["saga"],"isShared":false,"shared":[]},"geometry":{"type":"MultiPolygon","coordinates":[[[[130.13185,33.17395],[130.13085,33.17032],[130.12935,33.17106],[130.12906,33.16932],[130.12847,33.16948],[130.12893,33.16903],[130.12812,33.16685],[130.12763,33.16667],[130.12804,33.16656],[130.12786,33.16575],[130.1261,33.16054],[130.12965,33.15933],[130.13009,33.16021],[130.13077,33.15998],[130.13466,33.1674],[130.13757,33.16652],[130.13831,33.16812],[130.13427,33.16966],[130.13533,33.17264],[130.13437,33.17283],[130.1349,33.17343],[130.13185,33.17395]]],[[[130.1417,33.16394],[130.13984,33.16509],[130.13933,33.16752],[130.13869,33.16795],[130.13831,33.16812],[130.13757,33.16652],[130.13466,33.1674],[130.13077,33.15998],[130.13009,33.16021],[130.12965,33.15933],[130.14575,33.15399],[130.14534,33.15215],[130.14986,33.15089],[130.15065,33.15178],[130.15772,33.14596],[130.16085,33.14994],[130.1615,33.14941],[130.16458,33.15177],[130.16156,33.15543],[130.159,33.15367],[130.15622,33.15603],[130.15395,33.15509],[130.1534,33.1562],[130.15182,33.15663],[130.15191,33.15703],[130.14985,33.15801],[130.14923,33.15702],[130.14558,33.15785],[130.14498,33.15823],[130.14536,33.16061],[130.14278,33.16106],[130.1417,33.16394]]]]}},{"type":"Feature","properties":{"vid":"K64G07S00025","name":"遠江村","reading":"とおのえ","gun":"杵島郡","domains":["saga"],"isShared":false,"shared":[]},"geometry":{"type":"MultiPolygon","coordinates":[[[[130.13868,33.17666],[130.1328,33.17795],[130.13248,33.177],[130.13293,33.17689],[130.13185,33.17395],[130.1349,33.17343],[130.13437,33.17283],[130.1385,33.17187],[130.13869,33.17274],[130.14596,33.1712],[130.14606,33.17166],[130.14459,33.17187],[130.14474,33.17589],[130.13868,33.17666]]],[[[130.15663,33.17469],[130.14474,33.17589],[130.1444,33.17262],[130.14459,33.17187],[130.15303,33.17078],[130.15289,33.16993],[130.15592,33.16965],[130.15663,33.17469]]],[[[130.16794,33.16447],[130.16805,33.16333],[130.16935,33.16248],[130.17489,33.15637],[130.17812,33.15847],[130.17658,33.16082],[130.17873,33.16219],[130.17724,33.16477],[130.17679,33.16468],[130.17709,33.16505],[130.17665,33.16587],[130.17624,33.16578],[130.17649,33.16617],[130.17482,33.16927],[130.1696,33.16738],[130.16946,33.1659],[130.16794,33.16447]]],[[[130.13882,33.16962],[130.14537,33.16877],[130.14522,33.17026],[130.14578,33.17031],[130.14596,33.1712],[130.13869,33.17274],[130.1385,33.17187],[130.13926,33.17168],[130.13882,33.16962]]],[[[130.14537,33.16877],[130.15341,33.16712],[130.15372,33.16986],[130.15289,33.16993],[130.15303,33.17078],[130.14606,33.17166],[130.14578,33.17031],[130.14516,33.17001],[130.14553,33.16995],[130.14537,33.16877]]],[[[130.15341,33.16712],[130.16373,33.16554],[130.16411,33.16785],[130.16451,33.16781],[130.16416,33.16815],[130.16434,33.16959],[130.15971,33.17007],[130.15958,33.16909],[130.15372,33.16986],[130.15341,33.16712]]],[[[130.13882,33.16962],[130.13926,33.17168],[130.13533,33.17264],[130.13427,33.16966],[130.13628,33.16938],[130.13845,33.16834],[130.13882,33.16962]]],[[[130.17289,33.1726],[130.16833,33.1715],[130.16203,33.17169],[130.16242,33.1755],[130.15924,33.17586],[130.15906,33.17445],[130.15663,33.17469],[130.15592,33.16965],[130.15958,33.16909],[130.15971,33.17007],[130.16434,33.16959],[130.16416,33.16815],[130.16451,33.16781],[130.16411,33.16785],[130.16373,33.16554],[130.16794,33.16447],[130.16946,33.1659],[130.1696,33.16738],[130.17482,33.16927],[130.17289,33.1726]]],[[[130.17289,33.1726],[130.17588,33.16757],[130.17649,33.16617],[130.1761,33.16605],[130.17709,33.16505],[130.17679,33.16468],[130.17724,33.16477],[130.17867,33.16233],[130.17911,33.1625],[130.17927,33.1621],[130.18261,33.16357],[130.18453,33.16025],[130.18804,33.16182],[130.18132,33.1699],[130.17979,33.17299],[130.17725,33.17352],[130.17614,33.17265],[130.17289,33.1726]]]]}},{"type":"Feature","properties":{"vid":"K64G07S00026","name":"大崎村","reading":"おおさき","gun":"杵島郡","domains":["saga"],"isShared":false,"shared":[]},"geometry":{"type":"MultiPolygon","coordinates":[[[[130.06291,33.21238],[130.06243,33.21367],[130.0629,33.21491],[130.06194,33.21696],[130.05794,33.21687],[130.05809,33.21637],[130.05722,33.21648],[130.05412,33.21104],[130.05545,33.20971],[130.06291,33.21238]]],[[[130.04431,33.24987],[130.04391,33.25069],[130.04005,33.25125],[130.03981,33.25023],[130.04051,33.24381],[130.03899,33.24158],[130.03956,33.23829],[130.039,33.23583],[130.04185,33.23674],[130.04371,33.23819],[130.04754,33.23951],[130.04902,33.2409],[130.05237,33.24019],[130.04981,33.24289],[130.04808,33.24706],[130.04431,33.24987]]],[[[130.04964,33.21468],[130.05014,33.21423],[130.04779,33.21152],[130.05059,33.20945],[130.05133,33.21005],[130.05357,33.20801],[130.05545,33.20971],[130.05412,33.21104],[130.05722,33.21648],[130.05173,33.21731],[130.05106,33.21588],[130.04964,33.21468]]],[[[130.06299,33.22878],[130.0652,33.23346],[130.06745,33.23424],[130.06753,33.23532],[130.06465,33.23725],[130.06289,33.23984],[130.0582,33.23986],[130.05864,33.23722],[130.05796,33.23689],[130.05761,33.23463],[130.05472,33.2306],[130.05632,33.22998],[130.05728,33.22897],[130.05735,33.22797],[130.05823,33.22753],[130.05662,33.22541],[130.05631,33.22348],[130.05719,33.22364],[130.05737,33.22531],[130.05932,33.22744],[130.06012,33.22771],[130.06071,33.22718],[130.05996,33.22649],[130.0608,33.22488],[130.05965,33.22485],[130.06111,33.22442],[130.06086,33.22292],[130.06214,33.22288],[130.0633,33.22533],[130.06299,33.22878]]],[[[130.06194,33.21696],[130.06154,33.21797],[130.06214,33.22288],[130.06086,33.22292],[130.06111,33.22442],[130.05965,33.22485],[130.0608,33.22488],[130.05996,33.22649],[130.06071,33.22718],[130.05984,33.22772],[130.05737,33.22531],[130.05719,33.22364],[130.05631,33.22348],[130.05632,33.22064],[130.05713,33.22083],[130.05794,33.21687],[130.06194,33.21696]]],[[[130.05173,33.21731],[130.05809,33.21637],[130.05713,33.22083],[130.05632,33.22064],[130.05628,33.22212],[130.05662,33.22541],[130.05823,33.22753],[130.05735,33.22797],[130.05728,33.22897],[130.05632,33.22998],[130.05472,33.2306],[130.0543,33.23066],[130.05213,33.2282],[130.05197,33.22468],[130.0524,33.22292],[130.05166,33.22219],[130.05261,33.22123],[130.05285,33.2194],[130.05173,33.21731]]],[[[130.05804,33.24041],[130.0571,33.24023],[130.05549,33.23867],[130.05204,33.24044],[130.04869,33.24076],[130.04839,33.2395],[130.0492,33.23656],[130.04893,33.2344],[130.0479,33.23313],[130.0456,33.23176],[130.04562,33.22958],[130.04712,33.22834],[130.0471,33.22757],[130.04794,33.22667],[130.04717,33.22437],[130.04818,33.22355],[130.0472,33.22174],[130.04913,33.22094],[130.04855,33.21982],[130.05089,33.21891],[130.05031,33.21871],[130.05053,33.2177],[130.05131,33.21738],[130.05173,33.21731],[130.05285,33.2194],[130.05261,33.22123],[130.05166,33.22219],[130.0524,33.22292],[130.05197,33.22468],[130.05213,33.2282],[130.0543,33.23066],[130.05554,33.23134],[130.05761,33.23463],[130.05796,33.23689],[130.05864,33.23722],[130.05804,33.24041]]],[[[130.04476,33.22022],[130.04599,33.21911],[130.0462,33.21953],[130.05053,33.2177],[130.05031,33.21871],[130.05089,33.21891],[130.04855,33.21982],[130.04913,33.22094],[130.0472,33.22174],[130.04818,33.22355],[130.04717,33.22437],[130.04794,33.22667],[130.04555,33.23007],[130.0456,33.23176],[130.0479,33.23313],[130.04893,33.2344],[130.0492,33.23656],[130.04838,33.24001],[130.04324,33.23798],[130.04185,33.23674],[130.039,33.23583],[130.0382,33.23471],[130.03766,33.23158],[130.03604,33.23012],[130.03749,33.22746],[130.04226,33.2252],[130.04381,33.22387],[130.04408,33.22318],[130.04367,33.22281],[130.04551,33.2217],[130.04476,33.22022]]],[[[130.03981,33.25023],[130.03655,33.24931],[130.03493,33.25037],[130.03348,33.25059],[130.0278,33.24974],[130.02788,33.24836],[130.02721,33.24743],[130.03048,33.24781],[130.0319,33.24529],[130.03147,33.24413],[130.03195,33.24192],[130.03132,33.24043],[130.03154,33.24001],[130.0304,33.23822],[130.02996,33.2365],[130.03101,33.23528],[130.03094,33.23328],[130.03438,33.23475],[130.03174,33.23278],[130.0314,33.23028],[130.03021,33.22827],[130.03051,33.22749],[130.03096,33.22744],[130.03144,33.22907],[130.03194,33.22867],[130.03224,33.22906],[130.03281,33.2287],[130.03452,33.22908],[130.03766,33.23158],[130.03804,33.23416],[130.039,33.23583],[130.03956,33.23829],[130.03899,33.24158],[130.04051,33.24381],[130.03981,33.25023]]],[[[130.03532,33.22268],[130.03701,33.2207],[130.03749,33.22086],[130.03779,33.22277],[130.03918,33.22392],[130.04038,33.22374],[130.04177,33.22281],[130.04235,33.2206],[130.04476,33.22022],[130.04551,33.2217],[130.04367,33.22281],[130.04406,33.2235],[130.04231,33.22516],[130.03702,33.22785],[130.03604,33.23012],[130.03176,33.22755],[130.03192,33.22687],[130.03145,33.22658],[130.03247,33.22615],[130.03253,33.22457],[130.03532,33.22268]]],[[[130.06936,33.23971],[130.06869,33.24085],[130.06666,33.24209],[130.06633,33.24295],[130.06443,33.2432],[130.06414,33.24395],[130.06286,33.24357],[130.06002,33.24117],[130.05804,33.24041],[130.0582,33.23986],[130.06289,33.23984],[130.06465,33.23725],[130.06753,33.23532],[130.06936,33.23971]]]]}},{"type":"Feature","properties":{"vid":"K64G07S00027","name":"大渡村","reading":"おおわたり","gun":"杵島郡","domains":["saga"],"isShared":false,"shared":[]},"geometry":{"type":"MultiPolygon","coordinates":[[[[130.08826,33.19699],[130.08657,33.19525],[130.08683,33.19132],[130.08575,33.1885],[130.08957,33.189],[130.09035,33.19055],[130.09395,33.19232],[130.09473,33.19219],[130.09449,33.19135],[130.09481,33.19118],[130.09359,33.18993],[130.09626,33.18971],[130.09729,33.19144],[130.09785,33.19391],[130.09888,33.19376],[130.09863,33.19276],[130.10034,33.19231],[130.10075,33.1935],[130.1,33.19374],[130.10083,33.19637],[130.10026,33.19651],[130.10058,33.19741],[130.09912,33.19779],[130.09889,33.19719],[130.09697,33.19778],[130.09647,33.19669],[130.09597,33.19702],[130.09546,33.19602],[130.09388,33.19701],[130.09351,33.19597],[130.09212,33.19631],[130.09181,33.19551],[130.09043,33.19561],[130.08826,33.19699]]],[[[130.10917,33.21053],[130.10725,33.20966],[130.10605,33.20828],[130.10545,33.20535],[130.10584,33.20293],[130.09999,33.20255],[130.09879,33.20296],[130.098,33.2017],[130.0988,33.20124],[130.09814,33.20006],[130.1042,33.19811],[130.10857,33.19904],[130.10906,33.20226],[130.10991,33.20208],[130.11052,33.20314],[130.10964,33.20453],[130.11125,33.20681],[130.11082,33.21006],[130.10917,33.21053]]],[[[130.10662,33.19112],[130.1075,33.19366],[130.10646,33.19401],[130.10722,33.19611],[130.10791,33.19613],[130.10857,33.19904],[130.1042,33.19811],[130.10146,33.19883],[130.10026,33.19651],[130.10083,33.19637],[130.1,33.19374],[130.10075,33.1935],[130.10034,33.19231],[130.10649,33.19071],[130.10662,33.19112]]],[[[130.11168,33.20246],[130.11052,33.20314],[130.10991,33.20208],[130.10906,33.20226],[130.10857,33.19904],[130.1117,33.20009],[130.11168,33.20246]]],[[[130.09633,33.20491],[130.09252,33.20065],[130.09086,33.20181],[130.08857,33.19931],[130.08874,33.19833],[130.08826,33.19699],[130.09043,33.19561],[130.09181,33.19551],[130.09212,33.19631],[130.09351,33.19597],[130.09388,33.19701],[130.09546,33.19602],[130.09597,33.19702],[130.09647,33.19669],[130.09697,33.19778],[130.09889,33.19719],[130.09912,33.19779],[130.10092,33.19732],[130.10146,33.19883],[130.09814,33.20006],[130.0988,33.20124],[130.098,33.2017],[130.09879,33.20296],[130.09818,33.20382],[130.09823,33.20494],[130.09668,33.20534],[130.09633,33.20491]]],[[[130.09633,33.20491],[130.09483,33.20565],[130.09444,33.2048],[130.09159,33.20557],[130.09133,33.20605],[130.08816,33.20683],[130.08827,33.20719],[130.08784,33.20729],[130.08727,33.20607],[130.0861,33.2064],[130.08594,33.20609],[130.08568,33.20556],[130.08689,33.20527],[130.08577,33.20309],[130.08718,33.20267],[130.08703,33.20345],[130.08747,33.20333],[130.08778,33.20405],[130.08897,33.20371],[130.08934,33.20457],[130.09089,33.2042],[130.09071,33.20198],[130.09252,33.20065],[130.09633,33.20491]]],[[[130.06989,33.19148],[130.06894,33.19071],[130.06823,33.18919],[130.06965,33.18409],[130.06915,33.18216],[130.07129,33.17976],[130.07028,33.18163],[130.07322,33.18421],[130.07655,33.18445],[130.07917,33.18334],[130.08223,33.18435],[130.08403,33.18411],[130.08376,33.18744],[130.0858,33.18858],[130.08683,33.19132],[130.08657,33.19525],[130.08832,33.19711],[130.08857,33.19931],[130.09086,33.20181],[130.09089,33.2042],[130.08934,33.20457],[130.08897,33.20371],[130.08778,33.20405],[130.08747,33.20333],[130.08703,33.20345],[130.08718,33.20267],[130.08577,33.20309],[130.08491,33.20107],[130.08369,33.20141],[130.08381,33.19942],[130.07895,33.19869],[130.07703,33.1971],[130.07422,33.19732],[130.07476,33.19882],[130.07319,33.19851],[130.07135,33.19892],[130.07059,33.19552],[130.06913,33.19547],[130.06912,33.19392],[130.06989,33.19148]]],[[[130.09633,33.20491],[130.09668,33.20534],[130.09823,33.20494],[130.0994,33.20614],[130.09978,33.20718],[130.09928,33.20804],[130.09643,33.21046],[130.09009,33.21319],[130.08967,33.21101],[130.08784,33.20729],[130.08827,33.20719],[130.08816,33.20683],[130.09444,33.2048],[130.09483,33.20565],[130.09633,33.20491]]]]}},{"type":"Feature","properties":{"vid":"K64G07S00028","name":"馬洗村","reading":"もうらい","gun":"杵島郡","domains":["saga"],"isShared":false,"shared":[]},"geometry":{"type":"MultiPolygon","coordinates":[[[[130.11908,33.19881],[130.11724,33.19985],[130.11606,33.20123],[130.11234,33.18977],[130.11798,33.18807],[130.11775,33.1874],[130.11911,33.18708],[130.11928,33.18757],[130.11884,33.1877],[130.12072,33.19305],[130.11809,33.1937],[130.11897,33.19633],[130.11908,33.19881]]],[[[130.11606,33.20123],[130.11524,33.20194],[130.11168,33.20246],[130.1117,33.20009],[130.10857,33.19904],[130.10791,33.19613],[130.10722,33.19611],[130.10646,33.19401],[130.1075,33.19366],[130.10662,33.19112],[130.11234,33.18977],[130.11606,33.20123]]],[[[130.07521,33.17587],[130.07657,33.17482],[130.07734,33.17342],[130.07832,33.17458],[130.07767,33.17504],[130.07773,33.17579],[130.07632,33.17582],[130.07551,33.17705],[130.07556,33.17791],[130.07911,33.17934],[130.08052,33.18072],[130.08239,33.18117],[130.08438,33.18427],[130.08692,33.18535],[130.09107,33.18618],[130.09602,33.18344],[130.10172,33.18441],[130.10252,33.18455],[130.1016,33.18612],[130.1045,33.18619],[130.10488,33.18745],[130.11107,33.18604],[130.11234,33.18977],[130.10662,33.19112],[130.10649,33.19071],[130.09863,33.19276],[130.09888,33.19376],[130.09785,33.19391],[130.09729,33.19144],[130.09626,33.18971],[130.09359,33.18993],[130.09481,33.19118],[130.09449,33.19135],[130.09473,33.19219],[130.09395,33.19232],[130.09035,33.19055],[130.08957,33.189],[130.08575,33.1885],[130.08379,33.18751],[130.08403,33.18411],[130.08223,33.18435],[130.07917,33.18334],[130.07655,33.18445],[130.07308,33.18414],[130.07028,33.18163],[130.07125,33.17949],[130.07472,33.17729],[130.07521,33.17587]]],[[[130.11709,33.18186],[130.11851,33.18604],[130.11853,33.18722],[130.11775,33.1874],[130.11798,33.18807],[130.11234,33.18977],[130.11107,33.18604],[130.10488,33.18745],[130.1045,33.18619],[130.10858,33.18508],[130.10812,33.17973],[130.10889,33.17955],[130.10939,33.18231],[130.1104,33.18218],[130.11046,33.18348],[130.11709,33.18186]]]]}},{"type":"Feature","properties":{"vid":"K64G07S00029","name":"湯崎村","reading":"ゆざき","gun":"杵島郡","domains":["saga"],"isShared":false,"shared":[]},"geometry":{"type":"MultiPolygon","coordinates":[[[[130.10806,33.17153],[130.10765,33.17037],[130.11151,33.16957],[130.11193,33.17077],[130.1108,33.17103],[130.11132,33.17098],[130.11157,33.17295],[130.10996,33.17335],[130.10962,33.17236],[130.10845,33.17263],[130.10806,33.17153]]],[[[130.11874,33.17955],[130.1192,33.18113],[130.11046,33.18348],[130.1104,33.18218],[130.10939,33.18231],[130.10889,33.17955],[130.10948,33.17914],[130.10871,33.17922],[130.1085,33.17828],[130.11008,33.17811],[130.1098,33.17679],[130.11712,33.1751],[130.11874,33.17955]]],[[[130.10861,33.17818],[130.10786,33.17832],[130.10741,33.17759],[130.10552,33.17792],[130.10389,33.17753],[130.1031,33.17799],[130.10286,33.17891],[130.10215,33.17912],[130.1005,33.17711],[130.09989,33.17711],[130.10004,33.17656],[130.09915,33.17553],[130.0969,33.1745],[130.09584,33.1726],[130.10006,33.17313],[130.10806,33.17153],[130.11008,33.17811],[130.10861,33.17818]]],[[[130.09584,33.1726],[130.09412,33.1728],[130.09242,33.16897],[130.08911,33.16739],[130.09091,33.16702],[130.09197,33.16517],[130.0959,33.16351],[130.10155,33.16487],[130.1029,33.16589],[130.10349,33.16576],[130.10421,33.16663],[130.10691,33.16632],[130.10806,33.17153],[130.10006,33.17313],[130.09584,33.1726]]]]}},{"type":"Feature","properties":{"vid":"K64G07S00030","name":"堤村","reading":"つつみ","gun":"杵島郡","domains":["saga"],"isShared":false,"shared":[]},"geometry":{"type":"MultiPolygon","coordinates":[[[[130.1045,33.18619],[130.1016,33.18612],[130.10384,33.1821],[130.10215,33.17912],[130.10286,33.17891],[130.10362,33.17759],[130.10552,33.17792],[130.10741,33.17759],[130.10786,33.17832],[130.10861,33.17818],[130.10871,33.17922],[130.10953,33.17945],[130.10812,33.17973],[130.10858,33.18508],[130.1045,33.18619]]],[[[130.10252,33.18455],[130.09602,33.18344],[130.09107,33.18618],[130.08786,33.18565],[130.08438,33.18427],[130.08239,33.18117],[130.08052,33.18072],[130.07911,33.17934],[130.07581,33.17806],[130.07551,33.17705],[130.07632,33.17582],[130.07776,33.17577],[130.07767,33.17504],[130.07832,33.17458],[130.08086,33.17782],[130.08738,33.17883],[130.08718,33.17933],[130.08781,33.1799],[130.09141,33.18044],[130.09203,33.17904],[130.09189,33.17815],[130.10238,33.17995],[130.10384,33.1821],[130.10252,33.18455]]],[[[130.07734,33.17342],[130.07671,33.17204],[130.07911,33.17052],[130.07955,33.16895],[130.08557,33.16659],[130.0878,33.16772],[130.08911,33.16739],[130.09242,33.16897],[130.09412,33.1728],[130.09584,33.1726],[130.0969,33.1745],[130.09932,33.17571],[130.10004,33.17656],[130.09989,33.17711],[130.1005,33.17711],[130.1019,33.1787],[130.10238,33.17995],[130.09189,33.17815],[130.09203,33.17904],[130.09141,33.18044],[130.08781,33.1799],[130.08718,33.17933],[130.08738,33.17883],[130.08086,33.17782],[130.07734,33.17342]]]]}},{"type":"Feature","properties":{"vid":"K64G07S00031","name":"志久村","reading":"しく","gun":"杵島郡","domains":["saga"],"isShared":false,"shared":[]},"geometry":{"type":"MultiPolygon","coordinates":[[[[130.07562,33.23928],[130.0743,33.24027],[130.07383,33.24023],[130.07357,33.23952],[130.07219,33.23922],[130.06936,33.23971],[130.06774,33.23638],[130.06748,33.23427],[130.0652,33.23346],[130.06299,33.22878],[130.06662,33.22805],[130.07238,33.22853],[130.07399,33.23333],[130.07549,33.234],[130.07624,33.23742],[130.07562,33.23928]]],[[[130.08367,33.21291],[130.08398,33.21407],[130.08344,33.21414],[130.08371,33.2161],[130.08311,33.22035],[130.08326,33.22088],[130.08468,33.22167],[130.08565,33.22527],[130.08549,33.22849],[130.08345,33.23217],[130.08463,33.23469],[130.08389,33.23629],[130.0837,33.23432],[130.08088,33.22766],[130.07929,33.22603],[130.0771,33.22513],[130.07747,33.2236],[130.07713,33.21976],[130.07766,33.21758],[130.07602,33.21304],[130.08062,33.21266],[130.08367,33.21291]]],[[[130.07602,33.21304],[130.07766,33.21758],[130.07713,33.21976],[130.07747,33.2236],[130.0771,33.22513],[130.07929,33.22603],[130.08088,33.22766],[130.08342,33.23377],[130.08044,33.23326],[130.07549,33.234],[130.07399,33.23333],[130.07324,33.23142],[130.07313,33.22998],[130.07238,33.22853],[130.07266,33.22558],[130.07191,33.22314],[130.07329,33.22003],[130.07254,33.21924],[130.07265,33.21665],[130.07205,33.21632],[130.07221,33.21483],[130.07454,33.21325],[130.07602,33.21304]]],[[[130.07237,33.22439],[130.07238,33.22853],[130.06662,33.22805],[130.06299,33.22878],[130.0633,33.22533],[130.06205,33.22253],[130.06154,33.21797],[130.0629,33.21491],[130.06243,33.21367],[130.06291,33.21238],[130.06695,33.21367],[130.06656,33.21459],[130.06666,33.21746],[130.06842,33.21753],[130.06836,33.21858],[130.06924,33.21858],[130.06919,33.22054],[130.07012,33.22064],[130.0698,33.22145],[130.07047,33.22199],[130.06999,33.22238],[130.07114,33.22465],[130.0711,33.22543],[130.07237,33.22439]]],[[[130.10198,33.2303],[130.10036,33.23102],[130.09953,33.23283],[130.0958,33.23426],[130.09528,33.23244],[130.09626,33.232],[130.0927,33.2279],[130.09227,33.22658],[130.09237,33.22601],[130.09295,33.22606],[130.09447,33.2274],[130.09531,33.2274],[130.09674,33.2265],[130.09533,33.2251],[130.09498,33.22297],[130.09614,33.22358],[130.09695,33.22335],[130.09681,33.22051],[130.09778,33.2212],[130.09771,33.22247],[130.09993,33.22359],[130.09997,33.22497],[130.10049,33.2258],[130.1001,33.22824],[130.10198,33.2303]]],[[[130.07221,33.21483],[130.07205,33.21632],[130.07265,33.21665],[130.07254,33.21924],[130.07318,33.21952],[130.07327,33.22034],[130.07191,33.22314],[130.07237,33.22439],[130.07154,33.22472],[130.07124,33.22545],[130.06999,33.22238],[130.07047,33.22199],[130.0698,33.22145],[130.07012,33.22064],[130.06919,33.22054],[130.06924,33.21858],[130.06836,33.21858],[130.06842,33.21753],[130.06666,33.21746],[130.06656,33.21459],[130.06695,33.21367],[130.07042,33.21476],[130.07221,33.21483]]],[[[130.10349,33.23508],[130.09849,33.23706],[130.09558,33.23547],[130.0943,33.23357],[130.09595,33.23426],[130.09906,33.23312],[130.10036,33.23102],[130.10198,33.2303],[130.10198,33.23225],[130.10349,33.23508]]],[[[130.09664,33.22093],[130.09695,33.22335],[130.09614,33.22358],[130.09498,33.22297],[130.09533,33.2251],[130.09674,33.2265],[130.09531,33.2274],[130.09447,33.2274],[130.09295,33.22606],[130.09237,33.22601],[130.09227,33.22658],[130.0927,33.2279],[130.09626,33.232],[130.09528,33.23244],[130.0958,33.23426],[130.0943,33.23357],[130.09313,33.23195],[130.09221,33.23191],[130.09263,33.23142],[130.08994,33.22831],[130.08786,33.22664],[130.08663,33.2265],[130.08634,33.2253],[130.08536,33.22461],[130.08559,33.22426],[130.08475,33.22295],[130.08468,33.22167],[130.08326,33.22088],[130.08311,33.22035],[130.08371,33.2161],[130.08344,33.21414],[130.08398,33.21407],[130.08367,33.21291],[130.08874,33.21394],[130.09023,33.2154],[130.09334,33.21465],[130.09578,33.21843],[130.09624,33.22147],[130.09664,33.22093]]],[[[130.09684,33.23838],[130.09536,33.23877],[130.09264,33.23821],[130.08727,33.23811],[130.08415,33.23699],[130.08389,33.23629],[130.08463,33.23469],[130.08345,33.23217],[130.08549,33.22849],[130.08555,33.22472],[130.08634,33.2253],[130.08663,33.2265],[130.08786,33.22664],[130.08994,33.22831],[130.09263,33.23142],[130.09221,33.23191],[130.09313,33.23195],[130.09558,33.23547],[130.09849,33.23706],[130.09684,33.23838]]],[[[130.08415,33.23699],[130.07907,33.2371],[130.07694,33.23896],[130.07562,33.23928],[130.07624,33.23742],[130.07549,33.234],[130.08044,33.23326],[130.08342,33.23377],[130.08415,33.23699]]]]}},{"type":"Feature","properties":{"vid":"K64G07S00032","name":"芦原村","reading":"あしはら","gun":"杵島郡","domains":["saga"],"isShared":false,"shared":[]},"geometry":{"type":"MultiPolygon","coordinates":[[[[130.08874,33.21394],[130.08419,33.21295],[130.07949,33.2128],[130.07967,33.2095],[130.08022,33.20949],[130.0803,33.20764],[130.08727,33.20607],[130.0899,33.21197],[130.09009,33.21319],[130.08874,33.21394]]],[[[130.05366,33.2081],[130.05391,33.20602],[130.05673,33.20544],[130.05765,33.20639],[130.05954,33.20563],[130.06022,33.20304],[130.06105,33.20217],[130.06035,33.20115],[130.06499,33.19798],[130.06936,33.1971],[130.06914,33.19553],[130.07059,33.19552],[130.07139,33.19957],[130.07216,33.20052],[130.0712,33.20344],[130.07118,33.20721],[130.07193,33.2079],[130.07193,33.2089],[130.07284,33.20893],[130.07275,33.21308],[130.07383,33.21375],[130.07299,33.21453],[130.07042,33.21476],[130.05879,33.21111],[130.05491,33.20952],[130.05366,33.2081]]],[[[130.07949,33.2128],[130.07487,33.21315],[130.07383,33.21375],[130.07275,33.21308],[130.07284,33.20893],[130.07193,33.2089],[130.07193,33.2079],[130.07118,33.20721],[130.0712,33.20344],[130.07216,33.20052],[130.07125,33.19906],[130.07319,33.19851],[130.07476,33.19882],[130.07416,33.1974],[130.07443,33.19722],[130.07694,33.19708],[130.07895,33.19869],[130.08381,33.19942],[130.08369,33.20141],[130.08491,33.20107],[130.08689,33.20527],[130.08568,33.20556],[130.0861,33.2064],[130.0803,33.20764],[130.08022,33.20949],[130.07967,33.2095],[130.07949,33.2128]]]]}},{"type":"Feature","properties":{"vid":"K64G07S00033","name":"本部村","reading":"もとべ","gun":"杵島郡","domains":["hasuike","saga"],"isShared":true,"shared":[]},"geometry":{"type":"MultiPolygon","coordinates":[[[[129.97574,33.27072],[129.97244,33.26858],[129.97288,33.26704],[129.97193,33.26559],[129.97195,33.26444],[129.97098,33.26332],[129.97147,33.26238],[129.97106,33.26166],[129.96986,33.26122],[129.96786,33.26133],[129.96535,33.26047],[129.96481,33.25791],[129.96619,33.25874],[129.97167,33.25869],[129.97557,33.26065],[129.97586,33.26126],[129.97453,33.26171],[129.97648,33.26348],[129.97556,33.26773],[129.97574,33.27072]]],[[[130.00642,33.25245],[130.00604,33.25604],[130.00568,33.25598],[130.00506,33.25723],[130.00616,33.25813],[130.00826,33.26177],[130.00833,33.26351],[130.00515,33.26188],[130.0039,33.25886],[130.00301,33.25863],[130.00143,33.25987],[130.00029,33.25681],[129.99774,33.25478],[129.99875,33.25363],[129.99986,33.25405],[130.00188,33.25353],[130.00324,33.25155],[130.00457,33.25276],[130.00642,33.25245]]],[[[130.02763,33.28084],[130.02715,33.28235],[130.02542,33.28303],[130.02407,33.28172],[130.02226,33.28097],[130.01487,33.28123],[130.0133,33.28209],[130.01155,33.28098],[130.0097,33.28065],[130.00729,33.27842],[130.00635,33.27813],[130.00639,33.27773],[130.00738,33.27763],[130.00833,33.278],[130.00854,33.27705],[130.00812,33.27767],[130.00689,33.27466],[130.00725,33.27271],[130.00675,33.27117],[130.00758,33.26829],[130.00688,33.2651],[130.00571,33.2636],[130.00551,33.26208],[130.00995,33.26419],[130.0102,33.26521],[130.0112,33.26565],[130.01151,33.2677],[130.01319,33.26718],[130.01481,33.26745],[130.01541,33.26771],[130.01592,33.26908],[130.01865,33.2702],[130.02372,33.27132],[130.026,33.27126],[130.02633,33.27404],[130.02529,33.27539],[130.02526,33.27612],[130.02763,33.28084]]],[[[129.99386,33.2787],[129.99195,33.27847],[129.99154,33.2775],[129.99704,33.26639],[129.9966,33.26484],[129.99577,33.26407],[129.99724,33.26264],[130.00269,33.26268],[130.0027,33.26165],[130.00143,33.25987],[130.00301,33.25863],[130.0039,33.25886],[130.0055,33.26199],[130.00571,33.2636],[130.00688,33.2651],[130.00758,33.26829],[130.00675,33.27117],[130.00725,33.27271],[130.00689,33.27466],[130.00812,33.27767],[130.00854,33.27705],[130.00833,33.278],[130.00738,33.27763],[130.00632,33.27806],[130.00729,33.27842],[130.00824,33.27952],[130.00655,33.28008],[130.00643,33.28051],[130.0023,33.28087],[130.00117,33.27974],[129.99896,33.27914],[129.99386,33.2787]]],[[[129.98422,33.27515],[129.98053,33.27452],[129.97695,33.27237],[129.97574,33.27072],[129.97556,33.26773],[129.97648,33.26348],[129.97453,33.26171],[129.97586,33.26126],[129.97557,33.26065],[129.97767,33.26119],[129.98108,33.26073],[129.9812,33.2615],[129.98309,33.26041],[129.98224,33.26369],[129.97983,33.26855],[129.98472,33.26872],[129.98423,33.26965],[129.98436,33.27188],[129.98373,33.27289],[129.9845,33.27425],[129.98422,33.27515]]],[[[129.98289,33.25797],[129.98309,33.26041],[129.9812,33.2615],[129.98108,33.26073],[129.97767,33.26119],[129.97557,33.26065],[129.97552,33.26024],[129.97911,33.25867],[129.98289,33.25797]]],[[[129.96481,33.25791],[129.96123,33.25487],[129.96133,33.25417],[129.96227,33.25417],[129.96232,33.25371],[129.96292,33.25356],[129.96322,33.25101],[129.96644,33.24877],[129.96731,33.24665],[129.97087,33.24689],[129.97411,33.24805],[129.97444,33.24925],[129.97831,33.24938],[129.97975,33.25178],[129.98135,33.25285],[129.98268,33.25463],[129.98289,33.25797],[129.97911,33.25867],[129.97552,33.26024],[129.97557,33.26065],[129.97167,33.25869],[129.96619,33.25874],[129.96481,33.25791]]],[[[129.99082,33.2405],[129.98135,33.25285],[129.97975,33.25178],[129.97831,33.24938],[129.97515,33.24936],[129.97416,33.24883],[129.97411,33.24805],[129.97497,33.24733],[129.97453,33.24627],[129.97465,33.24441],[129.97822,33.24114],[129.98007,33.24009],[129.98121,33.23757],[129.9835,33.23752],[129.9844,33.23815],[129.98803,33.23903],[129.98972,33.2404],[129.99082,33.2405]]]]}},{"type":"Feature","properties":{"vid":"K64G07S00034","name":"中野村","reading":"なかの","gun":"杵島郡","domains":["saga"],"isShared":false,"shared":[]},"geometry":{"type":"MultiPolygon","coordinates":[[[[130.01388,33.2151],[130.01832,33.212],[130.02003,33.21158],[130.02134,33.2093],[130.02215,33.20899],[130.024,33.20982],[130.02483,33.20924],[130.02794,33.20865],[130.03066,33.20937],[130.03149,33.20869],[130.03233,33.20931],[130.03361,33.20836],[130.03848,33.21247],[130.03787,33.21296],[130.03855,33.21362],[130.03647,33.21541],[130.03439,33.21606],[130.0333,33.21767],[130.02953,33.21941],[130.02798,33.21952],[130.02829,33.21784],[130.02552,33.21757],[130.02554,33.21698],[130.02532,33.21755],[130.02261,33.21611],[130.02154,33.21642],[130.01613,33.21605],[130.01388,33.2151]]],[[[130.01046,33.21814],[130.01082,33.21724],[130.01388,33.2151],[130.01613,33.21605],[130.02154,33.21642],[130.02261,33.21611],[130.02532,33.21755],[130.02554,33.21698],[130.02552,33.21757],[130.02829,33.21784],[130.02768,33.21973],[130.02787,33.22077],[130.0267,33.22128],[130.02577,33.22247],[130.02422,33.2256],[130.02273,33.22486],[130.02292,33.22359],[130.01875,33.22243],[130.01651,33.22034],[130.01291,33.21965],[130.01046,33.21814]]],[[[130.00774,33.21728],[130.00991,33.21826],[130.0112,33.21834],[130.01291,33.21965],[130.01651,33.22034],[130.01875,33.22243],[130.02292,33.22359],[130.02273,33.22486],[130.02422,33.2256],[130.01558,33.23237],[130.0153,33.2334],[130.01591,33.23381],[130.01528,33.23415],[130.0155,33.23494],[130.01466,33.23505],[130.01383,33.24062],[130.01336,33.24175],[130.012,33.24231],[130.01074,33.24192],[130.0119,33.23909],[130.01049,33.23662],[130.00858,33.23608],[130.00501,33.2328],[130.00247,33.2316],[130.00043,33.22861],[130.00037,33.22715],[130.00151,33.2262],[130.00205,33.22227],[130.00405,33.22029],[130.00439,33.21938],[130.00621,33.21788],[130.00774,33.21728]]]]}},{"type":"Feature","properties":{"vid":"K64G07S00035","name":"川古村","reading":"かわご","gun":"杵島郡","domains":["saga"],"isShared":false,"shared":[]},"geometry":{"type":"MultiPolygon","coordinates":[[[[130.02685,33.2549],[130.02599,33.25542],[130.02546,33.25729],[130.02184,33.25484],[130.01706,33.25502],[130.0181,33.25332],[130.01691,33.25103],[130.01598,33.25129],[130.01531,33.25075],[130.01339,33.25066],[130.01256,33.25111],[130.01216,33.25046],[130.01404,33.24801],[130.0148,33.2445],[130.01779,33.24383],[130.02094,33.2443],[130.02457,33.24688],[130.02722,33.24745],[130.02791,33.24882],[130.02724,33.25189],[130.02814,33.25244],[130.02845,33.2534],[130.02685,33.2549]]],[[[130.02546,33.25729],[130.02295,33.25813],[130.0231,33.26015],[130.02227,33.26211],[130.02101,33.25963],[130.01896,33.25799],[130.01323,33.26077],[130.01078,33.25848],[130.00904,33.25804],[130.00816,33.2589],[130.00769,33.26097],[130.00616,33.25813],[130.00506,33.25723],[130.00568,33.25598],[130.00604,33.25604],[130.00642,33.25245],[130.011,33.25198],[130.01339,33.25066],[130.01531,33.25075],[130.01598,33.25129],[130.01691,33.25103],[130.0181,33.25332],[130.01706,33.25502],[130.02184,33.25484],[130.02546,33.25729]]],[[[129.98772,33.24443],[129.98888,33.24528],[129.99157,33.25065],[129.99349,33.25109],[129.99466,33.25212],[129.99457,33.25273],[129.99839,33.25505],[130.00029,33.25681],[130.00101,33.2594],[130.0027,33.26165],[130.00269,33.26268],[129.99686,33.26279],[129.99562,33.26205],[129.99566,33.25981],[129.99469,33.25704],[129.99175,33.25447],[129.99121,33.255],[129.99079,33.2545],[129.99134,33.25424],[129.9908,33.25367],[129.99109,33.25342],[129.98936,33.25176],[129.98753,33.25225],[129.98667,33.25094],[129.98532,33.2501],[129.98443,33.249],[129.98772,33.24443]]],[[[129.99242,33.24028],[129.99479,33.24085],[129.99589,33.24389],[130.00013,33.24265],[130.00055,33.24235],[130.0007,33.24087],[130.00175,33.24109],[130.00262,33.24659],[130.0021,33.24749],[130.00284,33.24827],[130.00215,33.24868],[130.00237,33.24921],[130.00298,33.24924],[130.00331,33.25016],[130.00323,33.25173],[130.00188,33.25353],[129.99986,33.25405],[129.99875,33.25363],[129.99747,33.25481],[129.99457,33.25273],[129.99466,33.25212],[129.99349,33.25109],[129.99157,33.25065],[129.98888,33.24528],[129.98772,33.24443],[129.99082,33.2405],[129.99242,33.24028]]],[[[129.99154,33.2775],[129.98884,33.276],[129.98422,33.27515],[129.9845,33.27425],[129.98373,33.27289],[129.98436,33.27188],[129.98423,33.26965],[129.98472,33.26872],[129.97983,33.26855],[129.98215,33.26392],[129.98309,33.26071],[129.98268,33.25463],[129.98135,33.25285],[129.98443,33.249],[129.98667,33.25094],[129.98734,33.25215],[129.98936,33.25176],[129.99109,33.25342],[129.9908,33.25367],[129.99134,33.25424],[129.99079,33.2545],[129.99121,33.255],[129.99175,33.25447],[129.99469,33.25704],[129.99566,33.25981],[129.99562,33.26205],[129.99686,33.26279],[129.99577,33.26407],[129.9966,33.26484],[129.99704,33.26639],[129.99154,33.2775]]]]}},{"type":"Feature","properties":{"vid":"K64G07S00036","name":"富岡村","reading":"とみおか","gun":"杵島郡","domains":["saga"],"isShared":false,"shared":[]},"geometry":{"type":"MultiPolygon","coordinates":[[[[130.03039,33.19386],[130.03462,33.19598],[130.03247,33.19813],[130.03306,33.19863],[130.03228,33.19912],[130.03102,33.19939],[130.02974,33.20051],[130.02835,33.19965],[130.0276,33.20007],[130.02802,33.19945],[130.02697,33.1988],[130.02645,33.19933],[130.02664,33.19859],[130.02612,33.19827],[130.03039,33.19386]]],[[[130.01781,33.19336],[130.01835,33.19289],[130.01949,33.19343],[130.02123,33.19322],[130.02428,33.19115],[130.02664,33.19052],[130.02743,33.1908],[130.03039,33.19386],[130.02612,33.19827],[130.02547,33.19786],[130.02339,33.19924],[130.0229,33.19888],[130.02271,33.19922],[130.02229,33.19884],[130.02216,33.19914],[130.02023,33.19881],[130.01789,33.19725],[130.01721,33.19912],[130.01617,33.19957],[130.01512,33.19939],[130.01485,33.20042],[130.0112,33.20017],[130.00729,33.2022],[130.01003,33.19926],[130.01217,33.19875],[130.01325,33.19703],[130.01633,33.1967],[130.01562,33.19547],[130.01623,33.19507],[130.01669,33.19526],[130.01726,33.19479],[130.017,33.19532],[130.01815,33.19651],[130.02041,33.19502],[130.01781,33.19336]]],[[[130.01485,33.20042],[130.01512,33.19939],[130.01617,33.19957],[130.01721,33.19912],[130.01789,33.19725],[130.02023,33.19881],[130.02216,33.19914],[130.02229,33.19884],[130.02271,33.19922],[130.0229,33.19888],[130.02339,33.19924],[130.02547,33.19786],[130.02612,33.19827],[130.02376,33.20118],[130.02236,33.20128],[130.01859,33.20038],[130.01485,33.20042]]],[[[130.00082,33.20508],[130.01173,33.20006],[130.01323,33.20054],[130.01859,33.20038],[130.02236,33.20128],[130.02376,33.20118],[130.02612,33.19827],[130.02664,33.19859],[130.02645,33.19933],[130.02697,33.1988],[130.02802,33.19945],[130.0276,33.20007],[130.02835,33.19965],[130.02974,33.20051],[130.03102,33.19939],[130.03306,33.19863],[130.03247,33.19813],[130.03418,33.19647],[130.03673,33.19914],[130.04004,33.20124],[130.0402,33.20169],[130.0387,33.20307],[130.04108,33.20485],[130.04025,33.20563],[130.03673,33.20411],[130.03573,33.20348],[130.03659,33.20276],[130.03591,33.20224],[130.03191,33.20176],[130.03123,33.20179],[130.03093,33.20236],[130.03067,33.20174],[130.02772,33.20193],[130.02675,33.20224],[130.02649,33.20311],[130.02641,33.20262],[130.02517,33.20243],[130.02464,33.20385],[130.02511,33.20588],[130.02469,33.20657],[130.02519,33.20701],[130.02621,33.20717],[130.02731,33.20649],[130.02756,33.20747],[130.0304,33.20807],[130.03081,33.20748],[130.03151,33.20777],[130.03238,33.20707],[130.03195,33.20833],[130.03322,33.20848],[130.03233,33.20931],[130.03149,33.20869],[130.03066,33.20937],[130.02794,33.20865],[130.02483,33.20924],[130.024,33.20982],[130.02282,33.20904],[130.02151,33.20918],[130.02003,33.21158],[130.01832,33.212],[130.0146,33.2144],[130.01198,33.21622],[130.0101,33.21828],[130.00787,33.21737],[130.0073,33.21618],[130.00575,33.21581],[130.00362,33.21382],[130.0038,33.21194],[130.00471,33.21008],[130.00209,33.20794],[130.00082,33.20508]]]]}},{"type":"Feature","properties":{"vid":"K64G07S00037","name":"永島村","reading":"ながしま","gun":"杵島郡","domains":["saga"],"isShared":false,"shared":[]},"geometry":{"type":"MultiPolygon","coordinates":[[[[130.03039,33.19386],[130.03229,33.19155],[130.03217,33.19103],[130.03253,33.19142],[130.03486,33.19124],[130.03593,33.19005],[130.03546,33.1898],[130.03584,33.18888],[130.03537,33.18803],[130.03683,33.18801],[130.03801,33.18887],[130.04165,33.18933],[130.04161,33.19117],[130.04231,33.1932],[130.042,33.19335],[130.0433,33.19406],[130.04282,33.19516],[130.04042,33.19731],[130.04309,33.19968],[130.04283,33.20079],[130.04096,33.20242],[130.03937,33.2006],[130.03854,33.20057],[130.03588,33.19841],[130.03496,33.19688],[130.03416,33.19645],[130.03462,33.19598],[130.03039,33.19386]]],[[[130.02705,33.17851],[130.02705,33.17453],[130.02755,33.17218],[130.02838,33.17263],[130.03087,33.17092],[130.03228,33.16939],[130.0316,33.16901],[130.03511,33.16975],[130.03809,33.17225],[130.04039,33.17158],[130.04315,33.17403],[130.04302,33.17585],[130.04353,33.17624],[130.04279,33.17791],[130.04414,33.17825],[130.04367,33.17938],[130.04066,33.17833],[130.03791,33.17856],[130.03764,33.17776],[130.0361,33.17783],[130.03408,33.179],[130.03297,33.17901],[130.02964,33.17716],[130.02705,33.17851]]],[[[130.03201,33.1918],[130.02864,33.19075],[130.02814,33.19009],[130.02829,33.18891],[130.02752,33.18858],[130.02782,33.18727],[130.02928,33.18743],[130.02927,33.18657],[130.02885,33.18626],[130.02884,33.18488],[130.02731,33.18422],[130.02756,33.18377],[130.02688,33.18208],[130.0273,33.17998],[130.02705,33.17851],[130.02964,33.17716],[130.03297,33.17901],[130.03408,33.179],[130.0361,33.17783],[130.03764,33.17776],[130.03791,33.17856],[130.04066,33.17833],[130.04367,33.17938],[130.04296,33.18099],[130.04168,33.18217],[130.04233,33.1828],[130.04229,33.18371],[130.04099,33.18357],[130.04047,33.18445],[130.04299,33.18484],[130.04265,33.19036],[130.04188,33.19018],[130.04161,33.19117],[130.04165,33.18933],[130.03801,33.18887],[130.03683,33.18801],[130.03537,33.18803],[130.03584,33.18888],[130.03546,33.1898],[130.03593,33.19005],[130.03524,33.19084],[130.03369,33.19146],[130.03217,33.19103],[130.03201,33.1918]]],[[[130.04039,33.17158],[130.04235,33.16924],[130.04574,33.16924],[130.04761,33.17171],[130.04775,33.17804],[130.04696,33.17851],[130.04606,33.17747],[130.04492,33.17845],[130.04279,33.17791],[130.04353,33.17624],[130.04302,33.17585],[130.04315,33.17403],[130.04039,33.17158]]]]}},{"type":"Feature","properties":{"vid":"K64G07S00038","name":"武雄村","reading":"たけお","gun":"杵島郡","domains":["saga"],"isShared":false,"shared":[]},"geometry":{"type":"MultiPolygon","coordinates":[[[[130.01397,33.18989],[130.01339,33.18912],[130.01377,33.18898],[130.01363,33.18804],[130.01302,33.18751],[130.01296,33.18648],[130.01382,33.18499],[130.013,33.18289],[130.01334,33.18198],[130.01325,33.18155],[130.01265,33.18168],[130.01319,33.18053],[130.01336,33.17768],[130.01435,33.17715],[130.01506,33.17601],[130.02192,33.17712],[130.02705,33.17453],[130.0273,33.17998],[130.0269,33.1822],[130.02756,33.18377],[130.02731,33.18422],[130.02884,33.18488],[130.02885,33.18626],[130.02927,33.18657],[130.02928,33.18743],[130.02782,33.18727],[130.02741,33.18816],[130.02829,33.18891],[130.02812,33.18993],[130.02855,33.19068],[130.03201,33.1918],[130.03039,33.19386],[130.02743,33.1908],[130.02664,33.19052],[130.02428,33.19115],[130.02123,33.19322],[130.01949,33.19343],[130.01835,33.19289],[130.01781,33.19336],[130.01384,33.19131],[130.01397,33.18989]]],[[[129.97724,33.16661],[129.97762,33.16717],[129.9787,33.16704],[129.97944,33.16881],[129.98256,33.17137],[129.98647,33.17308],[129.98754,33.17446],[129.98898,33.17447],[129.98987,33.17585],[129.9897,33.17672],[129.99179,33.17682],[129.99261,33.17584],[129.99362,33.17571],[129.99518,33.17669],[129.99581,33.17609],[129.99768,33.17607],[130.00023,33.1778],[130.00176,33.17815],[130.00323,33.17748],[130.0049,33.17814],[130.00614,33.18046],[130.00861,33.18225],[130.00724,33.18474],[130.00769,33.18674],[130.00844,33.18746],[130.00747,33.1876],[130.00641,33.18897],[130.00649,33.18958],[130.00497,33.19223],[130.00279,33.19296],[130.00208,33.19414],[129.9998,33.19509],[129.99888,33.19686],[129.9958,33.19888],[129.99481,33.20055],[129.99493,33.20235],[129.99344,33.20216],[129.99249,33.20074],[129.99265,33.19814],[129.99227,33.1973],[129.99301,33.19623],[129.99102,33.19599],[129.9899,33.19489],[129.98956,33.19398],[129.98997,33.19339],[129.98932,33.19112],[129.98792,33.19052],[129.98827,33.19003],[129.98727,33.1882],[129.98712,33.18672],[129.98771,33.18548],[129.98687,33.18391],[129.98412,33.18377],[129.98343,33.18424],[129.98305,33.18251],[129.98332,33.1807],[129.98264,33.1801],[129.97972,33.18057],[129.97989,33.17944],[129.97921,33.17768],[129.97678,33.17599],[129.97684,33.17472],[129.97622,33.17434],[129.97541,33.17238],[129.97582,33.17053],[129.9754,33.16845],[129.97724,33.16661]]],[[[130.01397,33.18989],[130.013,33.19005],[130.01239,33.19245],[130.01243,33.19311],[130.01328,33.19346],[130.01295,33.19365],[130.01381,33.19478],[130.01215,33.19623],[130.01278,33.19769],[130.01255,33.19826],[130.01199,33.19886],[130.00991,33.19935],[130.00723,33.20225],[130.00015,33.20514],[129.9987,33.20507],[129.99498,33.20255],[129.99481,33.20055],[129.9958,33.19888],[129.99888,33.19686],[129.9998,33.19509],[130.00208,33.19414],[130.00279,33.19296],[130.00497,33.19223],[130.00649,33.18958],[130.00641,33.18897],[130.00747,33.1876],[130.00844,33.18746],[130.00769,33.18674],[130.00724,33.18474],[130.00861,33.18225],[130.00614,33.18046],[130.0049,33.17814],[130.00284,33.17741],[130.00348,33.1762],[130.00818,33.17719],[130.00959,33.17667],[130.01152,33.17461],[130.01367,33.17436],[130.01425,33.17475],[130.01506,33.17601],[130.01435,33.17715],[130.01336,33.17768],[130.01319,33.18053],[130.01265,33.18168],[130.01325,33.18155],[130.01334,33.18198],[130.013,33.18289],[130.01382,33.18499],[130.01296,33.18648],[130.01302,33.18751],[130.01363,33.18804],[130.01377,33.18898],[130.01339,33.18912],[130.01397,33.18989]]],[[[130.01397,33.18989],[130.01384,33.19131],[130.02041,33.19502],[130.01815,33.19651],[130.017,33.19532],[130.01726,33.19479],[130.01669,33.19526],[130.01623,33.19507],[130.01562,33.19547],[130.01633,33.1967],[130.01339,33.19696],[130.01278,33.19769],[130.01215,33.19623],[130.01381,33.19478],[130.01295,33.19365],[130.01328,33.19346],[130.01243,33.19311],[130.01239,33.19245],[130.013,33.19005],[130.01397,33.18989]]]]}},{"type":"Feature","properties":{"vid":"K64G07S00039","name":"甘久村","reading":"あまぐ","gun":"杵島郡","domains":["saga"],"isShared":false,"shared":[]},"geometry":{"type":"Polygon","coordinates":[[[130.03322,33.20848],[130.03195,33.20833],[130.03238,33.20707],[130.03151,33.20777],[130.03081,33.20748],[130.0304,33.20807],[130.02756,33.20747],[130.02731,33.20649],[130.02621,33.20717],[130.02519,33.20701],[130.02469,33.20657],[130.02511,33.20588],[130.02464,33.20385],[130.02517,33.20243],[130.02641,33.20262],[130.02649,33.20311],[130.02675,33.20224],[130.02772,33.20193],[130.03067,33.20174],[130.03093,33.20236],[130.03123,33.20179],[130.03191,33.20176],[130.03591,33.20224],[130.03659,33.20276],[130.03576,33.2035],[130.04145,33.20599],[130.03933,33.20844],[130.03752,33.20941],[130.03726,33.20919],[130.03594,33.21028],[130.03397,33.20848],[130.03322,33.20848]]]}},{"type":"Feature","properties":{"vid":"K64G07S00040","name":"大日村","reading":"だいにち","gun":"杵島郡","domains":["hasuike","saga"],"isShared":true,"shared":[]},"geometry":{"type":"MultiPolygon","coordinates":[[[[130.04305,33.19465],[130.0433,33.19406],[130.042,33.19335],[130.04231,33.1932],[130.04171,33.1912],[130.04188,33.19018],[130.04265,33.19036],[130.04293,33.18934],[130.04269,33.18673],[130.04542,33.18688],[130.04549,33.18632],[130.04735,33.18644],[130.04772,33.18503],[130.0487,33.18521],[130.04838,33.18795],[130.05194,33.1914],[130.05484,33.19349],[130.05539,33.19552],[130.05457,33.19775],[130.04305,33.19465]]],[[[130.04269,33.18673],[130.04299,33.18484],[130.04049,33.18439],[130.04099,33.18357],[130.04229,33.18371],[130.04233,33.1828],[130.04168,33.18217],[130.04296,33.18099],[130.04414,33.17825],[130.04492,33.17845],[130.04609,33.17747],[130.04696,33.17851],[130.04735,33.17827],[130.04813,33.17895],[130.04915,33.18219],[130.04919,33.18411],[130.0487,33.18521],[130.04772,33.18503],[130.04735,33.18644],[130.04549,33.18632],[130.04542,33.18688],[130.04269,33.18673]]],[[[130.05876,33.17996],[130.058,33.17972],[130.05611,33.18054],[130.05403,33.18059],[130.05352,33.1802],[130.05319,33.18111],[130.05039,33.181],[130.04735,33.17827],[130.04775,33.17804],[130.04791,33.17558],[130.04736,33.17388],[130.04758,33.17181],[130.05017,33.17148],[130.05524,33.17214],[130.05538,33.17389],[130.05868,33.17692],[130.05876,33.17996]]],[[[130.05524,33.17214],[130.05685,33.16848],[130.05496,33.16825],[130.05505,33.16774],[130.05376,33.16689],[130.05453,33.16632],[130.05785,33.1659],[130.05801,33.16642],[130.05874,33.16629],[130.05977,33.16447],[130.06033,33.16469],[130.05989,33.16602],[130.06023,33.1663],[130.05981,33.16641],[130.05999,33.16693],[130.05916,33.16701],[130.06132,33.16771],[130.06328,33.16717],[130.06572,33.1682],[130.06795,33.16691],[130.06937,33.1671],[130.07097,33.16641],[130.0716,33.16657],[130.077,33.1723],[130.07735,33.17351],[130.07657,33.17482],[130.07521,33.17587],[130.07035,33.17231],[130.0677,33.17109],[130.06484,33.17172],[130.06259,33.17121],[130.06206,33.17178],[130.06046,33.17198],[130.05597,33.17121],[130.05544,33.17236],[130.05524,33.17214]]],[[[130.06944,33.18308],[130.06782,33.18312],[130.06431,33.18174],[130.06026,33.18097],[130.0601,33.18034],[130.05876,33.17996],[130.05868,33.17692],[130.05523,33.17355],[130.05569,33.17124],[130.06072,33.17198],[130.06206,33.17178],[130.06259,33.17121],[130.06484,33.17172],[130.0677,33.17109],[130.07035,33.17231],[130.07521,33.17587],[130.07472,33.17729],[130.07125,33.17949],[130.06915,33.18216],[130.06944,33.18308]]]]}},{"type":"Feature","properties":{"vid":"K64G07S00041","name":"片白村","reading":"かたじろ","gun":"杵島郡","domains":["hasuike","saga"],"isShared":true,"shared":[]},"geometry":{"type":"MultiPolygon","coordinates":[[[[130.06051,33.20109],[130.05724,33.19793],[130.05504,33.19686],[130.05539,33.19539],[130.05513,33.194],[130.05602,33.194],[130.05688,33.1948],[130.06149,33.19393],[130.06135,33.19362],[130.06449,33.19198],[130.07006,33.19156],[130.06909,33.19407],[130.06936,33.1971],[130.06499,33.19798],[130.06051,33.20109]]],[[[130.06989,33.19148],[130.06449,33.19198],[130.06135,33.19362],[130.06149,33.19393],[130.05688,33.1948],[130.05602,33.194],[130.05513,33.194],[130.05341,33.19242],[130.05395,33.19025],[130.0586,33.18959],[130.06829,33.18941],[130.06989,33.19148]]],[[[130.0534,33.20798],[130.05183,33.20789],[130.0488,33.20675],[130.04666,33.20785],[130.04451,33.20744],[130.04406,33.20704],[130.04429,33.20355],[130.04329,33.20261],[130.04419,33.20178],[130.04682,33.20161],[130.04966,33.19902],[130.05363,33.20089],[130.05348,33.20191],[130.05503,33.20439],[130.05436,33.20607],[130.05382,33.20613],[130.05409,33.20698],[130.05372,33.20812],[130.0534,33.20798]]],[[[130.04025,33.20563],[130.04108,33.20485],[130.0387,33.20307],[130.0402,33.20169],[130.04096,33.20242],[130.04283,33.20079],[130.04309,33.19968],[130.04042,33.19731],[130.04305,33.19465],[130.05055,33.19676],[130.04976,33.19906],[130.04682,33.20161],[130.04419,33.20178],[130.04329,33.20261],[130.04433,33.20373],[130.04406,33.20704],[130.04025,33.20563]]],[[[130.06829,33.18941],[130.05453,33.19001],[130.05395,33.19025],[130.05341,33.19242],[130.04832,33.18785],[130.04928,33.18347],[130.04813,33.17895],[130.05039,33.181],[130.05319,33.18111],[130.05352,33.1802],[130.05403,33.18059],[130.05611,33.18054],[130.058,33.17972],[130.0601,33.18034],[130.06026,33.18097],[130.06431,33.18174],[130.06782,33.18312],[130.06944,33.18308],[130.0696,33.18436],[130.06829,33.18941]]]]}},{"type":"Feature","properties":{"vid":"K64G07S00042","name":"鳥海村","reading":"とのみ","gun":"杵島郡","domains":["saga"],"isShared":false,"shared":[]},"geometry":{"type":"MultiPolygon","coordinates":[[[[129.96847,33.20277],[129.96634,33.20344],[129.96507,33.20179],[129.96255,33.20038],[129.96222,33.19811],[129.96255,33.19625],[129.966,33.19658],[129.96556,33.19952],[129.96631,33.20007],[129.96749,33.20007],[129.96717,33.20087],[129.96847,33.20277]]],[[[129.96847,33.20277],[129.96717,33.20087],[129.96749,33.20007],[129.96631,33.20007],[129.96556,33.19952],[129.966,33.19658],[129.97421,33.19687],[129.97363,33.19743],[129.97466,33.19889],[129.97255,33.19964],[129.97507,33.20183],[129.97251,33.20302],[129.96935,33.20226],[129.96847,33.20277]]],[[[129.96937,33.18426],[129.97306,33.18411],[129.97307,33.18457],[129.9723,33.18461],[129.97235,33.18674],[129.97154,33.18993],[129.97375,33.19169],[129.97341,33.19273],[129.97403,33.19322],[129.97342,33.19471],[129.97405,33.1948],[129.97495,33.19657],[129.97186,33.19706],[129.96255,33.19625],[129.96238,33.19567],[129.96512,33.19589],[129.96535,33.19322],[129.96621,33.1929],[129.96646,33.18987],[129.9654,33.18975],[129.96646,33.18822],[129.96808,33.18737],[129.96875,33.18463],[129.96937,33.18426]]],[[[129.94448,33.16476],[129.94698,33.16264],[129.94733,33.1617],[129.95033,33.1594],[129.95218,33.15651],[129.95489,33.15805],[129.95535,33.16143],[129.95654,33.16199],[129.95566,33.16345],[129.95695,33.16437],[129.95738,33.16371],[129.958,33.16381],[129.95885,33.16525],[129.95838,33.16753],[129.95919,33.16835],[129.95843,33.16906],[129.9572,33.16927],[129.95675,33.16995],[129.95708,33.17045],[129.95638,33.17061],[129.95407,33.16631],[129.9512,33.16757],[129.94978,33.16724],[129.94779,33.16754],[129.94448,33.16476]]],[[[129.96223,33.198],[129.96255,33.20038],[129.96439,33.20139],[129.96229,33.20251],[129.96209,33.20155],[129.96079,33.20098],[129.95975,33.20162],[129.95572,33.20104],[129.95237,33.20239],[129.95372,33.20153],[129.95443,33.2002],[129.95749,33.19907],[129.95802,33.19795],[129.96069,33.19769],[129.96151,33.19805],[129.96155,33.19765],[129.96223,33.198]]],[[[129.95041,33.2054],[129.94915,33.20389],[129.95157,33.20338],[129.95172,33.20257],[129.9532,33.20234],[129.95486,33.2013],[129.95723,33.20111],[129.95975,33.20162],[129.96079,33.20098],[129.96209,33.20155],[129.96236,33.20307],[129.96085,33.20375],[129.9604,33.2034],[129.9542,33.20352],[129.95372,33.20366],[129.9534,33.20615],[129.95228,33.20502],[129.95041,33.2054]]],[[[129.96634,33.20344],[129.9695,33.20655],[129.97024,33.20861],[129.97299,33.21035],[129.97215,33.21139],[129.96709,33.2107],[129.95653,33.20598],[129.9534,33.20615],[129.95394,33.20357],[129.9604,33.2034],[129.96085,33.20375],[129.96211,33.20327],[129.96229,33.20251],[129.96439,33.20139],[129.96634,33.20344]]],[[[129.95446,33.18444],[129.95481,33.18703],[129.95374,33.1882],[129.95358,33.18661],[129.95103,33.18484],[129.95071,33.18585],[129.9488,33.18517],[129.94677,33.18248],[129.94577,33.18224],[129.94556,33.18096],[129.94595,33.18076],[129.94679,33.18142],[129.94733,33.18064],[129.94951,33.18079],[129.95036,33.18214],[129.95073,33.18197],[129.95217,33.18302],[129.95196,33.18343],[129.95236,33.18293],[129.95311,33.18305],[129.95446,33.18444]]],[[[129.94402,33.19097],[129.94579,33.18919],[129.94611,33.18802],[129.94539,33.18775],[129.94486,33.18584],[129.94381,33.18439],[129.94265,33.18446],[129.94214,33.18365],[129.93947,33.18318],[129.93707,33.18118],[129.93862,33.17999],[129.94052,33.18066],[129.94246,33.18046],[129.94366,33.17975],[129.9449,33.18155],[129.94563,33.18083],[129.94577,33.18224],[129.94677,33.18248],[129.9488,33.18517],[129.95071,33.18585],[129.95103,33.18484],[129.95358,33.18661],[129.95374,33.1882],[129.95096,33.19042],[129.94937,33.19252],[129.9485,33.19227],[129.94838,33.19268],[129.94715,33.19266],[129.9473,33.19198],[129.9461,33.19156],[129.94627,33.19104],[129.94402,33.19097]]],[[[129.95947,33.17782],[129.95748,33.1801],[129.95691,33.18227],[129.95446,33.18444],[129.95311,33.18305],[129.95236,33.18293],[129.95196,33.18343],[129.95217,33.18302],[129.95168,33.18251],[129.95036,33.18214],[129.95008,33.18118],[129.94864,33.18023],[129.94862,33.179],[129.95066,33.17996],[129.95128,33.18084],[129.95278,33.18088],[129.95286,33.18028],[129.9535,33.18065],[129.95508,33.17973],[129.9556,33.17845],[129.95947,33.17782]]],[[[129.95914,33.17349],[129.96136,33.17516],[129.96044,33.17582],[129.95947,33.17782],[129.9556,33.17845],[129.95508,33.17973],[129.9535,33.18065],[129.95314,33.18015],[129.95278,33.18088],[129.95114,33.18076],[129.95066,33.17996],[129.95135,33.17862],[129.95264,33.17828],[129.95307,33.17743],[129.9536,33.17766],[129.95497,33.17711],[129.95501,33.17618],[129.95914,33.17349]]],[[[129.94336,33.16444],[129.94448,33.16476],[129.94779,33.16754],[129.94978,33.16724],[129.9512,33.16757],[129.95407,33.16631],[129.9541,33.16694],[129.95529,33.16816],[129.9568,33.17208],[129.95914,33.17349],[129.95501,33.17618],[129.95497,33.17711],[129.9536,33.17766],[129.95307,33.17743],[129.95264,33.17828],[129.95135,33.17862],[129.95066,33.17996],[129.94861,33.17901],[129.94877,33.18061],[129.94722,33.18067],[129.94679,33.18142],[129.94583,33.18076],[129.9449,33.18155],[129.94366,33.17975],[129.94246,33.18046],[129.94052,33.18066],[129.93862,33.17999],[129.93892,33.17932],[129.94145,33.17778],[129.94181,33.17683],[129.94419,33.17573],[129.94574,33.17412],[129.94467,33.17397],[129.94374,33.17322],[129.94354,33.17177],[129.94474,33.17039],[129.94425,33.16922],[129.94319,33.16861],[129.94229,33.16714],[129.94063,33.16675],[129.94013,33.16611],[129.938,33.16579],[129.94118,33.16412],[129.94336,33.16444]]],[[[129.93613,33.1808],[129.93183,33.17911],[129.9333,33.1783],[129.93326,33.17688],[129.93225,33.17564],[129.93179,33.17332],[129.92967,33.17637],[129.92849,33.17378],[129.92904,33.17277],[129.93138,33.17132],[129.932,33.16994],[129.93318,33.16951],[129.93652,33.16661],[129.938,33.16579],[129.94013,33.16611],[129.94063,33.16675],[129.94235,33.16718],[129.94319,33.16861],[129.94443,33.16943],[129.94474,33.17039],[129.94354,33.17177],[129.94374,33.17322],[129.94467,33.17397],[129.94574,33.17412],[129.94419,33.17573],[129.94181,33.17683],[129.94051,33.1787],[129.93892,33.17932],[129.9384,33.18051],[129.93707,33.18118],[129.93613,33.1808]]]]}},{"type":"Feature","properties":{"vid":"K64G07S00043","name":"犬走村","reading":"いぬばしり","gun":"杵島郡","domains":["saga"],"isShared":false,"shared":[]},"geometry":{"type":"MultiPolygon","coordinates":[[[[129.96945,33.16938],[129.97142,33.17093],[129.97077,33.17211],[129.97157,33.1737],[129.96843,33.17443],[129.96761,33.17571],[129.96564,33.17663],[129.9604,33.17588],[129.96133,33.17506],[129.95732,33.17266],[129.95644,33.17075],[129.965,33.17201],[129.96553,33.17194],[129.96577,33.17034],[129.96882,33.16814],[129.96945,33.16938]]],[[[129.97724,33.16661],[129.97541,33.16838],[129.97582,33.17053],[129.97541,33.17238],[129.976,33.1738],[129.9719,33.1745],[129.97141,33.1742],[129.97151,33.17321],[129.97077,33.17211],[129.97142,33.17093],[129.96945,33.16938],[129.96935,33.16779],[129.96788,33.16485],[129.96855,33.1649],[129.96857,33.16395],[129.96927,33.16392],[129.97005,33.16299],[129.97071,33.16286],[129.97087,33.16398],[129.97254,33.16305],[129.97385,33.16395],[129.97553,33.16366],[129.97724,33.16661]]],[[[129.95647,33.16238],[129.95884,33.16212],[129.96169,33.16432],[129.96544,33.16485],[129.96759,33.16643],[129.96882,33.16814],[129.96577,33.17034],[129.96553,33.17194],[129.95644,33.17075],[129.95708,33.17045],[129.95675,33.16995],[129.9572,33.16927],[129.95843,33.16906],[129.9592,33.16827],[129.95838,33.16753],[129.95885,33.16525],[129.958,33.16381],[129.95738,33.16371],[129.95695,33.16437],[129.95566,33.16345],[129.95647,33.16238]]],[[[129.95666,33.15476],[129.95876,33.15518],[129.95965,33.15473],[129.96291,33.1561],[129.96461,33.15967],[129.96426,33.16066],[129.96529,33.16218],[129.96802,33.16399],[129.96857,33.16395],[129.96855,33.1649],[129.96788,33.16485],[129.96935,33.16779],[129.96945,33.16938],[129.96791,33.16675],[129.96544,33.16485],[129.96169,33.16432],[129.95936,33.16232],[129.95733,33.16199],[129.95642,33.16237],[129.95652,33.16193],[129.95538,33.16148],[129.95489,33.15805],[129.95218,33.15651],[129.95666,33.15476]]],[[[129.976,33.1738],[129.97684,33.17472],[129.9768,33.17603],[129.97921,33.17768],[129.97989,33.17944],[129.97972,33.18057],[129.98264,33.1801],[129.98332,33.1807],[129.98308,33.18309],[129.97981,33.18288],[129.97306,33.18411],[129.96937,33.18426],[129.96919,33.18302],[129.96806,33.18268],[129.96677,33.18151],[129.96443,33.17841],[129.96437,33.17884],[129.96309,33.17907],[129.96122,33.17785],[129.96076,33.17882],[129.95951,33.17772],[129.9604,33.17588],[129.96564,33.17663],[129.96761,33.17571],[129.96884,33.17428],[129.97157,33.1737],[129.97141,33.1742],[129.9719,33.1745],[129.976,33.1738]]],[[[129.98308,33.18309],[129.98345,33.18424],[129.98412,33.18377],[129.98687,33.18391],[129.98771,33.18548],[129.98712,33.18671],[129.98725,33.18814],[129.98825,33.19015],[129.98374,33.19113],[129.98405,33.19218],[129.98265,33.19159],[129.98279,33.19217],[129.9823,33.1924],[129.98189,33.19184],[129.97994,33.19349],[129.98021,33.19399],[129.97857,33.1956],[129.97495,33.19657],[129.97405,33.1948],[129.97342,33.19471],[129.97403,33.19322],[129.97341,33.19273],[129.97375,33.19169],[129.97156,33.19004],[129.97235,33.18674],[129.97231,33.18459],[129.97981,33.18288],[129.98308,33.18309]]],[[[129.98825,33.19015],[129.98811,33.19076],[129.98925,33.19105],[129.98954,33.19163],[129.9899,33.19489],[129.99102,33.19599],[129.99301,33.19623],[129.99228,33.19724],[129.99265,33.19814],[129.99245,33.2],[129.99089,33.19957],[129.98342,33.20104],[129.98184,33.20093],[129.98099,33.20182],[129.98127,33.20288],[129.98051,33.20324],[129.97943,33.2027],[129.977,33.2028],[129.97596,33.20182],[129.97507,33.20183],[129.97255,33.19964],[129.97466,33.19889],[129.97363,33.19743],[129.97419,33.19688],[129.97836,33.19574],[129.98021,33.19399],[129.97994,33.19349],[129.98189,33.19184],[129.9823,33.1924],[129.98279,33.19217],[129.98265,33.19159],[129.98405,33.19218],[129.98374,33.19113],[129.98825,33.19015]]]]}},{"type":"Feature","properties":{"vid":"K64G07S00044","name":"袴野村","reading":"はかまの","gun":"杵島郡","domains":["saga"],"isShared":false,"shared":[]},"geometry":{"type":"MultiPolygon","coordinates":[[[[130.01408,33.17455],[130.01152,33.17461],[130.00959,33.17667],[130.00818,33.17719],[130.00608,33.1767],[130.0068,33.17395],[130.00655,33.17144],[130.00968,33.16975],[130.01532,33.16958],[130.01537,33.17123],[130.01451,33.17226],[130.01408,33.17455]]],[[[130.02705,33.17453],[130.02188,33.17713],[130.01502,33.17599],[130.01408,33.17455],[130.01451,33.17226],[130.01537,33.17123],[130.01532,33.16958],[130.01275,33.16945],[130.01183,33.16775],[130.01282,33.16473],[130.01483,33.165],[130.01659,33.16687],[130.02775,33.16847],[130.02902,33.16969],[130.03041,33.16886],[130.03228,33.16939],[130.02848,33.17258],[130.02756,33.17216],[130.02705,33.17453]]],[[[130.03494,33.16968],[130.03041,33.16886],[130.02902,33.16969],[130.02775,33.16847],[130.01659,33.16687],[130.01483,33.165],[130.012,33.16464],[130.01025,33.16371],[130.01093,33.16299],[130.01271,33.1625],[130.01202,33.16141],[130.01309,33.15663],[130.0125,33.1539],[130.0139,33.15229],[130.01502,33.1491],[130.01668,33.14984],[130.0171,33.15095],[130.01956,33.15154],[130.02202,33.15099],[130.02278,33.14996],[130.0281,33.1484],[130.03008,33.14977],[130.03028,33.15134],[130.03141,33.15284],[130.0325,33.15291],[130.03364,33.15383],[130.03289,33.15683],[130.03359,33.15781],[130.03388,33.16144],[130.03317,33.16373],[130.03318,33.16649],[130.03257,33.16749],[130.03368,33.16762],[130.03609,33.16911],[130.03494,33.16968]]],[[[129.97724,33.16661],[129.97683,33.16581],[129.97778,33.16552],[129.97845,33.16357],[129.98158,33.16075],[129.98872,33.15968],[129.99666,33.15935],[129.99686,33.1586],[129.99978,33.15773],[130.00134,33.15781],[130.00218,33.15891],[130.00451,33.15721],[130.00572,33.15716],[130.00745,33.15547],[130.01051,33.15412],[130.01421,33.15096],[130.0139,33.15229],[130.0125,33.1539],[130.01309,33.15663],[130.01202,33.16141],[130.01271,33.1625],[130.01093,33.16299],[130.01025,33.16371],[130.01282,33.16473],[130.01183,33.16775],[130.01275,33.16945],[130.01325,33.16958],[130.00968,33.16975],[130.00655,33.17144],[130.0068,33.17395],[130.00608,33.1767],[130.00365,33.17612],[130.00306,33.17726],[130.00188,33.17816],[130.00023,33.1778],[129.99734,33.17599],[129.99576,33.1761],[129.99518,33.17669],[129.99355,33.17571],[129.99261,33.17584],[129.99179,33.17682],[129.98974,33.17673],[129.98987,33.17585],[129.98898,33.17447],[129.98754,33.17446],[129.98647,33.17308],[129.98256,33.17137],[129.97944,33.16881],[129.9787,33.16704],[129.97762,33.16717],[129.97724,33.16661]]],[[[129.98158,33.16075],[129.9809,33.15926],[129.98116,33.15723],[129.98035,33.1558],[129.98161,33.15415],[129.98175,33.1519],[129.98257,33.15095],[129.98317,33.15257],[129.98337,33.15153],[129.98549,33.15033],[129.98639,33.14892],[129.98983,33.14827],[129.99361,33.14469],[129.99464,33.14311],[129.99554,33.14378],[129.99623,33.14369],[129.99536,33.14306],[129.99956,33.14324],[130.00395,33.14496],[130.00551,33.14586],[130.0058,33.14654],[130.00799,33.14696],[130.0093,33.14803],[130.01276,33.14771],[130.01502,33.1491],[130.01466,33.15045],[130.01244,33.15274],[130.00745,33.15547],[130.00564,33.15721],[130.00451,33.15721],[130.00218,33.15891],[130.00134,33.15781],[129.99978,33.15773],[129.99686,33.1586],[129.99666,33.15935],[129.98872,33.15968],[129.98158,33.16075]]],[[[129.97907,33.13847],[129.982,33.13855],[129.98339,33.13738],[129.98501,33.13715],[129.98673,33.13598],[129.98695,33.13685],[129.98802,33.13739],[129.9894,33.13615],[129.99025,33.13598],[129.99175,33.13718],[129.9935,33.13668],[129.99852,33.13706],[130.00015,33.13661],[130.00464,33.13891],[130.00351,33.14224],[130.00415,33.1443],[130.00395,33.14496],[129.99956,33.14324],[129.99536,33.14306],[129.99623,33.14369],[129.99554,33.14378],[129.99464,33.14311],[129.99361,33.14469],[129.98988,33.14823],[129.98639,33.14892],[129.98549,33.15033],[129.98337,33.15153],[129.98317,33.15257],[129.98245,33.15099],[129.9817,33.15198],[129.98158,33.1532],[129.9803,33.15225],[129.98131,33.15139],[129.981,33.14924],[129.98046,33.14856],[129.98062,33.14766],[129.97992,33.14751],[129.97932,33.14493],[129.97998,33.14378],[129.9795,33.143],[129.97974,33.14115],[129.97906,33.14016],[129.97724,33.13962],[129.97763,33.13866],[129.97907,33.13847]]]]}},{"type":"Feature","properties":{"vid":"K64G07S00045","name":"真手野村","reading":"まての","gun":"杵島郡","domains":["saga"],"isShared":false,"shared":[]},"geometry":{"type":"MultiPolygon","coordinates":[[[[129.96775,33.23324],[129.96732,33.23459],[129.96664,33.23467],[129.96581,33.23695],[129.96348,33.23744],[129.96246,33.23812],[129.96155,33.23613],[129.9598,33.23573],[129.95823,33.23453],[129.95823,33.23343],[129.9574,33.23173],[129.95884,33.23105],[129.96038,33.22885],[129.96359,33.22909],[129.96379,33.22845],[129.96555,33.22858],[129.96775,33.23324]]],[[[129.99234,33.20004],[129.99335,33.2021],[129.99493,33.20235],[129.99611,33.20322],[129.9908,33.20833],[129.98496,33.21319],[129.98134,33.21273],[129.97794,33.2132],[129.98374,33.21028],[129.98463,33.20931],[129.98204,33.20763],[129.98036,33.20433],[129.98127,33.20288],[129.98099,33.20188],[129.98144,33.2012],[129.99084,33.19957],[129.99234,33.20004]]],[[[129.98107,33.23788],[129.98007,33.24009],[129.97818,33.24117],[129.97468,33.24436],[129.97475,33.24511],[129.97427,33.24515],[129.97367,33.24389],[129.9721,33.24241],[129.9716,33.24106],[129.96932,33.24134],[129.96762,33.2381],[129.96727,33.2354],[129.96935,33.23526],[129.96977,33.23485],[129.96992,33.236],[129.97317,33.23736],[129.97495,33.23659],[129.9752,33.23533],[129.98107,33.23788]]],[[[129.96775,33.23324],[129.96899,33.2326],[129.96886,33.23128],[129.96972,33.23125],[129.96948,33.23218],[129.97326,33.23471],[129.9752,33.23533],[129.97495,33.23659],[129.97317,33.23736],[129.96992,33.236],[129.96977,33.23485],[129.96935,33.23526],[129.96727,33.2354],[129.96775,33.23324]]],[[[129.99758,33.23357],[129.99761,33.23703],[129.994,33.23804],[129.99367,33.23934],[129.99195,33.24049],[129.98972,33.2404],[129.98803,33.23903],[129.9844,33.23815],[129.9835,33.23752],[129.98172,33.23737],[129.98107,33.23788],[129.97726,33.23607],[129.97898,33.23422],[129.981,33.23441],[129.98351,33.23325],[129.98663,33.23284],[129.98743,33.23188],[129.98851,33.23204],[129.99123,33.23115],[129.99264,33.2319],[129.99475,33.23215],[129.99639,33.23334],[129.99758,33.23357]]],[[[129.93338,33.23405],[129.93319,33.23287],[129.93119,33.23086],[129.93162,33.22954],[129.93394,33.22916],[129.93499,33.22935],[129.93614,33.23033],[129.93663,33.2301],[129.93922,33.23078],[129.93965,33.23138],[129.94098,33.23095],[129.94154,33.23121],[129.94411,33.22958],[129.94696,33.22893],[129.94868,33.22554],[129.95892,33.22249],[129.95985,33.22442],[129.96064,33.22449],[129.961,33.22579],[129.96204,33.22642],[129.96228,33.2277],[129.96313,33.22849],[129.96319,33.22899],[129.96038,33.22885],[129.95884,33.23105],[129.9574,33.23173],[129.95823,33.23343],[129.958,33.23424],[129.9598,33.23573],[129.9572,33.23748],[129.95579,33.23979],[129.95109,33.24393],[129.94905,33.24441],[129.94801,33.24568],[129.94591,33.24663],[129.944,33.24618],[129.94175,33.2446],[129.94017,33.24223],[129.93992,33.24076],[129.93811,33.24131],[129.93713,33.2391],[129.9363,33.23848],[129.93658,33.23716],[129.93459,33.2359],[129.93338,33.23405]]],[[[129.95902,33.21535],[129.96298,33.21551],[129.96318,33.21343],[129.96683,33.21481],[129.96682,33.21568],[129.96528,33.21562],[129.96508,33.21852],[129.96606,33.2186],[129.96634,33.2191],[129.96716,33.22348],[129.96093,33.22357],[129.96056,33.22207],[129.96003,33.22186],[129.96023,33.22146],[129.95766,33.21958],[129.95893,33.21699],[129.95902,33.21535]]],[[[129.95314,33.21349],[129.95496,33.21341],[129.95659,33.21417],[129.95913,33.21339],[129.95893,33.21699],[129.95755,33.21997],[129.95715,33.22308],[129.94868,33.22554],[129.94992,33.22389],[129.9498,33.22245],[129.94838,33.21915],[129.94686,33.21816],[129.94715,33.21718],[129.94643,33.2164],[129.94692,33.21619],[129.94549,33.21548],[129.94767,33.21489],[129.94993,33.21584],[129.95073,33.21448],[129.95314,33.21349]]],[[[130.0014,33.22519],[130.00149,33.22628],[130.00033,33.22725],[130.00043,33.22861],[130.00203,33.23089],[129.99966,33.23233],[129.99802,33.23267],[129.99758,33.23357],[129.99639,33.23334],[129.99475,33.23215],[129.99264,33.2319],[129.99123,33.23115],[129.98851,33.23204],[129.98743,33.23188],[129.98663,33.23284],[129.98351,33.23325],[129.981,33.23441],[129.97898,33.23422],[129.97726,33.23607],[129.97326,33.23471],[129.97212,33.23363],[129.97197,33.23228],[129.97609,33.22892],[129.97814,33.22623],[129.97994,33.22642],[129.98235,33.22547],[129.98511,33.22353],[129.99144,33.22293],[130.0014,33.22519]]],[[[129.97411,33.24805],[129.97087,33.24689],[129.96731,33.24665],[129.96644,33.24877],[129.96568,33.24895],[129.96396,33.24719],[129.96363,33.24619],[129.96536,33.24333],[129.9636,33.24103],[129.96246,33.23812],[129.96348,33.23744],[129.96581,33.23695],[129.96664,33.23467],[129.96732,33.23459],[129.96735,33.23729],[129.96932,33.24134],[129.9716,33.24106],[129.9721,33.24241],[129.97457,33.24518],[129.97497,33.24733],[129.97411,33.24805]]],[[[130.00313,33.22094],[130.00205,33.22227],[130.0014,33.22519],[129.99258,33.22304],[129.98868,33.22296],[129.98453,33.22374],[129.98235,33.22547],[129.97924,33.2266],[129.97263,33.22537],[129.97225,33.22403],[129.97271,33.22037],[129.97364,33.21846],[129.97528,33.21871],[129.97646,33.21774],[129.97696,33.21589],[129.9767,33.21515],[129.97757,33.21329],[129.98051,33.21281],[129.98438,33.21335],[129.9859,33.21252],[129.98597,33.21774],[129.98891,33.21812],[129.99274,33.21944],[129.99497,33.21907],[129.99884,33.21927],[130.00313,33.22094]]],[[[129.96982,33.21471],[129.97295,33.21836],[129.97364,33.21846],[129.97271,33.22037],[129.97233,33.22426],[129.972,33.22424],[129.97126,33.22797],[129.97016,33.22901],[129.96589,33.22888],[129.96619,33.22677],[129.96768,33.22351],[129.96716,33.22348],[129.96702,33.2212],[129.96626,33.21893],[129.96508,33.21852],[129.96528,33.21562],[129.96682,33.21568],[129.96982,33.21471]]],[[[129.97233,33.22426],[129.97263,33.22537],[129.97814,33.22623],[129.97609,33.22892],[129.97197,33.23228],[129.97212,33.23363],[129.96948,33.23218],[129.96972,33.23125],[129.96886,33.23128],[129.96899,33.2326],[129.96775,33.23324],[129.96589,33.22888],[129.97016,33.22901],[129.97126,33.22797],[129.972,33.22424],[129.97233,33.22426]]],[[[129.96123,33.25487],[129.95944,33.25469],[129.95677,33.25641],[129.9529,33.25715],[129.95065,33.25702],[129.951,33.25439],[129.94853,33.25181],[129.9474,33.25199],[129.94664,33.25154],[129.94704,33.25062],[129.94677,33.24898],[129.94545,33.248],[129.94497,33.24661],[129.94736,33.24608],[129.94905,33.24441],[129.95109,33.24393],[129.95579,33.23979],[129.9572,33.23748],[129.9598,33.23573],[129.96155,33.23613],[129.9636,33.24103],[129.96536,33.24333],[129.96363,33.24619],[129.96569,33.24922],[129.96322,33.25101],[129.96292,33.25356],[129.96232,33.25371],[129.96227,33.25417],[129.96134,33.25416],[129.96123,33.25487]]],[[[129.9578,33.21975],[129.96023,33.22146],[129.96003,33.22186],[129.96056,33.22207],[129.96093,33.22357],[129.96768,33.22351],[129.96619,33.22677],[129.96589,33.22888],[129.964,33.22839],[129.96375,33.22908],[129.96319,33.22899],[129.96215,33.22745],[129.96204,33.22642],[129.96104,33.22584],[129.9606,33.22445],[129.95985,33.22442],[129.95892,33.22249],[129.95715,33.22308],[129.9578,33.21975]]],[[[129.98177,33.21114],[129.97757,33.21329],[129.9767,33.21515],[129.97696,33.21589],[129.97655,33.21755],[129.97528,33.21871],[129.97295,33.21836],[129.96982,33.21471],[129.96962,33.21235],[129.96829,33.21131],[129.96835,33.21087],[129.9689,33.2108],[129.97215,33.21139],[129.97387,33.20989],[129.97543,33.21037],[129.97904,33.20984],[129.98034,33.21098],[129.98177,33.21114]]],[[[129.96835,33.21087],[129.96829,33.21131],[129.96962,33.21235],[129.96982,33.21471],[129.96682,33.21568],[129.96665,33.21469],[129.96318,33.21343],[129.96298,33.21551],[129.95902,33.21535],[129.95913,33.21339],[129.9565,33.21416],[129.95496,33.21341],[129.95314,33.21349],[129.9514,33.21197],[129.9518,33.21118],[129.95104,33.21045],[129.95053,33.20829],[129.95134,33.20767],[129.95041,33.20542],[129.95157,33.2049],[129.95233,33.20504],[129.95344,33.20616],[129.95653,33.20598],[129.95746,33.20665],[129.95967,33.20706],[129.96007,33.20771],[129.96244,33.20886],[129.96835,33.21087]]],[[[129.99611,33.20322],[129.9987,33.20507],[130.00082,33.20508],[130.00209,33.20794],[130.00471,33.21008],[130.0038,33.21194],[130.00358,33.21376],[130.00575,33.21581],[130.00735,33.21626],[130.00774,33.21728],[130.00605,33.21799],[130.00313,33.22094],[129.99884,33.21927],[129.99497,33.21907],[129.99274,33.21944],[129.98891,33.21812],[129.98597,33.21774],[129.9859,33.21252],[129.99611,33.20322]]],[[[129.98177,33.21114],[129.98034,33.21098],[129.97904,33.20984],[129.97543,33.21037],[129.97387,33.20989],[129.97305,33.21044],[129.97024,33.20861],[129.9695,33.20655],[129.96634,33.20344],[129.9693,33.20227],[129.97256,33.20301],[129.97572,33.20177],[129.97726,33.20289],[129.9794,33.20269],[129.98075,33.20316],[129.98036,33.20433],[129.98204,33.20763],[129.98463,33.20931],[129.98374,33.21028],[129.98177,33.21114]]]]}},{"type":"Feature","properties":{"vid":"K64G07S00046","name":"永野村","reading":"ながの","gun":"杵島郡","domains":["saga"],"isShared":false,"shared":[]},"geometry":{"type":"Polygon","coordinates":[[[130.02306,33.26411],[130.0232,33.26737],[130.02513,33.26939],[130.026,33.27126],[130.02372,33.27132],[130.01865,33.2702],[130.01592,33.26908],[130.01541,33.26771],[130.01481,33.26745],[130.01319,33.26718],[130.01147,33.26767],[130.0112,33.26565],[130.0102,33.26521],[130.00995,33.26419],[130.00858,33.2637],[130.00808,33.26273],[130.00826,33.26177],[130.00769,33.26097],[130.008,33.25932],[130.00904,33.25804],[130.00988,33.25814],[130.01236,33.25958],[130.01323,33.26077],[130.01896,33.25799],[130.02101,33.25963],[130.02306,33.26411]]]}},{"type":"Feature","properties":{"vid":"K64G07S00047","name":"大野村","reading":"おおの","gun":"杵島郡","domains":["saga"],"isShared":false,"shared":[]},"geometry":{"type":"MultiPolygon","coordinates":[[[[129.95041,33.2054],[129.9484,33.20617],[129.94864,33.20674],[129.94572,33.20822],[129.94545,33.20978],[129.94629,33.21011],[129.94584,33.21121],[129.94506,33.21152],[129.94441,33.21157],[129.94332,33.2099],[129.94143,33.21084],[129.94123,33.21038],[129.93956,33.21031],[129.93877,33.2098],[129.93969,33.20816],[129.93887,33.20676],[129.94061,33.20648],[129.94037,33.2041],[129.94448,33.20261],[129.94823,33.20262],[129.95041,33.2054]]],[[[129.94547,33.21557],[129.94692,33.21619],[129.94643,33.2164],[129.94715,33.21718],[129.94686,33.21816],[129.94838,33.21915],[129.94944,33.22191],[129.9464,33.22151],[129.94645,33.22111],[129.94549,33.22075],[129.94018,33.22319],[129.93839,33.22346],[129.9378,33.22171],[129.93656,33.22003],[129.93645,33.2186],[129.93793,33.21834],[129.93887,33.21876],[129.94399,33.21737],[129.94558,33.21612],[129.94547,33.21557]]],[[[129.94944,33.22191],[129.94992,33.22389],[129.94902,33.22485],[129.94843,33.22652],[129.9479,33.22667],[129.94696,33.22893],[129.94414,33.22957],[129.94154,33.23121],[129.94098,33.23095],[129.93998,33.23145],[129.9379,33.2303],[129.93614,33.23033],[129.93518,33.22977],[129.93499,33.22853],[129.93643,33.22729],[129.93839,33.22346],[129.94018,33.22319],[129.94549,33.22075],[129.94645,33.22111],[129.9464,33.22151],[129.94944,33.22191]]],[[[129.95041,33.2054],[129.95134,33.20767],[129.95053,33.20829],[129.95104,33.21045],[129.9518,33.21118],[129.9514,33.21197],[129.95314,33.21349],[129.95073,33.21448],[129.94974,33.21587],[129.94767,33.21489],[129.94549,33.21548],[129.94386,33.21383],[129.94221,33.21311],[129.94143,33.21084],[129.94332,33.2099],[129.94441,33.21157],[129.94584,33.21121],[129.94629,33.21011],[129.94545,33.20978],[129.94572,33.20822],[129.94864,33.20674],[129.9484,33.20617],[129.95041,33.2054]]],[[[129.93178,33.20652],[129.93389,33.20613],[129.93487,33.20645],[129.93477,33.20692],[129.93692,33.2072],[129.9376,33.20797],[129.93638,33.21178],[129.93473,33.2117],[129.93217,33.21289],[129.92987,33.21079],[129.92937,33.20909],[129.93178,33.20652]]],[[[129.94823,33.20262],[129.94448,33.20261],[129.94037,33.2041],[129.94061,33.20648],[129.93887,33.20676],[129.93969,33.20816],[129.93877,33.2098],[129.94143,33.21049],[129.94188,33.21254],[129.94286,33.21335],[129.94216,33.21465],[129.94149,33.21378],[129.94009,33.21432],[129.94103,33.21504],[129.94048,33.21608],[129.9394,33.21658],[129.93616,33.21411],[129.93398,33.2146],[129.93245,33.21363],[129.93217,33.21289],[129.93473,33.2117],[129.93638,33.21178],[129.93761,33.20811],[129.93692,33.2072],[129.93477,33.20692],[129.93481,33.20641],[129.93389,33.20613],[129.93247,33.20648],[129.93245,33.20561],[129.93396,33.20487],[129.93427,33.20325],[129.9349,33.2029],[129.93693,33.20261],[129.93742,33.20316],[129.93813,33.20293],[129.93876,33.20339],[129.94006,33.19968],[129.9401,33.19721],[129.94085,33.19657],[129.94194,33.19731],[129.94376,33.19757],[129.94494,33.19698],[129.94452,33.19662],[129.94517,33.19637],[129.94557,33.19688],[129.94522,33.19757],[129.94823,33.20262]]],[[[129.94547,33.21557],[129.94558,33.21612],[129.94399,33.21737],[129.93887,33.21876],[129.93705,33.21832],[129.94063,33.21597],[129.94103,33.21504],[129.94009,33.21432],[129.94057,33.21387],[129.94149,33.21378],[129.94216,33.21465],[129.94286,33.21335],[129.94547,33.21557]]]]}},{"type":"Feature","properties":{"vid":"K64G07S00048","name":"神六村","reading":"じんろく","gun":"杵島郡","domains":["saga"],"isShared":false,"shared":[]},"geometry":{"type":"MultiPolygon","coordinates":[[[[129.95666,33.15476],[129.95415,33.15591],[129.95243,33.15616],[129.95033,33.1594],[129.94733,33.1617],[129.94698,33.16264],[129.94492,33.16454],[129.94336,33.16444],[129.9414,33.15977],[129.94153,33.15758],[129.94334,33.1543],[129.94369,33.15079],[129.94505,33.14801],[129.94488,33.14626],[129.94574,33.14422],[129.94652,33.14409],[129.9475,33.1431],[129.94807,33.14094],[129.95072,33.14156],[129.95501,33.14725],[129.95568,33.15173],[129.95666,33.15476]]],[[[129.97907,33.13847],[129.97932,33.13743],[129.97846,33.13605],[129.97865,33.13545],[129.97665,33.13293],[129.98216,33.13283],[129.98276,33.13518],[129.98462,33.13644],[129.98488,33.13715],[129.98339,33.13738],[129.98183,33.13859],[129.97907,33.13847]]],[[[129.97665,33.13293],[129.9738,33.13361],[129.97302,33.13252],[129.97495,33.13091],[129.9745,33.13033],[129.97123,33.13083],[129.96985,33.12703],[129.96809,33.11926],[129.9662,33.11686],[129.96443,33.11598],[129.96364,33.115],[129.9645,33.11535],[129.96536,33.11446],[129.96618,33.11433],[129.96905,33.11527],[129.97047,33.11374],[129.97304,33.11272],[129.97491,33.11052],[129.97602,33.11033],[129.97747,33.11078],[129.97763,33.11145],[129.97858,33.11137],[129.97977,33.11245],[129.98193,33.11286],[129.98286,33.11396],[129.98278,33.11489],[129.98432,33.11483],[129.98663,33.11734],[129.9891,33.11691],[129.99092,33.11541],[129.99229,33.11574],[129.99241,33.11658],[129.99378,33.1173],[129.9931,33.11852],[129.99452,33.12114],[129.99522,33.12575],[129.99487,33.1269],[129.99315,33.12858],[129.99231,33.12933],[129.9914,33.12925],[129.98817,33.13385],[129.98902,33.13526],[129.99147,33.13441],[129.99177,33.13552],[129.99298,33.13683],[129.9917,33.13718],[129.99021,33.13598],[129.98802,33.13739],[129.98695,33.13685],[129.98673,33.13598],[129.98488,33.13715],[129.98462,33.13644],[129.98276,33.13518],[129.98216,33.13283],[129.97665,33.13293]]],[[[129.95666,33.15476],[129.95568,33.15173],[129.95501,33.14725],[129.95072,33.14156],[129.94807,33.14094],[129.94789,33.13801],[129.94922,33.13691],[129.94885,33.13407],[129.94991,33.13327],[129.95428,33.13517],[129.95633,33.1372],[129.96217,33.13867],[129.96263,33.14042],[129.96467,33.14046],[129.96605,33.14107],[129.96536,33.14417],[129.96397,33.14824],[129.96271,33.15029],[129.96261,33.15199],[129.96122,33.15528],[129.95965,33.15473],[129.95876,33.15518],[129.95666,33.15476]]],[[[129.96185,33.15376],[129.96261,33.15199],[129.96271,33.15029],[129.96397,33.14824],[129.96536,33.14417],[129.96605,33.14107],[129.96467,33.14046],[129.96263,33.14042],[129.96217,33.13867],[129.95633,33.1372],[129.95428,33.13517],[129.94991,33.13327],[129.95138,33.13196],[129.95351,33.13233],[129.95379,33.13147],[129.95578,33.12951],[129.95646,33.12787],[129.95666,33.11804],[129.95531,33.11656],[129.95455,33.11418],[129.95216,33.11202],[129.95129,33.10996],[129.95434,33.10821],[129.95856,33.10913],[129.95989,33.11288],[129.96274,33.11415],[129.96389,33.11555],[129.96713,33.11781],[129.96826,33.11964],[129.96985,33.12703],[129.97119,33.13077],[129.9745,33.13033],[129.97495,33.13091],[129.973,33.13261],[129.9738,33.13361],[129.97665,33.13293],[129.97865,33.13545],[129.97846,33.13605],[129.97932,33.13743],[129.97907,33.13847],[129.97763,33.13866],[129.97731,33.13973],[129.97141,33.14372],[129.96966,33.1444],[129.9697,33.14566],[129.96824,33.14674],[129.96686,33.14923],[129.9662,33.15307],[129.96479,33.15397],[129.96363,33.15358],[129.96353,33.153],[129.96262,33.15381],[129.96185,33.15376]]],[[[129.96122,33.15528],[129.96185,33.15376],[129.96262,33.15381],[129.96343,33.15301],[129.96363,33.15358],[129.9647,33.15397],[129.9662,33.15307],[129.96686,33.14923],[129.96824,33.14674],[129.9697,33.14566],[129.96955,33.14462],[129.97004,33.14403],[129.97141,33.14372],[129.97652,33.14001],[129.97731,33.13973],[129.9792,33.14027],[129.97978,33.14126],[129.9795,33.143],[129.97998,33.14374],[129.97932,33.14493],[129.97992,33.14751],[129.98062,33.14766],[129.98046,33.14856],[129.981,33.14924],[129.98131,33.15139],[129.9803,33.15225],[129.98168,33.15333],[129.98158,33.15421],[129.98035,33.1558],[129.98116,33.15723],[129.9809,33.15926],[129.98158,33.16078],[129.97845,33.16357],[129.9776,33.16572],[129.97683,33.16581],[129.97546,33.16362],[129.97385,33.16395],[129.97254,33.16305],[129.97087,33.16398],[129.97071,33.16286],[129.9696,33.16323],[129.96905,33.164],[129.96696,33.16337],[129.96539,33.1623],[129.96432,33.16078],[129.96461,33.15967],[129.96295,33.15616],[129.96122,33.15528]]]]}},{"type":"Feature","properties":{"vid":"K64G07S00049","name":"宮野村","reading":"みやの","gun":"杵島郡","domains":["saga"],"isShared":false,"shared":[]},"geometry":{"type":"MultiPolygon","coordinates":[[[[129.94085,33.19657],[129.9401,33.19721],[129.94006,33.19968],[129.93876,33.20339],[129.93813,33.20293],[129.93742,33.20316],[129.93693,33.20261],[129.93528,33.20019],[129.93537,33.19927],[129.93384,33.19918],[129.9332,33.19978],[129.93051,33.19804],[129.93164,33.19645],[129.93136,33.19589],[129.93287,33.19577],[129.93335,33.19353],[129.93445,33.19337],[129.93538,33.19382],[129.93617,33.19348],[129.93714,33.19409],[129.93655,33.19453],[129.93677,33.19686],[129.9412,33.19464],[129.94085,33.19657]]],[[[129.93178,33.20652],[129.92937,33.20909],[129.92983,33.21066],[129.92855,33.21062],[129.9287,33.20918],[129.92796,33.2093],[129.92755,33.21022],[129.92751,33.20907],[129.92619,33.2091],[129.92476,33.20847],[129.92521,33.20735],[129.92697,33.20734],[129.92675,33.2063],[129.92796,33.20564],[129.93096,33.20597],[129.93178,33.20652]]],[[[129.9272,33.1891],[129.92914,33.18676],[129.92815,33.18587],[129.92891,33.18526],[129.92689,33.18309],[129.92594,33.17747],[129.91765,33.1743],[129.91725,33.17124],[129.9193,33.17223],[129.92089,33.17235],[129.92194,33.17355],[129.92656,33.17414],[129.92849,33.17378],[129.92967,33.17637],[129.93179,33.17332],[129.93225,33.17564],[129.93326,33.17688],[129.9333,33.1783],[129.93183,33.17911],[129.93613,33.1808],[129.93529,33.18138],[129.93553,33.18205],[129.93486,33.18297],[129.93452,33.1851],[129.93309,33.1853],[129.931,33.18681],[129.93123,33.18784],[129.93075,33.18987],[129.92967,33.19131],[129.92889,33.19054],[129.92936,33.19007],[129.92876,33.19024],[129.9272,33.1891]]],[[[129.92302,33.19813],[129.92192,33.19856],[129.91946,33.19487],[129.91253,33.19559],[129.91263,33.19499],[129.91139,33.19384],[129.91214,33.19337],[129.91302,33.19176],[129.91165,33.18869],[129.912,33.18627],[129.91256,33.1859],[129.91352,33.18657],[129.91463,33.18655],[129.91502,33.18534],[129.91472,33.18393],[129.91795,33.18282],[129.91846,33.18074],[129.91896,33.1805],[129.9176,33.1793],[129.91765,33.1743],[129.92594,33.17747],[129.92689,33.18309],[129.92891,33.18526],[129.92815,33.18587],[129.92914,33.18676],[129.92705,33.18943],[129.92609,33.18918],[129.92446,33.19006],[129.9251,33.19284],[129.92307,33.19526],[129.92302,33.19813]]],[[[129.92302,33.19813],[129.92307,33.19526],[129.9251,33.19284],[129.92452,33.18998],[129.9272,33.1891],[129.92876,33.19024],[129.92936,33.19007],[129.92889,33.19054],[129.92967,33.19131],[129.93075,33.18987],[129.93108,33.1867],[129.93309,33.1853],[129.93452,33.1851],[129.93452,33.18677],[129.93345,33.18791],[129.93377,33.18965],[129.93328,33.1911],[129.93431,33.19166],[129.93459,33.19247],[129.93394,33.19266],[129.93379,33.19357],[129.93335,33.19353],[129.93287,33.19577],[129.93136,33.19589],[129.93164,33.19645],[129.93051,33.19804],[129.92788,33.19768],[129.9257,33.19886],[129.92302,33.19813]]],[[[129.93178,33.20652],[129.93096,33.20597],[129.92976,33.20612],[129.92861,33.20563],[129.92675,33.2063],[129.92509,33.20387],[129.9243,33.20358],[129.92366,33.20198],[129.92428,33.20155],[129.92333,33.20008],[129.92256,33.19991],[129.92205,33.19851],[129.92302,33.19813],[129.92584,33.19885],[129.92788,33.19768],[129.93051,33.19804],[129.9332,33.19978],[129.93384,33.19918],[129.93537,33.19927],[129.93528,33.20019],[129.93693,33.20261],[129.93431,33.20319],[129.93402,33.20481],[129.9325,33.20554],[129.93178,33.20652]]],[[[129.91253,33.19559],[129.91946,33.19487],[129.92013,33.19548],[129.92004,33.19625],[129.92086,33.19649],[129.92227,33.1987],[129.92256,33.19991],[129.92333,33.20008],[129.92428,33.20155],[129.92366,33.20198],[129.9243,33.20358],[129.92499,33.20377],[129.9265,33.20566],[129.92697,33.20734],[129.92643,33.20714],[129.9267,33.20745],[129.92611,33.2076],[129.92109,33.20725],[129.92011,33.20669],[129.91758,33.20675],[129.91736,33.20385],[129.91621,33.20402],[129.91519,33.20596],[129.91323,33.20522],[129.91281,33.20545],[129.9132,33.20473],[129.9115,33.20312],[129.91071,33.20327],[129.91069,33.20216],[129.9102,33.20188],[129.9106,33.20147],[129.90972,33.20096],[129.91001,33.20022],[129.91106,33.20023],[129.91096,33.19791],[129.91251,33.19734],[129.91292,33.19616],[129.91253,33.19559]]],[[[129.93452,33.1851],[129.93486,33.18297],[129.93553,33.18205],[129.93529,33.18138],[129.93613,33.1808],[129.93947,33.18318],[129.94214,33.18365],[129.94265,33.18446],[129.94381,33.18439],[129.94486,33.18584],[129.94539,33.18775],[129.94611,33.18802],[129.94584,33.18912],[129.9437,33.19125],[129.94303,33.19258],[129.94122,33.19355],[129.94109,33.19479],[129.93983,33.195],[129.93708,33.19696],[129.93655,33.19453],[129.93714,33.19409],[129.93617,33.19348],[129.93538,33.19382],[129.93378,33.19351],[129.93394,33.19266],[129.93459,33.19247],[129.93431,33.19166],[129.93328,33.1911],[129.93377,33.18965],[129.93345,33.18791],[129.93452,33.18677],[129.93452,33.1851]]],[[[129.93499,33.22935],[129.93223,33.22943],[129.93256,33.22792],[129.93155,33.22669],[129.93132,33.22545],[129.92941,33.22523],[129.93087,33.22405],[129.93205,33.22169],[129.93217,33.21289],[129.93301,33.21422],[129.93398,33.2146],[129.93616,33.21411],[129.93945,33.21665],[129.93645,33.2186],[129.93656,33.22003],[129.9378,33.22171],[129.93846,33.22366],[129.93633,33.22743],[129.93499,33.22853],[129.93499,33.22935]]],[[[129.92983,33.21066],[129.93217,33.21289],[129.93205,33.22169],[129.93152,33.22201],[129.93066,33.22197],[129.92993,33.22092],[129.92701,33.22097],[129.92681,33.22034],[129.92524,33.21977],[129.92332,33.2183],[129.92358,33.21937],[129.92285,33.21937],[129.92203,33.22035],[129.92136,33.22014],[129.91954,33.21732],[129.91823,33.21729],[129.91836,33.21814],[129.91768,33.21794],[129.91799,33.21725],[129.91766,33.21657],[129.91896,33.21486],[129.92015,33.21434],[129.92095,33.21322],[129.92354,33.21296],[129.92354,33.21231],[129.92515,33.21058],[129.92552,33.20886],[129.92751,33.20907],[129.92755,33.21022],[129.92796,33.2093],[129.9287,33.20918],[129.92855,33.21062],[129.92983,33.21066]]],[[[129.91096,33.19791],[129.91106,33.20023],[129.91001,33.20022],[129.90973,33.20104],[129.9106,33.20147],[129.9102,33.20188],[129.91069,33.20216],[129.91071,33.20327],[129.9115,33.20312],[129.9132,33.20473],[129.91281,33.20545],[129.91323,33.20522],[129.91519,33.20596],[129.91621,33.20402],[129.91736,33.20385],[129.91758,33.20675],[129.92514,33.2073],[129.92476,33.20847],[129.92559,33.20873],[129.92515,33.21058],[129.92354,33.21231],[129.92326,33.21325],[129.92095,33.21322],[129.91766,33.21657],[129.91616,33.21737],[129.91551,33.21894],[129.91423,33.21934],[129.91281,33.22092],[129.91198,33.21897],[129.90884,33.22157],[129.90804,33.22105],[129.90801,33.22186],[129.90681,33.22153],[129.90675,33.22249],[129.90615,33.22188],[129.90531,33.22188],[129.90525,33.22143],[129.90479,33.2216],[129.90575,33.22028],[129.9043,33.2202],[129.90349,33.21959],[129.90403,33.21906],[129.9037,33.21818],[129.90117,33.21769],[129.90198,33.21686],[129.90168,33.21415],[129.90241,33.21361],[129.90436,33.20888],[129.90522,33.20839],[129.9065,33.20652],[129.90631,33.20517],[129.90571,33.20477],[129.90484,33.20261],[129.90559,33.20013],[129.90715,33.1987],[129.91096,33.19791]]],[[[129.9312,33.22993],[129.92985,33.22942],[129.92631,33.2293],[129.92431,33.22972],[129.92383,33.22833],[129.92095,33.22593],[129.92,33.2264],[129.91785,33.22643],[129.91531,33.22777],[129.90981,33.22692],[129.90381,33.22778],[129.89987,33.22668],[129.89942,33.22528],[129.89739,33.22366],[129.90033,33.22034],[129.90117,33.21769],[129.9037,33.21818],[129.90403,33.21906],[129.90349,33.21959],[129.9043,33.2202],[129.90575,33.22028],[129.90479,33.2216],[129.90525,33.22143],[129.90531,33.22188],[129.90615,33.22188],[129.90681,33.2225],[129.90681,33.22153],[129.90801,33.22186],[129.90804,33.22105],[129.90884,33.22157],[129.91198,33.21897],[129.91281,33.22092],[129.91423,33.21934],[129.91551,33.21894],[129.91616,33.21737],[129.91766,33.21657],[129.91799,33.21725],[129.91768,33.21794],[129.91836,33.21814],[129.91823,33.21729],[129.91954,33.21732],[129.92144,33.22021],[129.92203,33.22035],[129.92285,33.21937],[129.92358,33.21937],[129.92329,33.21829],[129.92524,33.21977],[129.92681,33.22034],[129.92706,33.22099],[129.92993,33.22092],[129.93102,33.22219],[129.93205,33.22169],[129.93087,33.22405],[129.9294,33.22518],[129.93127,33.22541],[129.93155,33.22669],[129.93256,33.22792],[129.93223,33.22943],[129.9312,33.22993]]]]}},{"type":"Feature","properties":{"vid":"K64G07S00050","name":"三間坂村","reading":"みまさか","gun":"杵島郡","domains":["saga"],"isShared":false,"shared":[]},"geometry":{"type":"MultiPolygon","coordinates":[[[[129.96238,33.19567],[129.96223,33.198],[129.96155,33.19765],[129.96151,33.19805],[129.96069,33.19769],[129.95795,33.19799],[129.95751,33.19736],[129.95791,33.19572],[129.95565,33.19545],[129.95595,33.19218],[129.95886,33.19246],[129.95848,33.19457],[129.96116,33.19447],[129.96238,33.19567]]],[[[129.95795,33.19799],[129.95749,33.19907],[129.95443,33.2002],[129.95372,33.20153],[129.95185,33.20174],[129.9519,33.20056],[129.95332,33.19955],[129.95309,33.19776],[129.9547,33.19675],[129.956,33.19696],[129.9565,33.19556],[129.95791,33.19572],[129.95751,33.19736],[129.95795,33.19799]]],[[[129.95262,33.19324],[129.95575,33.19417],[129.95565,33.19545],[129.9565,33.19556],[129.956,33.19696],[129.95207,33.19705],[129.9519,33.19538],[129.95247,33.19509],[129.95262,33.19324]]],[[[129.94915,33.20389],[129.94708,33.20043],[129.94849,33.2002],[129.94939,33.1991],[129.94859,33.19719],[129.94896,33.19616],[129.9519,33.19538],[129.95207,33.19705],[129.9547,33.19675],[129.95294,33.19802],[129.95332,33.19955],[129.9519,33.20056],[129.95179,33.20125],[129.95189,33.20179],[129.95266,33.20195],[129.95241,33.20234],[129.95172,33.20257],[129.95157,33.20338],[129.94915,33.20389]]],[[[129.94708,33.20043],[129.94522,33.19757],[129.94557,33.19688],[129.94517,33.19637],[129.94549,33.19656],[129.94568,33.19601],[129.94493,33.19562],[129.94505,33.19458],[129.94826,33.19499],[129.94881,33.19566],[129.94912,33.19659],[129.94859,33.19719],[129.94939,33.1991],[129.94849,33.2002],[129.94708,33.20043]]],[[[129.95951,33.17772],[129.96076,33.17882],[129.96122,33.17785],[129.96309,33.17907],[129.96437,33.17884],[129.96443,33.17841],[129.96677,33.18151],[129.96806,33.18268],[129.96919,33.18302],[129.96957,33.18396],[129.96874,33.18505],[129.96136,33.18595],[129.96071,33.18643],[129.95604,33.1866],[129.95473,33.18731],[129.95446,33.18444],[129.95691,33.18227],[129.95748,33.1801],[129.95951,33.17772]]],[[[129.95473,33.18731],[129.95604,33.1866],[129.95871,33.18654],[129.95774,33.18937],[129.9597,33.18949],[129.95886,33.19246],[129.95595,33.19218],[129.95575,33.19417],[129.95354,33.19336],[129.95045,33.19313],[129.94966,33.19194],[129.95473,33.18731]]],[[[129.96874,33.18505],[129.96808,33.18737],[129.96646,33.18822],[129.9654,33.18975],[129.96646,33.18987],[129.96621,33.1929],[129.96535,33.19322],[129.96512,33.19589],[129.96238,33.19567],[129.96179,33.19484],[129.96045,33.19432],[129.95848,33.19457],[129.95973,33.18968],[129.95956,33.1893],[129.95774,33.18937],[129.95871,33.18654],[129.96874,33.18505]]],[[[129.94517,33.19637],[129.94452,33.19662],[129.94494,33.19698],[129.94371,33.19757],[129.94194,33.19731],[129.9407,33.19613],[129.94125,33.19351],[129.94278,33.19282],[129.94402,33.19097],[129.94536,33.19084],[129.94627,33.19104],[129.9461,33.19156],[129.94678,33.19152],[129.94673,33.19209],[129.94728,33.19195],[129.94715,33.19266],[129.9488,33.19228],[129.94909,33.19389],[129.94904,33.19467],[129.94826,33.19499],[129.94505,33.19458],[129.94493,33.19562],[129.94568,33.19601],[129.94549,33.19656],[129.94517,33.19637]]],[[[129.9496,33.19202],[129.95045,33.19313],[129.95262,33.19324],[129.95247,33.19509],[129.95057,33.19599],[129.94896,33.19616],[129.94826,33.19499],[129.94904,33.19467],[129.9488,33.19244],[129.94937,33.19252],[129.9496,33.19202]]]]}},{"type":"Feature","properties":{"vid":"K64G07S00051","name":"川上村","reading":"かわかみ","gun":"杵島郡","domains":["hasuike"],"isShared":false,"shared":[]},"geometry":{"type":"Polygon","coordinates":[[[130.03485,33.21589],[130.03683,33.21679],[130.03682,33.21808],[130.03329,33.22057],[130.03532,33.22268],[130.03253,33.22457],[130.03247,33.22615],[130.03145,33.22658],[130.03192,33.22687],[130.03173,33.22752],[130.03364,33.22877],[130.03224,33.22906],[130.03192,33.22867],[130.03144,33.22907],[130.03096,33.22744],[130.03016,33.22768],[130.0314,33.23028],[130.03174,33.23278],[130.03438,33.23469],[130.03104,33.23321],[130.03101,33.23528],[130.02996,33.23644],[130.0304,33.23822],[130.03154,33.24001],[130.03132,33.24043],[130.03195,33.24192],[130.03147,33.24413],[130.0319,33.24529],[130.03044,33.24782],[130.0253,33.24714],[130.02119,33.24439],[130.01938,33.24408],[130.01634,33.24068],[130.01383,33.24062],[130.01466,33.23505],[130.0155,33.23494],[130.01528,33.23415],[130.01588,33.23392],[130.0153,33.2334],[130.01558,33.23237],[130.01681,33.23177],[130.02156,33.22735],[130.02254,33.22715],[130.024,33.22595],[130.02577,33.22247],[130.0267,33.22128],[130.02787,33.22077],[130.02776,33.21959],[130.03036,33.21917],[130.03311,33.21779],[130.03485,33.21589]]]}},{"type":"Feature","properties":{"vid":"K64G07S00053","name":"山中村","reading":"やまなか","gun":"杵島郡","domains":["hasuike"],"isShared":false,"shared":[]},"geometry":{"type":"Polygon","coordinates":[[[130.00185,33.23103],[130.00501,33.2328],[130.00858,33.23608],[130.01049,33.23662],[130.0119,33.23909],[130.01075,33.24194],[130.01196,33.24231],[130.01293,33.24196],[130.01421,33.24044],[130.01627,33.24065],[130.0193,33.24401],[130.01694,33.24389],[130.0148,33.2445],[130.01404,33.24801],[130.01216,33.25039],[130.01256,33.25111],[130.0115,33.25184],[130.00457,33.25276],[130.00298,33.25116],[130.00323,33.24985],[130.00215,33.24868],[130.00284,33.24827],[130.0021,33.24749],[130.00262,33.24659],[130.00175,33.24109],[130.0007,33.24087],[130.00055,33.24235],[130.00013,33.24265],[129.99589,33.24389],[129.99479,33.24085],[129.99242,33.24028],[129.99292,33.23951],[129.99369,33.23932],[129.994,33.23804],[129.99761,33.23703],[129.99783,33.23282],[130.00185,33.23103]]]}},{"type":"Feature","properties":{"vid":"K64G07S00054","name":"上野村","reading":"かみの","gun":"杵島郡","domains":["hasuike"],"isShared":false,"shared":[]},"geometry":{"type":"Polygon","coordinates":[[[130.04039,33.17158],[130.03912,33.17224],[130.0377,33.1721],[130.03494,33.16968],[130.03609,33.16911],[130.03368,33.16762],[130.03258,33.16753],[130.03318,33.16649],[130.03317,33.16373],[130.03388,33.16144],[130.03359,33.15781],[130.0354,33.15733],[130.03805,33.15911],[130.04188,33.15949],[130.04237,33.15792],[130.04297,33.15769],[130.04841,33.15874],[130.05074,33.16058],[130.05651,33.16176],[130.05706,33.16328],[130.05672,33.16511],[130.05785,33.1659],[130.05453,33.16632],[130.05376,33.16689],[130.05505,33.16774],[130.05496,33.16825],[130.05685,33.16848],[130.05524,33.17214],[130.05017,33.17148],[130.04758,33.17181],[130.04562,33.16915],[130.04335,33.16898],[130.04202,33.16945],[130.04039,33.17158]]]}},{"type":"Feature","properties":{"vid":"K64G07S00055","name":"上滝村","reading":"わたき","gun":"杵島郡","domains":["hasuike"],"isShared":false,"shared":[]},"geometry":{"type":"MultiPolygon","coordinates":[[[[130.04034,33.21411],[130.04172,33.21503],[130.04242,33.21455],[130.04287,33.21562],[130.04457,33.21601],[130.04664,33.21404],[130.04764,33.21475],[130.04854,33.21396],[130.05095,33.21577],[130.05173,33.21731],[130.0462,33.21953],[130.04599,33.21911],[130.0443,33.22046],[130.04235,33.2206],[130.04183,33.22273],[130.04013,33.22384],[130.03844,33.22358],[130.03768,33.2226],[130.03719,33.22071],[130.03532,33.22268],[130.03329,33.22057],[130.03677,33.21816],[130.03683,33.21679],[130.03623,33.21635],[130.04034,33.21411]],[[130.04107,33.21857],[130.04003,33.2181],[130.03961,33.21495],[130.0369,33.21687],[130.03794,33.21805],[130.04027,33.21928],[130.04107,33.21857]]],[[[130.04034,33.21411],[130.03954,33.21442],[130.03979,33.21365],[130.03929,33.2132],[130.0435,33.20956],[130.04387,33.2097],[130.04334,33.20918],[130.04381,33.20872],[130.04469,33.20833],[130.04505,33.20876],[130.04609,33.20837],[130.04701,33.20874],[130.04583,33.21034],[130.04522,33.21],[130.04431,33.21039],[130.0435,33.21112],[130.04384,33.21149],[130.0418,33.2126],[130.04034,33.21411]]],[[[130.03594,33.21028],[130.03726,33.20919],[130.03752,33.20941],[130.03933,33.20844],[130.04145,33.20599],[130.0455,33.20787],[130.04727,33.20766],[130.04872,33.20675],[130.05183,33.20789],[130.0534,33.20798],[130.05133,33.21005],[130.05059,33.20945],[130.04779,33.21152],[130.05014,33.21424],[130.04964,33.21468],[130.04854,33.21396],[130.04764,33.21475],[130.04664,33.21404],[130.04457,33.21601],[130.04287,33.21562],[130.04242,33.21455],[130.04172,33.21503],[130.04034,33.21411],[130.0418,33.2126],[130.04384,33.21149],[130.0435,33.21112],[130.04431,33.21039],[130.04522,33.21],[130.04583,33.21034],[130.04701,33.20874],[130.04609,33.20837],[130.04505,33.20876],[130.04469,33.20833],[130.04381,33.20872],[130.04334,33.20918],[130.04387,33.2097],[130.0435,33.20956],[130.03929,33.2132],[130.03979,33.21365],[130.03954,33.21442],[130.03596,33.2166],[130.03485,33.21589],[130.03633,33.21551],[130.03855,33.21362],[130.03787,33.21296],[130.03848,33.21247],[130.03594,33.21028]]],[[[130.04107,33.21857],[130.04027,33.21928],[130.03794,33.21805],[130.0369,33.21687],[130.03961,33.21495],[130.04003,33.2181],[130.04107,33.21857]]]]}},{"type":"Feature","properties":{"vid":"K64G07S00058","name":"成瀬村","reading":"なるせ","gun":"杵島郡","domains":["hasuike"],"isShared":false,"shared":[]},"geometry":{"type":"Polygon","coordinates":[[[130.05436,33.20607],[130.05503,33.20439],[130.05348,33.20191],[130.05363,33.20089],[130.04976,33.19906],[130.05055,33.19676],[130.05457,33.19775],[130.05504,33.19686],[130.05649,33.19745],[130.05928,33.19967],[130.06105,33.20204],[130.06022,33.20304],[130.05938,33.20577],[130.05765,33.20639],[130.05673,33.20544],[130.05436,33.20607]]]}},{"type":"Feature","properties":{"vid":"K64G08S00001","name":"中村","reading":"なか","gun":"藤津郡","domains":["kashima"],"isShared":false,"shared":[]},"geometry":{"type":"MultiPolygon","coordinates":[[[[130.09322,33.11502],[130.09528,33.11731],[130.09693,33.12193],[130.0911,33.12258],[130.08982,33.1221],[130.08417,33.12191],[130.0814,33.12287],[130.07923,33.1187],[130.09322,33.11502]]],[[[130.08473,33.11183],[130.08635,33.11291],[130.09322,33.11502],[130.07923,33.1187],[130.0785,33.11728],[130.08079,33.11653],[130.08055,33.11562],[130.08212,33.1129],[130.08473,33.11183]]],[[[130.09491,33.11502],[130.09617,33.11516],[130.09702,33.11756],[130.09556,33.11808],[130.09403,33.11572],[130.09361,33.1157],[130.09378,33.1152],[130.09491,33.11502]]],[[[130.09556,33.11808],[130.09702,33.11756],[130.09718,33.11793],[130.09801,33.11774],[130.0994,33.12009],[130.09861,33.12031],[130.09895,33.12152],[130.09693,33.12193],[130.09556,33.11808]]]]}},{"type":"Feature","properties":{"vid":"K64G08S00002","name":"森村","reading":"もり","gun":"藤津郡","domains":["kashima"],"isShared":false,"shared":[]},"geometry":{"type":"MultiPolygon","coordinates":[[[[130.08357,33.12223],[130.08437,33.12191],[130.09249,33.12251],[130.09345,33.12967],[130.09182,33.12913],[130.09007,33.12963],[130.08655,33.12971],[130.08237,33.13077],[130.08081,33.12765],[130.08217,33.12737],[130.08178,33.12628],[130.08238,33.1261],[130.08196,33.12486],[130.08403,33.12429],[130.08357,33.12223]]],[[[130.09693,33.12193],[130.09895,33.12152],[130.09907,33.12184],[130.0994,33.12621],[130.09877,33.12626],[130.09923,33.13082],[130.0956,33.13123],[130.09462,33.1309],[130.09345,33.12967],[130.09249,33.12251],[130.09693,33.12193]]]]}},{"type":"Feature","properties":{"vid":"K64G08S00003","name":"八本木村","reading":"はちほんぎ","gun":"藤津郡","domains":["kashima"],"isShared":false,"shared":[]},"geometry":{"type":"MultiPolygon","coordinates":[[[[130.11613,33.10084],[130.11383,33.09806],[130.11171,33.09996],[130.11021,33.09787],[130.10752,33.09562],[130.11359,33.09259],[130.11648,33.09584],[130.11591,33.09636],[130.12152,33.10114],[130.12062,33.10191],[130.11613,33.10084]]],[[[130.11359,33.09259],[130.1145,33.09241],[130.1147,33.0916],[130.11607,33.0918],[130.11603,33.09229],[130.11696,33.09215],[130.1183,33.09419],[130.11648,33.09584],[130.11359,33.09259]]],[[[130.1183,33.09419],[130.11696,33.09215],[130.11603,33.09229],[130.11607,33.0918],[130.11948,33.09177],[130.11876,33.09325],[130.11914,33.09345],[130.1183,33.09419]]],[[[130.12766,33.10358],[130.12062,33.10191],[130.12152,33.10114],[130.11591,33.09636],[130.11914,33.09345],[130.11876,33.09325],[130.11948,33.09177],[130.12266,33.09353],[130.12679,33.09456],[130.1268,33.09529],[130.12715,33.09463],[130.12806,33.09492],[130.12956,33.09386],[130.12926,33.09413],[130.13083,33.09511],[130.13522,33.09733],[130.1377,33.09668],[130.13741,33.09712],[130.13525,33.0974],[130.132,33.10428],[130.13069,33.10442],[130.12766,33.10358]]],[[[130.12938,33.0928],[130.12595,33.09346],[130.12549,33.09412],[130.12266,33.09353],[130.11948,33.09177],[130.12004,33.09094],[130.12132,33.09055],[130.1217,33.09139],[130.1232,33.09102],[130.12347,33.09185],[130.1246,33.09235],[130.12554,33.0924],[130.12723,33.09131],[130.1292,33.09184],[130.12938,33.0928]]],[[[130.11173,33.0782],[130.11243,33.07741],[130.11263,33.07546],[130.11468,33.07514],[130.11369,33.07576],[130.1136,33.07698],[130.11382,33.08085],[130.11443,33.08254],[130.11427,33.0846],[130.11621,33.08645],[130.11619,33.08828],[130.11896,33.08969],[130.11758,33.09036],[130.11794,33.09152],[130.11607,33.0918],[130.11389,33.09137],[130.11014,33.08814],[130.11175,33.08153],[130.11173,33.0782]]],[[[130.11948,33.09177],[130.11757,33.09125],[130.11758,33.09036],[130.11896,33.08969],[130.12079,33.08969],[130.12132,33.09055],[130.12004,33.09094],[130.11948,33.09177]]],[[[130.11443,33.08254],[130.11498,33.08259],[130.11682,33.07721],[130.11772,33.08112],[130.11978,33.08292],[130.12046,33.08423],[130.12234,33.08535],[130.12292,33.08654],[130.12429,33.0869],[130.12324,33.08752],[130.12462,33.08778],[130.1252,33.08947],[130.12685,33.08907],[130.12764,33.08972],[130.12786,33.09061],[130.12658,33.09193],[130.1246,33.09235],[130.12347,33.09185],[130.1232,33.09102],[130.1217,33.09139],[130.12079,33.08969],[130.11896,33.08969],[130.11715,33.08901],[130.11619,33.08828],[130.11596,33.08604],[130.11427,33.0846],[130.11443,33.08254]]],[[[130.11682,33.07721],[130.11828,33.07382],[130.12044,33.07288],[130.12237,33.07116],[130.12323,33.07172],[130.12476,33.07385],[130.1241,33.07547],[130.12671,33.08033],[130.12752,33.08596],[130.12988,33.09181],[130.12723,33.09131],[130.12793,33.09044],[130.1275,33.08958],[130.12685,33.08907],[130.1252,33.08947],[130.12462,33.08778],[130.12324,33.08752],[130.12429,33.0869],[130.12292,33.08654],[130.12234,33.08535],[130.12046,33.08423],[130.11978,33.08292],[130.11772,33.08112],[130.11682,33.07721]]]]}},{"type":"Feature","properties":{"vid":"K64G08S00004","name":"古枝村","reading":"ふるえだ","gun":"藤津郡","domains":["kashima"],"isShared":false,"shared":[]},"geometry":{"type":"MultiPolygon","coordinates":[[[[130.11173,33.0782],[130.11175,33.08153],[130.11059,33.08638],[130.10668,33.08752],[130.10622,33.08536],[130.10533,33.08597],[130.10537,33.08135],[130.10493,33.07939],[130.10526,33.07764],[130.1045,33.07516],[130.10537,33.07475],[130.10918,33.07456],[130.11009,33.07592],[130.11039,33.07781],[130.1107,33.07822],[130.11173,33.0782]]],[[[130.10528,33.05011],[130.10205,33.04608],[130.10177,33.04293],[130.09874,33.03612],[130.10347,33.03507],[130.10787,33.04096],[130.10877,33.04437],[130.1083,33.04787],[130.10528,33.05011]]],[[[130.09506,33.02663],[130.09574,33.02664],[130.09874,33.02907],[130.09859,33.03014],[130.09938,33.03148],[130.10093,33.03205],[130.10104,33.03287],[130.10292,33.03403],[130.10347,33.03507],[130.09874,33.03612],[130.09712,33.03483],[130.09614,33.03359],[130.09506,33.02663]]],[[[130.10683,33.03299],[130.10955,33.03454],[130.11009,33.03668],[130.11009,33.0403],[130.10969,33.04061],[130.10754,33.04045],[130.10611,33.03853],[130.1067,33.03675],[130.10557,33.03345],[130.10683,33.03299]]],[[[130.10248,33.06113],[130.10336,33.05411],[130.10461,33.05108],[130.1083,33.04787],[130.10877,33.04437],[130.10754,33.04045],[130.10872,33.04069],[130.11009,33.0403],[130.11009,33.03668],[130.10955,33.03454],[130.10683,33.03299],[130.10716,33.03245],[130.11137,33.03384],[130.11714,33.0373],[130.1175,33.04451],[130.1168,33.0466],[130.11733,33.04785],[130.11634,33.04967],[130.11581,33.05365],[130.11655,33.05553],[130.11253,33.05942],[130.11029,33.06009],[130.10779,33.062],[130.10248,33.06113]]],[[[130.10107,33.07163],[130.10093,33.07036],[130.10192,33.06849],[130.10156,33.06554],[130.10214,33.06431],[130.10248,33.06113],[130.10779,33.062],[130.1089,33.06727],[130.11036,33.07108],[130.11058,33.07346],[130.1125,33.07656],[130.1124,33.07751],[130.11173,33.0782],[130.1107,33.07822],[130.11009,33.07592],[130.10918,33.07456],[130.10537,33.07475],[130.1046,33.07522],[130.1038,33.07286],[130.10107,33.07163]]],[[[130.10391,33.09261],[130.10213,33.09155],[130.10111,33.08856],[130.09682,33.08527],[130.10021,33.08301],[130.10077,33.08044],[130.09979,33.07676],[130.09982,33.07511],[130.10112,33.07331],[130.10107,33.07163],[130.1038,33.07286],[130.10526,33.07764],[130.10493,33.07939],[130.10537,33.08135],[130.10533,33.08597],[130.10622,33.08536],[130.10744,33.08988],[130.10678,33.09015],[130.10721,33.09098],[130.10416,33.09204],[130.10391,33.09261]]],[[[130.10391,33.09261],[130.10416,33.09204],[130.10721,33.09098],[130.10678,33.09015],[130.10744,33.08988],[130.10668,33.08752],[130.11059,33.08638],[130.1101,33.08797],[130.11061,33.08876],[130.11208,33.08955],[130.11339,33.0911],[130.1147,33.0916],[130.1145,33.09241],[130.10752,33.09562],[130.10391,33.09261]]],[[[130.10779,33.062],[130.11029,33.06009],[130.11253,33.05942],[130.11655,33.05553],[130.11765,33.05663],[130.11736,33.05767],[130.11824,33.05922],[130.11809,33.05976],[130.11929,33.06041],[130.11954,33.06153],[130.12027,33.06223],[130.12001,33.06594],[130.12237,33.07116],[130.12044,33.07288],[130.11814,33.07398],[130.11484,33.08266],[130.11382,33.08085],[130.1136,33.07698],[130.11369,33.07576],[130.11468,33.07514],[130.11263,33.07546],[130.1125,33.07656],[130.11151,33.07528],[130.11058,33.07346],[130.11036,33.07108],[130.1089,33.06727],[130.10779,33.062]]],[[[130.09506,33.02663],[130.09464,33.02292],[130.09255,33.01822],[130.09258,33.01638],[130.09209,33.01598],[130.09174,33.01403],[130.09282,33.01191],[130.09282,33.00853],[130.09627,33.0048],[130.09718,33.00818],[130.09709,33.01015],[130.09616,33.01214],[130.09689,33.01424],[130.10426,33.01941],[130.10811,33.02064],[130.1104,33.02356],[130.1133,33.02341],[130.11299,33.02512],[130.11431,33.02688],[130.11407,33.02809],[130.11671,33.03332],[130.11757,33.03674],[130.11714,33.0373],[130.11137,33.03384],[130.10716,33.03245],[130.10557,33.03345],[130.1067,33.03675],[130.10611,33.03853],[130.10292,33.03403],[130.10104,33.03287],[130.10093,33.03205],[130.09938,33.03148],[130.09859,33.03014],[130.09874,33.02907],[130.09574,33.02664],[130.09506,33.02663]]]]}},{"type":"Feature","properties":{"vid":"K64G08S00005","name":"納富分村","reading":"のうどみぶん","gun":"藤津郡","domains":["kashima"],"isShared":false,"shared":[]},"geometry":{"type":"MultiPolygon","coordinates":[[[[130.09539,33.10081],[130.09202,33.09865],[130.09131,33.09622],[130.09025,33.09552],[130.09388,33.093],[130.09797,33.09483],[130.09654,33.09692],[130.09609,33.09971],[130.09539,33.10081]]],[[[130.09826,33.10533],[130.0975,33.10385],[130.09745,33.10203],[130.09539,33.10081],[130.09609,33.09971],[130.09654,33.09692],[130.09797,33.09483],[130.10179,33.09592],[130.10097,33.09785],[130.10078,33.10038],[130.09935,33.10295],[130.09905,33.10474],[130.09826,33.10533]]],[[[130.09858,33.09506],[130.09907,33.09371],[130.0988,33.09316],[130.10038,33.09059],[130.10149,33.09055],[130.10213,33.09155],[130.10391,33.09261],[130.10179,33.09592],[130.09858,33.09506]]],[[[130.10079,33.09975],[130.10097,33.09785],[130.10179,33.09592],[130.10489,33.09715],[130.10745,33.09756],[130.10715,33.09824],[130.1081,33.09832],[130.10845,33.09887],[130.10802,33.10072],[130.10549,33.1027],[130.10468,33.1011],[130.10482,33.10028],[130.10079,33.09975]]],[[[130.11613,33.10084],[130.11571,33.10204],[130.11359,33.10191],[130.10915,33.09991],[130.11016,33.09948],[130.11008,33.0987],[130.11051,33.09856],[130.11171,33.09996],[130.11383,33.09806],[130.11613,33.10084]]],[[[130.09868,33.10597],[130.09826,33.10533],[130.09905,33.10474],[130.09935,33.10295],[130.10079,33.09975],[130.10482,33.10028],[130.10468,33.1011],[130.1054,33.10274],[130.10395,33.10345],[130.10333,33.1046],[130.10249,33.10502],[130.10209,33.10521],[130.10173,33.1045],[130.09868,33.10597]]],[[[130.10179,33.09592],[130.10391,33.09261],[130.11007,33.09773],[130.11051,33.09856],[130.10976,33.09972],[130.1083,33.09976],[130.1081,33.09832],[130.10715,33.09824],[130.10745,33.09756],[130.10489,33.09715],[130.10179,33.09592]]],[[[130.09202,33.09865],[130.08434,33.09366],[130.08249,33.09126],[130.08158,33.09074],[130.0822,33.09015],[130.08096,33.0897],[130.08056,33.08758],[130.08217,33.08859],[130.08564,33.08943],[130.0893,33.09257],[130.09282,33.09408],[130.09025,33.09552],[130.09131,33.09622],[130.09202,33.09865]]]]}},{"type":"Feature","properties":{"vid":"K64G08S00006","name":"重木村","reading":"じゅうのき","gun":"藤津郡","domains":["kashima"],"isShared":false,"shared":[]},"geometry":{"type":"MultiPolygon","coordinates":[[[[130.11571,33.10204],[130.11776,33.10232],[130.11806,33.10291],[130.12022,33.10368],[130.11876,33.1056],[130.11494,33.10533],[130.11502,33.10458],[130.11456,33.10455],[130.11481,33.10226],[130.11175,33.1022],[130.11082,33.10652],[130.10677,33.10639],[130.10916,33.10805],[130.10606,33.10891],[130.1049,33.10612],[130.10424,33.10634],[130.10402,33.10577],[130.10302,33.10602],[130.10319,33.10686],[130.10175,33.10722],[130.1007,33.10692],[130.09956,33.1074],[130.09868,33.10597],[130.10173,33.1045],[130.10209,33.10521],[130.10333,33.1046],[130.10395,33.10345],[130.10689,33.10187],[130.10802,33.10072],[130.1083,33.09976],[130.10976,33.09995],[130.11359,33.10191],[130.11571,33.10204]]],[[[130.11907,33.10631],[130.11612,33.10998],[130.11247,33.11329],[130.11066,33.11426],[130.1085,33.10954],[130.10879,33.10877],[130.10977,33.10845],[130.10677,33.10639],[130.11082,33.10652],[130.11175,33.1022],[130.1122,33.10217],[130.11481,33.10226],[130.11456,33.10455],[130.11502,33.10458],[130.11494,33.10533],[130.11876,33.1056],[130.11907,33.10631]]],[[[130.10226,33.10709],[130.10319,33.10686],[130.10302,33.10602],[130.10402,33.10577],[130.10424,33.10634],[130.1049,33.10612],[130.10606,33.10891],[130.10916,33.10805],[130.10967,33.10832],[130.10879,33.10877],[130.1085,33.10954],[130.11066,33.11426],[130.10711,33.11518],[130.10226,33.10709]]],[[[130.10415,33.11591],[130.10175,33.1156],[130.10023,33.11434],[130.10006,33.11162],[130.09944,33.11013],[130.09992,33.10834],[130.09956,33.1074],[130.1007,33.10692],[130.10226,33.10709],[130.10679,33.11435],[130.10711,33.11518],[130.10415,33.11591]]]]}},{"type":"Feature","properties":{"vid":"K64G08S00007","name":"高津原村","reading":"たかつはら","gun":"藤津郡","domains":["kashima"],"isShared":false,"shared":[]},"geometry":{"type":"MultiPolygon","coordinates":[[[[130.09868,33.10597],[130.09759,33.10856],[130.09716,33.10845],[130.09663,33.107],[130.0955,33.10697],[130.09509,33.10416],[130.09379,33.10221],[130.09297,33.09933],[130.09727,33.10179],[130.0975,33.10385],[130.09868,33.10597]]],[[[130.0932,33.10901],[130.08886,33.10992],[130.08816,33.10849],[130.08664,33.10824],[130.08658,33.10648],[130.08596,33.10652],[130.08587,33.10585],[130.08465,33.1059],[130.08239,33.10173],[130.08036,33.10046],[130.08093,33.09997],[130.08066,33.09929],[130.08149,33.09706],[130.08138,33.09423],[130.08016,33.09231],[130.08158,33.09074],[130.08535,33.09451],[130.09297,33.09933],[130.09366,33.10072],[130.09237,33.10145],[130.09065,33.10165],[130.0909,33.10211],[130.09011,33.103],[130.09077,33.10485],[130.09158,33.10462],[130.09124,33.10542],[130.09233,33.10738],[130.09399,33.10748],[130.09408,33.10783],[130.09297,33.10806],[130.0932,33.10901]]],[[[130.09491,33.11502],[130.09441,33.11525],[130.09198,33.11434],[130.09179,33.11359],[130.09326,33.11325],[130.09409,33.11178],[130.09346,33.11002],[130.09458,33.10976],[130.09425,33.10875],[130.0932,33.10901],[130.09297,33.10806],[130.09408,33.10783],[130.09385,33.10724],[130.09233,33.10738],[130.09124,33.10542],[130.09158,33.10462],[130.09077,33.10485],[130.09011,33.103],[130.0909,33.10211],[130.09065,33.10165],[130.09237,33.10145],[130.09366,33.10072],[130.09379,33.10221],[130.09509,33.10416],[130.0955,33.10697],[130.09663,33.107],[130.09716,33.10845],[130.09759,33.10856],[130.09658,33.10913],[130.09676,33.10964],[130.09502,33.11004],[130.09551,33.1126],[130.09422,33.11296],[130.09491,33.11502]]]]}},{"type":"Feature","properties":{"vid":"K64G08S00008","name":"山浦村","reading":"やまうら","gun":"藤津郡","domains":["saga","kashima"],"isShared":true,"shared":[]},"geometry":{"type":"MultiPolygon","coordinates":[[[[130.06865,33.06796],[130.06716,33.0658],[130.06616,33.06285],[130.06658,33.05899],[130.07017,33.05914],[130.07527,33.05663],[130.08062,33.05498],[130.0813,33.05845],[130.08005,33.06256],[130.07883,33.06485],[130.07829,33.06532],[130.07622,33.065],[130.06865,33.06796]]],[[[130.06658,33.05899],[130.06657,33.05513],[130.06554,33.05368],[130.06537,33.05262],[130.06662,33.05024],[130.06689,33.04698],[130.06793,33.04501],[130.06848,33.04165],[130.07174,33.04121],[130.08139,33.04203],[130.08079,33.04337],[130.08034,33.04745],[130.08009,33.05357],[130.08062,33.05498],[130.07527,33.05663],[130.07017,33.05914],[130.06658,33.05899]]],[[[130.0934,33.04642],[130.0866,33.04485],[130.08479,33.04312],[130.08139,33.04203],[130.08309,33.02948],[130.0848,33.02613],[130.08583,33.02556],[130.08635,33.02345],[130.08574,33.02212],[130.08209,33.01792],[130.07924,33.01603],[130.09253,33.01685],[130.09255,33.01822],[130.09464,33.02292],[130.09614,33.03359],[130.09905,33.03638],[130.10177,33.04293],[130.10205,33.04608],[130.10528,33.05011],[130.10343,33.05391],[130.10087,33.05218],[130.09888,33.04558],[130.0969,33.04195],[130.096,33.04114],[130.09407,33.04079],[130.09412,33.04356],[130.0934,33.04642]]],[[[130.07529,33.07097],[130.07361,33.07091],[130.07288,33.07156],[130.07244,33.07363],[130.07164,33.07381],[130.07067,33.07333],[130.07006,33.07489],[130.06703,33.07444],[130.06653,33.07273],[130.0683,33.06962],[130.06865,33.06796],[130.07622,33.065],[130.08146,33.06651],[130.08045,33.06873],[130.07795,33.07116],[130.07529,33.07097]]],[[[130.09797,33.09483],[130.09388,33.093],[130.09639,33.09015],[130.09854,33.08922],[130.0972,33.08889],[130.09639,33.08788],[130.09486,33.08808],[130.09374,33.08727],[130.09203,33.08713],[130.09161,33.08625],[130.09336,33.07848],[130.09549,33.07884],[130.09635,33.08287],[130.09725,33.08464],[130.09683,33.08514],[130.0971,33.08579],[130.09832,33.08627],[130.10141,33.08911],[130.1018,33.09081],[130.10034,33.09062],[130.0988,33.09316],[130.09907,33.09371],[130.09869,33.09496],[130.09797,33.09483]]],[[[130.09336,33.07848],[130.09164,33.08597],[130.09191,33.08706],[130.09374,33.08727],[130.09486,33.08808],[130.09639,33.08788],[130.0972,33.08889],[130.09854,33.08922],[130.09639,33.09015],[130.09449,33.09236],[130.09321,33.09154],[130.09237,33.09032],[130.09007,33.08969],[130.08816,33.0883],[130.08738,33.08668],[130.08718,33.08419],[130.08426,33.08043],[130.08379,33.0786],[130.08066,33.07815],[130.07936,33.07664],[130.07907,33.07362],[130.07795,33.07116],[130.08045,33.06873],[130.08146,33.06651],[130.08538,33.06964],[130.08909,33.06996],[130.08719,33.07214],[130.08806,33.07438],[130.08885,33.07553],[130.09336,33.07848]]],[[[130.09282,33.09408],[130.0893,33.09257],[130.08564,33.08943],[130.08217,33.08859],[130.07885,33.0868],[130.07842,33.08443],[130.07495,33.08127],[130.07425,33.07997],[130.07423,33.07779],[130.07607,33.07292],[130.07529,33.07097],[130.07795,33.07116],[130.07907,33.07362],[130.07928,33.07644],[130.08031,33.07787],[130.08152,33.07852],[130.08379,33.0786],[130.08426,33.08043],[130.08718,33.08419],[130.08738,33.08668],[130.08816,33.0883],[130.09007,33.08969],[130.09237,33.09032],[130.09321,33.09154],[130.09443,33.09207],[130.09282,33.09408]]],[[[130.09725,33.08464],[130.09635,33.08287],[130.09549,33.07884],[130.09299,33.07832],[130.08885,33.07553],[130.08806,33.07438],[130.08719,33.07214],[130.08909,33.06996],[130.10182,33.06875],[130.1009,33.07052],[130.10112,33.07331],[130.09982,33.07511],[130.09979,33.07676],[130.10077,33.08044],[130.10021,33.08301],[130.09725,33.08464]]],[[[130.08909,33.06996],[130.08538,33.06964],[130.08146,33.06651],[130.07829,33.06532],[130.08005,33.06256],[130.0813,33.05845],[130.08009,33.05357],[130.08055,33.04535],[130.08139,33.04203],[130.08479,33.04312],[130.0866,33.04485],[130.0934,33.04642],[130.09271,33.04798],[130.09265,33.04995],[130.09417,33.05265],[130.09703,33.05499],[130.09812,33.05895],[130.10296,33.05784],[130.10214,33.06431],[130.10156,33.06554],[130.10182,33.06875],[130.08909,33.06996]]],[[[130.06848,33.04165],[130.06691,33.03536],[130.06141,33.02509],[130.06099,33.0222],[130.05785,33.02199],[130.05517,33.02123],[130.0526,33.01922],[130.0504,33.01832],[130.05161,33.01566],[130.04935,33.01212],[130.04854,33.00888],[130.04687,33.0072],[130.0451,33.007],[130.04485,33.00604],[130.044,33.00562],[130.04517,33.00261],[130.04568,33.00197],[130.04707,33.00154],[130.0468,32.99844],[130.04932,32.99791],[130.05167,32.99455],[130.05128,32.99261],[130.05403,32.99168],[130.05505,32.99025],[130.05658,32.98979],[130.05809,32.98777],[130.06123,32.98585],[130.06211,32.98636],[130.06392,32.9864],[130.06517,32.98712],[130.06949,32.98644],[130.0729,32.98779],[130.07606,32.98756],[130.07762,32.98848],[130.07812,32.99021],[130.08047,32.99315],[130.08549,32.99423],[130.08811,32.99388],[130.09123,32.9968],[130.09389,33.00022],[130.09534,33.00113],[130.09627,33.0048],[130.09282,33.00853],[130.09282,33.01191],[130.09174,33.01403],[130.09253,33.01685],[130.07924,33.01603],[130.07615,33.01888],[130.07564,33.02095],[130.07575,33.04157],[130.07174,33.04121],[130.06848,33.04165]]],[[[130.10296,33.05784],[130.09812,33.05895],[130.09703,33.05499],[130.09417,33.05265],[130.09319,33.05128],[130.09265,33.04995],[130.09271,33.04798],[130.09412,33.04356],[130.09407,33.04079],[130.096,33.04114],[130.0969,33.04195],[130.09888,33.04558],[130.10087,33.05218],[130.10343,33.05391],[130.10296,33.05784]]],[[[130.08139,33.04203],[130.07575,33.04157],[130.07564,33.02095],[130.07615,33.01888],[130.07924,33.01603],[130.08209,33.01792],[130.08574,33.02212],[130.08635,33.02345],[130.08583,33.02556],[130.0848,33.02613],[130.08309,33.02948],[130.08139,33.04203]]]]}},{"type":"Feature","properties":{"vid":"K64G08S00009","name":"両岩村","reading":"もろいわ","gun":"藤津郡","domains":["kashima"],"isShared":false,"shared":[]},"geometry":{"type":"Polygon","coordinates":[[[130.04214,33.07174],[130.04254,33.07215],[130.0424,33.07324],[130.04114,33.07478],[130.03935,33.07958],[130.03784,33.08165],[130.03263,33.08289],[130.02759,33.08245],[130.02477,33.08332],[130.02441,33.08199],[130.02325,33.08168],[130.02413,33.08016],[130.02344,33.07818],[130.02528,33.07639],[130.02507,33.07492],[130.02742,33.07078],[130.03121,33.06962],[130.03074,33.07031],[130.03221,33.07094],[130.0329,33.06944],[130.03462,33.07001],[130.03763,33.0701],[130.04214,33.07174]]]}},{"type":"Feature","properties":{"vid":"K64G08S00010","name":"常広村","reading":"つねひろ","gun":"藤津郡","domains":["kashima"],"isShared":false,"shared":[]},"geometry":{"type":"MultiPolygon","coordinates":[[[[130.11907,33.10631],[130.11957,33.10669],[130.12412,33.10642],[130.12632,33.10693],[130.12812,33.10816],[130.12873,33.11],[130.12361,33.11111],[130.12134,33.11211],[130.11826,33.1138],[130.11859,33.11434],[130.11279,33.11719],[130.11141,33.11391],[130.11612,33.10998],[130.11907,33.10631]]],[[[130.09617,33.11516],[130.10348,33.11611],[130.10907,33.1149],[130.11141,33.11391],[130.11279,33.11719],[130.11599,33.11564],[130.11665,33.12142],[130.10579,33.12228],[130.10174,33.12369],[130.09952,33.12374],[130.09907,33.12349],[130.09863,33.12075],[130.09861,33.12031],[130.0994,33.12009],[130.09843,33.11848],[130.10062,33.12099],[130.09987,33.12111],[130.09989,33.12212],[130.10204,33.12204],[130.10474,33.12108],[130.10239,33.11665],[130.10137,33.11656],[130.09718,33.11793],[130.09617,33.11516]]],[[[130.09843,33.11848],[130.09801,33.11774],[130.10137,33.11656],[130.10239,33.11665],[130.10474,33.12108],[130.10204,33.12204],[130.09989,33.12212],[130.09987,33.12111],[130.10062,33.12099],[130.09843,33.11848]]]]}},{"type":"Feature","properties":{"vid":"K64G08S00011","name":"三川内村","reading":"みかわち","gun":"藤津郡","domains":["kashima"],"isShared":false,"shared":[]},"geometry":{"type":"MultiPolygon","coordinates":[[[[130.063,33.08103],[130.05914,33.07639],[130.05669,33.07047],[130.06447,33.06963],[130.06715,33.07109],[130.06653,33.07273],[130.06792,33.07574],[130.06807,33.07723],[130.06702,33.07743],[130.06707,33.07847],[130.06589,33.07958],[130.063,33.08103]]],[[[130.05669,33.07047],[130.05637,33.06915],[130.05459,33.06684],[130.05206,33.0661],[130.05106,33.06518],[130.0479,33.06388],[130.04795,33.06239],[130.05014,33.06107],[130.05225,33.05745],[130.05632,33.05543],[130.05757,33.05535],[130.05695,33.04811],[130.05746,33.04435],[130.05913,33.0449],[130.0613,33.04472],[130.06527,33.04355],[130.06848,33.04165],[130.06793,33.04501],[130.06689,33.04698],[130.06662,33.05024],[130.06535,33.05289],[130.06661,33.05535],[130.06616,33.06285],[130.06716,33.0658],[130.06865,33.06796],[130.0683,33.06962],[130.06715,33.07109],[130.06447,33.06963],[130.05669,33.07047]]],[[[130.05746,33.04435],[130.05695,33.04811],[130.05757,33.05535],[130.05632,33.05543],[130.05225,33.05745],[130.05014,33.06107],[130.04795,33.06239],[130.04697,33.06016],[130.04716,33.05756],[130.04623,33.05468],[130.04555,33.05402],[130.04633,33.05264],[130.04544,33.05005],[130.04551,33.04772],[130.04457,33.04648],[130.04478,33.04471],[130.05549,33.04378],[130.05746,33.04435]]],[[[130.08158,33.09074],[130.08016,33.09231],[130.07821,33.09135],[130.07568,33.09098],[130.07239,33.08771],[130.06901,33.08576],[130.0705,33.08344],[130.07116,33.08384],[130.07178,33.08289],[130.07268,33.08038],[130.07183,33.07864],[130.07292,33.07737],[130.07447,33.07698],[130.07413,33.07872],[130.0745,33.08061],[130.07842,33.08443],[130.07885,33.0868],[130.08032,33.08787],[130.08096,33.0897],[130.0822,33.09015],[130.08158,33.09074]]],[[[130.06901,33.08576],[130.06548,33.08364],[130.063,33.08103],[130.06589,33.07958],[130.06707,33.07847],[130.06702,33.07743],[130.06807,33.07723],[130.06792,33.07574],[130.06703,33.07444],[130.07006,33.07489],[130.07067,33.07333],[130.07164,33.07381],[130.07244,33.07363],[130.07288,33.07156],[130.07361,33.07091],[130.07512,33.07089],[130.07607,33.07292],[130.07447,33.07698],[130.07292,33.07737],[130.07183,33.07864],[130.07268,33.08038],[130.07237,33.0815],[130.07116,33.08384],[130.0705,33.08344],[130.06901,33.08576]]],[[[130.05549,33.04378],[130.04478,33.04471],[130.04498,33.04323],[130.04384,33.0418],[130.04248,33.03775],[130.04043,33.03705],[130.03914,33.03516],[130.03782,33.0297],[130.03844,33.02931],[130.03883,33.0272],[130.03994,33.02555],[130.04206,33.0253],[130.04341,33.02585],[130.04452,33.02482],[130.04478,33.02368],[130.0439,33.02151],[130.04538,33.02128],[130.04625,33.02168],[130.05005,33.02782],[130.0518,33.03188],[130.05379,33.04087],[130.05549,33.04378]]],[[[130.06848,33.04165],[130.06527,33.04355],[130.06009,33.04493],[130.05549,33.04378],[130.05379,33.04087],[130.05096,33.02957],[130.04625,33.02168],[130.04538,33.02128],[130.0439,33.02151],[130.04344,33.02102],[130.0436,33.02014],[130.0423,33.01807],[130.04297,33.01537],[130.04271,33.01442],[130.0438,33.01403],[130.04415,33.01297],[130.04557,33.01182],[130.04622,33.00923],[130.04739,33.00773],[130.04854,33.00888],[130.04935,33.01212],[130.05158,33.01554],[130.0504,33.01832],[130.0526,33.01922],[130.05517,33.02123],[130.05785,33.02199],[130.06099,33.0222],[130.06141,33.02509],[130.06691,33.03536],[130.06848,33.04165]]]]}},{"type":"Feature","properties":{"vid":"K64G08S00012","name":"馬場下村","reading":"ばばした","gun":"藤津郡","domains":["hasuike"],"isShared":false,"shared":[]},"geometry":{"type":"MultiPolygon","coordinates":[[[[130.04685,33.12442],[130.05719,33.12419],[130.05917,33.12478],[130.0581,33.12757],[130.05717,33.12768],[130.05354,33.12708],[130.05348,33.12645],[130.0468,33.12673],[130.0459,33.12635],[130.04598,33.12586],[130.04508,33.12618],[130.04496,33.12448],[130.04685,33.12442]]],[[[130.05779,33.12816],[130.05378,33.13064],[130.04564,33.13132],[130.04976,33.12944],[130.05044,33.12844],[130.05105,33.1285],[130.05126,33.12653],[130.05348,33.12645],[130.05354,33.12708],[130.05482,33.12745],[130.05868,33.12735],[130.05779,33.12816]]],[[[130.03849,33.13305],[130.03745,33.13239],[130.03437,33.12851],[130.03551,33.12766],[130.03716,33.12464],[130.03791,33.12409],[130.0397,33.12396],[130.04496,33.12448],[130.04535,33.12764],[130.04346,33.12954],[130.04262,33.13181],[130.04188,33.13136],[130.03962,33.13161],[130.03849,33.13305]]],[[[130.03256,33.14546],[130.03122,33.1467],[130.03124,33.14752],[130.02941,33.14473],[130.02947,33.1425],[130.02843,33.14021],[130.02868,33.13849],[130.02835,33.138],[130.02465,33.13808],[130.02362,33.13874],[130.02173,33.13816],[130.02225,33.13792],[130.02223,33.13644],[130.02411,33.13647],[130.02649,33.13405],[130.03014,33.13284],[130.03126,33.1298],[130.03437,33.12851],[130.03745,33.13239],[130.03564,33.13335],[130.03706,33.13618],[130.03479,33.13711],[130.03055,33.14055],[130.03031,33.14214],[130.03339,33.14489],[130.03256,33.14546]]],[[[130.04561,33.13385],[130.04262,33.13181],[130.04346,33.12954],[130.04535,33.12764],[130.04534,33.1262],[130.04598,33.12586],[130.0459,33.12635],[130.0468,33.12673],[130.05119,33.12656],[130.05105,33.1285],[130.05044,33.12844],[130.04976,33.12944],[130.04564,33.13132],[130.04561,33.13385]]],[[[130.04561,33.13385],[130.04564,33.13132],[130.05378,33.13064],[130.05779,33.12816],[130.05991,33.13175],[130.06085,33.13224],[130.06014,33.13275],[130.06155,33.13383],[130.06253,33.13338],[130.06385,33.13532],[130.06262,33.1357],[130.06049,33.1351],[130.05944,33.1354],[130.05806,33.13646],[130.05729,33.13833],[130.05516,33.14045],[130.05384,33.14023],[130.05397,33.13972],[130.05218,33.13963],[130.05234,33.13876],[130.05387,33.13837],[130.05506,33.13699],[130.05402,33.13504],[130.05079,33.13496],[130.04955,33.13551],[130.04875,33.13499],[130.04863,33.13414],[130.04678,33.13473],[130.04561,33.13385]]],[[[130.03722,33.10736],[130.03969,33.10606],[130.04389,33.10548],[130.04515,33.10601],[130.04683,33.10427],[130.0498,33.10697],[130.05004,33.1103],[130.04877,33.11193],[130.04845,33.11376],[130.0489,33.11455],[130.04829,33.11529],[130.04906,33.11647],[130.04786,33.11821],[130.04816,33.12066],[130.04733,33.12181],[130.04756,33.12325],[130.04651,33.12358],[130.04685,33.12442],[130.04245,33.12449],[130.04032,33.12406],[130.04026,33.12302],[130.03895,33.12228],[130.0385,33.11913],[130.03751,33.11821],[130.03726,33.11705],[130.03729,33.11429],[130.03689,33.11328],[130.0376,33.11214],[130.03722,33.10736]]],[[[130.06486,33.13229],[130.06219,33.13272],[130.06253,33.13338],[130.06155,33.13383],[130.06014,33.13275],[130.06085,33.13224],[130.05991,33.13175],[130.05779,33.12816],[130.05853,33.12785],[130.05868,33.12735],[130.05821,33.12724],[130.05917,33.12478],[130.0625,33.12707],[130.06325,33.1298],[130.06486,33.13229]]]]}},{"type":"Feature","properties":{"vid":"K64G08S00013","name":"久間村","reading":"くま","gun":"藤津郡","domains":["hasuike","saga"],"isShared":true,"shared":[]},"geometry":{"type":"MultiPolygon","coordinates":[[[[130.0657,33.14202],[130.0679,33.14114],[130.07105,33.14149],[130.07294,33.14108],[130.07687,33.1433],[130.0819,33.1439],[130.08581,33.14728],[130.07955,33.14873],[130.0739,33.14933],[130.07258,33.15116],[130.07133,33.15174],[130.0702,33.15178],[130.06793,33.15082],[130.06627,33.15096],[130.06486,33.15171],[130.06466,33.14974],[130.06586,33.14772],[130.06566,33.14661],[130.06678,33.14603],[130.0657,33.14202]]],[[[130.07671,33.17204],[130.07272,33.16803],[130.06938,33.16363],[130.06867,33.16242],[130.0691,33.16155],[130.06813,33.16083],[130.06892,33.16043],[130.06895,33.15943],[130.06654,33.15891],[130.06666,33.15809],[130.06576,33.1573],[130.06578,33.15594],[130.06321,33.15615],[130.06246,33.15517],[130.06243,33.15409],[130.06351,33.15335],[130.06415,33.15366],[130.06461,33.1525],[130.06411,33.15244],[130.06427,33.15198],[130.06627,33.15096],[130.06855,33.15086],[130.0702,33.15178],[130.07133,33.15174],[130.07258,33.15116],[130.0739,33.14933],[130.07955,33.14873],[130.08581,33.14728],[130.08666,33.14844],[130.08664,33.14961],[130.08784,33.15063],[130.08821,33.15211],[130.08439,33.15432],[130.0838,33.15844],[130.08246,33.15867],[130.07998,33.16184],[130.07931,33.16345],[130.07981,33.16606],[130.07952,33.16999],[130.07671,33.17204]]],[[[130.07162,33.16658],[130.07097,33.16641],[130.06937,33.1671],[130.06795,33.16691],[130.06572,33.1682],[130.06445,33.16735],[130.06328,33.16717],[130.06163,33.16773],[130.05916,33.16701],[130.05999,33.16693],[130.05981,33.16641],[130.0602,33.16641],[130.05989,33.16602],[130.06033,33.16469],[130.05943,33.16457],[130.06126,33.16181],[130.06158,33.16022],[130.06272,33.15941],[130.06168,33.15851],[130.06276,33.15761],[130.06321,33.15615],[130.06578,33.15594],[130.06576,33.1573],[130.06666,33.15809],[130.06654,33.15891],[130.06895,33.15943],[130.06892,33.16043],[130.06813,33.16083],[130.0691,33.16155],[130.06867,33.16242],[130.07162,33.16658]]],[[[130.05785,33.1659],[130.05672,33.16511],[130.05706,33.16328],[130.05651,33.16176],[130.05074,33.16058],[130.04812,33.15873],[130.05358,33.15633],[130.05599,33.15713],[130.05791,33.15702],[130.05887,33.15341],[130.06131,33.1538],[130.06311,33.1535],[130.06243,33.15409],[130.06246,33.15517],[130.06331,33.15587],[130.06276,33.15761],[130.06168,33.15851],[130.06272,33.15941],[130.06145,33.16044],[130.06134,33.16165],[130.05994,33.16334],[130.05906,33.16603],[130.05808,33.16643],[130.05785,33.1659]]],[[[130.04812,33.15873],[130.04756,33.15505],[130.04827,33.15218],[130.04906,33.15177],[130.04901,33.15111],[130.05117,33.14985],[130.05247,33.14764],[130.05481,33.14655],[130.0569,33.14481],[130.06017,33.14638],[130.0592,33.14717],[130.05888,33.14867],[130.0605,33.14999],[130.05937,33.1508],[130.06016,33.15151],[130.06306,33.15156],[130.06461,33.1525],[130.06415,33.15366],[130.05887,33.15341],[130.05791,33.15702],[130.05599,33.15713],[130.05358,33.15633],[130.04812,33.15873]]],[[[130.04809,33.15873],[130.04271,33.1577],[130.042,33.15945],[130.0397,33.15938],[130.03786,33.15901],[130.03607,33.15746],[130.0334,33.15777],[130.0329,33.15648],[130.03364,33.15383],[130.0325,33.15291],[130.03141,33.15284],[130.03028,33.15134],[130.03008,33.14977],[130.02917,33.14891],[130.03087,33.14838],[130.03122,33.1467],[130.03256,33.14546],[130.03972,33.14572],[130.03996,33.14613],[130.04193,33.14632],[130.04275,33.14681],[130.04253,33.14725],[130.04414,33.14635],[130.04615,33.14791],[130.0467,33.15032],[130.04777,33.15066],[130.04892,33.1518],[130.04799,33.15271],[130.04759,33.15471],[130.04809,33.15873]]],[[[130.0562,33.14532],[130.05481,33.14655],[130.05247,33.14764],[130.05117,33.14985],[130.04901,33.15111],[130.04892,33.1518],[130.04777,33.15066],[130.0467,33.15032],[130.04615,33.14791],[130.04414,33.14635],[130.04253,33.14725],[130.04275,33.14681],[130.04193,33.14632],[130.03996,33.14613],[130.03972,33.14572],[130.03256,33.14546],[130.03331,33.14474],[130.03049,33.14236],[130.0302,33.14162],[130.03055,33.14055],[130.03479,33.13711],[130.03705,33.13633],[130.03564,33.13335],[130.03745,33.13239],[130.04194,33.13533],[130.04356,33.13788],[130.04948,33.13995],[130.05202,33.14016],[130.05205,33.14158],[130.05274,33.14227],[130.05472,33.1422],[130.05519,33.14244],[130.0548,33.14289],[130.05574,33.14311],[130.0562,33.14532]]],[[[130.03849,33.13305],[130.03962,33.13161],[130.04188,33.13136],[130.04658,33.13469],[130.04863,33.13414],[130.04875,33.13499],[130.04975,33.13553],[130.05079,33.13496],[130.05402,33.13504],[130.05506,33.13699],[130.05387,33.13837],[130.05234,33.13876],[130.05218,33.13963],[130.05397,33.13972],[130.05384,33.14023],[130.05574,33.14023],[130.05578,33.14157],[130.05528,33.14247],[130.05297,33.14237],[130.05205,33.14158],[130.05202,33.14016],[130.04948,33.13995],[130.04356,33.13788],[130.04239,33.13573],[130.03849,33.13305]]],[[[130.0657,33.14202],[130.0622,33.14195],[130.06215,33.14086],[130.06078,33.14165],[130.05814,33.14088],[130.05814,33.13918],[130.05574,33.14023],[130.05635,33.13892],[130.05729,33.13833],[130.05806,33.13646],[130.05944,33.1354],[130.06049,33.1351],[130.06262,33.1357],[130.06385,33.13532],[130.06219,33.13272],[130.07236,33.13116],[130.07147,33.1325],[130.07168,33.13332],[130.0713,33.13383],[130.07048,33.13446],[130.06783,33.1346],[130.06668,33.13568],[130.06628,33.13901],[130.06712,33.14175],[130.0657,33.14202]]],[[[130.0657,33.14202],[130.06678,33.14603],[130.06566,33.14661],[130.06586,33.14772],[130.06466,33.14974],[130.06486,33.15171],[130.06016,33.15151],[130.05937,33.1508],[130.0605,33.14999],[130.05888,33.14867],[130.0592,33.14717],[130.06017,33.14638],[130.05807,33.14548],[130.05754,33.14479],[130.05606,33.14525],[130.05574,33.14311],[130.0548,33.14289],[130.05578,33.14157],[130.05574,33.14023],[130.05814,33.13918],[130.05814,33.14088],[130.06078,33.14165],[130.06215,33.14086],[130.0622,33.14195],[130.0657,33.14202]]],[[[130.08579,33.14725],[130.08112,33.14356],[130.07687,33.1433],[130.07294,33.14108],[130.07105,33.14149],[130.06904,33.14105],[130.06692,33.14135],[130.06628,33.13901],[130.06668,33.13568],[130.06783,33.1346],[130.07048,33.13446],[130.0725,33.13582],[130.07351,33.13765],[130.07802,33.14058],[130.08373,33.14153],[130.08579,33.14725]]]]}},{"type":"Feature","properties":{"vid":"K64G08S00014","name":"大草野村","reading":"おおくさの","gun":"藤津郡","domains":["saga","hasuike"],"isShared":true,"shared":[]},"geometry":{"type":"MultiPolygon","coordinates":[[[[130.00317,33.13818],[130.00046,33.13669],[129.99999,33.1343],[129.99849,33.1322],[129.99822,33.13068],[129.99889,33.13067],[129.99929,33.12948],[129.99866,33.12806],[129.99894,33.12743],[129.99957,33.12776],[130.00097,33.12748],[130.00203,33.12797],[130.0046,33.12776],[130.00504,33.12728],[130.00603,33.12851],[130.005,33.1286],[130.0049,33.13223],[130.00317,33.13818]]],[[[130.01788,33.11642],[130.0183,33.12],[130.02017,33.12166],[130.01986,33.1248],[130.02132,33.12585],[130.01878,33.12969],[130.01946,33.13224],[130.01918,33.13415],[130.02003,33.13473],[130.01729,33.13567],[130.0079,33.13072],[130.00504,33.12728],[130.00481,33.12632],[130.00542,33.12461],[130.0091,33.12014],[130.01131,33.12018],[130.01239,33.11856],[130.01482,33.11674],[130.01788,33.11642]]],[[[130.02003,33.13473],[130.02223,33.13644],[130.02225,33.13792],[130.02095,33.1384],[130.02046,33.13921],[130.0172,33.14008],[130.01626,33.14081],[130.01518,33.1407],[130.01449,33.14132],[130.00797,33.14093],[130.01328,33.13625],[130.01273,33.13565],[130.0135,33.13497],[130.01445,33.13509],[130.01476,33.13431],[130.01729,33.13567],[130.02003,33.13473]]],[[[130.00444,33.14016],[130.00929,33.13152],[130.01476,33.13431],[130.01445,33.13509],[130.0135,33.13497],[130.01273,33.13565],[130.01328,33.13625],[130.00797,33.14093],[130.00444,33.14016]]],[[[130.00469,33.13923],[130.00317,33.13818],[130.0049,33.13223],[130.00528,33.12837],[130.00603,33.12851],[130.00759,33.13044],[130.00929,33.13152],[130.00673,33.13653],[130.00469,33.13923]]],[[[129.99308,33.13672],[129.99177,33.13552],[129.99147,33.13441],[129.98902,33.13526],[129.98817,33.13385],[129.9914,33.12925],[129.99231,33.12933],[129.99378,33.12795],[129.99894,33.12743],[129.99866,33.12806],[129.99929,33.12948],[129.99889,33.13067],[129.99819,33.13097],[129.99849,33.1322],[129.99999,33.1343],[130.00046,33.13669],[129.99852,33.13706],[129.99308,33.13672]]]]}},{"type":"Feature","properties":{"vid":"K64G08S00015","name":"不動山村","reading":"ふどうやま","gun":"藤津郡","domains":["hasuike","saga"],"isShared":true,"shared":[]},"geometry":{"type":"MultiPolygon","coordinates":[[[[129.96269,33.08673],[129.96276,33.0782],[129.96294,33.07726],[129.96357,33.07684],[129.96559,33.078],[129.96799,33.08037],[129.97314,33.08143],[129.97336,33.08189],[129.97273,33.08255],[129.97297,33.08333],[129.97466,33.08575],[129.97628,33.08714],[129.97549,33.08772],[129.96651,33.08646],[129.96269,33.08673]]],[[[129.96269,33.08673],[129.96135,33.08724],[129.9607,33.08667],[129.96034,33.08331],[129.95741,33.08285],[129.95625,33.0807],[129.95678,33.07931],[129.96221,33.07599],[129.96357,33.07684],[129.96294,33.07726],[129.96276,33.0782],[129.96269,33.08673]]],[[[129.96135,33.08724],[129.95213,33.08947],[129.95066,33.09189],[129.94967,33.09228],[129.94875,33.09219],[129.94831,33.09144],[129.94828,33.09095],[129.94901,33.09054],[129.94843,33.0889],[129.94653,33.0913],[129.94536,33.0891],[129.9434,33.08792],[129.94316,33.08711],[129.94517,33.08613],[129.94947,33.08623],[129.94921,33.08421],[129.94964,33.08319],[129.95143,33.08232],[129.95115,33.08109],[129.95277,33.07997],[129.95425,33.08009],[129.95613,33.07911],[129.95678,33.07931],[129.95625,33.0807],[129.95741,33.08285],[129.96034,33.08331],[129.96066,33.08408],[129.96033,33.08594],[129.96135,33.08724]]],[[[129.9604,33.07687],[129.9569,33.07928],[129.95582,33.07915],[129.95425,33.08009],[129.95277,33.07997],[129.95115,33.08109],[129.95143,33.08232],[129.94964,33.08319],[129.94921,33.08421],[129.94947,33.08623],[129.94517,33.08613],[129.94212,33.08772],[129.93986,33.08706],[129.9367,33.08762],[129.93604,33.08696],[129.93315,33.08612],[129.93346,33.08511],[129.93466,33.08502],[129.93534,33.08358],[129.93564,33.08281],[129.93527,33.08095],[129.93673,33.07973],[129.93793,33.07949],[129.93967,33.07776],[129.93883,33.07416],[129.93951,33.07294],[129.94079,33.07285],[129.94257,33.07169],[129.94598,33.07177],[129.94732,33.06963],[129.9494,33.06929],[129.95066,33.06756],[129.95475,33.06597],[129.95863,33.06545],[129.95748,33.06694],[129.95719,33.06858],[129.96002,33.0712],[129.95992,33.07383],[129.96067,33.07524],[129.96021,33.07588],[129.9604,33.07687]]],[[[129.95471,33.10819],[129.95153,33.10989],[129.94872,33.11071],[129.9474,33.11028],[129.94571,33.11145],[129.94256,33.11173],[129.94073,33.11286],[129.93746,33.1125],[129.93473,33.11091],[129.93284,33.11108],[129.93027,33.10927],[129.92964,33.10757],[129.9284,33.10716],[129.92668,33.10769],[129.92527,33.1059],[129.92631,33.10414],[129.92678,33.10198],[129.92579,33.1005],[129.92633,33.09811],[129.92461,33.09642],[129.92422,33.09397],[129.92324,33.09336],[129.92337,33.09219],[129.92236,33.09049],[129.928,33.09002],[129.93307,33.08834],[129.93346,33.08778],[129.93295,33.08667],[129.93315,33.08612],[129.93722,33.08768],[129.93986,33.08706],[129.94212,33.08772],[129.94316,33.08711],[129.9434,33.08792],[129.94536,33.0891],[129.94653,33.0913],[129.94843,33.0889],[129.94901,33.09054],[129.94828,33.09095],[129.94836,33.09156],[129.94875,33.09219],[129.95005,33.09227],[129.95213,33.08947],[129.96135,33.08724],[129.96051,33.08842],[129.95803,33.08907],[129.95794,33.09247],[129.95731,33.09291],[129.95623,33.09538],[129.95383,33.09772],[129.95445,33.10007],[129.95394,33.10212],[129.95535,33.1044],[129.95448,33.10644],[129.95471,33.10819]]],[[[129.96543,33.07791],[129.96251,33.076],[129.96024,33.0767],[129.96067,33.07524],[129.95992,33.07383],[129.96002,33.0712],[129.95719,33.06858],[129.95723,33.06778],[129.95771,33.06643],[129.9597,33.06473],[129.96191,33.06403],[129.96425,33.06429],[129.96496,33.06352],[129.96663,33.06312],[129.96679,33.0624],[129.96802,33.0622],[129.9687,33.06251],[129.96843,33.06309],[129.96919,33.06571],[129.9707,33.06637],[129.9702,33.06825],[129.97092,33.06952],[129.96952,33.07095],[129.96698,33.07188],[129.96817,33.07316],[129.96695,33.07489],[129.96712,33.07649],[129.96543,33.07791]]]]}},{"type":"Feature","properties":{"vid":"K64G08S00016","name":"下宿村","reading":"しもじゅく","gun":"藤津郡","domains":["hasuike","saga"],"isShared":true,"shared":[]},"geometry":{"type":"MultiPolygon","coordinates":[[[[129.99229,33.11574],[129.99463,33.11509],[129.99792,33.11139],[129.99802,33.11108],[129.99765,33.11134],[129.99482,33.11018],[129.9949,33.10982],[129.99599,33.10774],[129.99728,33.10724],[129.9982,33.10743],[129.99909,33.10591],[130.00032,33.10509],[130.00391,33.10842],[130.00474,33.11035],[130.00687,33.11116],[130.00599,33.11286],[130.00693,33.11547],[130.005,33.11663],[130.00581,33.11715],[130.00629,33.1184],[130.00452,33.11709],[130.00448,33.11775],[130.00294,33.11795],[130.0031,33.11895],[130.00191,33.12028],[130.00219,33.12105],[130.00224,33.12066],[130.00405,33.12106],[130.00337,33.12193],[130.0031,33.12167],[130.00357,33.12122],[130.00327,33.12147],[130.00234,33.12094],[130.00234,33.12235],[130.00276,33.12169],[130.00344,33.1225],[130.00254,33.12274],[130.00212,33.12163],[129.99996,33.12158],[129.99795,33.12086],[129.99759,33.12003],[129.9979,33.1192],[129.99702,33.11784],[129.99229,33.11574]]],[[[129.99211,33.11559],[129.99092,33.11541],[129.9891,33.11691],[129.98684,33.11741],[129.98432,33.11483],[129.98278,33.11489],[129.98286,33.11396],[129.98193,33.11286],[129.97977,33.11245],[129.97858,33.11137],[129.97763,33.11145],[129.97747,33.11078],[129.97664,33.11064],[129.97831,33.10979],[129.97919,33.10792],[129.97908,33.10716],[129.98017,33.10674],[129.98645,33.10837],[129.98868,33.10806],[129.98824,33.10762],[129.98704,33.10824],[129.98477,33.10765],[129.98494,33.1063],[129.98147,33.10552],[129.98196,33.10372],[129.98354,33.10247],[129.9845,33.10305],[129.98554,33.10173],[129.98692,33.10242],[129.98875,33.10146],[129.9901,33.10283],[129.99095,33.10217],[129.99214,33.10314],[129.99468,33.10125],[129.9952,33.10176],[129.9959,33.10125],[129.99541,33.10077],[129.99568,33.10057],[129.9994,33.1036],[130.00032,33.10509],[129.99909,33.10591],[129.9982,33.10743],[129.99728,33.10724],[129.99599,33.10774],[129.9949,33.10982],[129.99482,33.11018],[129.99765,33.11134],[129.99802,33.11108],[129.99792,33.11139],[129.99463,33.11509],[129.99211,33.11559]]],[[[129.97664,33.11064],[129.9735,33.1052],[129.97416,33.10538],[129.97403,33.1043],[129.9748,33.10411],[129.97384,33.1029],[129.97241,33.10308],[129.97281,33.10389],[129.97214,33.10407],[129.969,33.10255],[129.96881,33.10103],[129.96966,33.10059],[129.97345,33.1017],[129.97643,33.10339],[129.9764,33.10421],[129.97837,33.10458],[129.97809,33.10297],[129.97906,33.10196],[129.98071,33.10261],[129.98055,33.10303],[129.98196,33.10372],[129.98147,33.10552],[129.98494,33.1063],[129.98477,33.10765],[129.9869,33.10823],[129.98797,33.10764],[129.98867,33.10795],[129.98645,33.10837],[129.98017,33.10674],[129.97908,33.10716],[129.97919,33.10792],[129.97831,33.10979],[129.97664,33.11064]]],[[[129.96364,33.115],[129.95989,33.11288],[129.95856,33.10913],[129.95471,33.10819],[129.95446,33.10661],[129.95715,33.10584],[129.95902,33.10613],[129.96127,33.10412],[129.96138,33.10287],[129.96503,33.10246],[129.96834,33.10106],[129.96881,33.10103],[129.969,33.10255],[129.97214,33.10407],[129.97281,33.10389],[129.97241,33.10308],[129.97384,33.1029],[129.9748,33.10411],[129.97403,33.1043],[129.97416,33.10538],[129.9735,33.1052],[129.97639,33.11051],[129.97491,33.11052],[129.97304,33.11272],[129.97047,33.11374],[129.96905,33.11527],[129.96618,33.11433],[129.96536,33.11446],[129.9645,33.11535],[129.96364,33.115]]],[[[129.99568,33.10057],[129.99541,33.10077],[129.9959,33.10125],[129.9952,33.10176],[129.99468,33.10125],[129.99214,33.10314],[129.99095,33.10217],[129.9901,33.10283],[129.98875,33.10146],[129.98692,33.10242],[129.98554,33.10173],[129.9845,33.10305],[129.98354,33.10247],[129.98196,33.10372],[129.98055,33.10303],[129.98071,33.10261],[129.97884,33.10193],[129.97806,33.10313],[129.97837,33.10458],[129.9764,33.10421],[129.97643,33.10339],[129.97345,33.1017],[129.96966,33.10059],[129.97065,33.09969],[129.97205,33.10015],[129.97306,33.09976],[129.97411,33.10003],[129.97651,33.09865],[129.9766,33.09939],[129.97569,33.09996],[129.97588,33.10044],[129.97877,33.10111],[129.97961,33.10016],[129.98035,33.09812],[129.98116,33.09835],[129.98057,33.09776],[129.98185,33.09561],[129.9812,33.09528],[129.98166,33.0947],[129.98151,33.09405],[129.98501,33.09503],[129.98606,33.09672],[129.98788,33.0962],[129.98881,33.09732],[129.9937,33.09916],[129.99568,33.10057]]],[[[129.96966,33.10059],[129.96503,33.10246],[129.96138,33.10287],[129.96127,33.10412],[129.95902,33.10613],[129.95715,33.10584],[129.95446,33.10661],[129.95535,33.1044],[129.95394,33.10212],[129.95445,33.10007],[129.95383,33.09772],[129.95623,33.09538],[129.95731,33.09291],[129.95794,33.09247],[129.95803,33.08907],[129.96051,33.08842],[129.9621,33.08673],[129.96651,33.08646],[129.97549,33.08772],[129.97628,33.08714],[129.97621,33.09066],[129.97719,33.09306],[129.97805,33.0936],[129.97925,33.09346],[129.98151,33.09405],[129.98166,33.0947],[129.9812,33.09528],[129.98185,33.09561],[129.98057,33.09776],[129.98116,33.09835],[129.98035,33.09812],[129.97961,33.10016],[129.97877,33.10111],[129.97588,33.10044],[129.97569,33.09996],[129.9766,33.09939],[129.97651,33.09865],[129.97411,33.10003],[129.97306,33.09976],[129.97205,33.10015],[129.97065,33.09969],[129.96966,33.10059]]]]}},{"type":"Feature","properties":{"vid":"K64G08S00017","name":"吉田村","reading":"よしだ","gun":"藤津郡","domains":["saga","hasuike"],"isShared":true,"shared":[]},"geometry":{"type":"MultiPolygon","coordinates":[[[[130.02194,33.05232],[130.02489,33.05275],[130.02645,33.05101],[130.03112,33.04944],[130.03199,33.05252],[130.03175,33.0534],[130.03085,33.05423],[130.02944,33.05444],[130.02977,33.05503],[130.0281,33.05663],[130.02958,33.05832],[130.02923,33.05882],[130.03064,33.06076],[130.03092,33.06208],[130.02786,33.06242],[130.0272,33.06337],[130.02566,33.06211],[130.02252,33.06421],[130.02185,33.06381],[130.02149,33.0597],[130.02008,33.05679],[130.02116,33.05508],[130.02194,33.05232]]],[[[130.00944,33.09217],[130.00797,33.09031],[130.00871,33.08976],[130.00915,33.0898],[130.00883,33.09014],[130.00923,33.09035],[130.00949,33.08977],[130.01197,33.08871],[130.01549,33.08784],[130.01735,33.0881],[130.01516,33.09142],[130.01695,33.09227],[130.01686,33.09353],[130.01486,33.09324],[130.01133,33.09443],[130.01051,33.09277],[130.00944,33.09217]]],[[[130.0191,33.07316],[130.01915,33.07402],[130.01746,33.07365],[130.01684,33.07487],[130.0166,33.07716],[130.01734,33.0781],[130.01727,33.07919],[130.01653,33.08006],[130.01435,33.08044],[130.01269,33.08149],[130.01154,33.07945],[130.01168,33.0781],[130.01096,33.07784],[130.01058,33.07594],[130.01221,33.07254],[130.01173,33.07117],[130.01019,33.06972],[130.0128,33.06986],[130.01476,33.06898],[130.01825,33.06918],[130.01825,33.07076],[130.0191,33.07316]]],[[[130.03822,33.09316],[130.03731,33.09393],[130.03754,33.09454],[130.03619,33.09728],[130.03638,33.09798],[130.03478,33.09892],[130.03336,33.09863],[130.03202,33.09899],[130.03055,33.09838],[130.03016,33.09736],[130.02847,33.09646],[130.02616,33.09629],[130.0271,33.0959],[130.0279,33.09637],[130.02774,33.09574],[130.02917,33.09577],[130.02672,33.09502],[130.02569,33.09518],[130.02602,33.09363],[130.02234,33.09528],[130.02134,33.0941],[130.02156,33.0915],[130.02038,33.09001],[130.02121,33.08631],[130.02216,33.08464],[130.02199,33.08258],[130.02325,33.08168],[130.02441,33.08199],[130.02477,33.08332],[130.02759,33.08245],[130.03161,33.08298],[130.03757,33.08178],[130.03766,33.08425],[130.03877,33.08562],[130.03757,33.08762],[130.03849,33.09145],[130.03822,33.09316]]],[[[130.01653,33.08006],[130.01703,33.08058],[130.01969,33.08101],[130.02018,33.0831],[130.01756,33.08671],[130.01735,33.0881],[130.01549,33.08784],[130.01351,33.08849],[130.01251,33.08593],[130.01268,33.08495],[130.01134,33.08245],[130.0142,33.0805],[130.01653,33.08006]]],[[[130.04478,33.04471],[130.04457,33.04581],[130.04178,33.04631],[130.04072,33.04773],[130.03849,33.04889],[130.03493,33.04805],[130.03112,33.04944],[130.0289,33.04231],[130.02761,33.03954],[130.02585,33.03743],[130.02614,33.03564],[130.02482,33.03138],[130.02575,33.02761],[130.02459,33.02497],[130.02343,33.02373],[130.02363,33.02244],[130.02419,33.022],[130.02402,33.02112],[130.02738,33.02031],[130.02902,33.01902],[130.02908,33.01843],[130.02831,33.0176],[130.02926,33.01554],[130.02801,33.01245],[130.03138,33.01022],[130.03329,33.00996],[130.03445,33.0091],[130.03817,33.00857],[130.03988,33.00736],[130.04108,33.00494],[130.04299,33.00384],[130.04449,33.00411],[130.044,33.00562],[130.04485,33.00604],[130.04501,33.00692],[130.04741,33.00763],[130.04622,33.00923],[130.04557,33.01182],[130.04415,33.01297],[130.0438,33.01403],[130.04271,33.01442],[130.04297,33.01537],[130.0423,33.01807],[130.0436,33.02014],[130.04344,33.02102],[130.04478,33.0241],[130.04341,33.02585],[130.04206,33.0253],[130.03994,33.02555],[130.03883,33.0272],[130.03779,33.0305],[130.03914,33.03516],[130.04043,33.03705],[130.04248,33.03775],[130.04384,33.0418],[130.04498,33.04323],[130.04478,33.04471]]],[[[130.0191,33.07316],[130.02169,33.0736],[130.02329,33.07488],[130.02411,33.07486],[130.02312,33.07523],[130.02435,33.07583],[130.02488,33.07509],[130.02533,33.076],[130.02338,33.07833],[130.02406,33.07962],[130.0239,33.08078],[130.02189,33.08282],[130.01969,33.08101],[130.01703,33.08058],[130.01653,33.08006],[130.0174,33.07882],[130.0166,33.07716],[130.01684,33.07487],[130.01746,33.07365],[130.01915,33.07402],[130.0191,33.07316]]],[[[130.03345,33.06563],[130.03186,33.06948],[130.03029,33.06965],[130.02715,33.07097],[130.02519,33.06609],[130.02252,33.06421],[130.02566,33.06211],[130.0272,33.06337],[130.02786,33.06242],[130.03092,33.06208],[130.03212,33.06248],[130.03193,33.0636],[130.03345,33.06563]]],[[[130.02027,33.05732],[130.02149,33.0597],[130.02185,33.06381],[130.02519,33.06609],[130.02715,33.07097],[130.02646,33.07281],[130.02435,33.07583],[130.02305,33.07515],[130.02411,33.07486],[130.02329,33.07488],[130.02169,33.0736],[130.0191,33.07316],[130.01825,33.07076],[130.01829,33.06894],[130.01607,33.06658],[130.0168,33.06475],[130.01656,33.06376],[130.0179,33.06313],[130.01788,33.06158],[130.02025,33.05881],[130.01983,33.05812],[130.02027,33.05732]]],[[[130.01006,33.05514],[130.01026,33.05285],[130.01176,33.05028],[130.01546,33.04716],[130.01715,33.04481],[130.01846,33.04535],[130.01751,33.04628],[130.0178,33.0472],[130.01498,33.05118],[130.01492,33.05209],[130.01553,33.05313],[130.01636,33.05344],[130.01689,33.05278],[130.01723,33.05067],[130.01823,33.04975],[130.01988,33.04932],[130.02134,33.05227],[130.02194,33.05232],[130.01693,33.05399],[130.0136,33.05672],[130.00948,33.05742],[130.00824,33.05703],[130.01,33.05591],[130.01006,33.05514]]],[[[130.00157,33.08018],[130.0031,33.07805],[130.00355,33.07593],[130.0035,33.0744],[130.00183,33.07373],[130.0017,33.07289],[130.00398,33.06954],[130.00488,33.06984],[130.00549,33.06948],[130.00614,33.06994],[130.00691,33.0693],[130.00843,33.06997],[130.01019,33.06972],[130.01166,33.07108],[130.01221,33.07254],[130.01203,33.0734],[130.01058,33.07594],[130.01096,33.07784],[130.01168,33.0781],[130.01152,33.07932],[130.00684,33.07939],[130.00627,33.0788],[130.00644,33.07935],[130.00584,33.07898],[130.00556,33.07973],[130.00157,33.08018]]],[[[130.02194,33.05232],[130.02116,33.05508],[130.02011,33.05663],[130.01983,33.05821],[130.02025,33.05881],[130.01788,33.06158],[130.01818,33.06219],[130.01783,33.06324],[130.01656,33.06376],[130.0168,33.06475],[130.01609,33.06668],[130.01825,33.06918],[130.01476,33.06898],[130.01196,33.06991],[130.00843,33.06997],[130.00691,33.0693],[130.00614,33.06994],[130.00549,33.06948],[130.00488,33.06984],[130.00428,33.06956],[130.00487,33.06792],[130.00428,33.06664],[130.00428,33.06322],[130.00342,33.06158],[130.00404,33.06034],[130.00824,33.05703],[130.00948,33.05742],[130.0136,33.05672],[130.01693,33.05399],[130.02194,33.05232]]],[[[130.00157,33.08018],[130.00556,33.07973],[130.00584,33.07898],[130.00644,33.07935],[130.00627,33.0788],[130.00684,33.07939],[130.01152,33.07932],[130.01269,33.08149],[130.01143,33.08233],[130.01134,33.08296],[130.01261,33.08478],[130.01251,33.08593],[130.01351,33.08849],[130.01154,33.08886],[130.01033,33.08973],[130.00949,33.08977],[130.00923,33.09035],[130.00883,33.09014],[130.00915,33.0898],[130.00871,33.08976],[130.00797,33.09031],[130.00379,33.08799],[130.00434,33.08711],[130.00216,33.0861],[130.00112,33.08469],[129.99891,33.08384],[130.00073,33.08193],[130.00157,33.08018]]],[[[130.02166,33.0925],[130.01949,33.09293],[130.01701,33.09275],[130.01695,33.09227],[130.01516,33.09142],[130.01728,33.0887],[130.01786,33.08623],[130.01979,33.08404],[130.02017,33.08276],[130.01969,33.08101],[130.02189,33.08282],[130.02221,33.08421],[130.02121,33.08631],[130.02038,33.08987],[130.02149,33.09132],[130.02166,33.0925]]],[[[130.031,33.05415],[130.03588,33.05573],[130.03799,33.05923],[130.03809,33.0601],[130.03717,33.06084],[130.03589,33.06044],[130.03561,33.06077],[130.03455,33.06267],[130.03396,33.06535],[130.03345,33.06563],[130.03193,33.0636],[130.03212,33.06248],[130.03084,33.062],[130.03064,33.06076],[130.02923,33.05882],[130.02958,33.05832],[130.0281,33.05663],[130.02977,33.05503],[130.02944,33.05444],[130.031,33.05415]]],[[[130.04732,33.06491],[130.04608,33.06557],[130.04566,33.06697],[130.04303,33.06776],[130.04276,33.06873],[130.04151,33.06941],[130.04116,33.07048],[130.04214,33.07174],[130.03763,33.0701],[130.03462,33.07001],[130.0329,33.06944],[130.03221,33.07094],[130.03074,33.07031],[130.03217,33.06902],[130.03248,33.06739],[130.03396,33.06535],[130.03455,33.06267],[130.03589,33.06044],[130.03717,33.06084],[130.03809,33.0601],[130.03873,33.06123],[130.04732,33.06491]]],[[[130.0479,33.06388],[130.04732,33.06491],[130.03873,33.06123],[130.03588,33.05573],[130.031,33.05415],[130.03199,33.05252],[130.03112,33.04944],[130.03493,33.04805],[130.03849,33.04889],[130.04072,33.04773],[130.04178,33.04631],[130.04457,33.04581],[130.04463,33.04663],[130.04551,33.04772],[130.04544,33.05005],[130.04608,33.051],[130.04634,33.05292],[130.04555,33.05402],[130.04623,33.05468],[130.04716,33.05756],[130.04697,33.06016],[130.04804,33.06249],[130.0479,33.06388]]],[[[130.02194,33.05232],[130.02144,33.05006],[130.02207,33.04818],[130.0218,33.04724],[130.02332,33.04499],[130.02314,33.04331],[130.0237,33.04195],[130.02303,33.04085],[130.02231,33.03481],[130.01944,33.03338],[130.01943,33.03019],[130.02345,33.02389],[130.02459,33.02497],[130.02575,33.02761],[130.02482,33.03138],[130.02614,33.03564],[130.02585,33.03743],[130.02761,33.03954],[130.0289,33.04231],[130.03112,33.04944],[130.02645,33.05101],[130.02489,33.05275],[130.02194,33.05232]]]]}},{"type":"Feature","properties":{"vid":"K64G08S00018","name":"下野村","reading":"しもの","gun":"藤津郡","domains":["hasuike"],"isShared":false,"shared":[]},"geometry":{"type":"MultiPolygon","coordinates":[[[[130.01822,33.11582],[130.018,33.11639],[130.0151,33.11665],[130.01334,33.11766],[130.01131,33.12018],[130.0091,33.12014],[130.01092,33.1175],[130.00977,33.112],[130.00474,33.11035],[130.00391,33.10842],[130.00094,33.10604],[129.99996,33.10443],[130.00092,33.10279],[130.00288,33.10161],[130.00613,33.09812],[130.00944,33.09217],[130.01051,33.09277],[130.01133,33.09443],[130.01159,33.09599],[130.01121,33.09743],[130.01209,33.09942],[130.01221,33.10187],[130.01416,33.10402],[130.01339,33.10551],[130.01347,33.10858],[130.01467,33.10925],[130.01605,33.10934],[130.01574,33.11077],[130.01811,33.11368],[130.01822,33.11582]]],[[[130.03722,33.10736],[130.0317,33.10757],[130.0282,33.11091],[130.02573,33.11129],[130.02527,33.11209],[130.0211,33.1134],[130.0212,33.11417],[130.01939,33.1156],[130.01822,33.11582],[130.01811,33.11368],[130.01574,33.11077],[130.01605,33.10934],[130.01467,33.10925],[130.01347,33.10858],[130.01339,33.10551],[130.01417,33.10411],[130.01221,33.10187],[130.01209,33.09942],[130.01121,33.09743],[130.01159,33.09599],[130.01133,33.09443],[130.01486,33.09324],[130.01669,33.09359],[130.01662,33.093],[130.01751,33.0925],[130.01949,33.09293],[130.02153,33.09239],[130.02134,33.0941],[130.02246,33.09532],[130.02602,33.09363],[130.02569,33.09518],[130.02672,33.09502],[130.02917,33.09577],[130.02774,33.09574],[130.0279,33.09637],[130.0271,33.0959],[130.02616,33.09629],[130.02847,33.09646],[130.03016,33.09736],[130.03055,33.09838],[130.03202,33.09899],[130.03535,33.09876],[130.03545,33.10118],[130.03722,33.10736]]],[[[130.0091,33.12014],[130.00542,33.12461],[130.00482,33.12769],[130.00162,33.12792],[130.00253,33.12595],[130.00274,33.12399],[130.00123,33.12166],[130.00212,33.12163],[130.00254,33.12274],[130.00344,33.1225],[130.00276,33.12169],[130.00234,33.12235],[130.00234,33.12094],[130.00327,33.12147],[130.00357,33.12122],[130.0031,33.12167],[130.00337,33.12193],[130.00405,33.12106],[130.00224,33.12066],[130.00219,33.12105],[130.00191,33.12028],[130.0031,33.11895],[130.00294,33.11795],[130.00448,33.11775],[130.00464,33.11708],[130.00629,33.1184],[130.00581,33.11715],[130.005,33.11663],[130.00693,33.11547],[130.00599,33.11286],[130.00665,33.11205],[130.00671,33.11102],[130.00981,33.11209],[130.01092,33.1175],[130.0091,33.12014]]],[[[129.99378,33.12795],[129.99487,33.1269],[129.99532,33.12534],[129.99514,33.12384],[129.99446,33.12275],[129.99452,33.12114],[129.9931,33.11852],[129.99378,33.1173],[129.99249,33.11667],[129.99229,33.11574],[129.99702,33.11784],[129.9979,33.1192],[129.99759,33.11965],[129.99789,33.12081],[130.00123,33.12166],[130.00274,33.12399],[130.00253,33.12595],[130.00162,33.12792],[130.00097,33.12748],[129.99957,33.12776],[129.99888,33.12742],[129.99378,33.12795]]]]}},{"type":"Feature","properties":{"vid":"K64G08S00019","name":"岩屋川内村","reading":"いわやがわち","gun":"藤津郡","domains":["hasuike"],"isShared":false,"shared":[]},"geometry":{"type":"MultiPolygon","coordinates":[[[[129.96817,33.07316],[129.96698,33.07188],[129.96952,33.07095],[129.97092,33.06952],[129.9702,33.06825],[129.9707,33.06637],[129.96919,33.06571],[129.96854,33.0627],[129.96975,33.06218],[129.97186,33.06016],[129.97348,33.0609],[129.97473,33.05939],[129.97804,33.05742],[129.97956,33.05715],[129.97963,33.06069],[129.9787,33.06437],[129.97855,33.06961],[129.97132,33.07297],[129.96918,33.07341],[129.96817,33.07316]]],[[[129.97644,33.0886],[129.97628,33.08714],[129.97466,33.08575],[129.97297,33.08333],[129.97273,33.08255],[129.97336,33.08189],[129.97314,33.08143],[129.96799,33.08037],[129.96543,33.07791],[129.96712,33.07649],[129.96695,33.07489],[129.96817,33.07316],[129.96918,33.07341],[129.97132,33.07297],[129.97855,33.06961],[129.9787,33.06437],[129.97963,33.06069],[129.97966,33.05741],[129.98025,33.05814],[129.98115,33.05742],[129.98287,33.05712],[129.98459,33.05501],[129.98672,33.05347],[129.98933,33.05366],[129.99255,33.0526],[129.99501,33.05241],[129.99761,33.05391],[129.99812,33.05465],[129.99872,33.05447],[129.99897,33.0525],[130.00034,33.05264],[130.00058,33.05387],[130.00278,33.05371],[130.0037,33.05463],[130.00328,33.05531],[130.00191,33.05586],[130.0021,33.05654],[130.00386,33.05602],[130.00476,33.0563],[130.00647,33.05502],[130.01006,33.05514],[130.01,33.05591],[130.00404,33.06034],[130.00342,33.06158],[130.0043,33.06342],[130.00261,33.06173],[130.00182,33.06155],[130.00097,33.06364],[129.99884,33.06409],[129.99828,33.0658],[129.99624,33.06708],[129.99573,33.06999],[129.99418,33.07099],[129.99217,33.07118],[129.99227,33.07168],[129.99099,33.07275],[129.99106,33.07517],[129.99156,33.07624],[129.99132,33.078],[129.98865,33.08],[129.9851,33.08172],[129.98361,33.08172],[129.98149,33.08319],[129.98051,33.08299],[129.97983,33.08338],[129.97965,33.08522],[129.97737,33.08699],[129.97644,33.0886]]],[[[129.98545,33.09571],[129.98501,33.09503],[129.98093,33.09374],[129.97735,33.09324],[129.97621,33.09066],[129.97644,33.0886],[129.97737,33.08699],[129.97965,33.08522],[129.97983,33.08338],[129.98051,33.08299],[129.98149,33.08319],[129.98361,33.08172],[129.9851,33.08172],[129.98865,33.08],[129.99132,33.078],[129.99156,33.07624],[129.99106,33.07517],[129.99099,33.07275],[129.99227,33.07168],[129.99225,33.07109],[129.99418,33.07099],[129.99573,33.06999],[129.99624,33.06708],[129.99828,33.0658],[129.99884,33.06409],[130.00097,33.06364],[130.00152,33.06192],[130.0025,33.06166],[130.0043,33.06342],[130.00428,33.06664],[130.00489,33.06833],[130.0017,33.07289],[130.00183,33.07373],[130.0035,33.0744],[130.0031,33.07805],[130.00073,33.08193],[129.99963,33.08272],[129.99708,33.08608],[129.99304,33.08695],[129.99141,33.0885],[129.99044,33.08875],[129.98716,33.09117],[129.9882,33.09474],[129.98741,33.09463],[129.98737,33.09573],[129.98642,33.09539],[129.98545,33.09571]]]]}},{"type":"Feature","properties":{"vid":"K64G08S00020","name":"伏原村","reading":"ふしわら","gun":"藤津郡","domains":["hasuike"],"isShared":false,"shared":[]},"geometry":{"type":"Polygon","coordinates":[[[130.08348,33.10388],[130.08365,33.10612],[130.08297,33.10635],[130.08362,33.10791],[130.08332,33.11043],[130.08277,33.1101],[130.08231,33.11067],[130.07975,33.10917],[130.07881,33.10745],[130.08044,33.10733],[130.08059,33.10646],[130.07773,33.10437],[130.07517,33.10312],[130.07164,33.10439],[130.07086,33.10404],[130.07202,33.1028],[130.0716,33.10174],[130.0719,33.10145],[130.07334,33.10065],[130.07486,33.10104],[130.0747,33.1002],[130.07551,33.10003],[130.07538,33.09804],[130.07407,33.09828],[130.07447,33.09773],[130.08147,33.0968],[130.08066,33.09929],[130.08093,33.09997],[130.08036,33.10046],[130.08239,33.10173],[130.08348,33.10388]]]}},{"type":"Feature","properties":{"vid":"K64G08S00021","name":"五丁田村","reading":"ごちょうだ","gun":"藤津郡","domains":["hasuike"],"isShared":false,"shared":[]},"geometry":{"type":"MultiPolygon","coordinates":[[[[130.06486,33.13229],[130.06325,33.1298],[130.0627,33.12737],[130.06321,33.12641],[130.06376,33.12659],[130.06526,33.12562],[130.06631,33.12525],[130.06725,33.12578],[130.0683,33.12525],[130.06932,33.12613],[130.0715,33.13124],[130.06486,33.13229]]],[[[130.04982,33.11085],[130.0528,33.11102],[130.05678,33.11317],[130.06019,33.11256],[130.06184,33.11484],[130.06391,33.11569],[130.06449,33.11638],[130.06515,33.11586],[130.06598,33.11628],[130.06543,33.1187],[130.06591,33.11841],[130.0674,33.11888],[130.06797,33.11826],[130.06885,33.11926],[130.07027,33.11894],[130.0707,33.11962],[130.07373,33.11869],[130.07438,33.12012],[130.07145,33.12077],[130.07307,33.12394],[130.07208,33.12438],[130.07172,33.12365],[130.07131,33.12377],[130.07164,33.12452],[130.06725,33.12578],[130.06631,33.12525],[130.06376,33.12659],[130.06321,33.12641],[130.0627,33.12737],[130.06066,33.12563],[130.05791,33.12429],[130.04685,33.12442],[130.04651,33.12358],[130.04756,33.12325],[130.04733,33.12181],[130.04816,33.12066],[130.04786,33.11821],[130.04906,33.11647],[130.04829,33.11529],[130.0489,33.11455],[130.04845,33.11376],[130.04877,33.11193],[130.04982,33.11085]]]]}},{"type":"Feature","properties":{"vid":"K64G08S00022","name":"谷所村","reading":"たにどころ","gun":"藤津郡","domains":["hasuike"],"isShared":false,"shared":[]},"geometry":{"type":"MultiPolygon","coordinates":[[[[130.03722,33.10736],[130.03545,33.10118],[130.03535,33.09876],[130.03638,33.09798],[130.03619,33.09728],[130.03754,33.09454],[130.03731,33.09393],[130.03822,33.09316],[130.04708,33.09805],[130.04685,33.10178],[130.04635,33.10452],[130.0453,33.10594],[130.04342,33.10549],[130.03969,33.10606],[130.03722,33.10736]]],[[[130.05073,33.08687],[130.05441,33.0873],[130.05519,33.08881],[130.05687,33.08956],[130.05638,33.09349],[130.05552,33.09414],[130.05553,33.09511],[130.05748,33.09718],[130.05754,33.0995],[130.05709,33.09961],[130.05671,33.10148],[130.05044,33.10318],[130.04815,33.10508],[130.04705,33.10431],[130.04635,33.10452],[130.04708,33.09805],[130.03822,33.09316],[130.03849,33.09145],[130.03783,33.08957],[130.04614,33.09414],[130.04563,33.0917],[130.04885,33.08969],[130.05073,33.08687]]],[[[130.06289,33.0939],[130.06114,33.09701],[130.06157,33.09911],[130.06245,33.09859],[130.06287,33.09869],[130.06268,33.09941],[130.06447,33.09969],[130.06614,33.09911],[130.06596,33.10035],[130.06684,33.10127],[130.06141,33.10109],[130.05885,33.10197],[130.05671,33.10148],[130.05709,33.09961],[130.05754,33.0995],[130.05748,33.09718],[130.05569,33.0957],[130.05551,33.09436],[130.05638,33.09349],[130.05687,33.08956],[130.05857,33.09165],[130.06155,33.09393],[130.06289,33.0939]]],[[[130.07407,33.09828],[130.07538,33.09804],[130.07569,33.09895],[130.07521,33.0993],[130.07551,33.10003],[130.0747,33.1002],[130.07486,33.10104],[130.07334,33.10065],[130.0718,33.10156],[130.0681,33.10201],[130.06596,33.10035],[130.06625,33.09767],[130.0668,33.09843],[130.06731,33.09833],[130.0674,33.0973],[130.06811,33.09785],[130.06983,33.09799],[130.07025,33.09935],[130.07183,33.09924],[130.07173,33.09886],[130.07263,33.09878],[130.07254,33.09847],[130.07407,33.09828]]],[[[130.04815,33.10508],[130.05044,33.10318],[130.05671,33.10148],[130.05885,33.10197],[130.06114,33.10112],[130.0658,33.10108],[130.06745,33.10144],[130.06817,33.10208],[130.06659,33.10352],[130.06493,33.10428],[130.05912,33.10455],[130.05429,33.10738],[130.05134,33.10814],[130.05004,33.10773],[130.04815,33.10508]]],[[[130.08332,33.11043],[130.08452,33.11084],[130.08472,33.11185],[130.07772,33.11403],[130.07379,33.11177],[130.07343,33.10866],[130.0711,33.10656],[130.07152,33.10626],[130.07164,33.10439],[130.07453,33.10316],[130.07592,33.10333],[130.07932,33.1058],[130.08032,33.106],[130.08061,33.10721],[130.07881,33.10745],[130.07975,33.10917],[130.08231,33.11067],[130.08277,33.1101],[130.08332,33.11043]]],[[[130.05004,33.10773],[130.05134,33.10814],[130.05429,33.10738],[130.05912,33.10455],[130.06493,33.10428],[130.06638,33.10517],[130.06721,33.10708],[130.06915,33.10736],[130.07105,33.11263],[130.06671,33.11224],[130.06638,33.11312],[130.06055,33.11174],[130.05971,33.11241],[130.05678,33.11317],[130.0528,33.11102],[130.04982,33.11085],[130.05004,33.10773]]],[[[130.08209,33.11297],[130.08131,33.11421],[130.07273,33.11696],[130.07123,33.11361],[130.06948,33.11415],[130.06956,33.11559],[130.06598,33.11628],[130.06515,33.11586],[130.06449,33.11638],[130.06391,33.11569],[130.06184,33.11484],[130.06104,33.11333],[130.05971,33.11241],[130.06055,33.11174],[130.06638,33.11312],[130.06671,33.11224],[130.07105,33.11263],[130.07367,33.11489],[130.07712,33.11426],[130.08019,33.11302],[130.08209,33.11297]]],[[[130.08131,33.11421],[130.08049,33.11588],[130.08079,33.11653],[130.07657,33.11784],[130.0769,33.11858],[130.07404,33.11939],[130.07373,33.11869],[130.0707,33.11962],[130.07027,33.11894],[130.06885,33.11926],[130.06797,33.11826],[130.0674,33.11888],[130.06521,33.11854],[130.06581,33.11803],[130.06552,33.11756],[130.06598,33.11628],[130.06956,33.11559],[130.06948,33.11415],[130.07123,33.11361],[130.07273,33.11696],[130.08131,33.11421]]],[[[130.0394,33.07923],[130.04222,33.07998],[130.044,33.08204],[130.04514,33.08249],[130.04665,33.08415],[130.05073,33.08687],[130.04885,33.08969],[130.04563,33.0917],[130.04635,33.09408],[130.03786,33.08934],[130.03757,33.08762],[130.03877,33.08562],[130.03766,33.08425],[130.03757,33.08178],[130.0394,33.07923]]]]}},{"type":"Feature","properties":{"vid":"K64G08S00023","name":"井手村","reading":"いで","gun":"藤津郡","domains":["hasuike"],"isShared":false,"shared":[]},"geometry":{"type":"MultiPolygon","coordinates":[[[[130.09923,33.13082],[130.09877,33.12626],[130.0994,33.12621],[130.09907,33.12349],[130.10165,33.1237],[130.10579,33.12228],[130.1157,33.1215],[130.11652,33.12787],[130.11179,33.12881],[130.11076,33.13156],[130.10819,33.13075],[130.10435,33.13113],[130.10061,33.13042],[130.09923,33.13082]]],[[[130.12606,33.11718],[130.12328,33.12322],[130.1222,33.12355],[130.12131,33.12451],[130.12117,33.12821],[130.12014,33.12866],[130.11652,33.12787],[130.1157,33.1215],[130.11665,33.12142],[130.11599,33.11564],[130.11859,33.11434],[130.11826,33.1138],[130.12134,33.11211],[130.12361,33.11111],[130.12873,33.11],[130.12862,33.11237],[130.12774,33.11394],[130.12621,33.11505],[130.12606,33.11718]]]]}},{"type":"Feature","properties":{"vid":"K64G08S00024","name":"真崎村","reading":"まつさき","gun":"藤津郡","domains":["hasuike"],"isShared":false,"shared":[]},"geometry":{"type":"MultiPolygon","coordinates":[[[[130.07923,33.1187],[130.08134,33.12277],[130.07676,33.12396],[130.07325,33.12429],[130.07145,33.12077],[130.07438,33.12012],[130.07404,33.11939],[130.0769,33.11858],[130.07657,33.11784],[130.07843,33.11722],[130.07923,33.1187]]],[[[130.08134,33.12277],[130.08373,33.12229],[130.08418,33.12394],[130.08196,33.12486],[130.08238,33.1261],[130.08178,33.12628],[130.08217,33.12737],[130.08081,33.12765],[130.08237,33.13077],[130.08075,33.1313],[130.08079,33.12931],[130.07786,33.12916],[130.07788,33.13093],[130.07644,33.13081],[130.07673,33.12807],[130.07407,33.12426],[130.08134,33.12277]]],[[[130.07236,33.13116],[130.0715,33.13124],[130.07023,33.12788],[130.06849,33.12547],[130.07164,33.12452],[130.07131,33.12377],[130.07172,33.12365],[130.07208,33.12438],[130.07307,33.12394],[130.07407,33.12426],[130.07673,33.12807],[130.07638,33.13077],[130.07435,33.13047],[130.07236,33.13116]]]]}},{"type":"Feature","properties":{"vid":"K64G08S00025","name":"鍋野村","reading":"なべの","gun":"藤津郡","domains":["saga"],"isShared":false,"shared":[]},"geometry":{"type":"Polygon","coordinates":[[[130.02917,33.14891],[130.02853,33.14842],[130.02639,33.14879],[130.02278,33.14996],[130.0222,33.15087],[130.021,33.15132],[130.01956,33.15154],[130.0171,33.15095],[130.01647,33.14968],[130.01276,33.14771],[130.0093,33.14803],[130.00799,33.14696],[130.0058,33.14654],[130.00551,33.14586],[130.00391,33.14489],[130.00417,33.14397],[130.0036,33.14321],[130.00363,33.1416],[130.00444,33.14016],[130.00493,33.14008],[130.0097,33.14127],[130.01181,33.14142],[130.01295,33.14095],[130.01449,33.14132],[130.01518,33.1407],[130.01626,33.14081],[130.0172,33.14008],[130.02033,33.13927],[130.02129,33.13824],[130.02235,33.13815],[130.02362,33.13874],[130.02465,33.13808],[130.02835,33.138],[130.02868,33.13849],[130.02843,33.14021],[130.02947,33.1425],[130.02941,33.14473],[130.03124,33.14752],[130.03087,33.14838],[130.02917,33.14891]]]}},{"type":"Feature","properties":{"vid":"K64G08S00026","name":"大野原村","reading":"おおのはら","gun":"藤津郡","domains":["saga"],"isShared":false,"shared":[]},"geometry":{"type":"Polygon","coordinates":[[[130.01006,33.05514],[130.00647,33.05502],[130.00476,33.0563],[130.00386,33.05602],[130.0021,33.05654],[130.00191,33.05586],[130.00328,33.05531],[130.00362,33.0544],[130.00237,33.0536],[130.00058,33.05387],[130.00041,33.0527],[129.99915,33.05247],[129.99872,33.05447],[129.99812,33.05465],[129.99761,33.05391],[129.99501,33.05241],[129.99255,33.0526],[129.98933,33.05366],[129.98736,33.05338],[129.98618,33.05371],[129.98759,33.05133],[129.99031,33.05078],[129.99268,33.04749],[129.99433,33.04792],[129.99508,33.04624],[129.99639,33.04485],[129.99377,33.04159],[129.99347,33.03906],[129.99476,33.03681],[129.99636,33.03583],[129.99828,33.03296],[129.99955,33.03206],[129.99986,33.03064],[129.99921,33.02905],[130.00083,33.02587],[130.0056,33.02514],[130.00835,33.01968],[130.00953,33.01901],[130.01081,33.01959],[130.01565,33.01743],[130.01671,33.01774],[130.01814,33.01903],[130.02192,33.01951],[130.02324,33.02016],[130.02425,33.02138],[130.02305,33.02507],[130.02068,33.02778],[130.02055,33.02874],[130.01943,33.03019],[130.01944,33.03338],[130.02231,33.03481],[130.02303,33.04085],[130.0237,33.04195],[130.02314,33.04331],[130.02332,33.04499],[130.0218,33.04724],[130.02207,33.04818],[130.02144,33.05006],[130.02194,33.05232],[130.02129,33.05218],[130.02029,33.04958],[130.01947,33.04932],[130.01723,33.05067],[130.0167,33.05318],[130.01599,33.05346],[130.01553,33.05313],[130.01492,33.05209],[130.01498,33.05118],[130.0178,33.0472],[130.01751,33.04628],[130.01845,33.04551],[130.01728,33.04475],[130.01546,33.04716],[130.0114,33.05071],[130.01026,33.05285],[130.01006,33.05514]]]}},{"type":"Feature","properties":{"vid":"K64G08S00027","name":"井手川内村","reading":"いでがわち","gun":"藤津郡","domains":["saga"],"isShared":false,"shared":[]},"geometry":{"type":"Polygon","coordinates":[[[129.99996,33.10443],[129.9937,33.09916],[129.99035,33.09811],[129.98881,33.09732],[129.98788,33.0962],[129.98606,33.09672],[129.98545,33.09571],[129.98642,33.09539],[129.98737,33.09573],[129.98741,33.09463],[129.9882,33.09474],[129.98715,33.09122],[129.98784,33.09053],[129.99141,33.0885],[129.99304,33.08695],[129.9969,33.0862],[129.99891,33.08384],[130.00112,33.08469],[130.00216,33.0861],[130.00434,33.08711],[130.00379,33.08799],[130.00777,33.09015],[130.00944,33.09217],[130.00613,33.09812],[130.00288,33.10161],[130.00092,33.10279],[129.99996,33.10443]]]}},{"type":"Feature","properties":{"vid":"K64G08S00034","name":"糸岐村","reading":"いとき","gun":"藤津郡","domains":["saga"],"isShared":false,"shared":[]},"geometry":{"type":"MultiPolygon","coordinates":[[[[130.18684,33.01021],[130.18639,33.01046],[130.18195,33.00754],[130.17712,33.00296],[130.17726,33.00228],[130.17876,33.00214],[130.17897,33.00268],[130.18084,33.00305],[130.18232,33.00237],[130.18341,33.00367],[130.1827,33.00535],[130.18298,33.00664],[130.18575,33.00806],[130.18684,33.01021]]],[[[130.17808,33.02009],[130.176,33.0196],[130.17563,33.01784],[130.17604,33.01692],[130.17411,33.01548],[130.17394,33.01353],[130.17579,33.01387],[130.17717,33.01566],[130.17844,33.01646],[130.18167,33.0168],[130.18079,33.01779],[130.17919,33.0179],[130.18091,33.01829],[130.18073,33.01942],[130.1787,33.01904],[130.17888,33.02005],[130.17808,33.02009]]],[[[130.18032,33.0123],[130.177,33.01214],[130.17454,33.0112],[130.17363,33.01187],[130.16886,33.01213],[130.16193,33.0088],[130.16046,33.00686],[130.1607,33.00474],[130.16289,33.00391],[130.16855,33.00424],[130.16965,33.00469],[130.17272,33.00893],[130.1751,33.00973],[130.17682,33.00745],[130.17807,33.00954],[130.17847,33.01147],[130.17976,33.01162],[130.18032,33.0123]]],[[[130.18167,33.0168],[130.17799,33.01625],[130.17579,33.01387],[130.17298,33.01356],[130.173,33.01277],[130.17219,33.01257],[130.17219,33.01194],[130.17363,33.01187],[130.17454,33.0112],[130.177,33.01214],[130.1806,33.01246],[130.18097,33.01311],[130.1823,33.01365],[130.18124,33.01511],[130.18165,33.01528],[130.18111,33.01617],[130.18455,33.0184],[130.18526,33.0197],[130.18449,33.01845],[130.18167,33.0168]]],[[[130.1823,33.01365],[130.18097,33.01311],[130.17976,33.01162],[130.17847,33.01147],[130.17807,33.00954],[130.17617,33.00606],[130.17712,33.00296],[130.18211,33.00766],[130.18639,33.01046],[130.18731,33.01024],[130.18795,33.01082],[130.18784,33.01177],[130.187,33.01234],[130.18532,33.0118],[130.18445,33.01203],[130.1823,33.01365]]],[[[130.1607,33.00474],[130.16046,33.00686],[130.16193,33.0088],[130.16886,33.01213],[130.17032,33.0121],[130.17038,33.01279],[130.16919,33.01433],[130.16707,33.01375],[130.16587,33.01254],[130.16221,33.01124],[130.1571,33.00809],[130.15666,33.00698],[130.15452,33.00521],[130.1553,33.00372],[130.15475,33.00328],[130.15547,33.00084],[130.15733,33.00194],[130.15569,33.00027],[130.15523,32.99914],[130.15712,33.00018],[130.1607,33.00474]]],[[[130.176,33.0196],[130.16789,33.0178],[130.16924,33.01608],[130.17079,33.01595],[130.16871,33.01534],[130.17038,33.01279],[130.17032,33.0121],[130.17219,33.01194],[130.17219,33.01257],[130.173,33.01277],[130.17298,33.01356],[130.17394,33.01353],[130.17411,33.01548],[130.17604,33.01692],[130.17563,33.01784],[130.176,33.0196]]],[[[130.16789,33.0178],[130.16464,33.01814],[130.16161,33.0176],[130.15942,33.01415],[130.15545,33.01109],[130.15308,33.01001],[130.15141,33.00736],[130.15275,33.00681],[130.1536,33.00767],[130.15489,33.00793],[130.15507,33.00753],[130.15404,33.00738],[130.15466,33.00688],[130.15742,33.00933],[130.1586,33.00937],[130.15942,33.01016],[130.16027,33.00998],[130.16357,33.0119],[130.16587,33.01254],[130.16707,33.01375],[130.16919,33.01433],[130.16871,33.01534],[130.17079,33.01595],[130.16924,33.01608],[130.16789,33.0178]]],[[[130.15481,33.0043],[130.15458,33.00532],[130.15666,33.00698],[130.1571,33.00809],[130.1602,33.01005],[130.15742,33.00933],[130.15458,33.00686],[130.15485,33.00628],[130.15433,33.00597],[130.1534,33.00568],[130.15139,33.00618],[130.15021,33.00459],[130.14927,33.00469],[130.14871,33.00331],[130.14794,33.00278],[130.14679,33.00292],[130.14584,33.00129],[130.14589,33.00022],[130.14516,32.99989],[130.1434,33.00061],[130.14235,33.00031],[130.14427,32.99832],[130.14845,32.99905],[130.15067,33.00071],[130.15108,33.00172],[130.15183,33.001],[130.15354,33.00159],[130.15265,33.00237],[130.15274,33.00333],[130.15481,33.0043]]],[[[130.15308,33.01001],[130.14941,33.00794],[130.14785,33.00641],[130.14513,33.00548],[130.1427,33.00385],[130.13882,33.00313],[130.13734,33.00233],[130.13656,33.00132],[130.13393,33.00103],[130.13288,32.99978],[130.13153,32.99957],[130.12984,32.99712],[130.12841,32.9968],[130.12756,32.99597],[130.12644,32.99346],[130.12551,32.9927],[130.1255,32.99157],[130.12426,32.98996],[130.12189,32.9884],[130.11891,32.98744],[130.11802,32.98617],[130.116,32.98582],[130.11462,32.98447],[130.11005,32.98525],[130.10561,32.98456],[130.10584,32.98314],[130.103,32.9791],[130.10344,32.97857],[130.10314,32.97469],[130.10486,32.9734],[130.10803,32.97257],[130.10919,32.97176],[130.11174,32.9726],[130.11519,32.97264],[130.115,32.97383],[130.11554,32.9755],[130.11454,32.97582],[130.11549,32.97777],[130.11547,32.97897],[130.11988,32.97879],[130.11682,32.9796],[130.11581,32.98013],[130.11587,32.98061],[130.12178,32.98171],[130.12589,32.98368],[130.12774,32.98378],[130.13107,32.98497],[130.13379,32.98629],[130.13418,32.987],[130.13549,32.98765],[130.13675,32.98953],[130.13979,32.99116],[130.14705,32.99201],[130.14911,32.99305],[130.14721,32.9952],[130.14767,32.99842],[130.15523,32.99914],[130.15569,33.00027],[130.15733,33.00194],[130.15547,33.00084],[130.15475,33.00328],[130.1553,33.00372],[130.15481,33.0043],[130.15274,33.00333],[130.15265,33.00237],[130.15354,33.00159],[130.15183,33.001],[130.15108,33.00172],[130.15067,33.00071],[130.14845,32.99905],[130.14427,32.99832],[130.14235,33.00031],[130.1434,33.00061],[130.14516,32.99989],[130.14589,33.00022],[130.14584,33.00129],[130.14679,33.00292],[130.14794,33.00278],[130.14871,33.00331],[130.14927,33.00469],[130.15021,33.00459],[130.15139,33.00618],[130.1534,33.00568],[130.15485,33.00628],[130.15404,33.00738],[130.15507,33.00753],[130.15489,33.00793],[130.1536,33.00767],[130.15275,33.00681],[130.15139,33.0074],[130.15308,33.01001]]],[[[130.14911,32.99305],[130.14705,32.99201],[130.13979,32.99116],[130.13675,32.98953],[130.13549,32.98765],[130.13418,32.987],[130.13379,32.98629],[130.13107,32.98497],[130.12774,32.98378],[130.12589,32.98368],[130.12178,32.98171],[130.11587,32.98061],[130.11581,32.98013],[130.12015,32.9786],[130.12098,32.97869],[130.12135,32.97819],[130.12454,32.97979],[130.12531,32.97981],[130.12543,32.97927],[130.12669,32.97972],[130.13087,32.98203],[130.13321,32.98249],[130.13421,32.98093],[130.13491,32.98152],[130.13603,32.98136],[130.13892,32.98321],[130.141,32.98357],[130.14253,32.9833],[130.14595,32.98561],[130.14735,32.99046],[130.1481,32.99021],[130.1483,32.99128],[130.14949,32.99138],[130.14988,32.99202],[130.14911,32.99305]]],[[[130.15712,33.00018],[130.15426,32.99881],[130.15167,32.99903],[130.1504,32.99847],[130.14767,32.99842],[130.14721,32.9952],[130.1485,32.99417],[130.14988,32.99202],[130.14949,32.99138],[130.1483,32.99128],[130.1481,32.99021],[130.14735,32.99046],[130.14595,32.98561],[130.14535,32.98497],[130.14307,32.98402],[130.14253,32.9833],[130.141,32.98357],[130.13892,32.98321],[130.13603,32.98136],[130.13491,32.98152],[130.13421,32.98093],[130.13321,32.98249],[130.13061,32.98196],[130.12669,32.97972],[130.12543,32.97927],[130.12531,32.97981],[130.12454,32.97979],[130.12135,32.97819],[130.12079,32.97874],[130.11573,32.97915],[130.11454,32.97582],[130.11554,32.9755],[130.115,32.97383],[130.11519,32.97264],[130.11437,32.97239],[130.11536,32.97204],[130.11572,32.97136],[130.11883,32.9704],[130.12271,32.97089],[130.12733,32.96891],[130.13092,32.96832],[130.13368,32.96847],[130.13401,32.97016],[130.13766,32.97385],[130.14014,32.9778],[130.14119,32.97799],[130.14302,32.97963],[130.14376,32.97965],[130.14558,32.98171],[130.14614,32.98436],[130.14719,32.98552],[130.15238,32.98788],[130.15292,32.98763],[130.15287,32.98595],[130.15392,32.98614],[130.15458,32.98908],[130.15619,32.98981],[130.15645,32.99095],[130.15714,32.99084],[130.15758,32.99246],[130.15666,32.99219],[130.15743,32.99401],[130.15669,32.99351],[130.15747,32.99678],[130.15691,32.99868],[130.15712,33.00018]]],[[[130.17517,32.97768],[130.17735,32.97853],[130.17789,32.9794],[130.17781,32.98049],[130.17987,32.98156],[130.17787,32.98498],[130.17898,32.98662],[130.17172,32.98659],[130.17225,32.98804],[130.17168,32.98876],[130.17016,32.98888],[130.17028,32.98944],[130.16783,32.98923],[130.1663,32.98746],[130.16685,32.98727],[130.16608,32.98709],[130.16599,32.98638],[130.16497,32.98627],[130.16459,32.98517],[130.16147,32.98421],[130.16089,32.98325],[130.15936,32.98231],[130.16397,32.97938],[130.16324,32.97662],[130.16347,32.97583],[130.16887,32.97699],[130.17187,32.97698],[130.17517,32.97768]]],[[[130.16599,32.98638],[130.16608,32.98709],[130.16685,32.98727],[130.16637,32.98758],[130.16783,32.98923],[130.17028,32.98944],[130.17156,32.99197],[130.1708,32.99279],[130.17134,32.99337],[130.17106,32.99423],[130.17026,32.99498],[130.17161,32.99704],[130.1705,32.99751],[130.16971,32.99722],[130.17016,32.99846],[130.16798,32.99805],[130.16695,32.99588],[130.16522,32.99412],[130.16438,32.9963],[130.16363,32.99628],[130.16072,32.9938],[130.16052,32.99221],[130.16213,32.98917],[130.16599,32.98638]]],[[[130.15619,32.98981],[130.15458,32.98908],[130.15441,32.98695],[130.15346,32.98583],[130.15287,32.98595],[130.15297,32.98735],[130.15254,32.98789],[130.14719,32.98552],[130.14614,32.98436],[130.14567,32.98191],[130.14441,32.98034],[130.14674,32.98035],[130.14683,32.98091],[130.14786,32.98089],[130.14832,32.98363],[130.14865,32.98293],[130.15127,32.98253],[130.15243,32.98305],[130.15255,32.98221],[130.15477,32.98136],[130.15786,32.98154],[130.16089,32.98325],[130.16136,32.98415],[130.16237,32.98429],[130.16261,32.98483],[130.16418,32.98494],[130.16506,32.98634],[130.16599,32.98638],[130.16213,32.98917],[130.16052,32.99221],[130.15872,32.99215],[130.15619,32.98981]]],[[[130.17028,32.98944],[130.17016,32.98888],[130.17168,32.98876],[130.17225,32.98804],[130.17172,32.98659],[130.17395,32.98644],[130.17834,32.98686],[130.17778,32.98831],[130.1782,32.98935],[130.1839,32.9907],[130.18152,32.99387],[130.17957,32.99363],[130.17702,32.99468],[130.17364,32.99376],[130.1741,32.99273],[130.17329,32.99279],[130.17136,32.99184],[130.17028,32.98944]]],[[[130.17712,33.00296],[130.17617,33.00592],[130.17682,33.00745],[130.1751,33.00973],[130.17251,33.00884],[130.16965,33.00469],[130.16754,33.00388],[130.16289,33.00391],[130.1607,33.00474],[130.15716,33.00033],[130.15691,32.99868],[130.15747,32.99678],[130.15669,32.99351],[130.15743,32.99401],[130.15666,32.99219],[130.15759,32.99254],[130.15718,32.99091],[130.15645,32.99095],[130.15619,32.98981],[130.15872,32.99215],[130.16065,32.99231],[130.16078,32.99392],[130.16363,32.99628],[130.16438,32.9963],[130.16522,32.99412],[130.16695,32.99588],[130.16798,32.99805],[130.16989,32.9985],[130.16971,32.99722],[130.1705,32.99751],[130.17159,32.99711],[130.17026,32.99498],[130.17106,32.99423],[130.17134,32.99337],[130.1708,32.99279],[130.17148,32.99198],[130.1741,32.99273],[130.17355,32.99366],[130.17541,32.9944],[130.17724,32.99466],[130.17975,32.9936],[130.17939,32.99406],[130.18089,32.99494],[130.18051,32.996],[130.17801,32.99689],[130.18035,32.99718],[130.18255,32.9985],[130.18186,33.0005],[130.18232,33.00237],[130.18084,33.00305],[130.17897,33.00268],[130.17876,33.00214],[130.1775,33.00214],[130.17712,33.00296]]],[[[130.18684,33.01021],[130.18575,33.00806],[130.18366,33.00726],[130.18284,33.00636],[130.1827,33.00535],[130.18341,33.00367],[130.18232,33.00237],[130.18186,33.0005],[130.18255,32.9985],[130.18035,32.99718],[130.17801,32.99689],[130.18044,32.99609],[130.18089,32.99494],[130.17947,32.99374],[130.18152,32.99387],[130.1839,32.9907],[130.18856,32.99266],[130.19348,32.99556],[130.19283,32.99672],[130.19309,32.99704],[130.19247,32.99951],[130.19042,32.99952],[130.19038,32.99998],[130.19034,32.99953],[130.18943,32.99978],[130.1892,32.99939],[130.18725,32.99914],[130.18684,32.99987],[130.18797,33.00053],[130.18833,33.00018],[130.18899,33.00092],[130.1899,33.0004],[130.18893,33.00107],[130.18907,33.00228],[130.18755,33.00468],[130.18794,33.00866],[130.18731,33.01024],[130.18684,33.01021]]],[[[130.14432,32.98059],[130.14376,32.97965],[130.14302,32.97963],[130.14119,32.97799],[130.14014,32.9778],[130.13766,32.97385],[130.13401,32.97016],[130.13368,32.96847],[130.13848,32.96834],[130.14052,32.97012],[130.14262,32.9714],[130.14416,32.97159],[130.14407,32.97196],[130.14586,32.9718],[130.14896,32.96979],[130.14979,32.9698],[130.15154,32.97098],[130.15299,32.97113],[130.15813,32.97385],[130.16347,32.97583],[130.16347,32.97829],[130.16411,32.979],[130.1622,32.98075],[130.15936,32.98231],[130.15702,32.98132],[130.15477,32.98136],[130.15255,32.98221],[130.15243,32.98305],[130.15127,32.98253],[130.14865,32.98293],[130.14832,32.98363],[130.14786,32.98089],[130.14471,32.98015],[130.14432,32.98059]]]]}},{"type":"Feature","properties":{"vid":"K64G08S00035","name":"大浦村","reading":"おおうら","gun":"藤津郡","domains":["saga"],"isShared":false,"shared":[]},"geometry":{"type":"MultiPolygon","coordinates":[[[[130.19539,32.98585],[130.19673,32.98426],[130.1949,32.98149],[130.19453,32.9797],[130.19266,32.97907],[130.19454,32.97918],[130.19443,32.97822],[130.19355,32.97718],[130.19506,32.9763],[130.19964,32.9763],[130.19937,32.97494],[130.19869,32.97453],[130.19926,32.9733],[130.20169,32.97381],[130.20364,32.97598],[130.20335,32.97744],[130.20404,32.97787],[130.20345,32.97841],[130.20364,32.98104],[130.20275,32.98113],[130.20256,32.98192],[130.20189,32.98207],[130.20223,32.98433],[130.20119,32.98454],[130.20073,32.98363],[130.19932,32.98517],[130.19825,32.98504],[130.19539,32.98585]]],[[[130.17517,32.97768],[130.17599,32.977],[130.18122,32.97769],[130.18801,32.97774],[130.19448,32.97964],[130.1949,32.98149],[130.19669,32.98407],[130.19532,32.98574],[130.19544,32.98743],[130.19675,32.98901],[130.19665,32.98947],[130.19573,32.98935],[130.19634,32.98919],[130.19496,32.98855],[130.19202,32.98955],[130.19096,32.99084],[130.19193,32.99281],[130.1934,32.99419],[130.19373,32.99547],[130.18578,32.99138],[130.1781,32.98928],[130.17799,32.98737],[130.17898,32.98662],[130.1779,32.98487],[130.1799,32.98165],[130.17781,32.98049],[130.17789,32.9794],[130.17735,32.97853],[130.17517,32.97768]]],[[[130.19665,32.98947],[130.19675,32.98901],[130.19544,32.98743],[130.19539,32.98585],[130.19825,32.98504],[130.19932,32.98517],[130.20073,32.98363],[130.20119,32.98454],[130.20206,32.98464],[130.20203,32.98313],[130.20234,32.98311],[130.20189,32.98207],[130.20256,32.98192],[130.20293,32.98105],[130.20448,32.98159],[130.20621,32.98152],[130.20527,32.98269],[130.20595,32.98496],[130.20519,32.98613],[130.20658,32.98809],[130.20625,32.9888],[130.20537,32.98851],[130.20508,32.99092],[130.20465,32.98986],[130.20365,32.99062],[130.20043,32.9916],[130.19665,32.98947]]],[[[130.20658,32.98809],[130.20519,32.98613],[130.20595,32.98496],[130.20524,32.98294],[130.20621,32.98152],[130.20558,32.98135],[130.20741,32.98098],[130.20733,32.98179],[130.2097,32.98339],[130.21045,32.98265],[130.21018,32.98328],[130.21105,32.98409],[130.21106,32.98475],[130.21043,32.98611],[130.20729,32.9873],[130.2078,32.98823],[130.20745,32.98788],[130.20658,32.98809]]],[[[130.20558,32.98135],[130.20448,32.98159],[130.20364,32.98104],[130.20345,32.97841],[130.20404,32.97787],[130.20335,32.97744],[130.20364,32.97598],[130.20169,32.97381],[130.20513,32.97156],[130.20472,32.96894],[130.20598,32.96899],[130.20821,32.96742],[130.20922,32.96799],[130.20984,32.96751],[130.21188,32.96982],[130.21,32.96955],[130.2118,32.97351],[130.21166,32.97459],[130.2133,32.97639],[130.21361,32.97875],[130.21489,32.97898],[130.21503,32.98139],[130.21442,32.98249],[130.21516,32.97993],[130.21427,32.97996],[130.21328,32.97906],[130.21201,32.97905],[130.21124,32.97987],[130.21007,32.97995],[130.20965,32.98042],[130.20999,32.97992],[130.20928,32.97905],[130.20945,32.98021],[130.20895,32.98019],[130.20821,32.9813],[130.20741,32.98098],[130.20558,32.98135]]],[[[130.21523,32.98003],[130.21489,32.97898],[130.21369,32.97887],[130.21351,32.97821],[130.21489,32.97722],[130.21647,32.97483],[130.2196,32.97508],[130.21968,32.97177],[130.22123,32.97056],[130.2216,32.96942],[130.22355,32.96978],[130.22284,32.97187],[130.22448,32.97224],[130.22281,32.97194],[130.22261,32.9725],[130.22323,32.97243],[130.22329,32.97358],[130.22394,32.97349],[130.22478,32.9722],[130.22398,32.97355],[130.22268,32.97377],[130.22176,32.97507],[130.22031,32.97568],[130.22044,32.97627],[130.22024,32.97571],[130.21938,32.97654],[130.22062,32.97675],[130.21933,32.97659],[130.21823,32.97702],[130.21523,32.98003]]],[[[130.21351,32.97821],[130.2133,32.97639],[130.21166,32.97459],[130.2118,32.97351],[130.21,32.96955],[130.21768,32.9708],[130.21916,32.96974],[130.21931,32.97015],[130.21981,32.96941],[130.22019,32.9698],[130.22148,32.96917],[130.22123,32.97056],[130.21968,32.97177],[130.2196,32.97508],[130.21647,32.97483],[130.21489,32.97722],[130.21351,32.97821]]],[[[130.20984,32.96751],[130.20922,32.96799],[130.20821,32.96742],[130.20598,32.96899],[130.20472,32.96894],[130.20513,32.97156],[130.204,32.97021],[130.20282,32.97052],[130.20176,32.97021],[130.20022,32.97093],[130.20069,32.96995],[130.20025,32.96918],[130.20219,32.96888],[130.20292,32.96815],[130.20239,32.96593],[130.20322,32.96492],[130.20752,32.96383],[130.20877,32.96452],[130.20873,32.96537],[130.20984,32.96751]]],[[[130.20283,32.9683],[130.20219,32.96888],[130.19953,32.96929],[130.19392,32.96734],[130.19129,32.96784],[130.18966,32.9687],[130.18824,32.96863],[130.19037,32.96688],[130.18974,32.96601],[130.19002,32.96539],[130.19208,32.96513],[130.19308,32.96465],[130.19295,32.96415],[130.19846,32.96264],[130.19932,32.961],[130.20366,32.96042],[130.20556,32.96079],[130.20598,32.96097],[130.20517,32.96272],[130.20293,32.96371],[130.20215,32.96473],[130.20182,32.96729],[130.20283,32.9683]]],[[[130.21235,32.95783],[130.21148,32.95866],[130.21159,32.96103],[130.2098,32.96277],[130.2101,32.96295],[130.20877,32.96452],[130.20695,32.96376],[130.20288,32.96508],[130.20239,32.96593],[130.20292,32.96815],[130.20209,32.96773],[130.20181,32.96659],[130.20212,32.9666],[130.20215,32.96473],[130.20293,32.96371],[130.20517,32.96272],[130.20598,32.96097],[130.20366,32.96042],[130.20493,32.95814],[130.20466,32.95711],[130.20581,32.95736],[130.20737,32.95658],[130.20862,32.95701],[130.20981,32.95658],[130.21235,32.95783]]],[[[130.2101,32.96295],[130.21046,32.96316],[130.21318,32.96084],[130.21385,32.95929],[130.21462,32.95904],[130.21643,32.95972],[130.21709,32.95917],[130.21702,32.95963],[130.21867,32.95996],[130.21864,32.95934],[130.21878,32.95981],[130.21949,32.95971],[130.21935,32.95928],[130.21957,32.9597],[130.22081,32.95966],[130.22063,32.96077],[130.21956,32.96058],[130.21921,32.96183],[130.21994,32.96201],[130.22104,32.96074],[130.22177,32.96254],[130.22142,32.96311],[130.22055,32.96306],[130.22019,32.96224],[130.21822,32.96341],[130.21636,32.96319],[130.21579,32.96427],[130.21602,32.96636],[130.21688,32.96679],[130.21706,32.96755],[130.21502,32.96894],[130.21188,32.96982],[130.20976,32.96741],[130.20873,32.96537],[130.20877,32.96452],[130.2101,32.96295]]],[[[130.20366,32.96042],[130.19932,32.961],[130.19846,32.96264],[130.19295,32.96415],[130.19308,32.96465],[130.19208,32.96513],[130.19002,32.96539],[130.18974,32.96601],[130.19037,32.96688],[130.18824,32.96863],[130.18603,32.96762],[130.18499,32.96831],[130.18141,32.96808],[130.18135,32.96397],[130.183,32.96271],[130.18415,32.96],[130.18539,32.95955],[130.18765,32.95885],[130.19256,32.95945],[130.19744,32.95919],[130.19855,32.95962],[130.20258,32.95851],[130.20359,32.95712],[130.20466,32.95711],[130.20493,32.95814],[130.20366,32.96042]]],[[[130.19926,32.9733],[130.19773,32.9737],[130.19597,32.97346],[130.19518,32.97415],[130.19399,32.97428],[130.19363,32.97219],[130.19179,32.97147],[130.19234,32.9707],[130.19207,32.9704],[130.19338,32.96993],[130.19247,32.96858],[130.19031,32.96839],[130.194,32.96735],[130.19825,32.96899],[130.20025,32.96918],[130.20069,32.96995],[130.20022,32.97093],[130.20176,32.97021],[130.20282,32.97052],[130.204,32.97021],[130.20481,32.97092],[130.20496,32.97162],[130.20169,32.97381],[130.19926,32.9733]]],[[[130.19266,32.97907],[130.18801,32.97774],[130.18148,32.9777],[130.17896,32.97725],[130.17944,32.97581],[130.18076,32.97416],[130.18114,32.97146],[130.18479,32.96832],[130.18603,32.96762],[130.18824,32.96863],[130.19181,32.96832],[130.19338,32.96993],[130.19207,32.9704],[130.19234,32.9707],[130.19183,32.97171],[130.19363,32.97219],[130.19399,32.97428],[130.19518,32.97415],[130.19597,32.97346],[130.19773,32.9737],[130.19919,32.97327],[130.19869,32.97453],[130.19937,32.97494],[130.19973,32.97595],[130.19905,32.97646],[130.19451,32.97648],[130.19352,32.97728],[130.19443,32.97822],[130.19454,32.97918],[130.19266,32.97907]]],[[[130.17517,32.97768],[130.16386,32.976],[130.1619,32.97363],[130.16206,32.97247],[130.16356,32.97109],[130.16887,32.97175],[130.17007,32.97233],[130.17173,32.97441],[130.17356,32.97379],[130.17469,32.97416],[130.17584,32.9755],[130.17896,32.97725],[130.17584,32.97701],[130.17517,32.97768]]],[[[130.21188,32.96982],[130.21502,32.96894],[130.21706,32.96755],[130.21688,32.96679],[130.21602,32.96636],[130.21579,32.96427],[130.21636,32.96319],[130.21822,32.96341],[130.22019,32.96224],[130.22055,32.96306],[130.22259,32.96338],[130.22288,32.96094],[130.22285,32.96205],[130.2243,32.96213],[130.22492,32.96078],[130.22422,32.96392],[130.225,32.96683],[130.22419,32.96767],[130.22355,32.96978],[130.22148,32.96917],[130.22019,32.9698],[130.2199,32.96939],[130.21931,32.97015],[130.21916,32.96974],[130.21768,32.9708],[130.21188,32.96982]]],[[[130.21709,32.95917],[130.21637,32.95821],[130.21599,32.95625],[130.21311,32.95445],[130.21256,32.9547],[130.2141,32.95273],[130.21679,32.95201],[130.21708,32.95103],[130.21795,32.95049],[130.22031,32.95287],[130.21977,32.95268],[130.21912,32.95329],[130.21976,32.95374],[130.21891,32.95327],[130.21842,32.95399],[130.21934,32.95502],[130.22036,32.95505],[130.22051,32.95465],[130.21995,32.9542],[130.22057,32.9546],[130.22124,32.95403],[130.22084,32.95324],[130.22128,32.95394],[130.22273,32.95393],[130.22385,32.95545],[130.22496,32.95575],[130.22516,32.95705],[130.22394,32.95758],[130.22307,32.96013],[130.22279,32.95853],[130.2217,32.95828],[130.22081,32.95912],[130.21945,32.95871],[130.21839,32.95923],[130.21709,32.95917]]],[[[130.17356,32.97379],[130.17173,32.97441],[130.16939,32.97194],[130.16637,32.97117],[130.16356,32.97109],[130.16091,32.97005],[130.16,32.96858],[130.15969,32.96656],[130.15589,32.96498],[130.15592,32.96446],[130.16271,32.96587],[130.16271,32.96625],[130.165,32.96736],[130.16434,32.96802],[130.16454,32.9684],[130.16722,32.96871],[130.16943,32.96834],[130.16964,32.96881],[130.16895,32.97029],[130.16995,32.9708],[130.17029,32.97027],[130.17206,32.97078],[130.17284,32.97234],[130.17406,32.9726],[130.17356,32.97379]]],[[[130.18415,32.96],[130.183,32.96271],[130.18191,32.96321],[130.18126,32.96417],[130.18141,32.96704],[130.18051,32.9667],[130.17952,32.96522],[130.17878,32.96582],[130.17696,32.96618],[130.17704,32.96587],[130.17543,32.96572],[130.17472,32.96608],[130.17235,32.96464],[130.17053,32.96542],[130.16945,32.96534],[130.16722,32.96646],[130.1664,32.9656],[130.16363,32.96551],[130.16201,32.966],[130.16088,32.96527],[130.15995,32.96555],[130.15928,32.96503],[130.15592,32.96446],[130.15557,32.96514],[130.15491,32.96441],[130.15512,32.96335],[130.16166,32.96123],[130.16654,32.96093],[130.16902,32.9617],[130.17306,32.96215],[130.17685,32.96148],[130.17859,32.96018],[130.18415,32.96]]],[[[130.16347,32.97583],[130.15907,32.97427],[130.15529,32.9721],[130.15163,32.97102],[130.14936,32.9697],[130.14675,32.97142],[130.14407,32.97196],[130.14718,32.96901],[130.14824,32.96734],[130.14935,32.96509],[130.14966,32.96279],[130.15034,32.96261],[130.15288,32.96349],[130.15512,32.96335],[130.1552,32.96495],[130.15969,32.96656],[130.16,32.96858],[130.16091,32.97005],[130.16356,32.97109],[130.16206,32.97247],[130.1619,32.97363],[130.16347,32.97583]]],[[[130.17896,32.97725],[130.17584,32.9755],[130.17481,32.97423],[130.17356,32.97379],[130.17406,32.9726],[130.17284,32.97234],[130.17206,32.97078],[130.17029,32.97027],[130.16995,32.9708],[130.169,32.97036],[130.16953,32.96841],[130.16722,32.96871],[130.16454,32.9684],[130.16434,32.96802],[130.165,32.96736],[130.16271,32.96625],[130.16271,32.96587],[130.1664,32.9656],[130.16736,32.96646],[130.16945,32.96534],[130.17053,32.96542],[130.17235,32.96464],[130.17472,32.96608],[130.17543,32.96572],[130.17704,32.96587],[130.17696,32.96618],[130.17878,32.96582],[130.17952,32.96522],[130.18051,32.9667],[130.18141,32.96704],[130.18141,32.96808],[130.18479,32.96832],[130.18114,32.97146],[130.18076,32.97416],[130.17944,32.97581],[130.17896,32.97725]]]]}},{"type":"Feature","properties":{"vid":"K64G08S00036","name":"多良村","reading":"たら","gun":"藤津郡","domains":["saga"],"isShared":false,"shared":[]},"geometry":{"type":"MultiPolygon","coordinates":[[[[130.17439,33.02793],[130.1742,33.02575],[130.17162,33.02428],[130.17036,33.02421],[130.17103,33.02237],[130.17121,33.01864],[130.17808,33.02009],[130.17737,33.0221],[130.17659,33.02247],[130.17669,33.02157],[130.17617,33.02205],[130.17569,33.02398],[130.17683,33.02335],[130.17478,33.0283],[130.17439,33.02793]]],[[[130.17439,33.02793],[130.17344,33.02812],[130.17251,33.02927],[130.16977,33.02893],[130.1672,33.02785],[130.16712,33.02719],[130.16588,33.02705],[130.16595,33.02614],[130.16798,33.02653],[130.16872,33.0245],[130.17131,33.02418],[130.1742,33.02575],[130.17439,33.02793]]],[[[130.17121,33.01864],[130.17103,33.02237],[130.17036,33.02421],[130.16872,33.0245],[130.16562,33.02396],[130.16237,33.02532],[130.16256,33.02275],[130.15864,33.01718],[130.1595,33.01703],[130.16063,33.01774],[130.1602,33.01687],[130.16059,33.01645],[130.16233,33.01792],[130.16815,33.01779],[130.17121,33.01864]]],[[[130.1497,33.01558],[130.14826,33.0171],[130.14863,33.01821],[130.14743,33.01808],[130.14871,33.01974],[130.14838,33.02028],[130.14558,33.01992],[130.14619,33.02067],[130.14571,33.02087],[130.14515,33.02009],[130.1385,33.01696],[130.13669,33.01519],[130.13857,33.01333],[130.14053,33.01332],[130.14096,33.01265],[130.14017,33.01083],[130.14038,33.01038],[130.14403,33.0124],[130.14303,33.0139],[130.14472,33.0146],[130.14533,33.01365],[130.1497,33.01558]]],[[[130.17136,33.03785],[130.17222,33.03917],[130.17162,33.03931],[130.17124,33.04064],[130.16697,33.03989],[130.1631,33.03774],[130.15953,33.03699],[130.15547,33.03517],[130.15277,33.03317],[130.14674,33.02989],[130.13314,33.02484],[130.13769,33.02537],[130.13941,33.02633],[130.14518,33.02695],[130.15012,33.02858],[130.15267,33.03047],[130.16004,33.03276],[130.16455,33.03517],[130.16685,33.03575],[130.17136,33.03785]]],[[[130.16588,33.02705],[130.16595,33.02778],[130.1654,33.02796],[130.16071,33.02711],[130.15606,33.02735],[130.15717,33.02621],[130.15866,33.0261],[130.15602,33.02552],[130.15621,33.02499],[130.16277,33.02526],[130.16562,33.02396],[130.16872,33.0245],[130.16798,33.02653],[130.16595,33.02614],[130.16588,33.02705]]],[[[130.16237,33.02532],[130.15621,33.02499],[130.15602,33.02552],[130.15712,33.02595],[130.15621,33.02658],[130.1553,33.02646],[130.15574,33.0249],[130.15268,33.02318],[130.14678,33.02181],[130.14588,33.02129],[130.14571,33.02087],[130.14619,33.02067],[130.14558,33.01992],[130.14838,33.02028],[130.14871,33.01974],[130.14743,33.01808],[130.14863,33.01821],[130.14826,33.0171],[130.1497,33.01558],[130.15077,33.01671],[130.15229,33.01734],[130.15831,33.01793],[130.15695,33.0165],[130.15746,33.01649],[130.16035,33.01912],[130.16256,33.02275],[130.16237,33.02532]]],[[[130.17136,33.03785],[130.16685,33.03575],[130.16455,33.03517],[130.16004,33.03276],[130.15299,33.03061],[130.15909,33.03055],[130.16392,33.0328],[130.16717,33.03343],[130.1716,33.03536],[130.1711,33.03615],[130.17136,33.03785]]],[[[130.15299,33.03061],[130.15012,33.02858],[130.15543,33.02923],[130.15859,33.02915],[130.16031,33.02846],[130.1615,33.02886],[130.16651,33.02853],[130.17139,33.02959],[130.17041,33.0301],[130.1698,33.03143],[130.17193,33.03199],[130.17328,33.03393],[130.1716,33.03536],[130.16615,33.03306],[130.16356,33.03267],[130.15909,33.03055],[130.15299,33.03061]]],[[[130.17328,33.03393],[130.17193,33.03199],[130.1698,33.03143],[130.17057,33.02995],[130.17219,33.02969],[130.17344,33.02812],[130.17439,33.02793],[130.17478,33.0283],[130.17523,33.02722],[130.17928,33.02837],[130.17896,33.02964],[130.17768,33.03019],[130.1781,33.03078],[130.18225,33.03043],[130.17807,33.03084],[130.1762,33.03164],[130.17582,33.03245],[130.17642,33.03023],[130.17551,33.03186],[130.1758,33.03204],[130.17486,33.0326],[130.17516,33.03286],[130.17481,33.03266],[130.17328,33.03393]]],[[[130.15012,33.02858],[130.14518,33.02695],[130.14303,33.02669],[130.14243,33.0257],[130.13921,33.02376],[130.1392,33.02338],[130.14431,33.02351],[130.13407,33.02043],[130.13372,33.01932],[130.1354,33.01892],[130.13657,33.01785],[130.1368,33.0188],[130.13867,33.01931],[130.13844,33.02051],[130.14218,33.02166],[130.14307,33.02148],[130.14611,33.024],[130.14731,33.0256],[130.15146,33.02698],[130.15606,33.02735],[130.16071,33.02711],[130.1654,33.02796],[130.16595,33.02778],[130.16588,33.02705],[130.16712,33.02719],[130.1672,33.02785],[130.16977,33.02893],[130.17251,33.02927],[130.17191,33.02976],[130.16651,33.02853],[130.1615,33.02886],[130.16031,33.02846],[130.15859,33.02915],[130.15543,33.02923],[130.15012,33.02858]]],[[[130.17928,33.02837],[130.17529,33.02739],[130.17683,33.02335],[130.17569,33.02398],[130.17603,33.02243],[130.17669,33.02157],[130.17659,33.02247],[130.17737,33.0221],[130.17808,33.02009],[130.17888,33.02005],[130.1787,33.01904],[130.18073,33.01942],[130.18091,33.01829],[130.18167,33.01753],[130.18229,33.01782],[130.18155,33.01855],[130.18097,33.02078],[130.17936,33.0214],[130.17989,33.02156],[130.18041,33.02329],[130.18113,33.02379],[130.18003,33.0239],[130.17954,33.02307],[130.17894,33.02339],[130.17945,33.02428],[130.18273,33.02477],[130.18137,33.0246],[130.18119,33.02529],[130.18011,33.02508],[130.17928,33.02837]]],[[[130.11431,33.02688],[130.11299,33.02512],[130.1133,33.02341],[130.1104,33.02356],[130.10811,33.02064],[130.10426,33.01941],[130.10209,33.01805],[130.10211,33.01764],[130.10568,33.01753],[130.10649,33.01685],[130.11252,33.0162],[130.11169,33.01723],[130.11402,33.01736],[130.11495,33.01841],[130.11256,33.01892],[130.11313,33.01992],[130.11598,33.01999],[130.11858,33.02088],[130.11605,33.02114],[130.11352,33.02228],[130.11538,33.02299],[130.11527,33.02463],[130.11431,33.02688]]],[[[130.14303,33.02669],[130.13941,33.02633],[130.13769,33.02537],[130.12935,33.0241],[130.12085,33.02122],[130.11598,33.01999],[130.11313,33.01992],[130.1125,33.01902],[130.11523,33.01841],[130.11906,33.01965],[130.12526,33.01975],[130.12572,33.02015],[130.1264,33.01996],[130.12584,33.01766],[130.13004,33.01685],[130.13126,33.01609],[130.13459,33.01607],[130.13687,33.0152],[130.1385,33.01696],[130.14515,33.02009],[130.14678,33.02181],[130.15268,33.02318],[130.15574,33.0249],[130.1553,33.02646],[130.15621,33.02658],[130.15712,33.02595],[130.15866,33.0261],[130.15717,33.02621],[130.15605,33.02713],[130.15534,33.02716],[130.1521,33.02712],[130.14941,33.02641],[130.14731,33.0256],[130.14611,33.024],[130.14307,33.02148],[130.14218,33.02166],[130.13844,33.02051],[130.13867,33.01931],[130.1368,33.0188],[130.13657,33.01785],[130.1354,33.01892],[130.13394,33.01898],[130.13407,33.02043],[130.14431,33.02351],[130.1392,33.02338],[130.13921,33.02376],[130.14243,33.0257],[130.14303,33.02669]]],[[[130.16059,33.01645],[130.1602,33.01687],[130.16063,33.01774],[130.1595,33.01703],[130.15864,33.01718],[130.15695,33.0165],[130.15831,33.01793],[130.15789,33.01806],[130.1551,33.01735],[130.15229,33.01734],[130.15077,33.01671],[130.14801,33.01455],[130.14533,33.01365],[130.14472,33.0146],[130.14303,33.0139],[130.14403,33.0124],[130.13962,33.00999],[130.13966,33.00841],[130.13687,33.00713],[130.13477,33.00799],[130.13064,33.00578],[130.12826,33.00169],[130.12737,33.00216],[130.12759,33.00096],[130.12636,33.00278],[130.1259,33.00116],[130.12532,33.00127],[130.12531,33.00058],[130.12431,33.00065],[130.12436,32.99895],[130.12351,32.99961],[130.12329,32.99928],[130.12257,32.99522],[130.12139,32.99286],[130.12189,32.99293],[130.12216,32.99236],[130.12134,32.9921],[130.1222,32.99216],[130.1223,32.99292],[130.12358,32.99341],[130.1262,32.99321],[130.12768,32.99611],[130.12859,32.99688],[130.12984,32.99712],[130.13143,32.99948],[130.13288,32.99978],[130.13377,33.00094],[130.13643,33.00126],[130.13882,33.00313],[130.1427,33.00385],[130.14513,33.00548],[130.14785,33.00641],[130.14941,33.00794],[130.15545,33.01109],[130.15942,33.01415],[130.16059,33.01645]]],[[[130.14038,33.01038],[130.14017,33.01083],[130.14096,33.01265],[130.14053,33.01332],[130.13857,33.01333],[130.13669,33.01519],[130.13593,33.01526],[130.13668,33.01418],[130.13634,33.01436],[130.13533,33.01297],[130.13368,33.01248],[130.13172,33.0127],[130.13081,33.01191],[130.13009,33.01288],[130.12919,33.01301],[130.12303,33.00925],[130.12179,33.00906],[130.12191,33.00781],[130.12008,33.00633],[130.12056,33.00427],[130.12079,33.00382],[130.12129,33.00413],[130.12215,33.00293],[130.12225,33.00081],[130.12433,32.99892],[130.12431,33.00065],[130.12531,33.00058],[130.12532,33.00127],[130.1259,33.00116],[130.12636,33.00278],[130.12776,33.00104],[130.12737,33.00216],[130.12826,33.00169],[130.13064,33.00578],[130.13477,33.00799],[130.13624,33.0077],[130.13676,33.00714],[130.13852,33.00774],[130.13973,33.0085],[130.13946,33.00963],[130.14038,33.01038]]],[[[130.09503,33.00089],[130.09389,33.00022],[130.09123,32.9968],[130.08811,32.99388],[130.08549,32.99423],[130.08234,32.9938],[130.08014,32.99295],[130.07812,32.99021],[130.07762,32.98848],[130.07606,32.98756],[130.07723,32.98666],[130.07757,32.98448],[130.08178,32.98275],[130.08278,32.98102],[130.08361,32.98102],[130.08362,32.98062],[130.0858,32.97922],[130.08615,32.97538],[130.08868,32.97403],[130.09505,32.97538],[130.10023,32.97418],[130.10314,32.97469],[130.10344,32.97857],[130.103,32.9791],[130.10584,32.98314],[130.10561,32.98456],[130.11005,32.98525],[130.115,32.98459],[130.116,32.98582],[130.11802,32.98617],[130.11891,32.98744],[130.12189,32.9884],[130.12426,32.98996],[130.12612,32.99323],[130.12358,32.99341],[130.1223,32.99292],[130.1222,32.99216],[130.12134,32.9921],[130.12216,32.99236],[130.12143,32.99304],[130.12257,32.99522],[130.12351,32.99961],[130.12225,33.00081],[130.12215,33.00293],[130.12129,33.00413],[130.12079,33.00382],[130.12008,33.00633],[130.11708,33.00484],[130.11608,33.00544],[130.11586,33.00611],[130.11411,33.00498],[130.11493,33.00631],[130.11434,33.00705],[130.11316,33.00598],[130.11098,33.00567],[130.10835,33.00378],[130.10786,33.00393],[130.10762,33.003],[130.10727,33.00357],[130.10714,33.00289],[130.10663,33.00331],[130.10432,33.00301],[130.10096,33.00237],[130.09972,33.00143],[130.09503,33.00089]]],[[[130.09627,33.0048],[130.09551,33.0014],[130.09503,33.00089],[130.09972,33.00143],[130.10096,33.00237],[130.10432,33.00301],[130.10663,33.00331],[130.10714,33.00289],[130.10727,33.00357],[130.10762,33.003],[130.10786,33.00393],[130.10835,33.00378],[130.11098,33.00567],[130.11316,33.00598],[130.11434,33.00705],[130.11493,33.00631],[130.11411,33.00498],[130.11586,33.00611],[130.11608,33.00544],[130.11708,33.00484],[130.11854,33.00574],[130.11964,33.00578],[130.12191,33.00781],[130.12179,33.00906],[130.12303,33.00925],[130.12635,33.01108],[130.1278,33.01247],[130.12955,33.01301],[130.13081,33.01191],[130.13172,33.0127],[130.13459,33.01267],[130.13614,33.01363],[130.13634,33.01436],[130.13668,33.01418],[130.1359,33.01522],[130.13669,33.01519],[130.13459,33.01607],[130.13126,33.01609],[130.13004,33.01685],[130.12584,33.01766],[130.1264,33.01996],[130.1256,33.02016],[130.12526,33.01975],[130.11856,33.01953],[130.11495,33.01841],[130.11402,33.01736],[130.11169,33.01723],[130.1124,33.01614],[130.10649,33.01685],[130.10568,33.01753],[130.10311,33.01739],[130.10211,33.01764],[130.10209,33.01805],[130.09675,33.01402],[130.09616,33.01214],[130.09709,33.01015],[130.09719,33.0083],[130.09627,33.0048]]]]}},{"type":"Feature","properties":{"vid":"K64G08S00037","name":"飯田村","reading":"いいだ","gun":"藤津郡","domains":["saga"],"isShared":false,"shared":[]},"geometry":{"type":"MultiPolygon","coordinates":[[[[130.16973,33.05103],[130.1644,33.04639],[130.15635,33.04267],[130.15359,33.04013],[130.14771,33.03887],[130.14487,33.03696],[130.14316,33.03675],[130.14294,33.03711],[130.13681,33.03343],[130.135,33.03184],[130.12584,33.02793],[130.12548,33.02714],[130.12393,33.02647],[130.1214,33.02429],[130.11352,33.02228],[130.11425,33.02164],[130.11632,33.02107],[130.1193,33.02092],[130.12935,33.0241],[130.13204,33.02449],[130.14674,33.02989],[130.15277,33.03317],[130.15547,33.03517],[130.15886,33.03673],[130.1631,33.03774],[130.16697,33.03989],[130.17124,33.04064],[130.17089,33.0415],[130.17271,33.04255],[130.17166,33.04205],[130.17101,33.04294],[130.17234,33.04299],[130.17158,33.04334],[130.17017,33.04259],[130.16883,33.04475],[130.16904,33.04546],[130.16966,33.04541],[130.17001,33.04905],[130.16973,33.05103]]],[[[130.16973,33.05103],[130.1708,33.05196],[130.16969,33.05113],[130.16956,33.05178],[130.1702,33.05232],[130.16927,33.05203],[130.16981,33.05258],[130.1683,33.05124],[130.16636,33.05204],[130.16652,33.05268],[130.16551,33.05414],[130.16383,33.05351],[130.1617,33.05194],[130.15382,33.0441],[130.15062,33.03955],[130.15359,33.04013],[130.15635,33.04267],[130.16412,33.04621],[130.16973,33.05103]]],[[[130.13075,33.0431],[130.13113,33.04221],[130.13216,33.04238],[130.13623,33.04574],[130.13809,33.04628],[130.14054,33.04845],[130.14266,33.04846],[130.14663,33.0501],[130.14782,33.05144],[130.14816,33.05101],[130.15011,33.05169],[130.15074,33.05251],[130.15076,33.05349],[130.15337,33.05538],[130.15381,33.05671],[130.1564,33.05792],[130.15679,33.05967],[130.15894,33.06086],[130.15525,33.06236],[130.15579,33.0634],[130.15459,33.06464],[130.15294,33.06347],[130.15068,33.06474],[130.14574,33.06081],[130.14296,33.05356],[130.13764,33.04982],[130.13419,33.0466],[130.13319,33.04676],[130.13206,33.04414],[130.13075,33.0431]]],[[[130.11434,33.02822],[130.114,33.02717],[130.11453,33.02689],[130.11527,33.02463],[130.11528,33.02269],[130.1214,33.02429],[130.12393,33.02647],[130.12548,33.02714],[130.12584,33.02793],[130.135,33.03184],[130.13681,33.03343],[130.14294,33.03711],[130.14316,33.03675],[130.14487,33.03696],[130.14771,33.03887],[130.15062,33.03955],[130.15382,33.0441],[130.16014,33.05043],[130.16341,33.05324],[130.16551,33.05414],[130.16505,33.0548],[130.1645,33.0545],[130.16153,33.05491],[130.16005,33.05598],[130.16191,33.05839],[130.16144,33.05784],[130.16058,33.05835],[130.1614,33.05778],[130.16041,33.05662],[130.15912,33.0574],[130.15871,33.0573],[130.15918,33.05701],[130.15893,33.05667],[130.15808,33.05719],[130.15819,33.05783],[130.15867,33.05767],[130.1582,33.05791],[130.15873,33.05915],[130.16034,33.05826],[130.15872,33.05925],[130.15893,33.06052],[130.15756,33.06019],[130.15669,33.05953],[130.1564,33.05792],[130.15381,33.05671],[130.15337,33.05538],[130.15076,33.05349],[130.15074,33.05251],[130.15011,33.05169],[130.14816,33.05101],[130.14782,33.05144],[130.14663,33.0501],[130.14266,33.04846],[130.14054,33.04845],[130.13809,33.04628],[130.13623,33.04574],[130.13216,33.04238],[130.13113,33.04221],[130.1307,33.04307],[130.129,33.04091],[130.12368,33.037],[130.12275,33.03558],[130.12293,33.03418],[130.12164,33.03279],[130.12036,33.03227],[130.1191,33.02995],[130.11769,33.02888],[130.11434,33.02822]]]]}},{"type":"Feature","properties":{"vid":"K64G08S00038","name":"音成村","reading":"おとなり","gun":"藤津郡","domains":["saga"],"isShared":false,"shared":[]},"geometry":{"type":"MultiPolygon","coordinates":[[[[130.13319,33.04676],[130.13419,33.0466],[130.13764,33.04982],[130.14296,33.05356],[130.14562,33.06063],[130.14834,33.06308],[130.15095,33.06487],[130.15294,33.06347],[130.15411,33.06448],[130.15355,33.06574],[130.14945,33.06766],[130.14927,33.06803],[130.15008,33.06907],[130.14982,33.06967],[130.14901,33.06953],[130.14751,33.06828],[130.14392,33.06388],[130.14015,33.05723],[130.13999,33.05574],[130.13454,33.04945],[130.13434,33.0483],[130.13319,33.04676]]],[[[130.12237,33.07116],[130.12001,33.06594],[130.12027,33.06223],[130.11954,33.06153],[130.11929,33.06041],[130.11809,33.05976],[130.11824,33.05922],[130.11736,33.05767],[130.11765,33.05663],[130.11709,33.05601],[130.11776,33.05472],[130.12187,33.06231],[130.12174,33.06321],[130.12321,33.06913],[130.12646,33.07365],[130.12645,33.07692],[130.12702,33.07754],[130.1286,33.07743],[130.12884,33.07995],[130.131,33.08379],[130.13399,33.08691],[130.13396,33.08782],[130.13274,33.08807],[130.13272,33.09072],[130.13046,33.09181],[130.13045,33.09314],[130.13043,33.09181],[130.12988,33.09181],[130.12752,33.08596],[130.12671,33.08033],[130.1241,33.07547],[130.12469,33.07363],[130.12237,33.07116]]],[[[130.11948,33.04613],[130.1211,33.05011],[130.12434,33.05287],[130.12539,33.05465],[130.12513,33.05517],[130.12567,33.05644],[130.12837,33.05931],[130.12956,33.06288],[130.13096,33.06454],[130.13333,33.07055],[130.13451,33.07163],[130.13786,33.0785],[130.13764,33.08067],[130.13832,33.08078],[130.13899,33.08357],[130.13797,33.08374],[130.13725,33.08457],[130.1376,33.08576],[130.1367,33.08546],[130.13597,33.08443],[130.13645,33.08421],[130.1321,33.07849],[130.13181,33.07407],[130.1287,33.06732],[130.12399,33.06204],[130.1224,33.05888],[130.12151,33.05827],[130.11833,33.0538],[130.1187,33.05266],[130.11872,33.04728],[130.11948,33.04613]]],[[[130.13899,33.08357],[130.14363,33.08316],[130.14329,33.08339],[130.1458,33.08672],[130.14066,33.09438],[130.13583,33.09545],[130.13054,33.09183],[130.13272,33.09072],[130.13274,33.08807],[130.13396,33.08782],[130.13399,33.08691],[130.131,33.08379],[130.12884,33.07995],[130.1286,33.07743],[130.12702,33.07754],[130.12645,33.07692],[130.12646,33.07365],[130.12321,33.06913],[130.12174,33.06321],[130.12187,33.06231],[130.11776,33.05472],[130.11833,33.0538],[130.12151,33.05827],[130.1224,33.05888],[130.12399,33.06204],[130.1287,33.06732],[130.13181,33.07407],[130.1321,33.07849],[130.13645,33.08421],[130.13597,33.08443],[130.13736,33.08585],[130.13725,33.08457],[130.13797,33.08374],[130.13899,33.08357]]],[[[130.12113,33.04317],[130.1256,33.04767],[130.13075,33.0568],[130.13426,33.05968],[130.13449,33.06088],[130.13776,33.06545],[130.13784,33.06689],[130.13698,33.06749],[130.13721,33.06809],[130.14388,33.0745],[130.14519,33.07504],[130.14466,33.07324],[130.14626,33.07409],[130.14618,33.07687],[130.14515,33.07738],[130.14502,33.07844],[130.14427,33.07903],[130.14277,33.07785],[130.14162,33.07602],[130.13973,33.07168],[130.13378,33.06533],[130.13307,33.06152],[130.1319,33.05979],[130.12836,33.05674],[130.12321,33.04855],[130.11966,33.04546],[130.12113,33.04317]]],[[[130.13498,33.06634],[130.13973,33.07168],[130.14162,33.07602],[130.14364,33.07859],[130.14281,33.07976],[130.14272,33.08106],[130.14186,33.08117],[130.14146,33.07906],[130.13866,33.0755],[130.13835,33.07367],[130.13658,33.06963],[130.13533,33.06828],[130.13498,33.06634]]],[[[130.12036,33.03227],[130.12164,33.03279],[130.12293,33.03418],[130.12275,33.03558],[130.12391,33.03723],[130.12642,33.03871],[130.13206,33.04414],[130.13449,33.04861],[130.13454,33.04945],[130.13999,33.05574],[130.14015,33.05723],[130.14392,33.06388],[130.14751,33.06828],[130.14901,33.06953],[130.14982,33.06967],[130.14918,33.07165],[130.14813,33.07177],[130.14844,33.07115],[130.14792,33.07124],[130.14472,33.07299],[130.14456,33.07374],[130.14519,33.07504],[130.14388,33.0745],[130.13721,33.06809],[130.13698,33.06749],[130.13784,33.06689],[130.13776,33.06545],[130.13449,33.06088],[130.13426,33.05968],[130.13075,33.0568],[130.1256,33.04767],[130.11884,33.04036],[130.11923,33.03904],[130.11839,33.03658],[130.11943,33.03588],[130.11824,33.03501],[130.11822,33.03406],[130.12114,33.03483],[130.12228,33.03427],[130.1214,33.03321],[130.12019,33.03272],[130.12036,33.03227]]],[[[130.13498,33.06634],[130.13533,33.06828],[130.13658,33.06963],[130.13835,33.07367],[130.13866,33.0755],[130.14146,33.07906],[130.14186,33.08117],[130.14272,33.08106],[130.143,33.08308],[130.13899,33.08357],[130.13832,33.08078],[130.13764,33.08067],[130.13786,33.0785],[130.13451,33.07163],[130.13333,33.07055],[130.13096,33.06454],[130.12956,33.06288],[130.12837,33.05931],[130.12567,33.05644],[130.12513,33.05517],[130.12539,33.05465],[130.12434,33.05287],[130.1211,33.05011],[130.11965,33.04707],[130.11966,33.04546],[130.12321,33.04855],[130.12836,33.05674],[130.1319,33.05979],[130.13307,33.06152],[130.13378,33.06533],[130.13498,33.06634]]],[[[130.11655,33.05553],[130.11581,33.05365],[130.11634,33.04967],[130.11733,33.04785],[130.1168,33.0466],[130.1175,33.04451],[130.1169,33.03816],[130.11757,33.03595],[130.11434,33.02822],[130.11769,33.02888],[130.1191,33.02995],[130.12028,33.03187],[130.11999,33.03249],[130.12228,33.03427],[130.12114,33.03483],[130.11822,33.03406],[130.11824,33.03501],[130.11943,33.03588],[130.11839,33.03658],[130.11923,33.03904],[130.11884,33.04036],[130.12113,33.04317],[130.11872,33.04728],[130.11846,33.0535],[130.11709,33.05601],[130.11655,33.05553]]]]}},{"type":"Feature","properties":{"vid":"K64G08S00039","name":"浅浦村","reading":"あさうら","gun":"藤津郡","domains":["saga"],"isShared":false,"shared":[]},"geometry":{"type":"MultiPolygon","coordinates":[[[[130.08127,33.09578],[130.08147,33.0968],[130.0769,33.09732],[130.07542,33.0979],[130.07468,33.09767],[130.07098,33.09943],[130.07013,33.09923],[130.06974,33.09793],[130.06921,33.09816],[130.0674,33.0973],[130.06731,33.09833],[130.0668,33.09843],[130.06625,33.09767],[130.0659,33.09945],[130.06334,33.09963],[130.06268,33.09941],[130.06287,33.09869],[130.06157,33.09911],[130.06113,33.09734],[130.06293,33.09387],[130.06489,33.09454],[130.06725,33.09262],[130.0692,33.0938],[130.07032,33.09297],[130.07494,33.09625],[130.07543,33.09578],[130.07642,33.09621],[130.07771,33.09579],[130.08127,33.09578]]],[[[130.08016,33.09231],[130.08138,33.09423],[130.08127,33.09578],[130.07771,33.09579],[130.07642,33.09621],[130.07543,33.09578],[130.07494,33.09625],[130.07032,33.09297],[130.0692,33.0938],[130.06725,33.09262],[130.06489,33.09454],[130.06293,33.09387],[130.06763,33.08899],[130.07164,33.08792],[130.07279,33.08835],[130.07568,33.09098],[130.07821,33.09135],[130.08016,33.09231]]],[[[130.06293,33.09387],[130.06155,33.09393],[130.05857,33.09165],[130.05732,33.08987],[130.05507,33.08868],[130.05441,33.0873],[130.05018,33.08681],[130.04873,33.08519],[130.044,33.08204],[130.04222,33.07998],[130.0394,33.07923],[130.04114,33.07478],[130.04246,33.07304],[130.04252,33.07206],[130.04116,33.07048],[130.04151,33.06941],[130.04276,33.06873],[130.04303,33.06776],[130.04566,33.06697],[130.04608,33.06557],[130.04728,33.06505],[130.0479,33.06388],[130.05106,33.06518],[130.05206,33.0661],[130.05459,33.06684],[130.05637,33.06915],[130.05914,33.07639],[130.06207,33.08033],[130.06548,33.08364],[130.07239,33.08771],[130.06763,33.08899],[130.06293,33.09387]]]]}},{"type":"Feature","properties":{"vid":"K64G08S00040","name":"西牟田村","reading":"にしむた","gun":"藤津郡","domains":["saga"],"isShared":false,"shared":[]},"geometry":{"type":"MultiPolygon","coordinates":[[[[130.09441,33.11525],[130.08635,33.11291],[130.08473,33.11183],[130.08452,33.11084],[130.08332,33.11043],[130.08362,33.10791],[130.08297,33.10635],[130.08365,33.10612],[130.08348,33.10388],[130.08465,33.1059],[130.08587,33.10585],[130.08596,33.10652],[130.08658,33.10648],[130.08664,33.10824],[130.08816,33.10849],[130.08886,33.10992],[130.09425,33.10875],[130.09458,33.10976],[130.09346,33.11002],[130.09409,33.11178],[130.09326,33.11325],[130.09179,33.11359],[130.09198,33.11434],[130.09441,33.11525]]],[[[130.09491,33.11502],[130.09422,33.11296],[130.09551,33.1126],[130.09502,33.11004],[130.09676,33.10964],[130.09658,33.10913],[130.09759,33.10856],[130.09868,33.10597],[130.09989,33.10812],[130.09944,33.11013],[130.10006,33.11162],[130.10023,33.11434],[130.10175,33.1156],[130.10415,33.11591],[130.10181,33.11607],[130.09491,33.11502]]]]}},{"type":"Feature","properties":{"vid":"K64G08S00041","name":"鳥坂村","reading":"とさか","gun":"藤津郡","domains":["saga"],"isShared":false,"shared":[]},"geometry":{"type":"Polygon","coordinates":[[[130.0718,33.10156],[130.07202,33.1028],[130.07086,33.10404],[130.07164,33.10439],[130.07152,33.10626],[130.0711,33.10656],[130.07343,33.10866],[130.07379,33.11177],[130.07772,33.11403],[130.07337,33.11475],[130.07105,33.11263],[130.06915,33.10736],[130.06721,33.10708],[130.06638,33.10517],[130.06499,33.10444],[130.0681,33.10201],[130.0718,33.10156]]]}},{"type":"Feature","properties":{"vid":"K64G08S00042","name":"美野分","reading":"みのぶん","gun":"藤津郡","domains":["saga"],"isShared":false,"shared":[]},"geometry":{"type":"MultiPolygon","coordinates":[[[[130.03722,33.10736],[130.0376,33.11214],[130.03689,33.11328],[130.0374,33.11799],[130.0385,33.11913],[130.03895,33.12228],[130.04026,33.12302],[130.04036,33.12378],[130.03791,33.12409],[130.03716,33.12464],[130.03301,33.12314],[130.03311,33.12241],[130.03196,33.1212],[130.0317,33.12014],[130.03021,33.11904],[130.02996,33.1181],[130.02705,33.11674],[130.02186,33.11328],[130.02527,33.11209],[130.02573,33.11129],[130.0282,33.11091],[130.0317,33.10757],[130.03722,33.10736]]],[[[130.02186,33.11328],[130.02705,33.11674],[130.02996,33.1181],[130.03021,33.11904],[130.0317,33.12014],[130.03196,33.1212],[130.03311,33.12241],[130.03301,33.12314],[130.03716,33.12464],[130.03627,33.12633],[130.03496,33.12621],[130.03316,33.12455],[130.03307,33.12395],[130.0324,33.124],[130.03248,33.12487],[130.03187,33.1251],[130.03181,33.12569],[130.03099,33.12566],[130.03015,33.12459],[130.02771,33.12313],[130.0197,33.12105],[130.01842,33.12022],[130.01775,33.11783],[130.01788,33.11642],[130.01846,33.1156],[130.01939,33.1156],[130.0212,33.11417],[130.0211,33.1134],[130.02186,33.11328]]],[[[130.0197,33.12105],[130.02771,33.12313],[130.03015,33.12459],[130.03099,33.12566],[130.03181,33.12569],[130.03187,33.1251],[130.03248,33.12487],[130.0324,33.124],[130.03307,33.12395],[130.03316,33.12455],[130.03496,33.12621],[130.03627,33.12633],[130.03512,33.12806],[130.03189,33.12927],[130.03063,33.13079],[130.02992,33.12944],[130.02854,33.12898],[130.02822,33.12829],[130.0262,33.12797],[130.01998,33.12497],[130.01974,33.1236],[130.02017,33.12166],[130.0197,33.12105]]],[[[130.02124,33.12569],[130.0262,33.12797],[130.02816,33.12827],[130.02854,33.12898],[130.02992,33.12944],[130.03063,33.13079],[130.03032,33.13271],[130.02649,33.13405],[130.02411,33.13647],[130.02249,33.1365],[130.02135,33.136],[130.01918,33.13415],[130.01946,33.13224],[130.01878,33.12969],[130.02124,33.12569]]]]}},{"type":"Feature","properties":{"vid":"K64G09S00246","name":"伊万里津","reading":"いまりつ","gun":"松浦郡","domains":["saga"],"isShared":false,"shared":[]},"geometry":{"type":"Polygon","coordinates":[[[129.88088,33.27318],[129.88108,33.27403],[129.88305,33.27419],[129.8841,33.27379],[129.88306,33.27511],[129.88188,33.27511],[129.8806,33.27598],[129.87627,33.27536],[129.87493,33.27599],[129.87392,33.27744],[129.87342,33.27727],[129.87452,33.27523],[129.87429,33.27435],[129.87208,33.27295],[129.87229,33.27267],[129.8755,33.27357],[129.87671,33.27282],[129.87694,33.27324],[129.87829,33.27287],[129.88088,33.27318]]]}},{"type":"Feature","properties":{"vid":"K64G09S00247","name":"今岳村","reading":"いまだけ","gun":"松浦郡","domains":["saga"],"isShared":false,"shared":[]},"geometry":{"type":"MultiPolygon","coordinates":[[[[129.89644,33.27351],[129.89329,33.27416],[129.89072,33.27413],[129.88756,33.27303],[129.88724,33.27177],[129.89116,33.27136],[129.89395,33.272],[129.89515,33.2709],[129.89644,33.27351]]],[[[129.89452,33.28141],[129.89414,33.28029],[129.89505,33.27988],[129.89395,33.27817],[129.89158,33.2758],[129.88953,33.27548],[129.88913,33.27508],[129.88939,33.27384],[129.88892,33.27351],[129.89234,33.27421],[129.89644,33.27351],[129.89988,33.27552],[129.90421,33.27643],[129.90623,33.27807],[129.90854,33.27916],[129.91103,33.2797],[129.91419,33.2797],[129.91401,33.28087],[129.91189,33.28217],[129.91049,33.28425],[129.90902,33.28485],[129.90804,33.28607],[129.90814,33.28805],[129.90754,33.28829],[129.90672,33.28761],[129.90527,33.28824],[129.90253,33.28728],[129.90175,33.28786],[129.90157,33.28701],[129.9022,33.28695],[129.90169,33.28637],[129.90019,33.2852],[129.89935,33.28592],[129.89758,33.28345],[129.89707,33.2836],[129.89745,33.28325],[129.89703,33.28189],[129.89564,33.28093],[129.89452,33.28141]]],[[[129.89152,33.30083],[129.89114,33.29828],[129.89225,33.29734],[129.89233,33.29588],[129.8941,33.29492],[129.89398,33.29458],[129.89644,33.29494],[129.89708,33.29556],[129.89904,33.29518],[129.89974,33.29023],[129.90045,33.28895],[129.90253,33.28728],[129.90808,33.28911],[129.90874,33.29097],[129.90569,33.29325],[129.90597,33.2947],[129.90506,33.29592],[129.90715,33.29855],[129.90577,33.2995],[129.90246,33.30397],[129.89901,33.30709],[129.89779,33.30952],[129.89428,33.30934],[129.89425,33.30519],[129.89152,33.30083]]],[[[129.89398,33.29458],[129.89418,33.2913],[129.89349,33.28924],[129.88895,33.28445],[129.88896,33.28265],[129.89231,33.28259],[129.89564,33.28093],[129.89703,33.28189],[129.89745,33.28325],[129.89707,33.2836],[129.89758,33.28345],[129.89935,33.28592],[129.90019,33.2852],[129.9022,33.28695],[129.90157,33.28701],[129.90175,33.28786],[129.89974,33.29023],[129.89904,33.29518],[129.89708,33.29556],[129.89644,33.29494],[129.89398,33.29458]]],[[[129.88369,33.27775],[129.88589,33.2761],[129.88605,33.2753],[129.88519,33.27413],[129.88567,33.27409],[129.88567,33.27291],[129.88724,33.27177],[129.88756,33.27303],[129.88921,33.27339],[129.88913,33.27508],[129.89005,33.27573],[129.89158,33.2758],[129.89346,33.27752],[129.89505,33.27988],[129.89414,33.28029],[129.89452,33.28141],[129.89198,33.28051],[129.89198,33.28016],[129.88837,33.27949],[129.88549,33.27978],[129.88488,33.27804],[129.88369,33.27775]]],[[[129.89644,33.27351],[129.89515,33.2709],[129.89817,33.26853],[129.8985,33.26892],[129.89983,33.26891],[129.89988,33.26807],[129.90118,33.26772],[129.90177,33.26822],[129.90388,33.2674],[129.90533,33.26763],[129.90563,33.26705],[129.90854,33.266],[129.91089,33.26424],[129.91393,33.26304],[129.91965,33.26318],[129.92035,33.26685],[129.92,33.26772],[129.92088,33.26914],[129.92093,33.27024],[129.92009,33.27229],[129.91457,33.27825],[129.91419,33.2797],[129.91103,33.2797],[129.90854,33.27916],[129.90623,33.27807],[129.90421,33.27643],[129.89988,33.27552],[129.89644,33.27351]]],[[[129.89515,33.2709],[129.89428,33.27193],[129.8936,33.27016],[129.89418,33.26977],[129.89391,33.26919],[129.89533,33.26707],[129.89661,33.26652],[129.89813,33.26666],[129.90148,33.26198],[129.90344,33.26211],[129.90376,33.26139],[129.90574,33.26046],[129.90634,33.26123],[129.90781,33.2612],[129.90966,33.25896],[129.91072,33.25839],[129.91036,33.25771],[129.91136,33.257],[129.91118,33.25657],[129.91302,33.25561],[129.91352,33.25334],[129.91859,33.247],[129.92004,33.24667],[129.92253,33.24806],[129.92275,33.24889],[129.92161,33.24964],[129.92101,33.25194],[129.92166,33.25434],[129.92054,33.25613],[129.92093,33.2581],[129.92232,33.26001],[129.92115,33.26187],[129.91965,33.26318],[129.91571,33.26288],[129.91294,33.26331],[129.90854,33.266],[129.90563,33.26705],[129.90533,33.26763],[129.90388,33.2674],[129.90177,33.26822],[129.90118,33.26772],[129.89988,33.26807],[129.89983,33.26891],[129.8985,33.26892],[129.89817,33.26853],[129.89515,33.2709]]]]}},{"type":"Feature","properties":{"vid":"K64G09S00248","name":"八谷搦","reading":"はちやがらみ","gun":"松浦郡","domains":["saga"],"isShared":false,"shared":[]},"geometry":{"type":"MultiPolygon","coordinates":[[[[129.86409,33.28099],[129.8612,33.28102],[129.85765,33.28177],[129.85564,33.28024],[129.85648,33.27558],[129.85583,33.27475],[129.85606,33.27221],[129.85865,33.26722],[129.85983,33.26732],[129.86058,33.26852],[129.86138,33.26883],[129.86245,33.2715],[129.86449,33.27363],[129.86599,33.27618],[129.8659,33.27751],[129.86468,33.27911],[129.86409,33.28099]]],[[[129.86401,33.28136],[129.86468,33.27911],[129.86607,33.27681],[129.86467,33.27393],[129.86535,33.27327],[129.86702,33.27291],[129.86833,33.27193],[129.86801,33.2717],[129.86846,33.27131],[129.87413,33.27411],[129.87452,33.27523],[129.87269,33.27963],[129.86669,33.28154],[129.86401,33.28136]]]]}},{"type":"Feature","properties":{"vid":"K64G09S00249","name":"新田村","reading":"しんでん","gun":"松浦郡","domains":["saga"],"isShared":false,"shared":[]},"geometry":{"type":"MultiPolygon","coordinates":[[[[129.88199,33.25411],[129.88061,33.2567],[129.88072,33.2577],[129.88006,33.25874],[129.88068,33.2603],[129.8796,33.26188],[129.87889,33.26534],[129.876,33.26756],[129.87472,33.26789],[129.87516,33.26526],[129.87492,33.261],[129.87559,33.25905],[129.87383,33.2589],[129.87247,33.25801],[129.86997,33.25729],[129.86961,33.25456],[129.86832,33.25199],[129.86868,33.25085],[129.87052,33.24908],[129.87039,33.24323],[129.87227,33.24295],[129.87237,33.24399],[129.875,33.24516],[129.8777,33.24767],[129.88403,33.24885],[129.88603,33.24987],[129.88417,33.25064],[129.88183,33.25325],[129.88199,33.25411]]],[[[129.86997,33.25729],[129.87247,33.25801],[129.87383,33.2589],[129.87562,33.25916],[129.87492,33.261],[129.87516,33.26526],[129.87472,33.26789],[129.87351,33.26802],[129.871,33.26943],[129.87374,33.26767],[129.87376,33.26702],[129.87329,33.267],[129.8722,33.26409],[129.87206,33.26339],[129.87254,33.26287],[129.87179,33.2626],[129.87182,33.262],[129.87104,33.26124],[129.87103,33.26013],[129.87011,33.25951],[129.86997,33.25729]]],[[[129.87637,33.26708],[129.87732,33.26743],[129.87639,33.26876],[129.87726,33.27323],[129.87671,33.27282],[129.8757,33.27357],[129.87402,33.27343],[129.87085,33.27213],[129.87054,33.26995],[129.871,33.26943],[129.87637,33.26708]]],[[[129.871,33.26943],[129.87054,33.26995],[129.87085,33.27213],[129.87229,33.27267],[129.87208,33.27295],[129.87139,33.27299],[129.87096,33.27227],[129.86945,33.27178],[129.86968,33.26996],[129.871,33.26943]]]]}},{"type":"Feature","properties":{"vid":"K64G09S00250","name":"町裏村","reading":"まちうら","gun":"松浦郡","domains":["saga"],"isShared":false,"shared":[]},"geometry":{"type":"MultiPolygon","coordinates":[[[[129.88724,33.27177],[129.88743,33.27099],[129.88362,33.26859],[129.88457,33.26769],[129.8864,33.26238],[129.88774,33.26259],[129.88888,33.26498],[129.89064,33.26668],[129.89241,33.26752],[129.89502,33.26777],[129.8936,33.27016],[129.89428,33.27193],[129.89116,33.27136],[129.88724,33.27177]]],[[[129.88369,33.27775],[129.88162,33.2782],[129.88102,33.27794],[129.8806,33.27598],[129.88383,33.27451],[129.8841,33.27379],[129.88305,33.27419],[129.88108,33.27403],[129.88088,33.27318],[129.88232,33.27309],[129.88335,33.27217],[129.88362,33.26859],[129.88754,33.27122],[129.88567,33.27291],[129.88567,33.27409],[129.88519,33.27413],[129.88605,33.2753],[129.88589,33.2761],[129.88369,33.27775]]],[[[129.8864,33.26238],[129.88457,33.26769],[129.88362,33.26859],[129.88335,33.27217],[129.88232,33.27309],[129.87829,33.27287],[129.87726,33.27323],[129.87639,33.26876],[129.87732,33.26743],[129.87637,33.26708],[129.87889,33.26534],[129.8796,33.26188],[129.88068,33.2603],[129.88006,33.25874],[129.88072,33.2577],[129.88089,33.25574],[129.88246,33.25322],[129.88469,33.25564],[129.88537,33.26029],[129.8864,33.26238]]]]}},{"type":"Feature","properties":{"vid":"K64G09S00251","name":"瀬戸村","reading":"せと","gun":"松浦郡","domains":["saga"],"isShared":false,"shared":[]},"geometry":{"type":"MultiPolygon","coordinates":[[[[129.83935,33.31822],[129.83938,33.31744],[129.83883,33.31724],[129.83927,33.31669],[129.83859,33.31621],[129.83758,33.31595],[129.83732,33.31653],[129.83614,33.31665],[129.83667,33.31615],[129.83607,33.31525],[129.83656,33.31473],[129.83655,33.31341],[129.83593,33.31294],[129.83588,33.31156],[129.83463,33.31134],[129.8338,33.31202],[129.83231,33.31172],[129.8312,33.31262],[129.82795,33.3127],[129.82827,33.30955],[129.83074,33.30661],[129.83121,33.30412],[129.83262,33.30357],[129.83547,33.30351],[129.83895,33.30441],[129.84346,33.30306],[129.84501,33.30199],[129.84665,33.30429],[129.84907,33.30616],[129.84907,33.30829],[129.84999,33.30876],[129.85047,33.30974],[129.84989,33.3097],[129.84955,33.31063],[129.84741,33.31148],[129.84449,33.31156],[129.84319,33.31245],[129.84142,33.317],[129.84101,33.31686],[129.83975,33.31845],[129.83935,33.31822]]],[[[129.85047,33.30974],[129.84999,33.30876],[129.84907,33.30829],[129.84907,33.30616],[129.84665,33.30429],[129.84501,33.30199],[129.84673,33.30149],[129.84688,33.30041],[129.84874,33.30113],[129.85071,33.30122],[129.85137,33.30015],[129.85188,33.30036],[129.85126,33.3016],[129.85315,33.30266],[129.85436,33.30507],[129.86054,33.31073],[129.86375,33.31531],[129.8627,33.31562],[129.85947,33.31407],[129.85944,33.31318],[129.85787,33.31322],[129.85396,33.31209],[129.85047,33.30974]]],[[[129.86375,33.31531],[129.86054,33.31073],[129.85436,33.30507],[129.85315,33.30266],[129.85126,33.3016],[129.85188,33.30036],[129.85137,33.30015],[129.85071,33.30122],[129.84824,33.30102],[129.84709,33.30033],[129.85286,33.2944],[129.85253,33.29397],[129.85359,33.29426],[129.85405,33.29597],[129.85501,33.29583],[129.85525,33.29662],[129.85664,33.29612],[129.85727,33.29763],[129.85821,33.29848],[129.85798,33.29882],[129.8601,33.29975],[129.86059,33.30203],[129.86151,33.3021],[129.86061,33.30314],[129.86278,33.3059],[129.86453,33.30689],[129.86721,33.30747],[129.8701,33.30697],[129.87279,33.30538],[129.87742,33.30032],[129.87896,33.30093],[129.87831,33.30149],[129.8795,33.30262],[129.88163,33.30312],[129.88223,33.30385],[129.88235,33.30474],[129.88167,33.30574],[129.88202,33.30696],[129.88155,33.30772],[129.88234,33.30985],[129.88043,33.31071],[129.87987,33.31147],[129.87791,33.31141],[129.87709,33.31199],[129.87345,33.31135],[129.87255,33.31227],[129.87051,33.31261],[129.87058,33.31301],[129.86914,33.31367],[129.86886,33.31437],[129.86654,33.31533],[129.86464,33.31565],[129.86375,33.31531]]]]}},{"type":"Feature","properties":{"vid":"K64G09S00252","name":"木須村","reading":"きす","gun":"松浦郡","domains":["saga"],"isShared":false,"shared":[]},"geometry":{"type":"MultiPolygon","coordinates":[[[[129.85356,33.29211],[129.85654,33.28874],[129.85883,33.28814],[129.85946,33.28912],[129.85898,33.29041],[129.85964,33.29118],[129.86306,33.29211],[129.86487,33.29043],[129.86627,33.29128],[129.86332,33.29316],[129.8614,33.29337],[129.85992,33.29473],[129.85962,33.29522],[129.86026,33.29585],[129.86197,33.2962],[129.85859,33.29926],[129.85664,33.29612],[129.85538,33.29663],[129.85501,33.29583],[129.85405,33.29597],[129.85359,33.29426],[129.85319,33.29414],[129.85372,33.29359],[129.85356,33.29211]]],[[[129.87468,33.29759],[129.8728,33.29934],[129.86821,33.30002],[129.86695,33.29947],[129.86694,33.29835],[129.8646,33.29678],[129.86353,33.29687],[129.8628,33.29618],[129.86076,33.29619],[129.85962,33.29522],[129.8614,33.29337],[129.86332,33.29316],[129.86628,33.2913],[129.86759,33.28988],[129.86848,33.29043],[129.87045,33.29061],[129.87088,33.29108],[129.87101,33.29281],[129.87236,33.29468],[129.87413,33.29573],[129.87562,33.29584],[129.87468,33.29759]]],[[[129.87742,33.30032],[129.87233,33.30575],[129.86911,33.30733],[129.8666,33.30745],[129.86453,33.30689],[129.86199,33.30513],[129.86061,33.30314],[129.86151,33.3021],[129.86059,33.30203],[129.85996,33.29961],[129.85859,33.29926],[129.86197,33.2962],[129.8628,33.29618],[129.86353,33.29687],[129.8646,33.29678],[129.86607,33.2976],[129.86694,33.29835],[129.86695,33.29947],[129.86763,33.29985],[129.8728,33.29934],[129.87468,33.29759],[129.87536,33.29918],[129.87671,33.29949],[129.87742,33.30032]]],[[[129.85654,33.28874],[129.85824,33.28389],[129.86396,33.28231],[129.86496,33.28458],[129.86783,33.28478],[129.86838,33.28521],[129.86981,33.28432],[129.87284,33.28438],[129.87238,33.28569],[129.87418,33.28872],[129.87631,33.28971],[129.87733,33.2884],[129.87789,33.28836],[129.87888,33.29056],[129.87647,33.29524],[129.87562,33.29584],[129.87413,33.29573],[129.87236,33.29468],[129.87101,33.29281],[129.87088,33.29108],[129.87045,33.29061],[129.86848,33.29043],[129.86759,33.28988],[129.86628,33.2913],[129.86487,33.29043],[129.86306,33.29211],[129.85964,33.29118],[129.85898,33.29041],[129.85946,33.28912],[129.85883,33.28814],[129.85654,33.28874]]],[[[129.86401,33.28136],[129.86669,33.28154],[129.87176,33.28014],[129.87289,33.27944],[129.87363,33.27797],[129.87427,33.27815],[129.87245,33.28048],[129.87313,33.28067],[129.87323,33.28174],[129.8736,33.28174],[129.87284,33.28438],[129.86981,33.28432],[129.86838,33.28521],[129.86783,33.28478],[129.86496,33.28458],[129.86389,33.28285],[129.86401,33.28136]]],[[[129.87704,33.29455],[129.87888,33.29056],[129.87808,33.28859],[129.87733,33.2884],[129.87631,33.28971],[129.87418,33.28872],[129.87238,33.28569],[129.87302,33.28328],[129.87383,33.28324],[129.87418,33.28272],[129.8768,33.28297],[129.87813,33.28169],[129.87981,33.28165],[129.88154,33.28635],[129.88358,33.28983],[129.8816,33.29113],[129.88112,33.29282],[129.88048,33.29343],[129.87959,33.29332],[129.87842,33.29519],[129.87704,33.29455]]]]}},{"type":"Feature","properties":{"vid":"K64G09S00253","name":"脇田村","reading":"わきだ","gun":"松浦郡","domains":["saga"],"isShared":false,"shared":[]},"geometry":{"type":"MultiPolygon","coordinates":[[[[129.87899,33.30121],[129.87671,33.29949],[129.87536,33.29918],[129.8746,33.29722],[129.87704,33.29455],[129.87842,33.29519],[129.87959,33.29332],[129.88048,33.29343],[129.88112,33.29282],[129.8816,33.29113],[129.8822,33.2908],[129.88376,33.29244],[129.88739,33.29377],[129.89109,33.29358],[129.89425,33.2924],[129.89373,33.29418],[129.8941,33.29492],[129.89233,33.29588],[129.89225,33.29734],[129.89114,33.29828],[129.89152,33.30083],[129.88989,33.30125],[129.88801,33.30057],[129.88402,33.30052],[129.88345,33.30089],[129.88205,33.30055],[129.88005,33.30151],[129.87899,33.30121]]],[[[129.88234,33.30985],[129.88155,33.30772],[129.88202,33.30696],[129.88167,33.30574],[129.88235,33.30474],[129.88223,33.30385],[129.88163,33.30312],[129.8795,33.30262],[129.87832,33.30146],[129.88005,33.30151],[129.88205,33.30055],[129.88345,33.30089],[129.88402,33.30052],[129.88801,33.30057],[129.88989,33.30125],[129.89152,33.30083],[129.89425,33.30519],[129.89428,33.30934],[129.88871,33.31112],[129.88744,33.31079],[129.88405,33.31102],[129.88234,33.30985]]],[[[129.8822,33.2908],[129.88358,33.28983],[129.88202,33.28736],[129.87981,33.28199],[129.88047,33.28093],[129.87996,33.27888],[129.88077,33.27865],[129.88102,33.27794],[129.88477,33.27799],[129.88549,33.27978],[129.88837,33.27949],[129.89198,33.28016],[129.89198,33.28051],[129.89452,33.28141],[129.89231,33.28259],[129.88896,33.28265],[129.88895,33.28445],[129.89345,33.28918],[129.89425,33.2924],[129.89109,33.29358],[129.88739,33.29377],[129.88376,33.29244],[129.8822,33.2908]]]]}},{"type":"Feature","properties":{"vid":"K64G09S00254","name":"松島搦","reading":"まつしまからみ","gun":"松浦郡","domains":["saga"],"isShared":false,"shared":[]},"geometry":{"type":"Polygon","coordinates":[[[129.87337,33.28326],[129.87324,33.28191],[129.8736,33.28174],[129.87323,33.28174],[129.87313,33.28067],[129.87245,33.28048],[129.87427,33.27815],[129.87363,33.27797],[129.87477,33.27615],[129.87696,33.27527],[129.8806,33.27598],[129.8811,33.27811],[129.87996,33.27888],[129.88032,33.28161],[129.87813,33.28169],[129.8768,33.28297],[129.87418,33.28272],[129.87337,33.28326]]]}},{"type":"Feature","properties":{"vid":"K64G09S00255","name":"大川内村","reading":"おおかわち","gun":"松浦郡","domains":["saga"],"isShared":false,"shared":[]},"geometry":{"type":"MultiPolygon","coordinates":[[[[129.93338,33.23405],[129.93181,33.2362],[129.92685,33.23612],[129.92164,33.23442],[129.92076,33.23453],[129.92044,33.23388],[129.91894,33.23358],[129.91609,33.23369],[129.91203,33.23476],[129.90965,33.23469],[129.90544,33.2328],[129.90589,33.23097],[129.90547,33.22761],[129.90981,33.22692],[129.91531,33.22777],[129.91785,33.22643],[129.92,33.2264],[129.92095,33.22593],[129.92383,33.22833],[129.92431,33.22972],[129.92631,33.2293],[129.92985,33.22942],[129.9312,33.22993],[129.93119,33.23086],[129.93319,33.23287],[129.93338,33.23405]]],[[[129.92004,33.24667],[129.91859,33.247],[129.91493,33.25163],[129.91153,33.24797],[129.91051,33.24562],[129.90965,33.23982],[129.9085,33.23757],[129.9046,33.23379],[129.9052,33.23283],[129.91046,33.23483],[129.91734,33.23353],[129.91986,33.23368],[129.92076,33.23453],[129.92164,33.23442],[129.92685,33.23612],[129.92689,33.23799],[129.92414,33.23977],[129.92351,33.24162],[129.92004,33.24667]]],[[[129.91493,33.25163],[129.91339,33.25358],[129.91302,33.25561],[129.91118,33.25657],[129.91136,33.257],[129.91036,33.25771],[129.91072,33.25839],[129.90966,33.25896],[129.90775,33.26126],[129.90634,33.26123],[129.90574,33.26046],[129.90376,33.26139],[129.90344,33.26211],[129.90148,33.26198],[129.90079,33.25992],[129.89886,33.2592],[129.89905,33.25893],[129.89661,33.25661],[129.89643,33.25623],[129.89719,33.25571],[129.89679,33.25537],[129.89768,33.25422],[129.90128,33.25186],[129.90309,33.25225],[129.90246,33.25264],[129.90264,33.25305],[129.90431,33.2521],[129.90567,33.25096],[129.90695,33.24859],[129.9067,33.24668],[129.90543,33.24398],[129.90452,33.24359],[129.90374,33.24195],[129.90389,33.23955],[129.90244,33.23532],[129.9046,33.23379],[129.9085,33.23757],[129.90996,33.24072],[129.91088,33.24659],[129.91198,33.24861],[129.91493,33.25163]]],[[[129.90452,33.24359],[129.90543,33.24398],[129.9067,33.24668],[129.90695,33.24859],[129.90567,33.25096],[129.90264,33.25305],[129.90246,33.25264],[129.90309,33.25225],[129.90203,33.25164],[129.90131,33.24834],[129.90312,33.24474],[129.90452,33.24359]]],[[[129.90547,33.22761],[129.90589,33.23038],[129.90565,33.23254],[129.90385,33.23458],[129.89963,33.23664],[129.89321,33.23606],[129.8922,33.2376],[129.89106,33.23739],[129.89154,33.23528],[129.8894,33.23323],[129.88401,33.22571],[129.88509,33.22573],[129.88752,33.22435],[129.89124,33.22521],[129.89736,33.22365],[129.89942,33.22528],[129.89998,33.22675],[129.90381,33.22778],[129.90547,33.22761]]],[[[129.90244,33.23532],[129.90407,33.24049],[129.90347,33.24233],[129.90162,33.24381],[129.89858,33.24832],[129.89268,33.25342],[129.89245,33.25171],[129.88672,33.24613],[129.8863,33.24283],[129.88471,33.24064],[129.88122,33.23884],[129.88085,33.23725],[129.87951,33.23717],[129.87816,33.23614],[129.87283,33.23101],[129.87707,33.22985],[129.87846,33.22831],[129.87926,33.22556],[129.88202,33.22605],[129.88391,33.22569],[129.8894,33.23323],[129.89154,33.23528],[129.89106,33.23739],[129.89226,33.23757],[129.89321,33.23606],[129.89963,33.23664],[129.90244,33.23532]]],[[[129.8848,33.25661],[129.88469,33.25564],[129.88256,33.25323],[129.88199,33.25411],[129.8818,33.25336],[129.88417,33.25064],[129.88603,33.24987],[129.88403,33.24885],[129.8777,33.24767],[129.875,33.24516],[129.87237,33.24399],[129.87227,33.24295],[129.87039,33.24323],[129.86949,33.24106],[129.86952,33.23939],[129.87095,33.23628],[129.87125,33.23447],[129.87229,33.23388],[129.87273,33.23105],[129.87816,33.23614],[129.87951,33.23717],[129.88085,33.23725],[129.88122,33.23884],[129.88231,33.23906],[129.88309,33.24009],[129.88447,33.24038],[129.8863,33.24283],[129.88672,33.24613],[129.89245,33.25171],[129.89268,33.25342],[129.8848,33.25661]]],[[[129.88774,33.26259],[129.8864,33.26238],[129.88578,33.26118],[129.8848,33.25661],[129.89268,33.25342],[129.89926,33.2476],[129.90162,33.24381],[129.90312,33.24289],[129.90374,33.24166],[129.90457,33.24353],[129.90312,33.24474],[129.90131,33.24834],[129.90184,33.25124],[129.90248,33.25195],[129.90128,33.25186],[129.89768,33.25422],[129.89679,33.25537],[129.89719,33.25571],[129.89643,33.25623],[129.89879,33.25879],[129.89242,33.26096],[129.89107,33.26001],[129.88802,33.26183],[129.88774,33.26259]]],[[[129.90148,33.26198],[129.89832,33.2665],[129.89661,33.26652],[129.89533,33.26707],[129.89502,33.26777],[129.89241,33.26752],[129.89044,33.26654],[129.88844,33.26435],[129.88771,33.26211],[129.89107,33.26001],[129.89242,33.26096],[129.89879,33.25879],[129.89926,33.25947],[129.89962,33.25918],[129.90079,33.25992],[129.90148,33.26198]]]]}},{"type":"Feature","properties":{"vid":"K64G09S00256","name":"中野原村","reading":"なかのはる","gun":"松浦郡","domains":["saga"],"isShared":false,"shared":[]},"geometry":{"type":"MultiPolygon","coordinates":[[[[129.92035,33.26685],[129.91968,33.26278],[129.92115,33.26187],[129.92229,33.25971],[129.9262,33.26068],[129.92794,33.2605],[129.92973,33.26172],[129.93287,33.26187],[129.93181,33.26395],[129.93178,33.26566],[129.93245,33.26641],[129.93071,33.26627],[129.92839,33.26759],[129.92576,33.26695],[129.92425,33.26757],[129.92035,33.26685]]],[[[129.92279,33.24876],[129.92242,33.24794],[129.92004,33.24667],[129.92351,33.24162],[129.92414,33.23977],[129.92679,33.23815],[129.92685,33.23612],[129.93181,33.2362],[129.93338,33.23405],[129.93459,33.2359],[129.93658,33.23716],[129.9363,33.23848],[129.93713,33.2391],[129.93811,33.24131],[129.93992,33.24076],[129.94017,33.24223],[129.94175,33.2446],[129.94481,33.24638],[129.94599,33.24837],[129.93789,33.24927],[129.93437,33.25143],[129.93365,33.25286],[129.93224,33.25322],[129.926,33.25085],[129.92279,33.24876]]],[[[129.92229,33.25971],[129.92093,33.2581],[129.92054,33.25613],[129.92166,33.25434],[129.921,33.25233],[129.92127,33.25059],[129.92161,33.24964],[129.92279,33.24876],[129.926,33.25085],[129.93224,33.25322],[129.93365,33.25286],[129.93437,33.25143],[129.93789,33.24927],[129.94599,33.24837],[129.94684,33.24926],[129.94704,33.25062],[129.94664,33.25154],[129.9474,33.25199],[129.94853,33.25181],[129.9504,33.25411],[129.94988,33.25485],[129.94842,33.25452],[129.94966,33.25592],[129.94896,33.25664],[129.94823,33.2565],[129.94874,33.25711],[129.94637,33.25677],[129.94286,33.25528],[129.94201,33.25816],[129.94075,33.25809],[129.94035,33.25879],[129.93956,33.25856],[129.93903,33.25764],[129.93757,33.25715],[129.93578,33.2596],[129.93396,33.25989],[129.93287,33.26187],[129.92973,33.26172],[129.92794,33.2605],[129.9262,33.26068],[129.92229,33.25971]]]]}},{"type":"Feature","properties":{"vid":"K64G09S00257","name":"山形村","reading":"やまがた","gun":"松浦郡","domains":["saga"],"isShared":false,"shared":[]},"geometry":{"type":"MultiPolygon","coordinates":[[[[129.91552,33.27729],[129.92009,33.27229],[129.92086,33.27043],[129.92688,33.27101],[129.93035,33.27365],[129.93176,33.27323],[129.93219,33.27222],[129.93486,33.27269],[129.93754,33.2747],[129.93821,33.27441],[129.93976,33.27505],[129.94127,33.27591],[129.93946,33.27723],[129.93815,33.27742],[129.93743,33.27832],[129.93882,33.28031],[129.93768,33.28306],[129.93829,33.28478],[129.93811,33.28575],[129.93925,33.28718],[129.9383,33.28859],[129.93829,33.28973],[129.93735,33.2893],[129.9363,33.28985],[129.93503,33.28982],[129.93377,33.2889],[129.92868,33.2874],[129.92762,33.2865],[129.92647,33.28302],[129.92658,33.28004],[129.9246,33.27923],[129.92331,33.28086],[129.92111,33.28065],[129.91809,33.27741],[129.91642,33.27702],[129.91552,33.27729]]],[[[129.92086,33.27043],[129.92088,33.26914],[129.92,33.26772],[129.92035,33.26685],[129.92425,33.26757],[129.92576,33.26695],[129.92839,33.26759],[129.931,33.2662],[129.93278,33.2668],[129.93699,33.26718],[129.93849,33.26608],[129.94011,33.26733],[129.94081,33.26668],[129.94205,33.2676],[129.94266,33.26917],[129.94444,33.26966],[129.94588,33.27145],[129.94629,33.27117],[129.94741,33.27213],[129.94412,33.27323],[129.94127,33.27591],[129.93875,33.27457],[129.93754,33.2747],[129.93486,33.27269],[129.93219,33.27222],[129.93176,33.27323],[129.93035,33.27365],[129.92688,33.27101],[129.92086,33.27043]]],[[[129.94874,33.25711],[129.94838,33.25766],[129.94905,33.25804],[129.94774,33.2594],[129.94759,33.26112],[129.94676,33.26254],[129.94701,33.2633],[129.94535,33.2649],[129.94561,33.26798],[129.9452,33.2692],[129.94565,33.26975],[129.94495,33.27017],[129.94266,33.26917],[129.94205,33.2676],[129.94056,33.26656],[129.94011,33.26733],[129.93849,33.26608],[129.93729,33.26717],[129.93475,33.26708],[129.93278,33.2668],[129.93184,33.26581],[129.93181,33.26395],[129.93396,33.25989],[129.93578,33.2596],[129.93731,33.25727],[129.93812,33.25712],[129.94035,33.25879],[129.94075,33.25809],[129.94201,33.25816],[129.94286,33.25528],[129.94637,33.25677],[129.94874,33.25711]]]]}},{"type":"Feature","properties":{"vid":"K64G09S00258","name":"楠久村","reading":"くすく","gun":"松浦郡","domains":["ogi","saga"],"isShared":true,"shared":[]},"geometry":{"type":"Polygon","coordinates":[[[129.82269,33.28405],[129.82363,33.28524],[129.82427,33.28736],[129.82492,33.2872],[129.8246,33.28777],[129.82487,33.28863],[129.8263,33.28836],[129.82647,33.28919],[129.82758,33.28921],[129.82781,33.29029],[129.82882,33.29035],[129.8325,33.29232],[129.83137,33.29365],[129.8312,33.29511],[129.82987,33.29463],[129.8284,33.29566],[129.82994,33.29566],[129.83145,33.29642],[129.8301,33.29845],[129.82767,33.29787],[129.82778,33.29726],[129.82863,33.29699],[129.82757,33.29688],[129.82655,33.29803],[129.82558,33.29724],[129.8235,33.2971],[129.82246,33.29788],[129.82138,33.29783],[129.82156,33.2972],[129.81984,33.2966],[129.81605,33.29845],[129.81436,33.29651],[129.81435,33.29416],[129.81304,33.29517],[129.81214,33.2951],[129.81219,33.29435],[129.81411,33.29328],[129.81694,33.29308],[129.81728,33.29203],[129.82034,33.29355],[129.82136,33.29052],[129.82079,33.28955],[129.81983,33.28998],[129.81946,33.28956],[129.81924,33.28673],[129.81963,33.28533],[129.81887,33.28502],[129.81842,33.28545],[129.8182,33.28504],[129.81259,33.28419],[129.8105,33.28182],[129.81057,33.28012],[129.8137,33.27744],[129.81434,33.2774],[129.81502,33.27797],[129.81458,33.27919],[129.81526,33.28018],[129.81811,33.28031],[129.8201,33.28124],[129.82256,33.28331],[129.82269,33.28405]]]}},{"type":"Feature","properties":{"vid":"K64G09S00259","name":"長浜村","reading":"ながはま","gun":"松浦郡","domains":["saga"],"isShared":false,"shared":[]},"geometry":{"type":"MultiPolygon","coordinates":[[[[129.84533,33.26432],[129.84655,33.26528],[129.84921,33.26605],[129.84913,33.26654],[129.85024,33.26791],[129.84961,33.27048],[129.85094,33.27238],[129.85164,33.27472],[129.85221,33.27525],[129.85373,33.27537],[129.85385,33.27764],[129.85286,33.27779],[129.85202,33.27972],[129.85066,33.28001],[129.85151,33.28266],[129.85254,33.28284],[129.85281,33.28438],[129.85512,33.28282],[129.85351,33.2877],[129.84782,33.29248],[129.84407,33.29318],[129.84238,33.28674],[129.84025,33.28717],[129.8369,33.28673],[129.83801,33.28475],[129.83814,33.28168],[129.83924,33.28084],[129.8412,33.28188],[129.84192,33.28149],[129.84213,33.28191],[129.84368,33.2806],[129.84343,33.28013],[129.84393,33.27962],[129.84327,33.27908],[129.84244,33.27673],[129.84067,33.27638],[129.8407,33.27559],[129.83935,33.27497],[129.84087,33.27247],[129.84065,33.27148],[129.84168,33.2707],[129.84111,33.26999],[129.84194,33.26842],[129.84174,33.26691],[129.84216,33.26669],[129.84174,33.26658],[129.84533,33.26432]]],[[[129.84533,33.26432],[129.84705,33.26431],[129.84977,33.26596],[129.85154,33.26597],[129.85187,33.26813],[129.85325,33.26926],[129.85306,33.27],[129.85372,33.27181],[129.8553,33.27209],[129.85463,33.27716],[129.8539,33.27918],[129.85202,33.27972],[129.85286,33.27779],[129.85385,33.27764],[129.85394,33.27648],[129.85358,33.27525],[129.85176,33.27496],[129.85094,33.27238],[129.84961,33.27048],[129.85024,33.26791],[129.85002,33.26719],[129.84879,33.26573],[129.84655,33.26528],[129.84533,33.26432]]]]}},{"type":"Feature","properties":{"vid":"K64G09S00260","name":"大久保村","reading":"おおくぼ","gun":"松浦郡","domains":["ogi","saga"],"isShared":true,"shared":[]},"geometry":{"type":"Polygon","coordinates":[[[129.82359,33.25561],[129.82575,33.25584],[129.82732,33.25698],[129.82743,33.25897],[129.82853,33.26031],[129.82867,33.26459],[129.82946,33.26531],[129.82923,33.2668],[129.82822,33.26674],[129.82922,33.26841],[129.82828,33.27],[129.82767,33.27017],[129.8277,33.27092],[129.82889,33.27158],[129.82799,33.27147],[129.8265,33.27339],[129.82689,33.27372],[129.8265,33.27543],[129.82693,33.27813],[129.82844,33.27939],[129.82862,33.28007],[129.82765,33.28098],[129.82607,33.28047],[129.82638,33.28093],[129.82572,33.28117],[129.82533,33.28],[129.82407,33.27989],[129.82459,33.28214],[129.8238,33.28275],[129.82384,33.28363],[129.82269,33.28405],[129.82256,33.28331],[129.8201,33.28124],[129.81811,33.28031],[129.81526,33.28018],[129.81458,33.27919],[129.81495,33.27779],[129.8137,33.27744],[129.81666,33.27262],[129.81495,33.27088],[129.81452,33.26941],[129.81495,33.26827],[129.81626,33.26725],[129.81695,33.26228],[129.82054,33.25708],[129.82359,33.25561]]]}},{"type":"Feature","properties":{"vid":"K64G09S00261","name":"脇野村","reading":"わきの","gun":"松浦郡","domains":["ogi","saga"],"isShared":true,"shared":[]},"geometry":{"type":"Polygon","coordinates":[[[129.83548,33.26196],[129.83808,33.26269],[129.83914,33.26345],[129.84054,33.26335],[129.84533,33.26432],[129.84174,33.26658],[129.84216,33.26669],[129.84174,33.26691],[129.84194,33.26842],[129.84111,33.26999],[129.84168,33.2707],[129.84065,33.27148],[129.84087,33.27247],[129.83935,33.27497],[129.8407,33.27559],[129.84067,33.27638],[129.84235,33.27667],[129.84276,33.27741],[129.84033,33.27818],[129.84213,33.28191],[129.84192,33.28149],[129.8412,33.28188],[129.83924,33.28084],[129.83712,33.279],[129.83641,33.27808],[129.83671,33.27674],[129.83552,33.27569],[129.8351,33.27439],[129.83121,33.27319],[129.83009,33.27033],[129.82868,33.26954],[129.82919,33.26793],[129.82823,33.26668],[129.82923,33.2668],[129.82946,33.26531],[129.82867,33.26459],[129.82853,33.26031],[129.82743,33.25897],[129.82732,33.25698],[129.83046,33.26006],[129.83548,33.26196]]]}},{"type":"Feature","properties":{"vid":"K64G09S00262","name":"里村","reading":"さと","gun":"松浦郡","domains":["ogi","saga"],"isShared":true,"shared":[]},"geometry":{"type":"Polygon","coordinates":[[[129.83531,33.27874],[129.83597,33.28181],[129.83768,33.28211],[129.83827,33.28273],[129.83792,33.285],[129.83637,33.28737],[129.83782,33.28814],[129.83561,33.29154],[129.8337,33.29079],[129.8325,33.29232],[129.82882,33.29035],[129.82781,33.29029],[129.82758,33.28921],[129.82647,33.28919],[129.8263,33.28836],[129.82487,33.28863],[129.8246,33.28777],[129.82492,33.2872],[129.82427,33.28736],[129.82363,33.28524],[129.82269,33.28405],[129.82384,33.28363],[129.8238,33.28275],[129.82459,33.28214],[129.82407,33.27989],[129.82533,33.28],[129.82572,33.28117],[129.82638,33.28093],[129.82616,33.28046],[129.82771,33.28095],[129.82887,33.27945],[129.83056,33.28092],[129.82991,33.28138],[129.83319,33.28134],[129.83378,33.28125],[129.83353,33.27981],[129.83411,33.27899],[129.83531,33.27874]]]}},{"type":"Feature","properties":{"vid":"K64G09S00263","name":"滝川内村","reading":"たきがわち","gun":"松浦郡","domains":["saga","ogi"],"isShared":true,"shared":[]},"geometry":{"type":"MultiPolygon","coordinates":[[[[129.81913,33.25884],[129.81695,33.26228],[129.81637,33.26479],[129.81384,33.26307],[129.81289,33.26295],[129.81089,33.26419],[129.80783,33.2644],[129.80799,33.26525],[129.80564,33.26328],[129.80389,33.26292],[129.80409,33.25914],[129.80451,33.25826],[129.81029,33.25848],[129.81343,33.25721],[129.81463,33.25784],[129.81469,33.25934],[129.81913,33.25884]]],[[[129.82194,33.25131],[129.82272,33.25238],[129.82359,33.25561],[129.82054,33.25708],[129.81913,33.25884],[129.81469,33.25934],[129.81463,33.25784],[129.81343,33.25721],[129.81029,33.25848],[129.80515,33.25815],[129.80426,33.25846],[129.80389,33.26292],[129.80564,33.26328],[129.80799,33.26525],[129.80783,33.2644],[129.81089,33.26419],[129.81289,33.26295],[129.81384,33.26307],[129.81637,33.26479],[129.81626,33.26725],[129.81495,33.26827],[129.81452,33.26941],[129.81495,33.27088],[129.81666,33.27262],[129.81405,33.27709],[129.80995,33.27874],[129.80504,33.27816],[129.80431,33.27867],[129.80423,33.28102],[129.80182,33.2841],[129.80489,33.28432],[129.80177,33.28723],[129.7964,33.29057],[129.79274,33.2855],[129.78873,33.28467],[129.78753,33.28367],[129.78256,33.28304],[129.77802,33.28071],[129.77927,33.2784],[129.77893,33.27555],[129.77814,33.2747],[129.77576,33.27424],[129.77666,33.27161],[129.7801,33.26716],[129.78404,33.26521],[129.78405,33.26387],[129.79049,33.25773],[129.79521,33.25513],[129.79625,33.25408],[129.7984,33.25331],[129.80127,33.25042],[129.80315,33.24955],[129.80346,33.24859],[129.80504,33.24762],[129.80789,33.24456],[129.81064,33.24493],[129.81431,33.24624],[129.82194,33.25131]]],[[[129.81405,33.27709],[129.81057,33.28012],[129.8105,33.28182],[129.80489,33.28432],[129.80182,33.2841],[129.80423,33.28102],[129.80405,33.27911],[129.80478,33.27822],[129.80995,33.27874],[129.81405,33.27709]]]]}},{"type":"Feature","properties":{"vid":"K64G09S00264","name":"川内野村","reading":"かわちの","gun":"松浦郡","domains":["ogi","saga"],"isShared":true,"shared":[]},"geometry":{"type":"MultiPolygon","coordinates":[[[[129.77576,33.27424],[129.77814,33.2747],[129.77893,33.27555],[129.77927,33.2784],[129.77799,33.28038],[129.7784,33.28108],[129.78256,33.28304],[129.78753,33.28367],[129.78873,33.28467],[129.79245,33.28535],[129.7964,33.29057],[129.79441,33.29223],[129.79147,33.29217],[129.78514,33.29578],[129.78599,33.29891],[129.78278,33.30123],[129.78307,33.30011],[129.78126,33.29837],[129.77629,33.29744],[129.77564,33.29629],[129.77047,33.29837],[129.76715,33.3013],[129.76249,33.30149],[129.76157,33.29662],[129.75897,33.29085],[129.76177,33.29005],[129.76333,33.29035],[129.76617,33.28616],[129.76825,33.28579],[129.76965,33.28295],[129.77247,33.28026],[129.77393,33.27688],[129.77576,33.27424]]],[[[129.76249,33.30149],[129.76715,33.3013],[129.77047,33.29837],[129.77564,33.29629],[129.77629,33.29744],[129.78126,33.29837],[129.78307,33.30011],[129.78278,33.30123],[129.7807,33.30398],[129.78014,33.3036],[129.77749,33.30379],[129.77648,33.30476],[129.77489,33.30385],[129.77241,33.30455],[129.76969,33.3029],[129.76923,33.30317],[129.76701,33.30252],[129.76294,33.30272],[129.76249,33.30149]]]]}},{"type":"Feature","properties":{"vid":"K64G09S00265","name":"福川内村","reading":"ふくがわち","gun":"松浦郡","domains":["ogi","saga"],"isShared":true,"shared":[]},"geometry":{"type":"Polygon","coordinates":[[[129.80882,33.28262],[129.8105,33.28182],[129.81296,33.28437],[129.81422,33.28423],[129.81495,33.28474],[129.81855,33.28513],[129.81842,33.28545],[129.81887,33.28502],[129.81963,33.28533],[129.81924,33.28673],[129.81946,33.28956],[129.81983,33.28998],[129.82079,33.28955],[129.82136,33.29052],[129.82069,33.29172],[129.82107,33.29217],[129.82059,33.2933],[129.8196,33.29338],[129.8194,33.29277],[129.81728,33.29203],[129.81694,33.29308],[129.81359,33.29335],[129.81264,33.29123],[129.81131,33.29],[129.81139,33.28937],[129.81247,33.28887],[129.81224,33.28711],[129.80882,33.28262]]]}},{"type":"Feature","properties":{"vid":"K64G09S00266","name":"城村","reading":"じょう","gun":"松浦郡","domains":["ogi","saga"],"isShared":true,"shared":[]},"geometry":{"type":"Polygon","coordinates":[[[129.7964,33.29057],[129.80177,33.28723],[129.80456,33.28452],[129.80882,33.28262],[129.81224,33.28711],[129.81247,33.28887],[129.81139,33.28937],[129.81131,33.29],[129.81264,33.29123],[129.81379,33.29352],[129.81168,33.29505],[129.80872,33.29558],[129.80702,33.29722],[129.80605,33.29754],[129.80514,33.29613],[129.80393,33.29681],[129.80203,33.29674],[129.80195,33.29754],[129.80019,33.29761],[129.79446,33.29623],[129.78864,33.29657],[129.78514,33.29578],[129.79147,33.29217],[129.79441,33.29223],[129.7964,33.29057]]]}},{"type":"Feature","properties":{"vid":"K64G09S00267","name":"峯村","reading":"みね","gun":"松浦郡","domains":["ogi","saga"],"isShared":true,"shared":[]},"geometry":{"type":"Polygon","coordinates":[[[129.78573,33.29764],[129.78514,33.29578],[129.78864,33.29657],[129.79446,33.29623],[129.80019,33.29761],[129.80195,33.29754],[129.80203,33.29674],[129.80393,33.29681],[129.80514,33.29613],[129.80605,33.29754],[129.80702,33.29722],[129.80872,33.29558],[129.81197,33.29471],[129.81244,33.29525],[129.81304,33.29517],[129.8143,33.29416],[129.81454,33.29683],[129.81576,33.29831],[129.81726,33.29853],[129.8176,33.29902],[129.81603,33.30248],[129.81419,33.30343],[129.8141,33.30307],[129.81344,33.30323],[129.81142,33.30048],[129.8094,33.30134],[129.80709,33.30103],[129.80683,33.30158],[129.80587,33.30167],[129.80324,33.30137],[129.79723,33.29913],[129.79081,33.29871],[129.78573,33.29764]]]}},{"type":"Feature","properties":{"vid":"K64G09S00268","name":"久原村","reading":"くばら","gun":"松浦郡","domains":["ogi","saga"],"isShared":true,"shared":[]},"geometry":{"type":"MultiPolygon","coordinates":[[[[129.80727,33.30981],[129.80825,33.3101],[129.80895,33.30977],[129.80887,33.31111],[129.80967,33.3119],[129.80804,33.3126],[129.80625,33.31501],[129.80503,33.31427],[129.80471,33.31276],[129.80577,33.31004],[129.80727,33.30981]]],[[[129.81332,33.30754],[129.81258,33.30843],[129.81338,33.30914],[129.81302,33.31113],[129.81246,33.31094],[129.81228,33.31181],[129.81206,33.31098],[129.8103,33.31043],[129.81033,33.30892],[129.80955,33.30872],[129.80879,33.30746],[129.80969,33.30708],[129.81332,33.30754]]],[[[129.81519,33.30323],[129.81557,33.30436],[129.81444,33.30646],[129.81339,33.30678],[129.81332,33.30754],[129.80969,33.30708],[129.8077,33.30645],[129.80912,33.30405],[129.8082,33.30345],[129.80709,33.30103],[129.80849,33.30147],[129.81142,33.30048],[129.81344,33.30323],[129.81519,33.30323]]],[[[129.8077,33.30645],[129.80969,33.30708],[129.8088,33.30765],[129.80955,33.30872],[129.81033,33.30892],[129.8103,33.31043],[129.80975,33.31021],[129.80901,33.31071],[129.80885,33.30972],[129.80825,33.3101],[129.80727,33.30981],[129.80687,33.3087],[129.8077,33.30645]]],[[[129.81241,33.31168],[129.81508,33.3119],[129.81518,33.31137],[129.8151,33.31201],[129.81787,33.3121],[129.82057,33.31567],[129.81899,33.31649],[129.8179,33.32039],[129.81895,33.31649],[129.81784,33.31495],[129.80988,33.31382],[129.80954,33.31481],[129.80776,33.31487],[129.80798,33.31429],[129.80751,33.31345],[129.80804,33.3126],[129.80963,33.31205],[129.80882,33.31092],[129.80969,33.31023],[129.81206,33.31098],[129.81241,33.31168]]],[[[129.81165,33.31433],[129.81343,33.31483],[129.81323,33.3163],[129.81303,33.31721],[129.81061,33.32016],[129.81416,33.32181],[129.81608,33.32188],[129.81831,33.32116],[129.81429,33.32298],[129.81124,33.32208],[129.81138,33.32269],[129.81088,33.32267],[129.8112,33.32208],[129.80912,33.32243],[129.8089,33.3232],[129.80765,33.32285],[129.80784,33.32385],[129.80891,33.32341],[129.80814,33.32481],[129.80864,33.32658],[129.80638,33.3263],[129.80323,33.32505],[129.79855,33.32118],[129.79759,33.31973],[129.79729,33.31788],[129.7957,33.31689],[129.79762,33.31576],[129.80493,33.3157],[129.81036,33.31788],[129.81165,33.31433]]],[[[129.80625,33.31501],[129.80751,33.31345],[129.8081,33.31495],[129.80954,33.31481],[129.80988,33.31382],[129.81165,33.31433],[129.81036,33.31788],[129.80493,33.3157],[129.8058,33.31565],[129.80625,33.31501]]],[[[129.83935,33.31822],[129.83898,33.3189],[129.83941,33.31942],[129.83926,33.3201],[129.83811,33.32155],[129.83812,33.32225],[129.83772,33.32276],[129.83608,33.32293],[129.83627,33.32184],[129.83575,33.32015],[129.83611,33.31887],[129.83657,33.31871],[129.83581,33.31718],[129.83664,33.31875],[129.83839,33.31837],[129.83834,33.31752],[129.83886,33.31778],[129.83837,33.31787],[129.83842,33.31836],[129.83935,33.31822]]]]}},{"type":"Feature","properties":{"vid":"K64G09S00269","name":"立岩村","reading":"たちいわ","gun":"松浦郡","domains":["ogi","saga"],"isShared":true,"shared":[]},"geometry":{"type":"MultiPolygon","coordinates":[[[[129.7957,33.31689],[129.79729,33.31788],[129.79759,33.31973],[129.79855,33.32118],[129.80323,33.32505],[129.80638,33.3263],[129.80864,33.32658],[129.80729,33.3269],[129.80395,33.32908],[129.80454,33.3294],[129.80281,33.33109],[129.80309,33.33243],[129.7999,33.33053],[129.79866,33.33066],[129.79531,33.33222],[129.795,33.33018],[129.79281,33.32951],[129.79286,33.32878],[129.79067,33.32845],[129.79009,33.32777],[129.79024,33.32857],[129.78809,33.32954],[129.78588,33.32943],[129.78238,33.32661],[129.78349,33.32694],[129.78352,33.32641],[129.78458,33.3262],[129.78481,33.32683],[129.78591,33.32579],[129.78681,33.32081],[129.7884,33.32071],[129.79002,33.31863],[129.79408,33.31706],[129.7957,33.31689]]],[[[129.78375,33.33776],[129.78211,33.3371],[129.78215,33.33622],[129.78157,33.33543],[129.77662,33.33299],[129.77639,33.33093],[129.77876,33.33092],[129.77963,33.33039],[129.78184,33.32838],[129.78238,33.32661],[129.78588,33.32943],[129.78809,33.32954],[129.79024,33.32857],[129.79009,33.32777],[129.79067,33.32845],[129.79286,33.32878],[129.79281,33.32951],[129.795,33.33018],[129.79531,33.33222],[129.79326,33.33331],[129.78691,33.33283],[129.78474,33.33402],[129.78395,33.33525],[129.78436,33.33724],[129.78375,33.33776]]],[[[129.78375,33.33776],[129.78436,33.33724],[129.78395,33.33572],[129.78418,33.33462],[129.78691,33.33283],[129.79273,33.33347],[129.79929,33.33053],[129.80039,33.33062],[129.80357,33.33292],[129.79714,33.33473],[129.79693,33.33401],[129.79645,33.33413],[129.79552,33.33502],[129.79551,33.33579],[129.79452,33.33612],[129.79381,33.33731],[129.79266,33.33768],[129.79353,33.33842],[129.79263,33.3377],[129.79199,33.3384],[129.79122,33.33816],[129.7921,33.33886],[129.79175,33.33961],[129.79273,33.33945],[129.7917,33.33987],[129.7908,33.33932],[129.7904,33.3398],[129.79101,33.33966],[129.79078,33.3404],[129.789,33.34036],[129.78746,33.33925],[129.78375,33.33776]]]]}},{"type":"Feature","properties":{"vid":"K64G09S00270","name":"西分村","reading":"にしぶん","gun":"松浦郡","domains":["ogi","saga"],"isShared":true,"shared":[]},"geometry":{"type":"Polygon","coordinates":[[[129.78238,33.32661],[129.78184,33.32838],[129.77963,33.33039],[129.77876,33.33092],[129.77639,33.33093],[129.77221,33.32437],[129.77102,33.32159],[129.76989,33.32046],[129.77503,33.32056],[129.77664,33.32128],[129.77699,33.32196],[129.77806,33.32179],[129.77814,33.32232],[129.77924,33.32222],[129.77886,33.32123],[129.77921,33.32055],[129.78064,33.32186],[129.78178,33.32189],[129.78219,33.32093],[129.77907,33.31944],[129.7789,33.31634],[129.77667,33.31403],[129.78108,33.31343],[129.78369,33.31356],[129.7839,33.31323],[129.78304,33.31234],[129.78335,33.31203],[129.78432,33.31363],[129.78321,33.31624],[129.78526,33.31755],[129.78522,33.31881],[129.78593,33.31949],[129.78571,33.32063],[129.78657,33.32333],[129.78591,33.32579],[129.78481,33.32683],[129.78458,33.3262],[129.78352,33.32641],[129.78349,33.32694],[129.78238,33.32661]]]}},{"type":"Feature","properties":{"vid":"K64G09S00271","name":"東分村","reading":"ひがしぶん","gun":"松浦郡","domains":["ogi","saga"],"isShared":true,"shared":[]},"geometry":{"type":"MultiPolygon","coordinates":[[[[129.78278,33.30123],[129.78599,33.29891],[129.78573,33.29764],[129.79081,33.29871],[129.79723,33.29913],[129.80324,33.30137],[129.80587,33.30167],[129.80683,33.30158],[129.80709,33.30103],[129.8082,33.30345],[129.80913,33.30422],[129.80791,33.30563],[129.80778,33.30706],[129.80687,33.3087],[129.80727,33.30981],[129.80577,33.31004],[129.80481,33.31238],[129.80488,33.31403],[129.80625,33.31501],[129.80558,33.3157],[129.79712,33.31592],[129.7957,33.31689],[129.79408,33.31706],[129.79002,33.31863],[129.7884,33.32071],[129.78681,33.32081],[129.78638,33.32223],[129.78571,33.32063],[129.78593,33.31949],[129.78522,33.31881],[129.78519,33.31743],[129.78463,33.31714],[129.78529,33.31529],[129.78514,33.31353],[129.78428,33.31222],[129.78485,33.30977],[129.78379,33.30651],[129.78088,33.30363],[129.78278,33.30123]]],[[[129.76294,33.30272],[129.76701,33.30252],[129.76923,33.30317],[129.76969,33.3029],[129.77255,33.30456],[129.77489,33.30385],[129.7766,33.30475],[129.77724,33.30385],[129.77984,33.30359],[129.78059,33.30402],[129.78088,33.30363],[129.78379,33.30651],[129.78485,33.30977],[129.78428,33.31222],[129.78514,33.31353],[129.78529,33.31529],[129.78463,33.31714],[129.78321,33.31624],[129.78432,33.31363],[129.78335,33.31203],[129.78304,33.31234],[129.7839,33.31323],[129.78369,33.31356],[129.78108,33.31343],[129.77866,33.31398],[129.77667,33.31403],[129.77679,33.31289],[129.77503,33.3113],[129.76952,33.31254],[129.76703,33.31247],[129.76618,33.31098],[129.76687,33.30739],[129.76614,33.30664],[129.76404,33.30604],[129.76294,33.30272]]]]}},{"type":"Feature","properties":{"vid":"K64G09S00272","name":"西大久保村","reading":null,"gun":"松浦郡","domains":["ogi","saga"],"isShared":true,"shared":[]},"geometry":{"type":"Polygon","coordinates":[[[129.77667,33.31403],[129.7789,33.31634],[129.77907,33.31944],[129.78219,33.32093],[129.78178,33.32189],[129.78064,33.32186],[129.77921,33.32055],[129.77886,33.32123],[129.77924,33.32222],[129.77814,33.32232],[129.77806,33.32179],[129.77699,33.32196],[129.77664,33.32128],[129.77503,33.32056],[129.76989,33.32046],[129.76911,33.31906],[129.76994,33.31709],[129.76917,33.31519],[129.76703,33.31247],[129.76952,33.31254],[129.77503,33.3113],[129.77679,33.31289],[129.77667,33.31403]]]}},{"type":"Feature","properties":{"vid":"K64G09S00273","name":"皿山","reading":"さらやま","gun":"松浦郡","domains":["saga"],"isShared":false,"shared":[]},"geometry":{"type":"MultiPolygon","coordinates":[[[[129.91176,33.18843],[129.91218,33.19038],[129.91301,33.19146],[129.91214,33.19337],[129.91139,33.19384],[129.91263,33.19499],[129.91292,33.19616],[129.91242,33.19746],[129.90715,33.1987],[129.90551,33.20034],[129.90165,33.19839],[129.90209,33.19305],[129.90237,33.19254],[129.90316,33.1925],[129.90269,33.19204],[129.9033,33.19148],[129.90446,33.19137],[129.90582,33.19176],[129.90757,33.19075],[129.90724,33.19055],[129.90772,33.18998],[129.91009,33.18913],[129.90987,33.18861],[129.91176,33.18843]]],[[[129.91736,33.17712],[129.9176,33.1793],[129.91896,33.1805],[129.91846,33.18074],[129.91814,33.18266],[129.91671,33.18355],[129.91472,33.18393],[129.91502,33.18534],[129.91453,33.18662],[129.91212,33.18611],[129.91176,33.18843],[129.90987,33.18861],[129.91009,33.18913],[129.90772,33.18998],[129.90724,33.19055],[129.90757,33.19075],[129.90582,33.19176],[129.9033,33.19148],[129.90263,33.19226],[129.90314,33.19255],[129.90237,33.19254],[129.90209,33.19305],[129.90191,33.19483],[129.89821,33.19313],[129.89827,33.19104],[129.89711,33.19054],[129.89699,33.18934],[129.89435,33.1868],[129.89654,33.18635],[129.89951,33.18363],[129.90104,33.18418],[129.904,33.18377],[129.90535,33.18281],[129.90614,33.18147],[129.90999,33.18214],[129.91319,33.18134],[129.91315,33.18009],[129.91147,33.17927],[129.91192,33.1783],[129.91169,33.17738],[129.90965,33.17612],[129.90963,33.17556],[129.91273,33.17614],[129.91557,33.17746],[129.91736,33.17712]]],[[[129.90551,33.20034],[129.90484,33.20261],[129.90571,33.20477],[129.90631,33.20517],[129.9065,33.20652],[129.90522,33.20839],[129.90436,33.20888],[129.90231,33.21378],[129.90168,33.21415],[129.90011,33.21341],[129.89524,33.21295],[129.89281,33.21118],[129.88972,33.2123],[129.89036,33.21009],[129.88917,33.20682],[129.88784,33.20618],[129.88696,33.20377],[129.88876,33.2017],[129.88961,33.20165],[129.89079,33.20078],[129.89123,33.19828],[129.88984,33.19462],[129.88797,33.19317],[129.88819,33.19206],[129.88657,33.19035],[129.88703,33.18956],[129.88616,33.18756],[129.8945,33.18698],[129.89699,33.18934],[129.89711,33.19054],[129.89827,33.19104],[129.89821,33.19313],[129.90191,33.19483],[129.90165,33.19839],[129.90551,33.20034]]],[[[129.90963,33.17556],[129.90965,33.17612],[129.91169,33.17738],[129.91192,33.1783],[129.91147,33.17927],[129.91315,33.18009],[129.91319,33.18134],[129.90999,33.18214],[129.90614,33.18147],[129.90535,33.18281],[129.904,33.18377],[129.90104,33.18418],[129.89951,33.18363],[129.89654,33.18635],[129.89504,33.18637],[129.8945,33.18698],[129.88616,33.18756],[129.88537,33.18485],[129.88585,33.18232],[129.88548,33.18174],[129.88589,33.18139],[129.88902,33.18227],[129.88998,33.18054],[129.89081,33.18038],[129.89124,33.18108],[129.89236,33.18002],[129.89332,33.17659],[129.89645,33.17892],[129.89897,33.17811],[129.90445,33.1746],[129.90963,33.17556]]]]}},{"type":"Feature","properties":{"vid":"K64G09S00274","name":"大里村","reading":"おおざと","gun":"松浦郡","domains":["saga"],"isShared":false,"shared":[]},"geometry":{"type":"MultiPolygon","coordinates":[[[[129.86999,33.26964],[129.86946,33.27161],[129.86846,33.27131],[129.86777,33.27239],[129.86467,33.27393],[129.86245,33.2715],[129.86138,33.26883],[129.86058,33.26852],[129.85983,33.26732],[129.85865,33.26722],[129.8598,33.26331],[129.86254,33.26346],[129.86352,33.26402],[129.86783,33.26865],[129.86999,33.26964]]],[[[129.86999,33.24989],[129.86868,33.25085],[129.86832,33.25199],[129.86961,33.25456],[129.87011,33.25951],[129.87103,33.26013],[129.87104,33.26124],[129.87182,33.262],[129.87179,33.2626],[129.87254,33.26287],[129.87206,33.26339],[129.8722,33.26409],[129.87329,33.267],[129.87376,33.26702],[129.87374,33.26767],[129.86999,33.26964],[129.86783,33.26865],[129.86352,33.26402],[129.86254,33.26346],[129.8598,33.26331],[129.85927,33.26116],[129.85543,33.2556],[129.85855,33.25507],[129.86008,33.25288],[129.8615,33.25181],[129.86539,33.25102],[129.86713,33.24963],[129.86786,33.24968],[129.86751,33.25078],[129.86999,33.24989]]],[[[129.85606,33.27221],[129.85372,33.27181],[129.85306,33.27],[129.85321,33.26914],[129.85187,33.26813],[129.85145,33.26592],[129.84977,33.26596],[129.84692,33.26428],[129.83914,33.26345],[129.83808,33.26269],[129.83548,33.26196],[129.84145,33.26119],[129.84317,33.2616],[129.84411,33.26296],[129.85032,33.26043],[129.85343,33.26139],[129.85421,33.25589],[129.85543,33.2556],[129.85927,33.26116],[129.85982,33.26297],[129.85852,33.26765],[129.85606,33.27221]]],[[[129.85421,33.25589],[129.85343,33.26139],[129.85032,33.26043],[129.84411,33.26296],[129.84317,33.2616],[129.84208,33.26128],[129.83869,33.26125],[129.83548,33.26196],[129.83227,33.26095],[129.82963,33.25955],[129.82756,33.2572],[129.83941,33.25627],[129.841,33.25602],[129.84107,33.25523],[129.84248,33.255],[129.84307,33.25535],[129.84439,33.25508],[129.84456,33.25576],[129.85132,33.25483],[129.85275,33.25617],[129.85421,33.25589]]]]}},{"type":"Feature","properties":{"vid":"K64G09S00275","name":"中里村","reading":"なかざと","gun":"松浦郡","domains":["saga"],"isShared":false,"shared":[]},"geometry":{"type":"MultiPolygon","coordinates":[[[[129.85188,33.24268],[129.85049,33.24315],[129.85037,33.24282],[129.84774,33.24317],[129.84771,33.24286],[129.84478,33.24374],[129.84126,33.24314],[129.84195,33.24202],[129.84419,33.24269],[129.84515,33.24234],[129.84544,33.24103],[129.84488,33.24038],[129.8452,33.23963],[129.84345,33.23842],[129.84582,33.23805],[129.84587,33.23707],[129.84756,33.23798],[129.84901,33.23812],[129.85024,33.2408],[129.85188,33.24268]]],[[[129.87051,33.24402],[129.87063,33.24608],[129.87017,33.24697],[129.87052,33.24908],[129.86999,33.24989],[129.86751,33.25078],[129.86786,33.24968],[129.86713,33.24963],[129.86539,33.25102],[129.8615,33.25181],[129.86008,33.25288],[129.85855,33.25507],[129.85685,33.2556],[129.85275,33.25617],[129.84989,33.25377],[129.84936,33.25088],[129.85014,33.25073],[129.84985,33.24946],[129.8536,33.24885],[129.85318,33.24774],[129.86284,33.24546],[129.86324,33.24563],[129.86248,33.24723],[129.86547,33.24695],[129.86611,33.24349],[129.86856,33.24224],[129.87051,33.24402]]],[[[129.85132,33.25483],[129.84456,33.25576],[129.84439,33.25508],[129.84307,33.25535],[129.84248,33.255],[129.84107,33.25523],[129.841,33.25602],[129.83941,33.25627],[129.82756,33.2572],[129.82575,33.25584],[129.82359,33.25561],[129.82272,33.25238],[129.82194,33.25131],[129.8238,33.25039],[129.82636,33.25123],[129.82992,33.24974],[129.83305,33.25034],[129.83823,33.24998],[129.84079,33.25057],[129.84367,33.25042],[129.8436,33.24909],[129.84516,33.24856],[129.84864,33.24984],[129.84985,33.24946],[129.85014,33.25073],[129.84936,33.25088],[129.84989,33.25377],[129.85132,33.25483]]],[[[129.85318,33.24774],[129.8536,33.24885],[129.84864,33.24984],[129.84516,33.24856],[129.8436,33.24909],[129.84143,33.24878],[129.8438,33.24796],[129.84435,33.24693],[129.84387,33.24573],[129.84243,33.24556],[129.84396,33.24514],[129.84478,33.24374],[129.84771,33.24286],[129.84774,33.24317],[129.85037,33.24282],[129.85049,33.24315],[129.85188,33.24268],[129.85283,33.24392],[129.85249,33.24583],[129.85318,33.24774]]],[[[129.8436,33.24909],[129.84367,33.25042],[129.84079,33.25057],[129.83823,33.24998],[129.83305,33.25034],[129.82992,33.24974],[129.82636,33.25123],[129.8238,33.25039],[129.82194,33.25131],[129.81431,33.24624],[129.8235,33.24437],[129.82764,33.2447],[129.82919,33.24423],[129.8317,33.24494],[129.83276,33.24445],[129.83713,33.24499],[129.83646,33.24352],[129.83853,33.24296],[129.83876,33.2424],[129.84478,33.24374],[129.84396,33.24514],[129.84243,33.24556],[129.84401,33.24588],[129.84376,33.24614],[129.84435,33.24693],[129.8438,33.24796],[129.84143,33.24878],[129.8436,33.24909]]],[[[129.83876,33.2424],[129.83853,33.24296],[129.83646,33.24352],[129.83713,33.24499],[129.83276,33.24445],[129.8317,33.24494],[129.82919,33.24423],[129.82764,33.2447],[129.8235,33.24437],[129.81431,33.24624],[129.81064,33.24493],[129.80789,33.24456],[129.81005,33.24265],[129.8136,33.24302],[129.81435,33.24243],[129.81447,33.24036],[129.81544,33.2391],[129.81409,33.23637],[129.81713,33.23586],[129.8228,33.23694],[129.82496,33.23684],[129.82629,33.23838],[129.82835,33.2388],[129.82861,33.23963],[129.8316,33.24066],[129.83465,33.23981],[129.83643,33.23993],[129.83775,33.24036],[129.83725,33.24108],[129.83876,33.2424]]],[[[129.83876,33.2424],[129.83725,33.24108],[129.83821,33.24015],[129.8417,33.24085],[129.84488,33.24038],[129.84544,33.24103],[129.84515,33.24234],[129.84419,33.24269],[129.84195,33.24202],[129.84126,33.24314],[129.83876,33.2424]]],[[[129.83775,33.24036],[129.83552,33.23971],[129.8316,33.24066],[129.82861,33.23963],[129.82835,33.2388],[129.82629,33.23838],[129.82496,33.23684],[129.83205,33.23496],[129.83677,33.23515],[129.84066,33.2365],[129.8436,33.23605],[129.84587,33.23707],[129.84582,33.23805],[129.84345,33.23842],[129.8452,33.23963],[129.84451,33.24067],[129.8417,33.24085],[129.83883,33.24008],[129.83775,33.24036]]],[[[129.87039,33.24323],[129.87051,33.24402],[129.86856,33.24224],[129.86628,33.24329],[129.86547,33.24695],[129.86248,33.24723],[129.86324,33.24563],[129.86284,33.24546],[129.85318,33.24774],[129.85249,33.24583],[129.85283,33.24392],[129.85126,33.24178],[129.85301,33.24056],[129.85445,33.23869],[129.85617,33.23919],[129.85803,33.24063],[129.86091,33.24137],[129.86385,33.24115],[129.86433,33.24004],[129.86653,33.23925],[129.86949,33.24106],[129.87039,33.24323]]]]}},{"type":"Feature","properties":{"vid":"K64G09S00276","name":"曲川村","reading":"まがりかわ","gun":"松浦郡","domains":["saga"],"isShared":false,"shared":[]},"geometry":{"type":"MultiPolygon","coordinates":[[[[129.84732,33.18231],[129.84769,33.18307],[129.84981,33.18423],[129.84965,33.18505],[129.84817,33.18622],[129.84773,33.18751],[129.84768,33.18806],[129.84926,33.18917],[129.84926,33.18973],[129.84821,33.1898],[129.84801,33.18876],[129.84704,33.1885],[129.84702,33.18936],[129.8476,33.18976],[129.84731,33.18997],[129.84507,33.19026],[129.84473,33.19072],[129.84319,33.19063],[129.84277,33.19133],[129.84138,33.1911],[129.84186,33.19518],[129.83789,33.1945],[129.83711,33.1924],[129.83756,33.19176],[129.83162,33.19345],[129.82606,33.19266],[129.82448,33.19163],[129.82593,33.19143],[129.82589,33.19111],[129.82425,33.19084],[129.8233,33.19002],[129.82498,33.19046],[129.82635,33.18981],[129.82461,33.18911],[129.82138,33.18879],[129.82516,33.18666],[129.82569,33.18593],[129.82984,33.18489],[129.83134,33.18607],[129.83273,33.18626],[129.83438,33.18741],[129.83812,33.18726],[129.83841,33.18678],[129.83751,33.18604],[129.83992,33.18605],[129.83952,33.18512],[129.83825,33.18429],[129.83828,33.18278],[129.84256,33.18308],[129.84145,33.18266],[129.84169,33.18237],[129.84569,33.1833],[129.84629,33.18215],[129.84732,33.18231]]],[[[129.81658,33.19138],[129.81821,33.18994],[129.82301,33.18882],[129.82635,33.18981],[129.82498,33.19046],[129.82333,33.18996],[129.82425,33.19084],[129.82597,33.19121],[129.8245,33.19169],[129.82606,33.19266],[129.82714,33.1926],[129.82904,33.19336],[129.83337,33.19319],[129.83756,33.19176],[129.83711,33.1924],[129.83789,33.1945],[129.84186,33.19518],[129.84138,33.1911],[129.84181,33.19107],[129.84313,33.19166],[129.846,33.19164],[129.84697,33.19213],[129.84731,33.19411],[129.85117,33.19463],[129.85187,33.19415],[129.8522,33.19504],[129.85152,33.19512],[129.85161,33.19566],[129.85068,33.19576],[129.85059,33.19647],[129.8494,33.19676],[129.84973,33.1972],[129.84921,33.19752],[129.84843,33.19742],[129.84793,33.19805],[129.84715,33.19812],[129.84654,33.19921],[129.83998,33.19984],[129.83879,33.20041],[129.83899,33.20077],[129.83278,33.20269],[129.82577,33.20257],[129.82457,33.20302],[129.82103,33.20216],[129.82071,33.20317],[129.81878,33.20303],[129.81694,33.20251],[129.81409,33.1988],[129.81542,33.19781],[129.81674,33.19774],[129.8156,33.19493],[129.81701,33.19253],[129.81658,33.19138]]],[[[129.81417,33.19916],[129.81633,33.20128],[129.817,33.20255],[129.82071,33.20317],[129.82103,33.20216],[129.82441,33.20302],[129.82925,33.2025],[129.83174,33.20287],[129.83899,33.20077],[129.83879,33.20041],[129.83998,33.19984],[129.84654,33.19921],[129.8468,33.20101],[129.84808,33.20015],[129.84778,33.20178],[129.84943,33.20256],[129.84971,33.20319],[129.84888,33.20333],[129.8494,33.20468],[129.84873,33.20498],[129.84861,33.20594],[129.8481,33.20602],[129.84793,33.20496],[129.84837,33.20478],[129.84713,33.20423],[129.84627,33.20493],[129.84385,33.20544],[129.84383,33.20474],[129.84296,33.20481],[129.84267,33.20542],[129.83981,33.20441],[129.83086,33.20344],[129.82917,33.20407],[129.82469,33.20409],[129.82457,33.20489],[129.8233,33.20476],[129.82269,33.20576],[129.82317,33.20439],[129.82146,33.20397],[129.82177,33.20482],[129.81974,33.20641],[129.80965,33.20567],[129.80889,33.20521],[129.80941,33.20422],[129.8109,33.20316],[129.81003,33.20235],[129.81017,33.20166],[129.81417,33.19916]]],[[[129.80889,33.20521],[129.80965,33.20567],[129.81974,33.20641],[129.82177,33.20482],[129.82146,33.20397],[129.82317,33.20439],[129.82269,33.20576],[129.8233,33.20476],[129.82457,33.20489],[129.82469,33.20409],[129.82917,33.20407],[129.83086,33.20344],[129.83981,33.20441],[129.84267,33.20542],[129.84296,33.20481],[129.84383,33.20474],[129.84385,33.20544],[129.84627,33.20493],[129.84713,33.20423],[129.84837,33.20478],[129.84793,33.20496],[129.8481,33.20602],[129.84757,33.20653],[129.84901,33.20888],[129.84605,33.20911],[129.84382,33.20986],[129.84128,33.20885],[129.83927,33.21024],[129.83465,33.20886],[129.8288,33.20931],[129.82308,33.20758],[129.81855,33.2095],[129.81556,33.20898],[129.81486,33.20938],[129.8093,33.20921],[129.80818,33.2099],[129.80904,33.20898],[129.80809,33.20716],[129.80889,33.20521]]],[[[129.84946,33.18516],[129.85151,33.18647],[129.85282,33.18638],[129.85302,33.18855],[129.8543,33.189],[129.85363,33.1895],[129.85281,33.19157],[129.85291,33.19293],[129.85225,33.19302],[129.85252,33.19381],[129.85154,33.19376],[129.85187,33.19415],[129.85117,33.19463],[129.84731,33.19411],[129.84684,33.192],[129.84272,33.19133],[129.84319,33.19063],[129.84473,33.19072],[129.84507,33.19026],[129.84749,33.18986],[129.84704,33.1885],[129.84801,33.18876],[129.84821,33.1898],[129.84926,33.18973],[129.84926,33.18917],[129.84768,33.18806],[129.84817,33.18622],[129.84946,33.18516]]],[[[129.86332,33.17101],[129.86357,33.1721],[129.86278,33.17351],[129.86279,33.17527],[129.86233,33.17594],[129.86255,33.17764],[129.86126,33.17853],[129.8613,33.17931],[129.86036,33.18018],[129.86069,33.18214],[129.85785,33.18394],[129.85769,33.18592],[129.85678,33.18769],[129.8543,33.189],[129.85302,33.18855],[129.85282,33.18638],[129.85151,33.18647],[129.84951,33.1852],[129.84978,33.18416],[129.84728,33.18266],[129.84752,33.18173],[129.84658,33.18087],[129.84657,33.18022],[129.84782,33.17987],[129.84945,33.18018],[129.84976,33.17924],[129.84818,33.17939],[129.84711,33.17838],[129.844,33.17784],[129.84425,33.17678],[129.84527,33.17669],[129.84882,33.17761],[129.85156,33.1773],[129.85348,33.17634],[129.85552,33.17311],[129.85802,33.17079],[129.86332,33.17101]]],[[[129.85678,33.18769],[129.8565,33.1883],[129.85733,33.19031],[129.85739,33.19182],[129.85823,33.19286],[129.85801,33.19346],[129.85947,33.19412],[129.86029,33.19387],[129.8588,33.19538],[129.85531,33.1965],[129.85351,33.19806],[129.85059,33.19647],[129.85068,33.19576],[129.85161,33.19566],[129.85152,33.19512],[129.8522,33.19504],[129.85154,33.19376],[129.85252,33.19381],[129.85225,33.19302],[129.85291,33.19293],[129.85279,33.19163],[129.85363,33.1895],[129.85506,33.1883],[129.85678,33.18769]]],[[[129.86242,33.19602],[129.86475,33.19982],[129.8639,33.20096],[129.86422,33.20177],[129.86361,33.20226],[129.86443,33.2021],[129.86491,33.20304],[129.86445,33.20364],[129.86514,33.2043],[129.86347,33.20592],[129.86253,33.20575],[129.86152,33.20437],[129.85776,33.20349],[129.8553,33.20129],[129.85161,33.20147],[129.8516,33.20247],[129.85058,33.20313],[129.85058,33.20196],[129.84949,33.20193],[129.8495,33.20269],[129.84808,33.20219],[129.84774,33.20132],[129.84808,33.20015],[129.84691,33.20106],[129.84658,33.20058],[129.84653,33.19907],[129.84711,33.19816],[129.84793,33.19805],[129.84843,33.19742],[129.84921,33.19752],[129.84991,33.19647],[129.85098,33.19647],[129.85351,33.19806],[129.85531,33.1965],[129.85925,33.19502],[129.86063,33.19481],[129.86155,33.19591],[129.86242,33.19602]]],[[[129.8495,33.20269],[129.84949,33.20193],[129.85058,33.20196],[129.85058,33.20313],[129.85106,33.20315],[129.85103,33.2025],[129.8516,33.20247],[129.85161,33.20147],[129.8553,33.20129],[129.85776,33.20349],[129.86152,33.20437],[129.86258,33.20558],[129.8612,33.20632],[129.85533,33.20474],[129.85351,33.20354],[129.85184,33.2036],[129.85244,33.20604],[129.85191,33.20865],[129.85042,33.20849],[129.84953,33.2093],[129.8489,33.20903],[129.84756,33.20644],[129.84861,33.20594],[129.84873,33.20498],[129.8494,33.20468],[129.84941,33.20388],[129.84887,33.20349],[129.84971,33.20321],[129.8495,33.20269]]],[[[129.84425,33.17678],[129.844,33.17784],[129.84697,33.17834],[129.84818,33.17939],[129.84976,33.17924],[129.84978,33.1796],[129.84945,33.18018],[129.84782,33.17987],[129.84657,33.18022],[129.84749,33.18198],[129.84629,33.18215],[129.84569,33.1833],[129.84169,33.18237],[129.84145,33.18266],[129.84256,33.18308],[129.83828,33.18278],[129.83825,33.18429],[129.83952,33.18512],[129.83992,33.18605],[129.83751,33.18604],[129.83841,33.18678],[129.83812,33.18726],[129.83438,33.18741],[129.83273,33.18626],[129.83134,33.18607],[129.82984,33.18489],[129.82569,33.18593],[129.82145,33.18893],[129.81821,33.18994],[129.81658,33.19138],[129.81602,33.19032],[129.81569,33.18816],[129.81757,33.18669],[129.81715,33.18454],[129.82094,33.18191],[129.82315,33.18178],[129.82581,33.17976],[129.82692,33.17942],[129.82779,33.17971],[129.83015,33.17708],[129.83471,33.17462],[129.83745,33.17416],[129.83794,33.17325],[129.83944,33.17498],[129.84077,33.17534],[129.8419,33.17637],[129.8432,33.17694],[129.84425,33.17678]]]]}},{"type":"Feature","properties":{"vid":"K64G09S00277","name":"大木村","reading":"おおぎ","gun":"松浦郡","domains":["saga"],"isShared":false,"shared":[]},"geometry":{"type":"MultiPolygon","coordinates":[[[[129.84121,33.2234],[129.83672,33.22284],[129.83344,33.22397],[129.82847,33.22483],[129.82642,33.22346],[129.82455,33.2234],[129.81955,33.22455],[129.81786,33.2241],[129.81518,33.22436],[129.81245,33.22363],[129.81301,33.22077],[129.81944,33.22031],[129.82072,33.21939],[129.82255,33.21946],[129.82494,33.21825],[129.82643,33.21871],[129.83199,33.21668],[129.83408,33.21656],[129.83461,33.21714],[129.83654,33.21662],[129.83769,33.21695],[129.83814,33.21535],[129.83928,33.21551],[129.83939,33.216],[129.8409,33.21548],[129.84222,33.21559],[129.84228,33.21616],[129.84682,33.21606],[129.84682,33.21787],[129.84843,33.21856],[129.84853,33.21951],[129.84752,33.21947],[129.84683,33.21851],[129.84634,33.21943],[129.84282,33.21921],[129.84367,33.22073],[129.84238,33.22141],[129.8409,33.22087],[129.84051,33.22134],[129.84035,33.22199],[129.84121,33.2234]]],[[[129.80818,33.2099],[129.8093,33.20921],[129.81486,33.20938],[129.81556,33.20898],[129.81855,33.2095],[129.82347,33.20762],[129.82493,33.20817],[129.82512,33.2089],[129.82459,33.20937],[129.82362,33.20895],[129.82353,33.20963],[129.82416,33.21029],[129.82324,33.21073],[129.82537,33.21159],[129.82518,33.2122],[129.82398,33.21175],[129.8231,33.21241],[129.82594,33.21353],[129.8274,33.21489],[129.82843,33.21395],[129.82947,33.21425],[129.83052,33.21313],[129.83107,33.21331],[129.83274,33.21195],[129.83563,33.21256],[129.83629,33.21221],[129.8379,33.21242],[129.83938,33.21331],[129.83971,33.21313],[129.83946,33.21209],[129.8436,33.2125],[129.84377,33.21343],[129.84539,33.21318],[129.8458,33.21383],[129.84785,33.21449],[129.84789,33.21604],[129.84228,33.21616],[129.84222,33.21559],[129.8409,33.21548],[129.83939,33.216],[129.83928,33.21551],[129.83814,33.21535],[129.83769,33.21695],[129.83654,33.21662],[129.83461,33.21714],[129.83408,33.21656],[129.83199,33.21668],[129.82643,33.21871],[129.82494,33.21825],[129.82255,33.21946],[129.82072,33.21939],[129.81944,33.22031],[129.81301,33.22077],[129.81172,33.21956],[129.8096,33.21862],[129.80942,33.21474],[129.80812,33.21463],[129.80693,33.21141],[129.80714,33.21054],[129.80818,33.2099]]],[[[129.84121,33.2234],[129.84035,33.22199],[129.84051,33.22134],[129.8409,33.22087],[129.84238,33.22141],[129.84367,33.22073],[129.84282,33.21921],[129.84634,33.21943],[129.84683,33.21851],[129.84752,33.21947],[129.84853,33.21951],[129.84843,33.21856],[129.84682,33.21787],[129.84682,33.21606],[129.84789,33.21604],[129.848,33.21514],[129.85015,33.21523],[129.85118,33.21474],[129.85142,33.21559],[129.85208,33.21568],[129.85221,33.2142],[129.85261,33.21416],[129.85326,33.21423],[129.85323,33.2151],[129.85491,33.21507],[129.85479,33.21573],[129.8589,33.21662],[129.86069,33.21766],[129.86159,33.21702],[129.86193,33.2189],[129.86292,33.21887],[129.86254,33.22067],[129.86355,33.22093],[129.86324,33.22155],[129.86448,33.22281],[129.86313,33.22498],[129.86162,33.22416],[129.85895,33.22467],[129.85781,33.22387],[129.85395,33.22325],[129.85166,33.22441],[129.84734,33.22454],[129.84718,33.2256],[129.84566,33.22657],[129.84121,33.2234]]],[[[129.82493,33.20817],[129.82932,33.20935],[129.83518,33.20893],[129.83927,33.21024],[129.84128,33.20885],[129.84382,33.20986],[129.84691,33.209],[129.84957,33.20929],[129.85047,33.20848],[129.85181,33.20882],[129.85244,33.20633],[129.85184,33.2036],[129.85351,33.20354],[129.85533,33.20474],[129.86,33.20577],[129.85688,33.20826],[129.8572,33.20964],[129.85588,33.21137],[129.85633,33.21347],[129.85596,33.21407],[129.85484,33.21508],[129.85323,33.2151],[129.85326,33.21423],[129.85221,33.2142],[129.85208,33.21568],[129.85142,33.21559],[129.85118,33.21474],[129.85015,33.21523],[129.848,33.21514],[129.84779,33.21443],[129.8458,33.21383],[129.84539,33.21318],[129.84362,33.21338],[129.8436,33.2125],[129.83946,33.21209],[129.83971,33.21313],[129.83938,33.21331],[129.8379,33.21242],[129.83629,33.21221],[129.83563,33.21256],[129.83274,33.21195],[129.83107,33.21331],[129.83052,33.21313],[129.82947,33.21425],[129.82843,33.21395],[129.8274,33.21489],[129.82594,33.21353],[129.8231,33.21241],[129.82398,33.21175],[129.82524,33.21217],[129.82531,33.21151],[129.82323,33.21068],[129.82416,33.21029],[129.82353,33.20963],[129.82362,33.20895],[129.82488,33.20928],[129.82493,33.20817]]],[[[129.86401,33.20555],[129.86749,33.20497],[129.86794,33.20551],[129.86717,33.20711],[129.86795,33.2071],[129.86825,33.20872],[129.86975,33.20835],[129.8701,33.20879],[129.87003,33.21082],[129.86754,33.2123],[129.86886,33.21356],[129.86934,33.21499],[129.86867,33.21467],[129.86912,33.21721],[129.86862,33.21815],[129.86998,33.21888],[129.86881,33.22033],[129.86977,33.22144],[129.87004,33.22278],[129.87149,33.22406],[129.87069,33.22507],[129.86556,33.22548],[129.86554,33.22434],[129.86492,33.22407],[129.86577,33.22262],[129.86451,33.22059],[129.86257,33.22071],[129.86292,33.21887],[129.86193,33.2189],[129.86167,33.21708],[129.8611,33.21701],[129.86069,33.21766],[129.8589,33.21662],[129.85479,33.21573],[129.85633,33.21352],[129.85588,33.21137],[129.8571,33.2101],[129.85706,33.20802],[129.85992,33.20578],[129.86133,33.20632],[129.86401,33.20555]]],[[[129.89739,33.22366],[129.89124,33.22521],[129.88752,33.22435],[129.88509,33.22573],[129.88202,33.22605],[129.87927,33.22555],[129.87903,33.22506],[129.8749,33.22805],[129.87006,33.2267],[129.86937,33.2252],[129.87083,33.22501],[129.87153,33.22416],[129.87004,33.22278],[129.86977,33.22144],[129.86883,33.22042],[129.86998,33.21888],[129.86862,33.21815],[129.86912,33.21721],[129.86867,33.21467],[129.86934,33.21499],[129.86886,33.21356],[129.86754,33.21226],[129.87,33.21087],[129.87019,33.20915],[129.86984,33.20836],[129.86831,33.20878],[129.86795,33.2071],[129.869,33.20707],[129.87084,33.20518],[129.87213,33.20486],[129.87311,33.20526],[129.87332,33.20587],[129.87443,33.2056],[129.87484,33.2057],[129.87465,33.20619],[129.87504,33.20589],[129.87643,33.20622],[129.87853,33.20791],[129.87903,33.20909],[129.88077,33.20785],[129.88199,33.20791],[129.88271,33.20857],[129.88301,33.21004],[129.88578,33.2105],[129.88967,33.21229],[129.8911,33.21211],[129.89136,33.21162],[129.89281,33.21118],[129.89506,33.2129],[129.90011,33.21341],[129.90168,33.21415],[129.90198,33.21686],[129.9012,33.21761],[129.90033,33.22034],[129.89739,33.22366]]]]}},{"type":"Feature","properties":{"vid":"K64G09S00278","name":"山谷村","reading":"やまだに","gun":"松浦郡","domains":["saga"],"isShared":false,"shared":[]},"geometry":{"type":"MultiPolygon","coordinates":[[[[129.87102,33.23527],[129.87095,33.23628],[129.86973,33.23847],[129.86946,33.24108],[129.86615,33.23925],[129.86414,33.2402],[129.86385,33.24115],[129.86048,33.24133],[129.85803,33.24063],[129.85617,33.23919],[129.85445,33.23869],[129.85301,33.24056],[129.85123,33.2418],[129.8497,33.2397],[129.84845,33.23608],[129.84907,33.2337],[129.853,33.23004],[129.85454,33.23096],[129.85701,33.23141],[129.85846,33.2309],[129.86212,33.23213],[129.86498,33.23222],[129.87102,33.23527]]],[[[129.82496,33.23684],[129.8228,33.23694],[129.81713,33.23586],[129.81409,33.23637],[129.81354,33.23298],[129.81252,33.23189],[129.81054,33.23133],[129.80989,33.2302],[129.8103,33.22896],[129.8212,33.22833],[129.82743,33.22987],[129.82982,33.22862],[129.8323,33.22858],[129.83278,33.23004],[129.83378,33.23036],[129.83309,33.23144],[129.83414,33.23331],[129.83357,33.23401],[129.83058,33.23384],[129.82908,33.23321],[129.82809,33.23339],[129.82807,33.23382],[129.82757,33.23339],[129.8259,33.23391],[129.82503,33.23333],[129.82396,33.23353],[129.82176,33.2329],[129.81873,33.23331],[129.82422,33.23469],[129.82511,33.23608],[129.83081,33.23554],[129.82496,33.23684]]],[[[129.84772,33.23801],[129.84435,33.23621],[129.84035,33.23646],[129.83659,33.23512],[129.83205,33.23496],[129.83081,33.23554],[129.82511,33.23608],[129.82422,33.23469],[129.81871,33.23336],[129.82176,33.2329],[129.82396,33.23353],[129.82503,33.23333],[129.8259,33.23391],[129.82757,33.23339],[129.82807,33.23382],[129.82809,33.23339],[129.82908,33.23321],[129.83058,33.23384],[129.83357,33.23401],[129.83416,33.23341],[129.83309,33.23144],[129.8337,33.22995],[129.83705,33.22981],[129.83858,33.22868],[129.84001,33.22855],[129.84037,33.22902],[129.84146,33.22906],[129.84137,33.22987],[129.84194,33.22967],[129.84296,33.23141],[129.8425,33.23183],[129.84416,33.23211],[129.84439,33.23315],[129.84403,33.23324],[129.84455,33.23399],[129.84399,33.23483],[129.84671,33.23592],[129.84772,33.23801]]],[[[129.81245,33.22363],[129.81518,33.22436],[129.81786,33.2241],[129.81955,33.22455],[129.82455,33.2234],[129.82642,33.22346],[129.82847,33.22483],[129.83344,33.22397],[129.8369,33.22282],[129.84065,33.22391],[129.84455,33.2265],[129.84516,33.22637],[129.84645,33.22786],[129.8469,33.22938],[129.84551,33.22998],[129.84712,33.23024],[129.84624,33.23424],[129.84671,33.23592],[129.84399,33.23483],[129.84455,33.23399],[129.84403,33.23324],[129.84439,33.23315],[129.84435,33.23234],[129.84323,33.2317],[129.8425,33.23183],[129.84296,33.23141],[129.84194,33.22967],[129.84137,33.22987],[129.84146,33.22906],[129.84037,33.22902],[129.84001,33.22855],[129.83858,33.22868],[129.83705,33.22981],[129.83313,33.23019],[129.8323,33.22858],[129.83163,33.22836],[129.82982,33.22862],[129.82743,33.22987],[129.8212,33.22833],[129.8103,33.22896],[129.81046,33.2269],[129.81245,33.22363]]],[[[129.84909,33.23822],[129.84772,33.23801],[129.8464,33.23498],[129.84644,33.23204],[129.84717,33.23068],[129.84648,33.22988],[129.846,33.23029],[129.84551,33.22998],[129.84692,33.22931],[129.84576,33.22682],[129.84455,33.2265],[129.84065,33.22391],[129.83831,33.22314],[129.84178,33.22358],[129.84529,33.22595],[129.84545,33.22655],[129.84718,33.2256],[129.84753,33.22454],[129.84815,33.22464],[129.84827,33.22578],[129.85096,33.2273],[129.85284,33.22679],[129.85519,33.22709],[129.8552,33.22596],[129.85886,33.22799],[129.85773,33.2289],[129.85851,33.23091],[129.85701,33.23141],[129.85377,33.23075],[129.853,33.23004],[129.84921,33.23354],[129.84845,33.2359],[129.84909,33.23822]]],[[[129.87927,33.22555],[129.87846,33.22831],[129.87707,33.22985],[129.87273,33.23105],[129.87229,33.23388],[129.87141,33.23424],[129.87102,33.23527],[129.86498,33.23222],[129.86212,33.23213],[129.85851,33.23091],[129.85773,33.2289],[129.85886,33.22799],[129.85533,33.226],[129.85519,33.22709],[129.85284,33.22679],[129.85141,33.22743],[129.84827,33.22578],[129.84791,33.22502],[129.84866,33.22443],[129.85187,33.22436],[129.85395,33.22325],[129.85781,33.22387],[129.85895,33.22467],[129.86162,33.22416],[129.86313,33.22498],[129.86447,33.22285],[129.86322,33.2215],[129.86422,33.22049],[129.86577,33.22262],[129.86492,33.22407],[129.86554,33.22434],[129.86556,33.22548],[129.86937,33.2252],[129.87006,33.2267],[129.87469,33.22806],[129.87556,33.22782],[129.87903,33.22506],[129.87927,33.22555]]]]}},{"type":"Feature","properties":{"vid":"K64G09S00279","name":"新村","reading":"しん","gun":"松浦郡","domains":["saga"],"isShared":false,"shared":[]},"geometry":{"type":"MultiPolygon","coordinates":[[[[129.90209,33.17618],[129.90007,33.17705],[129.89886,33.17817],[129.89645,33.17892],[129.89341,33.17658],[129.8928,33.17756],[129.89134,33.17656],[129.88933,33.17746],[129.88762,33.17681],[129.8881,33.17776],[129.88776,33.17814],[129.88593,33.17628],[129.88551,33.17735],[129.88376,33.17679],[129.88511,33.17514],[129.88563,33.17329],[129.88897,33.17242],[129.89,33.17152],[129.89112,33.17129],[129.89582,33.17139],[129.89576,33.17208],[129.89676,33.17243],[129.89655,33.17292],[129.89921,33.17321],[129.90092,33.17438],[129.90209,33.17618]]],[[[129.88574,33.1815],[129.8827,33.18004],[129.88262,33.17847],[129.88376,33.17679],[129.88551,33.17735],[129.88593,33.17628],[129.88776,33.17814],[129.8881,33.17776],[129.88762,33.17681],[129.88933,33.17746],[129.89134,33.17656],[129.8928,33.17756],[129.89236,33.18002],[129.89124,33.18108],[129.89081,33.18038],[129.88998,33.18054],[129.88938,33.18221],[129.88574,33.1815]]],[[[129.92849,33.17378],[129.92656,33.17414],[129.92194,33.17355],[129.92089,33.17235],[129.9193,33.17223],[129.916,33.17056],[129.91545,33.16944],[129.91724,33.16623],[129.91668,33.16366],[129.917,33.16018],[129.918,33.16018],[129.92018,33.16204],[129.92303,33.16168],[129.92323,33.16247],[129.92486,33.16278],[129.92548,33.16355],[129.92801,33.16402],[129.93459,33.16328],[129.93535,33.16409],[129.93862,33.16537],[129.93318,33.16951],[129.932,33.16994],[129.93138,33.17132],[129.92904,33.17277],[129.92849,33.17378]]],[[[129.88574,33.1815],[129.8857,33.18212],[129.88008,33.18455],[129.87901,33.18154],[129.88227,33.18003],[129.88574,33.1815]]],[[[129.87901,33.18154],[129.88008,33.18455],[129.87279,33.1879],[129.87555,33.18356],[129.87697,33.18238],[129.87777,33.18256],[129.87812,33.18187],[129.87901,33.18154]]],[[[129.91765,33.1743],[129.91764,33.17683],[129.91584,33.1775],[129.91063,33.17558],[129.90592,33.17515],[129.90508,33.1746],[129.90395,33.17479],[129.90236,33.1726],[129.90246,33.1708],[129.90297,33.1691],[129.90399,33.16915],[129.90406,33.16808],[129.90464,33.16752],[129.90712,33.16773],[129.90942,33.1673],[129.90999,33.1656],[129.90884,33.1635],[129.91019,33.16114],[129.9111,33.16121],[129.91153,33.16217],[129.91416,33.16258],[129.91684,33.16046],[129.91717,33.16129],[129.91669,33.1638],[129.91724,33.16623],[129.91544,33.16952],[129.91639,33.17096],[129.91725,33.17124],[129.91765,33.1743]]],[[[129.87279,33.1879],[129.87854,33.18529],[129.8789,33.18574],[129.87866,33.18628],[129.88027,33.18864],[129.87722,33.18978],[129.87647,33.1896],[129.8758,33.1885],[129.87279,33.1879]]],[[[129.90395,33.17479],[129.90209,33.17618],[129.90092,33.17438],[129.89921,33.17321],[129.89655,33.17292],[129.89676,33.17243],[129.89576,33.17208],[129.89582,33.17139],[129.89076,33.17131],[129.88955,33.17201],[129.88865,33.16895],[129.8901,33.16757],[129.88908,33.16597],[129.8893,33.16499],[129.88805,33.16411],[129.88473,33.16396],[129.88411,33.16304],[129.8844,33.16228],[129.88635,33.16113],[129.88787,33.15619],[129.89045,33.15655],[129.89131,33.15884],[129.89367,33.15809],[129.89539,33.15983],[129.89691,33.15951],[129.89704,33.15862],[129.8985,33.15789],[129.90176,33.15827],[129.90271,33.15791],[129.90375,33.15847],[129.90584,33.15806],[129.91019,33.16114],[129.90884,33.1635],[129.90999,33.1656],[129.90942,33.1673],[129.90712,33.16773],[129.90474,33.16749],[129.90406,33.16808],[129.90399,33.16915],[129.90297,33.1691],[129.90236,33.1726],[129.90395,33.17479]]],[[[129.88522,33.16198],[129.88419,33.16254],[129.88454,33.16387],[129.88805,33.16411],[129.8893,33.16499],[129.88908,33.16597],[129.8901,33.16757],[129.88865,33.16895],[129.88955,33.17201],[129.88563,33.17329],[129.88511,33.17514],[129.88262,33.17847],[129.8827,33.18004],[129.88128,33.18027],[129.87812,33.18187],[129.87777,33.18256],[129.87697,33.18238],[129.87555,33.18356],[129.87445,33.18316],[129.8736,33.18355],[129.87124,33.18024],[129.87259,33.17296],[129.87338,33.17212],[129.87423,33.1696],[129.8778,33.16769],[129.87942,33.16617],[129.87833,33.16513],[129.87659,33.16482],[129.87716,33.16468],[129.87773,33.16319],[129.87898,33.16204],[129.88062,33.16187],[129.88087,33.1622],[129.88139,33.16161],[129.88144,33.16233],[129.88268,33.16259],[129.88386,33.16151],[129.88522,33.16198]]],[[[129.88616,33.18756],[129.88378,33.18916],[129.88292,33.18849],[129.88047,33.18874],[129.87877,33.18648],[129.87854,33.18529],[129.8857,33.18212],[129.88537,33.18485],[129.88616,33.18756]]],[[[129.88616,33.18756],[129.88703,33.18956],[129.88657,33.19035],[129.88819,33.19206],[129.88797,33.19317],[129.88984,33.19462],[129.89131,33.19882],[129.89067,33.20091],[129.88876,33.2017],[129.88692,33.20363],[129.88503,33.20411],[129.88379,33.20272],[129.88026,33.2022],[129.87942,33.19992],[129.8783,33.19904],[129.87808,33.19729],[129.87737,33.19646],[129.87549,33.19609],[129.87187,33.19675],[129.87091,33.19641],[129.87036,33.19464],[129.86886,33.19512],[129.86869,33.1941],[129.87137,33.19278],[129.87102,33.19014],[129.87256,33.18914],[129.87275,33.18814],[129.8758,33.1885],[129.87647,33.1896],[129.87728,33.18979],[129.87974,33.18853],[129.88292,33.18849],[129.88378,33.18916],[129.88616,33.18756]]],[[[129.86869,33.1941],[129.86886,33.19512],[129.87036,33.19464],[129.87091,33.19641],[129.87139,33.19665],[129.87549,33.19609],[129.87737,33.19646],[129.87808,33.19729],[129.8783,33.19904],[129.87963,33.20052],[129.87591,33.20136],[129.87383,33.20141],[129.87297,33.20099],[129.87123,33.20498],[129.86848,33.20731],[129.86717,33.20711],[129.86794,33.20551],[129.86749,33.20497],[129.86401,33.20555],[129.86514,33.2043],[129.86445,33.20364],[129.86491,33.20304],[129.86443,33.2021],[129.86361,33.20226],[129.86422,33.20177],[129.8639,33.20096],[129.86475,33.19982],[129.86242,33.19602],[129.8633,33.19494],[129.86277,33.1939],[129.86364,33.19376],[129.86442,33.19277],[129.86649,33.19279],[129.86869,33.1941]]],[[[129.88705,33.20355],[129.88779,33.20609],[129.88917,33.20682],[129.89041,33.21025],[129.88972,33.2123],[129.88578,33.2105],[129.88301,33.21004],[129.88271,33.20857],[129.88199,33.20791],[129.88077,33.20785],[129.87903,33.20909],[129.87853,33.20791],[129.87636,33.20619],[129.87465,33.20619],[129.87484,33.2057],[129.87443,33.2056],[129.87356,33.20594],[129.87267,33.20503],[129.87123,33.20498],[129.87303,33.20097],[129.87383,33.20141],[129.87591,33.20136],[129.87963,33.20052],[129.88026,33.2022],[129.88098,33.20256],[129.88379,33.20272],[129.88503,33.20411],[129.88705,33.20355]]],[[[129.87659,33.16482],[129.87833,33.16513],[129.87926,33.16573],[129.87937,33.16635],[129.87423,33.1696],[129.87338,33.17212],[129.87255,33.17309],[129.87193,33.17798],[129.87137,33.17862],[129.8714,33.18078],[129.87029,33.18017],[129.87055,33.17943],[129.86963,33.1794],[129.86924,33.17858],[129.86842,33.17915],[129.86649,33.17867],[129.86476,33.17914],[129.86511,33.17785],[129.86412,33.1781],[129.86255,33.17758],[129.86233,33.17594],[129.86279,33.17527],[129.86278,33.17351],[129.86357,33.1721],[129.86332,33.17101],[129.86548,33.1697],[129.86937,33.16908],[129.87202,33.16682],[129.87287,33.16506],[129.87659,33.16482]]],[[[129.87279,33.1879],[129.87256,33.18914],[129.87102,33.19014],[129.87122,33.19295],[129.86854,33.19412],[129.86649,33.19279],[129.86442,33.19277],[129.86364,33.19376],[129.86277,33.1939],[129.8633,33.19494],[129.86208,33.19605],[129.86063,33.19481],[129.85925,33.19502],[129.86029,33.19387],[129.85947,33.19412],[129.85801,33.19346],[129.85823,33.19286],[129.85739,33.19182],[129.85733,33.19031],[129.8565,33.1883],[129.85769,33.18592],[129.85781,33.18399],[129.8596,33.18266],[129.86047,33.1828],[129.8615,33.18387],[129.86325,33.18401],[129.86447,33.18499],[129.86664,33.18456],[129.86693,33.185],[129.87001,33.1833],[129.8714,33.18078],[129.8736,33.18355],[129.87445,33.18316],[129.87555,33.18356],[129.87279,33.1879]]],[[[129.8714,33.18078],[129.87001,33.1833],[129.86693,33.185],[129.86664,33.18456],[129.86447,33.18499],[129.86325,33.18401],[129.86134,33.1838],[129.86014,33.18262],[129.8607,33.18205],[129.86036,33.18018],[129.8613,33.17931],[129.86126,33.17853],[129.86255,33.17758],[129.86412,33.1781],[129.86511,33.17785],[129.86476,33.17914],[129.86649,33.17867],[129.86842,33.17915],[129.86924,33.17858],[129.86963,33.1794],[129.87055,33.17943],[129.87029,33.18017],[129.8714,33.18078]]]]}},{"type":"Feature","properties":{"vid":"K64G09S00280","name":"桃川村","reading":"もものかわ","gun":"松浦郡","domains":["saga"],"isShared":false,"shared":[]},"geometry":{"type":"MultiPolygon","coordinates":[[[[129.96477,33.27688],[129.96522,33.28032],[129.966,33.28238],[129.96288,33.28092],[129.95926,33.27832],[129.9584,33.27692],[129.95797,33.27411],[129.95536,33.27238],[129.95593,33.2693],[129.9563,33.26917],[129.9559,33.26836],[129.95481,33.26831],[129.95533,33.26626],[129.9525,33.26569],[129.95256,33.26335],[129.95347,33.26229],[129.9546,33.26198],[129.95536,33.26318],[129.9575,33.26438],[129.95842,33.26415],[129.95996,33.26274],[129.96109,33.26282],[129.96453,33.27197],[129.96477,33.27688]]],[[[129.94725,33.26196],[129.94995,33.26282],[129.95103,33.26245],[129.95274,33.26302],[129.9525,33.26569],[129.95533,33.26626],[129.95481,33.26831],[129.9559,33.26836],[129.9563,33.26917],[129.95593,33.2693],[129.95536,33.27238],[129.95245,33.27235],[129.94888,33.27361],[129.94805,33.27344],[129.94846,33.27318],[129.94629,33.27117],[129.94568,33.2712],[129.94495,33.27017],[129.94565,33.26975],[129.9452,33.2692],[129.94561,33.26798],[129.94535,33.2649],[129.94699,33.26335],[129.94676,33.26254],[129.94725,33.26196]]],[[[129.98398,33.27527],[129.98286,33.2768],[129.98214,33.27588],[129.98011,33.27619],[129.97792,33.27553],[129.97733,33.27492],[129.97677,33.27506],[129.97642,33.27427],[129.97546,33.2749],[129.97425,33.27422],[129.97196,33.27571],[129.96935,33.27598],[129.96753,33.2769],[129.96477,33.27688],[129.96453,33.27197],[129.96359,33.26877],[129.96125,33.26368],[129.96073,33.26005],[129.95742,33.25673],[129.95715,33.25595],[129.95944,33.25469],[129.96083,33.25463],[129.96475,33.25781],[129.96535,33.26047],[129.96786,33.26133],[129.96986,33.26122],[129.97106,33.26166],[129.97147,33.26238],[129.97098,33.26332],[129.97195,33.26444],[129.97193,33.26559],[129.97288,33.26704],[129.97244,33.26858],[129.97506,33.27013],[129.97666,33.27212],[129.97876,33.27356],[129.98143,33.27493],[129.98398,33.27527]]],[[[129.95712,33.25604],[129.96055,33.25961],[129.96109,33.26282],[129.95996,33.26274],[129.95842,33.26415],[129.9575,33.26438],[129.95536,33.26318],[129.9546,33.26198],[129.95274,33.26302],[129.95103,33.26245],[129.94995,33.26282],[129.94725,33.26196],[129.94774,33.2594],[129.94905,33.25804],[129.94838,33.25766],[129.94883,33.2573],[129.94822,33.25653],[129.94896,33.25664],[129.94966,33.25592],[129.94842,33.25452],[129.94953,33.25488],[129.9504,33.25411],[129.951,33.25439],[129.95053,33.25688],[129.95134,33.25722],[129.95712,33.25604]]]]}},{"type":"Feature","properties":{"vid":"K64G09S00281","name":"提川村","reading":"さげのかわ","gun":"松浦郡","domains":["hasuike","saga"],"isShared":true,"shared":[]},"geometry":{"type":"MultiPolygon","coordinates":[[[[129.96063,33.293],[129.95408,33.28748],[129.9531,33.28527],[129.95441,33.28326],[129.95379,33.28233],[129.95114,33.28213],[129.95057,33.27988],[129.95504,33.2811],[129.95547,33.28086],[129.95521,33.28039],[129.95292,33.27954],[129.95513,33.27823],[129.9568,33.2782],[129.95861,33.27746],[129.96288,33.28092],[129.96785,33.28365],[129.96792,33.28703],[129.96889,33.28999],[129.96705,33.29044],[129.96585,33.28964],[129.96102,33.28984],[129.96027,33.29135],[129.96063,33.293]]],[[[129.94657,33.29009],[129.94324,33.29106],[129.93829,33.28973],[129.9383,33.28859],[129.93925,33.28718],[129.93811,33.28575],[129.93829,33.28478],[129.93768,33.28306],[129.94121,33.28353],[129.94488,33.28209],[129.94508,33.28269],[129.94644,33.28266],[129.9455,33.28088],[129.94695,33.28078],[129.94803,33.27869],[129.94954,33.27885],[129.95032,33.27817],[129.95131,33.27815],[129.95133,33.2772],[129.95216,33.27722],[129.95292,33.27954],[129.95521,33.28039],[129.95547,33.28086],[129.95334,33.28082],[129.95076,33.2798],[129.95089,33.28158],[129.95145,33.28225],[129.9533,33.28216],[129.95403,33.28261],[129.9545,33.28359],[129.9531,33.28527],[129.95314,33.28587],[129.95514,33.28846],[129.95332,33.28872],[129.95046,33.28995],[129.94657,33.29009]]],[[[129.95536,33.27238],[129.95797,33.27411],[129.95861,33.27746],[129.9568,33.2782],[129.95513,33.27823],[129.95292,33.27954],[129.95259,33.27769],[129.95154,33.27709],[129.95131,33.27815],[129.95032,33.27817],[129.94954,33.27885],[129.94803,33.27869],[129.94695,33.28078],[129.9455,33.28088],[129.94644,33.28266],[129.94508,33.28269],[129.94488,33.28209],[129.94121,33.28353],[129.93768,33.28306],[129.93882,33.28031],[129.93751,33.27806],[129.93815,33.27742],[129.93971,33.2771],[129.94412,33.27323],[129.94741,33.27213],[129.94846,33.27318],[129.94805,33.27344],[129.94932,33.27363],[129.95226,33.27239],[129.95536,33.27238]]]]}},{"type":"Feature","properties":{"vid":"K64G09S00283","name":"日尾村","reading":"ひお","gun":"松浦郡","domains":["ogi"],"isShared":false,"shared":[]},"geometry":{"type":"Polygon","coordinates":[[[129.85512,33.28282],[129.85268,33.28435],[129.85254,33.28284],[129.85151,33.28266],[129.85066,33.28001],[129.85413,33.2792],[129.85396,33.28036],[129.85459,33.28099],[129.85512,33.28282]]]}},{"type":"Feature","properties":{"vid":"K64G09S00284","name":"天神村","reading":"てんじん","gun":"松浦郡","domains":["ogi"],"isShared":false,"shared":[]},"geometry":{"type":"Polygon","coordinates":[[[129.84278,33.27753],[129.84327,33.27908],[129.84393,33.27962],[129.84343,33.28013],[129.84368,33.2806],[129.84222,33.28183],[129.84033,33.27818],[129.84278,33.27753]]]}},{"type":"Feature","properties":{"vid":"K64G09S00286","name":"浦川内村","reading":"うらがわち","gun":"松浦郡","domains":["ogi"],"isShared":false,"shared":[]},"geometry":{"type":"Polygon","coordinates":[[[129.83531,33.27874],[129.83315,33.27743],[129.83216,33.2763],[129.83156,33.27423],[129.82927,33.27187],[129.8277,33.27092],[129.82767,33.27017],[129.82844,33.26949],[129.83009,33.27033],[129.83121,33.27319],[129.8351,33.27439],[129.83552,33.27569],[129.83687,33.27717],[129.83659,33.27848],[129.83924,33.28084],[129.83795,33.28229],[129.83631,33.2821],[129.83531,33.27874]]]}},{"type":"Feature","properties":{"vid":"K64G09S00287","name":"東大久保村","reading":"ひがしおおくぼ","gun":"松浦郡","domains":["ogi"],"isShared":false,"shared":[]},"geometry":{"type":"Polygon","coordinates":[[[129.83531,33.27874],[129.83411,33.27899],[129.83354,33.27974],[129.83378,33.28125],[129.82991,33.28138],[129.83056,33.28092],[129.82693,33.27813],[129.8265,33.27543],[129.82689,33.2726],[129.82799,33.27147],[129.82889,33.27158],[129.83166,33.27438],[129.83231,33.27652],[129.83531,33.27874]]]}},{"type":"Feature","properties":{"vid":"K64G10S00007","name":"矢上村","reading":"やがみ","gun":"彼杵郡","domains":["saga"],"isShared":false,"shared":[]},"geometry":{"type":"MultiPolygon","coordinates":[[[[129.94909,32.77961],[129.9496,32.77737],[129.94891,32.77755],[129.94891,32.77701],[129.9485,32.77695],[129.94902,32.77609],[129.94821,32.77548],[129.94841,32.77419],[129.94905,32.77345],[129.94849,32.77172],[129.95255,32.77022],[129.95314,32.77288],[129.9529,32.77534],[129.95406,32.77756],[129.95415,32.77871],[129.95222,32.77907],[129.95183,32.77846],[129.95127,32.77865],[129.95117,32.77809],[129.95046,32.77815],[129.95024,32.77947],[129.94909,32.77961]]],[[[129.94909,32.77961],[129.95024,32.77947],[129.95013,32.77844],[129.95117,32.77809],[129.95127,32.77865],[129.95183,32.77846],[129.95222,32.77907],[129.95366,32.77868],[129.95521,32.7799],[129.95381,32.7819],[129.95901,32.78681],[129.96034,32.7891],[129.95465,32.78848],[129.95388,32.78901],[129.94869,32.78619],[129.95092,32.78261],[129.94969,32.78141],[129.94974,32.78069],[129.94873,32.78066],[129.94909,32.77961]]],[[[129.94909,32.78537],[129.94767,32.78896],[129.94898,32.79033],[129.95145,32.79108],[129.95083,32.79229],[129.95026,32.79229],[129.94995,32.79156],[129.9486,32.79158],[129.94787,32.79101],[129.94738,32.79186],[129.94777,32.79318],[129.94731,32.79361],[129.94812,32.79583],[129.94098,32.79485],[129.93686,32.79493],[129.9361,32.79447],[129.93713,32.79395],[129.93651,32.79138],[129.93895,32.78936],[129.93977,32.78808],[129.94133,32.78789],[129.94156,32.78686],[129.94396,32.786],[129.94481,32.78463],[129.94668,32.78535],[129.94661,32.78432],[129.94725,32.78412],[129.94754,32.78482],[129.94864,32.78478],[129.94853,32.78521],[129.94909,32.78537]]],[[[129.91359,32.77304],[129.91392,32.77071],[129.91712,32.77024],[129.91907,32.76825],[129.92059,32.76556],[129.92383,32.76347],[129.92876,32.76341],[129.93207,32.76813],[129.93268,32.76855],[129.93459,32.76851],[129.93599,32.76924],[129.93763,32.76835],[129.93896,32.76686],[129.93935,32.76488],[129.94043,32.76537],[129.94086,32.76628],[129.94029,32.76774],[129.9375,32.77072],[129.9372,32.77038],[129.93661,32.77099],[129.93702,32.77127],[129.93668,32.77164],[129.93785,32.77237],[129.93743,32.77295],[129.93831,32.77353],[129.93242,32.77451],[129.93119,32.77663],[129.92812,32.77662],[129.92818,32.77558],[129.9272,32.77568],[129.92425,32.77402],[129.92324,32.77403],[129.92226,32.77281],[129.91757,32.77254],[129.91359,32.77304]]],[[[129.94866,32.77226],[129.94905,32.77345],[129.94841,32.77419],[129.94821,32.77548],[129.94902,32.77609],[129.9485,32.77695],[129.94891,32.77701],[129.94891,32.77755],[129.9496,32.77737],[129.94929,32.77872],[129.94854,32.77945],[129.94671,32.77884],[129.94594,32.77951],[129.94133,32.77929],[129.94101,32.7798],[129.94072,32.77956],[129.94125,32.77937],[129.94053,32.77855],[129.93863,32.77874],[129.93704,32.77366],[129.93917,32.77353],[129.94036,32.77309],[129.94051,32.77237],[129.94133,32.77225],[129.94326,32.77308],[129.94468,32.77173],[129.94447,32.77078],[129.94549,32.77213],[129.94866,32.77226]]],[[[129.95009,32.77122],[129.94849,32.77172],[129.94866,32.77226],[129.94624,32.7723],[129.94549,32.77213],[129.94447,32.77078],[129.94458,32.77191],[129.94303,32.77312],[129.94173,32.77235],[129.94051,32.77237],[129.94059,32.76938],[129.94235,32.76944],[129.94296,32.7688],[129.94348,32.76494],[129.94528,32.76403],[129.94679,32.76515],[129.94749,32.769],[129.94915,32.76859],[129.95009,32.77122]]],[[[129.95394,32.77905],[129.95414,32.77786],[129.95367,32.77692],[129.95497,32.77681],[129.95461,32.77591],[129.95531,32.77558],[129.9582,32.77563],[129.96115,32.77385],[129.96272,32.77375],[129.96272,32.77448],[129.96312,32.77457],[129.96536,32.7741],[129.96548,32.77849],[129.96663,32.78137],[129.97009,32.78366],[129.97031,32.78524],[129.96857,32.79029],[129.96764,32.79105],[129.96377,32.79086],[129.96243,32.7917],[129.96131,32.7915],[129.95928,32.79209],[129.95691,32.79004],[129.95386,32.79177],[129.94865,32.79008],[129.94758,32.78864],[129.94869,32.78619],[129.95388,32.78901],[129.95465,32.78848],[129.96034,32.7891],[129.95901,32.78681],[129.95381,32.7819],[129.95521,32.7799],[129.95394,32.77905]]],[[[129.94909,32.77961],[129.94873,32.78066],[129.94974,32.78069],[129.94969,32.78141],[129.95092,32.78261],[129.94909,32.78537],[129.94853,32.78521],[129.94864,32.78478],[129.94754,32.78482],[129.94725,32.78412],[129.94661,32.78432],[129.94668,32.78535],[129.94481,32.78463],[129.94396,32.786],[129.94225,32.78683],[129.94156,32.78686],[129.94193,32.78471],[129.94072,32.78353],[129.94092,32.7828],[129.93769,32.7806],[129.93838,32.77895],[129.93919,32.77851],[129.94053,32.77855],[129.94125,32.77937],[129.94072,32.77956],[129.94101,32.7798],[129.94133,32.77929],[129.94594,32.77951],[129.94678,32.77883],[129.94834,32.77948],[129.94929,32.77872],[129.94909,32.77961]]],[[[129.91929,32.80428],[129.92891,32.80121],[129.93016,32.79976],[129.93297,32.79829],[129.93396,32.79619],[129.9361,32.79447],[129.93686,32.79493],[129.94098,32.79485],[129.94812,32.79583],[129.94771,32.7975],[129.94412,32.79886],[129.94015,32.80177],[129.9389,32.80351],[129.93882,32.8073],[129.93676,32.80759],[129.93628,32.80813],[129.93123,32.80755],[129.92867,32.80839],[129.92544,32.81037],[129.92519,32.80957],[129.91929,32.80428]]],[[[129.93275,32.8172],[129.93022,32.81582],[129.92892,32.81405],[129.92665,32.81237],[129.92544,32.81037],[129.92867,32.80839],[129.93123,32.80755],[129.93599,32.80815],[129.93676,32.80759],[129.93882,32.8073],[129.94048,32.80872],[129.94005,32.80961],[129.94073,32.81189],[129.94015,32.81324],[129.93762,32.81647],[129.93452,32.81615],[129.93275,32.8172]]],[[[129.91929,32.80428],[129.91834,32.80266],[129.91443,32.79987],[129.91353,32.79702],[129.91068,32.79461],[129.91142,32.79402],[129.91137,32.79299],[129.91491,32.79275],[129.91878,32.79445],[129.91935,32.79382],[129.92046,32.79405],[129.92328,32.79334],[129.92671,32.79352],[129.92851,32.7926],[129.92866,32.79098],[129.92957,32.78914],[129.92886,32.78858],[129.92941,32.78815],[129.92678,32.78241],[129.93054,32.78165],[129.93132,32.78223],[129.93198,32.78154],[129.93334,32.78125],[129.93646,32.78127],[129.93632,32.7806],[129.93725,32.78014],[129.94092,32.7828],[129.94072,32.78353],[129.94193,32.78471],[129.94142,32.78771],[129.93977,32.78808],[129.93895,32.78936],[129.93662,32.79124],[129.93713,32.79395],[129.93426,32.79583],[129.93297,32.79829],[129.93016,32.79976],[129.92859,32.80136],[129.91929,32.80428]]],[[[129.91116,32.78143],[129.91224,32.78143],[129.9129,32.7822],[129.91694,32.7804],[129.91881,32.78089],[129.91934,32.78166],[129.92174,32.78187],[129.92237,32.78244],[129.92475,32.78235],[129.92509,32.78174],[129.92624,32.78263],[129.92678,32.78241],[129.92942,32.78822],[129.92886,32.78858],[129.92957,32.78914],[129.92866,32.79098],[129.92851,32.7926],[129.92666,32.79354],[129.92328,32.79334],[129.92046,32.79405],[129.91935,32.79382],[129.91878,32.79445],[129.91486,32.79274],[129.91137,32.79299],[129.91142,32.79402],[129.9104,32.79471],[129.90766,32.79366],[129.9086,32.79218],[129.9073,32.79038],[129.90764,32.7895],[129.90896,32.7884],[129.90934,32.78505],[129.91095,32.78408],[129.91065,32.78244],[129.91116,32.78143]]],[[[129.91388,32.78148],[129.91293,32.78031],[129.91285,32.77862],[129.9136,32.77807],[129.91339,32.77672],[129.91457,32.77484],[129.91359,32.77304],[129.91474,32.77279],[129.92226,32.77281],[129.92279,32.77377],[129.92425,32.77402],[129.9272,32.77568],[129.92818,32.77558],[129.92812,32.77662],[129.92943,32.77692],[129.93018,32.77648],[129.93119,32.77663],[129.93242,32.77451],[129.93704,32.77366],[129.93863,32.77874],[129.93776,32.78021],[129.93638,32.78052],[129.93646,32.78127],[129.93334,32.78125],[129.93198,32.78154],[129.93132,32.78223],[129.93054,32.78165],[129.92743,32.78202],[129.92648,32.78266],[129.92509,32.78174],[129.92475,32.78235],[129.92237,32.78244],[129.92174,32.78187],[129.91934,32.78166],[129.91881,32.78089],[129.91694,32.7804],[129.91388,32.78148]]],[[[129.93935,32.76488],[129.93832,32.76397],[129.93869,32.76344],[129.94231,32.76288],[129.94531,32.76114],[129.94579,32.76033],[129.94501,32.76031],[129.94527,32.75995],[129.94744,32.75902],[129.94946,32.76051],[129.95221,32.76088],[129.95188,32.76114],[129.95586,32.76309],[129.95526,32.76415],[129.956,32.76445],[129.95483,32.76722],[129.95255,32.77022],[129.95009,32.77122],[129.94915,32.76859],[129.94749,32.769],[129.94665,32.76494],[129.94548,32.76408],[129.94464,32.76407],[129.94348,32.76494],[129.94296,32.7688],[129.94235,32.76944],[129.94059,32.76938],[129.94036,32.77309],[129.93831,32.77353],[129.93743,32.77295],[129.93785,32.77237],[129.93668,32.77164],[129.93702,32.77127],[129.93661,32.77099],[129.9372,32.77038],[129.9375,32.77072],[129.94093,32.76682],[129.94043,32.76537],[129.93935,32.76488]]],[[[129.95367,32.77692],[129.9529,32.77534],[129.95314,32.77288],[129.95255,32.77022],[129.95483,32.76722],[129.956,32.76445],[129.95834,32.76516],[129.95927,32.76503],[129.95904,32.76435],[129.95993,32.7649],[129.96187,32.76492],[129.96154,32.76456],[129.96186,32.76426],[129.96265,32.76496],[129.96919,32.76515],[129.96787,32.766],[129.96625,32.76838],[129.9667,32.76878],[129.9666,32.76966],[129.96579,32.77187],[129.96674,32.77285],[129.96641,32.77373],[129.96312,32.77457],[129.96272,32.77448],[129.96272,32.77375],[129.96115,32.77385],[129.9582,32.77563],[129.95531,32.77558],[129.95461,32.77591],[129.95497,32.77681],[129.95367,32.77692]]]]}},{"type":"Feature","properties":{"vid":"K64G10S00008","name":"喜々津村","reading":"ききつ","gun":"彼杵郡","domains":["saga"],"isShared":false,"shared":[]},"geometry":{"type":"MultiPolygon","coordinates":[[[[129.99181,32.82224],[129.99142,32.82294],[129.99277,32.82421],[129.99161,32.82574],[129.98851,32.82596],[129.98649,32.82721],[129.98578,32.82689],[129.98533,32.82801],[129.98643,32.82894],[129.98708,32.83051],[129.98558,32.83148],[129.98563,32.83208],[129.98447,32.83201],[129.98287,32.83277],[129.9795,32.83041],[129.98104,32.82848],[129.98158,32.82879],[129.98202,32.82822],[129.98075,32.82754],[129.9818,32.82677],[129.98253,32.82508],[129.98282,32.82333],[129.98175,32.82239],[129.98278,32.82047],[129.98781,32.82198],[129.99181,32.82224]]],[[[129.97754,32.83643],[129.97928,32.8366],[129.97927,32.83757],[129.97833,32.83856],[129.97784,32.83859],[129.97754,32.83643]]],[[[129.9773,32.836],[129.97784,32.83859],[129.97715,32.83862],[129.97702,32.83747],[129.97616,32.83754],[129.9773,32.836]]],[[[129.96107,32.82329],[129.95918,32.82185],[129.95901,32.82083],[129.95944,32.8193],[129.96066,32.81939],[129.96206,32.81806],[129.96121,32.81772],[129.96087,32.81669],[129.96347,32.81677],[129.96538,32.81778],[129.96402,32.81907],[129.96325,32.81886],[129.96282,32.81954],[129.96302,32.82027],[129.96244,32.82062],[129.96188,32.82163],[129.96216,32.82198],[129.96107,32.82329]]],[[[129.96626,32.81147],[129.96731,32.81222],[129.96933,32.81254],[129.97013,32.81399],[129.97429,32.81664],[129.97496,32.81827],[129.97624,32.81939],[129.97477,32.81968],[129.97502,32.8203],[129.9741,32.82089],[129.97269,32.82084],[129.9723,32.82153],[129.97137,32.82148],[129.97087,32.8208],[129.96831,32.82016],[129.96716,32.81848],[129.96218,32.81648],[129.96347,32.8141],[129.96444,32.81408],[129.96613,32.81314],[129.96626,32.81147]]],[[[129.98168,32.83193],[129.9807,32.8322],[129.98106,32.83297],[129.9807,32.8331],[129.97783,32.83219],[129.97603,32.83246],[129.97708,32.83102],[129.97681,32.82884],[129.97738,32.82922],[129.97803,32.82837],[129.97856,32.82641],[129.97964,32.82697],[129.97954,32.82763],[129.98029,32.8273],[129.98202,32.82822],[129.98158,32.82879],[129.98104,32.82848],[129.9795,32.83041],[129.98168,32.83193]]],[[[129.97851,32.83512],[129.97951,32.83463],[129.98027,32.83524],[129.9808,32.83667],[129.97969,32.83669],[129.97966,32.83789],[129.98067,32.83813],[129.97879,32.83816],[129.97928,32.8366],[129.97754,32.83643],[129.9773,32.836],[129.97851,32.83512]]],[[[129.97815,32.82692],[129.97859,32.82716],[129.97803,32.82837],[129.97738,32.82922],[129.97681,32.82884],[129.97708,32.83102],[129.97603,32.83246],[129.97476,32.83134],[129.97352,32.83108],[129.97076,32.83298],[129.96908,32.83316],[129.96978,32.82839],[129.97126,32.82769],[129.97483,32.82759],[129.97677,32.82697],[129.97661,32.82612],[129.97815,32.82692]]],[[[129.97657,32.81737],[129.97693,32.81771],[129.97639,32.8183],[129.97677,32.82086],[129.97618,32.82398],[129.97494,32.82318],[129.97452,32.82376],[129.97523,32.82474],[129.97379,32.82415],[129.97324,32.82464],[129.97266,32.82418],[129.97162,32.8248],[129.96937,32.82487],[129.9677,32.82206],[129.96905,32.82145],[129.96974,32.82161],[129.96968,32.82048],[129.97209,32.82158],[129.97269,32.82084],[129.97467,32.8206],[129.97502,32.8203],[129.97477,32.81968],[129.97624,32.81939],[129.97561,32.81902],[129.97657,32.81737]]],[[[129.99161,32.82574],[129.99173,32.82606],[129.99103,32.82647],[129.99147,32.82692],[129.9913,32.82881],[129.992,32.83032],[129.99112,32.83112],[129.99118,32.83012],[129.98866,32.83112],[129.98698,32.83075],[129.98704,32.82993],[129.98533,32.82801],[129.98578,32.82689],[129.98649,32.82721],[129.98851,32.82596],[129.99161,32.82574]]],[[[129.99166,32.83398],[129.99339,32.84184],[129.98637,32.84161],[129.986,32.83674],[129.98652,32.83596],[129.98557,32.83535],[129.9853,32.83561],[129.98364,32.83339],[129.9894,32.83436],[129.99166,32.83398]]],[[[129.96107,32.82329],[129.95957,32.82372],[129.9583,32.82347],[129.95775,32.82387],[129.95755,32.8252],[129.9568,32.82536],[129.95729,32.82691],[129.95442,32.82964],[129.95485,32.8311],[129.9531,32.83417],[129.9515,32.83377],[129.95005,32.83508],[129.94658,32.83436],[129.93634,32.8355],[129.9364,32.83377],[129.93538,32.83154],[129.93573,32.83061],[129.93812,32.83159],[129.94012,32.82938],[129.94402,32.82782],[129.94431,32.82841],[129.94519,32.82858],[129.94719,32.82779],[129.94925,32.82639],[129.94965,32.82543],[129.95071,32.82516],[129.95143,32.82398],[129.95287,32.82322],[129.95335,32.82202],[129.95532,32.82105],[129.95652,32.81862],[129.95701,32.81877],[129.95659,32.81935],[129.9591,32.82091],[129.95918,32.82185],[129.96107,32.82329]]],[[[129.99166,32.83398],[129.9894,32.83436],[129.9881,32.83394],[129.98842,32.83221],[129.98785,32.83167],[129.98827,32.83113],[129.99118,32.83012],[129.99112,32.83261],[129.99166,32.83398]]],[[[129.9881,32.83394],[129.98364,32.83339],[129.98287,32.83277],[129.98447,32.83201],[129.98563,32.83208],[129.98558,32.83148],[129.98698,32.83075],[129.98827,32.83113],[129.98785,32.83167],[129.98842,32.83221],[129.9881,32.83394]]],[[[129.97867,32.81622],[129.97941,32.81516],[129.97945,32.8135],[129.98059,32.81074],[129.98264,32.80927],[129.98537,32.80826],[129.98733,32.80611],[129.98864,32.80671],[129.99095,32.80679],[129.99134,32.80786],[129.99023,32.80872],[129.99059,32.81177],[129.98916,32.81267],[129.99017,32.81494],[129.99137,32.81625],[129.99233,32.82071],[129.99291,32.82135],[129.99181,32.82224],[129.98781,32.82198],[129.98278,32.82047],[129.98182,32.82188],[129.98175,32.82239],[129.98282,32.82333],[129.9818,32.82677],[129.98075,32.82754],[129.97954,32.82763],[129.97964,32.82697],[129.97752,32.82578],[129.97863,32.82569],[129.97929,32.82454],[129.98004,32.82501],[129.98084,32.82392],[129.98064,32.82069],[129.97867,32.81622]]],[[[129.98364,32.83339],[129.9853,32.83561],[129.98479,32.83604],[129.9839,32.84071],[129.98088,32.84047],[129.98125,32.83678],[129.9808,32.83667],[129.98027,32.83524],[129.97936,32.83481],[129.98364,32.83339]]],[[[129.98364,32.83339],[129.97851,32.83512],[129.97618,32.8331],[129.97616,32.83252],[129.97783,32.83219],[129.9807,32.8331],[129.98106,32.83297],[129.9807,32.8322],[129.98168,32.83193],[129.98364,32.83339]]],[[[129.97603,32.83246],[129.97618,32.8331],[129.97851,32.83512],[129.97633,32.83717],[129.97614,32.83778],[129.97657,32.83823],[129.97612,32.83786],[129.97591,32.84055],[129.97974,32.84395],[129.97722,32.84535],[129.97553,32.84509],[129.97493,32.84651],[129.97589,32.84792],[129.97477,32.84948],[129.9729,32.85001],[129.97265,32.84767],[129.97215,32.84688],[129.97114,32.84665],[129.97174,32.84617],[129.97047,32.84308],[129.97145,32.84248],[129.97027,32.84159],[129.96448,32.8399],[129.96118,32.83714],[129.96507,32.83554],[129.96767,32.83318],[129.97076,32.83298],[129.97343,32.83109],[129.97476,32.83134],[129.97603,32.83246]]],[[[129.97657,32.81737],[129.978,32.81746],[129.97867,32.81622],[129.98072,32.82115],[129.98074,32.82422],[129.98004,32.82501],[129.97929,32.82454],[129.97863,32.82569],[129.97773,32.82552],[129.97752,32.82578],[129.97856,32.82641],[129.97815,32.82692],[129.97661,32.82612],[129.97677,32.82697],[129.97483,32.82759],[129.97126,32.82769],[129.97059,32.82809],[129.96878,32.82715],[129.96637,32.82764],[129.96289,32.82452],[129.96292,32.82406],[129.96391,32.82357],[129.96786,32.8248],[129.96803,32.82365],[129.96937,32.82487],[129.97162,32.8248],[129.97266,32.82418],[129.97324,32.82464],[129.97379,32.82415],[129.97523,32.82474],[129.97452,32.82376],[129.97494,32.82318],[129.97607,32.82408],[129.97656,32.82316],[129.97639,32.8183],[129.97693,32.81771],[129.97657,32.81737]]],[[[129.96968,32.82048],[129.96974,32.82161],[129.96792,32.82075],[129.96728,32.82158],[129.96492,32.82229],[129.96255,32.82475],[129.96138,32.82454],[129.9617,32.82409],[129.96118,32.82277],[129.96216,32.82198],[129.96193,32.82148],[129.96302,32.82027],[129.96282,32.81954],[129.96325,32.81886],[129.96402,32.81907],[129.96538,32.81778],[129.96716,32.81848],[129.96831,32.82016],[129.96968,32.82048]]],[[[129.97059,32.82809],[129.96964,32.82871],[129.96908,32.83316],[129.96767,32.83318],[129.96507,32.83554],[129.96313,32.8365],[129.96118,32.83714],[129.96014,32.83691],[129.9531,32.83417],[129.95485,32.8311],[129.95442,32.82964],[129.95729,32.82691],[129.9568,32.82536],[129.95755,32.8252],[129.95741,32.8247],[129.95823,32.82349],[129.95957,32.82372],[129.96112,32.82327],[129.9617,32.82409],[129.96153,32.82473],[129.96289,32.82452],[129.96637,32.82764],[129.96878,32.82715],[129.97059,32.82809]]],[[[129.9677,32.82206],[129.96862,32.82322],[129.96866,32.82392],[129.96801,32.82369],[129.96786,32.8248],[129.96617,32.82407],[129.96722,32.82337],[129.96713,32.8226],[129.9677,32.82206]]],[[[129.9677,32.82206],[129.96713,32.8226],[129.96722,32.82337],[129.96617,32.82407],[129.96394,32.82365],[129.96492,32.82229],[129.96728,32.82158],[129.96792,32.82075],[129.96893,32.82152],[129.9677,32.82206]]],[[[129.9599,32.81055],[129.96397,32.8106],[129.96626,32.81147],[129.96613,32.81314],[129.96444,32.81408],[129.96347,32.8141],[129.96226,32.81641],[129.96087,32.81669],[129.96121,32.81772],[129.96206,32.81806],[129.96066,32.81939],[129.95944,32.8193],[129.95901,32.82083],[129.95659,32.81935],[129.95697,32.81854],[129.95581,32.81948],[129.95515,32.81926],[129.9551,32.81853],[129.95361,32.81729],[129.95522,32.81629],[129.95706,32.81193],[129.95949,32.8124],[129.9599,32.81055]]],[[[129.93275,32.8172],[129.93452,32.81615],[129.93831,32.81644],[129.94473,32.81921],[129.94712,32.81889],[129.94869,32.81977],[129.95034,32.81941],[129.95158,32.81738],[129.95361,32.81729],[129.9551,32.81853],[129.95515,32.81926],[129.95581,32.81948],[129.95532,32.82105],[129.95335,32.82202],[129.95287,32.82322],[129.95143,32.82398],[129.95071,32.82516],[129.94965,32.82543],[129.94903,32.82657],[129.94519,32.82858],[129.94431,32.82841],[129.94402,32.82782],[129.94012,32.82938],[129.93812,32.83159],[129.93573,32.83061],[129.93481,32.82948],[129.93306,32.82527],[129.93162,32.82356],[129.93155,32.82049],[129.93111,32.82002],[129.93144,32.81868],[129.93275,32.8172]]]]}},{"type":"Feature","properties":{"vid":"K64G10S00009","name":"大草村","reading":"おおくさ","gun":"彼杵郡","domains":["saga"],"isShared":false,"shared":[]},"geometry":{"type":"MultiPolygon","coordinates":[[[[129.96742,32.84095],[129.97048,32.84167],[129.97145,32.84248],[129.97047,32.84308],[129.97174,32.84617],[129.97115,32.8467],[129.97215,32.84688],[129.97282,32.84811],[129.97267,32.84993],[129.97049,32.84968],[129.9695,32.84867],[129.96846,32.84889],[129.96783,32.84833],[129.96789,32.84717],[129.96749,32.84694],[129.96591,32.84677],[129.9649,32.84732],[129.96541,32.84637],[129.96447,32.84672],[129.96243,32.84592],[129.9609,32.84607],[129.95922,32.84457],[129.95892,32.8454],[129.95795,32.84559],[129.95687,32.84513],[129.9571,32.84344],[129.9601,32.84333],[129.95738,32.84225],[129.95837,32.84201],[129.96007,32.84247],[129.96047,32.84186],[129.96175,32.84147],[129.96289,32.83995],[129.96742,32.84095]]],[[[129.95005,32.83508],[129.9515,32.83377],[129.95429,32.8345],[129.9614,32.83724],[129.96409,32.83968],[129.96742,32.84095],[129.96305,32.8399],[129.96175,32.84147],[129.96047,32.84186],[129.96007,32.84247],[129.95837,32.84201],[129.95738,32.84225],[129.9601,32.84333],[129.9571,32.84344],[129.95664,32.84619],[129.95712,32.84625],[129.95728,32.84699],[129.95632,32.84815],[129.95542,32.84569],[129.95401,32.84564],[129.95205,32.84457],[129.95253,32.84377],[129.95211,32.84364],[129.95187,32.84132],[129.95067,32.83981],[129.94974,32.83964],[129.95026,32.83669],[129.95005,32.83508]]],[[[129.93634,32.8355],[129.94658,32.83436],[129.95005,32.83508],[129.95026,32.83669],[129.94974,32.83964],[129.95067,32.83981],[129.95178,32.84117],[129.95211,32.84364],[129.95253,32.84377],[129.95201,32.84461],[129.95107,32.84435],[129.95081,32.8451],[129.95005,32.84517],[129.95002,32.84595],[129.94914,32.8458],[129.94727,32.84476],[129.94844,32.84438],[129.94832,32.84367],[129.94653,32.84241],[129.94418,32.84175],[129.94404,32.84081],[129.94326,32.84027],[129.9419,32.83983],[129.93841,32.84026],[129.93893,32.83894],[129.93865,32.83778],[129.93709,32.83574],[129.93634,32.8355]]],[[[129.95205,32.84457],[129.95433,32.84568],[129.95223,32.84696],[129.95215,32.84802],[129.95091,32.84752],[129.95088,32.84813],[129.94981,32.84856],[129.94998,32.84893],[129.94784,32.84899],[129.94651,32.84987],[129.94592,32.84961],[129.9462,32.85032],[129.94362,32.8524],[129.93829,32.84983],[129.93564,32.84413],[129.93609,32.84216],[129.93841,32.84026],[129.9419,32.83983],[129.94404,32.84081],[129.94426,32.84181],[129.94653,32.84241],[129.94832,32.84367],[129.94844,32.84438],[129.94727,32.84476],[129.94914,32.8458],[129.95002,32.84595],[129.95005,32.84517],[129.95081,32.8451],[129.95107,32.84435],[129.95205,32.84457]]],[[[129.93573,32.83061],[129.93538,32.83154],[129.9364,32.83377],[129.93634,32.8355],[129.93709,32.83574],[129.93857,32.83764],[129.93886,32.83953],[129.93609,32.84216],[129.93567,32.84434],[129.93272,32.8484],[129.93206,32.84769],[129.93179,32.84377],[129.9301,32.84271],[129.93064,32.84207],[129.93251,32.84182],[129.93284,32.84117],[129.93246,32.84055],[129.93291,32.83994],[129.9323,32.83983],[129.93131,32.83844],[129.92902,32.83781],[129.92942,32.83647],[129.92792,32.83592],[129.92752,32.83526],[129.92861,32.83399],[129.92863,32.83299],[129.92971,32.83247],[129.92929,32.83121],[129.92957,32.82878],[129.93387,32.82768],[129.93573,32.83061]]],[[[129.95687,32.84513],[129.95795,32.84559],[129.95892,32.8454],[129.95922,32.84457],[129.9609,32.84607],[129.96243,32.84592],[129.96447,32.84672],[129.9652,32.84633],[129.96538,32.84677],[129.9648,32.84736],[129.96319,32.84745],[129.95988,32.84643],[129.95728,32.84699],[129.95712,32.84625],[129.95664,32.84619],[129.95687,32.84513]]],[[[129.95433,32.84568],[129.95542,32.84569],[129.95571,32.84623],[129.95632,32.84815],[129.95628,32.8499],[129.95737,32.85132],[129.95832,32.85453],[129.95796,32.85537],[129.95677,32.85619],[129.95389,32.85721],[129.95311,32.85846],[129.9514,32.85968],[129.95067,32.8587],[129.94775,32.85688],[129.94638,32.8546],[129.94547,32.85442],[129.94362,32.8524],[129.9462,32.85032],[129.94592,32.84961],[129.94651,32.84987],[129.94784,32.84899],[129.94998,32.84893],[129.94981,32.84856],[129.95088,32.84813],[129.95091,32.84752],[129.95215,32.84802],[129.95223,32.84696],[129.95433,32.84568]]],[[[129.93065,32.84326],[129.9313,32.84319],[129.93184,32.84389],[129.93231,32.84821],[129.93272,32.8484],[129.93357,32.84758],[129.93427,32.8459],[129.93567,32.84434],[129.93819,32.8497],[129.9394,32.85046],[129.93931,32.85306],[129.93859,32.85449],[129.93795,32.8546],[129.93761,32.85527],[129.93716,32.85498],[129.93685,32.85587],[129.93476,32.85755],[129.93514,32.85789],[129.9333,32.85726],[129.93355,32.85779],[129.93127,32.85862],[129.93067,32.85742],[129.93126,32.85697],[129.92975,32.85461],[129.92998,32.85348],[129.92812,32.84906],[129.92941,32.84763],[129.93066,32.84755],[129.92992,32.84639],[129.93004,32.84561],[129.93051,32.84552],[129.93002,32.84475],[129.93116,32.84409],[129.93065,32.84326]]],[[[129.9394,32.85046],[129.94457,32.85301],[129.94547,32.85442],[129.94638,32.8546],[129.94775,32.85688],[129.95067,32.8587],[129.9514,32.85968],[129.94992,32.86149],[129.95043,32.86259],[129.95177,32.86316],[129.94886,32.86343],[129.94779,32.86312],[129.94757,32.86212],[129.94598,32.86178],[129.94101,32.86199],[129.9364,32.8592],[129.93563,32.85884],[129.93526,32.85915],[129.93562,32.85882],[129.93452,32.85796],[129.93514,32.85789],[129.93476,32.85755],[129.93685,32.85587],[129.93716,32.85498],[129.93761,32.85527],[129.93882,32.85422],[129.93934,32.85292],[129.9394,32.85046]]]]}},{"type":"Feature","properties":{"vid":"K64G10S00010","name":"本村","reading":"もと","gun":"彼杵郡","domains":["saga"],"isShared":false,"shared":[]},"geometry":{"type":"MultiPolygon","coordinates":[[[[129.81644,32.654],[129.81485,32.65363],[129.81471,32.65292],[129.81637,32.65298],[129.81714,32.65229],[129.81675,32.65311],[129.81706,32.65343],[129.81644,32.654]]],[[[129.82636,32.67032],[129.82384,32.66652],[129.82451,32.66574],[129.82373,32.66555],[129.82424,32.66434],[129.82526,32.6642],[129.82519,32.6624],[129.82614,32.6621],[129.82764,32.65981],[129.83096,32.65994],[129.83309,32.66103],[129.83397,32.66083],[129.83613,32.66142],[129.83725,32.66111],[129.83679,32.66163],[129.83762,32.66312],[129.83986,32.662],[129.84483,32.6635],[129.84771,32.66265],[129.84891,32.66062],[129.85105,32.65945],[129.85161,32.65852],[129.85359,32.66038],[129.85508,32.66087],[129.85642,32.66369],[129.85853,32.66453],[129.86008,32.6667],[129.85972,32.66774],[129.85827,32.66929],[129.85629,32.67009],[129.85582,32.66886],[129.85144,32.67007],[129.8482,32.66952],[129.84223,32.67003],[129.84063,32.66894],[129.84049,32.66823],[129.83943,32.66796],[129.83934,32.66696],[129.83865,32.66882],[129.83728,32.66926],[129.83758,32.66959],[129.83708,32.66997],[129.8357,32.67012],[129.83381,32.67279],[129.83153,32.67332],[129.82979,32.67326],[129.82636,32.67032]]],[[[129.83546,32.68832],[129.83533,32.68745],[129.83474,32.68747],[129.83506,32.68677],[129.83472,32.68623],[129.83513,32.68549],[129.83692,32.68547],[129.83643,32.68352],[129.8373,32.68304],[129.8384,32.68352],[129.83891,32.68495],[129.83844,32.68606],[129.83936,32.68751],[129.84011,32.68738],[129.84167,32.68597],[129.84269,32.68582],[129.84427,32.68643],[129.84513,32.68588],[129.84462,32.68546],[129.8457,32.68477],[129.8472,32.68585],[129.84671,32.6863],[129.84694,32.68659],[129.84844,32.68651],[129.84662,32.68726],[129.84695,32.68793],[129.84649,32.68829],[129.84558,32.68861],[129.84509,32.68805],[129.8446,32.68837],[129.84526,32.6901],[129.8438,32.69463],[129.8444,32.69513],[129.84297,32.69613],[129.84204,32.69614],[129.84265,32.6956],[129.84184,32.69546],[129.84129,32.69602],[129.84049,32.69591],[129.84036,32.69776],[129.83762,32.69794],[129.83747,32.69901],[129.8353,32.69988],[129.83488,32.69853],[129.83543,32.69845],[129.83536,32.698],[129.83416,32.69765],[129.83435,32.69806],[129.83331,32.69744],[129.83339,32.69349],[129.83346,32.69386],[129.83457,32.69387],[129.83472,32.69213],[129.83519,32.69178],[129.83591,32.69214],[129.8361,32.69133],[129.83749,32.6919],[129.8378,32.69159],[129.83631,32.69032],[129.8367,32.68976],[129.83731,32.68976],[129.83723,32.6888],[129.83665,32.68923],[129.83703,32.68888],[129.83546,32.68832]]],[[[129.86423,32.6984],[129.86216,32.69967],[129.85809,32.69942],[129.85733,32.69899],[129.85732,32.69824],[129.85512,32.69732],[129.85584,32.6968],[129.85549,32.69645],[129.85356,32.69628],[129.85267,32.69715],[129.85159,32.69514],[129.85168,32.6939],[129.84578,32.69624],[129.84293,32.69609],[129.8444,32.69513],[129.8438,32.69463],[129.84526,32.6901],[129.8446,32.68837],[129.84509,32.68805],[129.84558,32.68861],[129.84674,32.68817],[129.84662,32.68726],[129.84844,32.68651],[129.84901,32.68485],[129.85089,32.68404],[129.85475,32.68393],[129.8563,32.68696],[129.86126,32.68346],[129.86175,32.6828],[129.86106,32.68112],[129.86169,32.67485],[129.86336,32.67632],[129.86543,32.67699],[129.86809,32.68035],[129.86905,32.6804],[129.8704,32.67908],[129.87215,32.68123],[129.87432,32.68205],[129.87515,32.68346],[129.87842,32.6843],[129.87949,32.68531],[129.87615,32.68703],[129.87312,32.69084],[129.87321,32.69215],[129.86989,32.69477],[129.86635,32.69684],[129.86589,32.69659],[129.8647,32.69712],[129.86336,32.69674],[129.86303,32.69709],[129.86423,32.6984]]],[[[129.81644,32.654],[129.8173,32.65258],[129.81752,32.65306],[129.81819,32.65301],[129.81771,32.65451],[129.81707,32.65489],[129.81644,32.654]]],[[[129.82979,32.67326],[129.83365,32.67292],[129.8357,32.67012],[129.83708,32.66997],[129.83758,32.66959],[129.83728,32.66926],[129.83865,32.66882],[129.83934,32.66696],[129.83943,32.66796],[129.84049,32.66823],[129.84063,32.66894],[129.84223,32.67003],[129.8482,32.66952],[129.85144,32.67007],[129.85582,32.66886],[129.85629,32.67009],[129.85824,32.67089],[129.85811,32.67218],[129.8588,32.67331],[129.86169,32.67485],[129.86106,32.68112],[129.86175,32.6828],[129.85799,32.68613],[129.8563,32.68696],[129.85475,32.68393],[129.85089,32.68404],[129.84901,32.68485],[129.84836,32.68642],[129.84694,32.68659],[129.84671,32.6863],[129.8472,32.68585],[129.8457,32.68477],[129.84462,32.68546],[129.84513,32.68588],[129.84427,32.68643],[129.84269,32.68582],[129.84167,32.68597],[129.84011,32.68738],[129.83936,32.68751],[129.83844,32.68606],[129.83891,32.68495],[129.8384,32.68352],[129.8373,32.68304],[129.83643,32.68352],[129.83531,32.68318],[129.83469,32.68195],[129.83324,32.68085],[129.83118,32.67514],[129.82979,32.67326]]],[[[129.84675,32.70137],[129.84594,32.70061],[129.84625,32.70066],[129.84612,32.70009],[129.84769,32.69949],[129.84748,32.69914],[129.84649,32.69864],[129.84658,32.69804],[129.84543,32.6966],[129.84355,32.69641],[129.8434,32.69678],[129.84305,32.69619],[129.84578,32.69624],[129.85182,32.69392],[129.85159,32.69514],[129.85322,32.69849],[129.85111,32.70035],[129.85068,32.7011],[129.85097,32.7019],[129.8489,32.70176],[129.84823,32.70119],[129.84802,32.70238],[129.84739,32.70141],[129.84675,32.70137]]],[[[129.84605,32.6998],[129.84426,32.6979],[129.84507,32.69758],[129.84561,32.69788],[129.84656,32.6996],[129.84605,32.6998]]],[[[129.81935,32.65694],[129.81816,32.6563],[129.81837,32.65594],[129.81766,32.65509],[129.81843,32.65424],[129.81904,32.65425],[129.82125,32.65693],[129.82106,32.65852],[129.81935,32.65694]]],[[[129.81772,32.65448],[129.81765,32.65382],[129.81878,32.65317],[129.82032,32.65438],[129.81942,32.65444],[129.8193,32.655],[129.81904,32.65425],[129.81772,32.65448]]],[[[129.82755,32.65982],[129.82614,32.6621],[129.82519,32.6624],[129.82526,32.6642],[129.82413,32.66444],[129.82378,32.66575],[129.82451,32.66574],[129.82384,32.66652],[129.82268,32.66664],[129.82052,32.6657],[129.81984,32.6666],[129.81767,32.66638],[129.81794,32.66508],[129.81697,32.66409],[129.81772,32.66338],[129.81726,32.66146],[129.81798,32.66131],[129.81806,32.66175],[129.81905,32.66186],[129.81828,32.65995],[129.81876,32.65899],[129.81859,32.65758],[129.81935,32.65694],[129.82095,32.65858],[129.82125,32.65693],[129.81934,32.65492],[129.81942,32.65444],[129.82032,32.65438],[129.81949,32.65336],[129.81826,32.6533],[129.81847,32.65277],[129.82266,32.65217],[129.82492,32.65278],[129.82664,32.65218],[129.82667,32.65525],[129.8274,32.65722],[129.82755,32.65982]]],[[[129.81819,32.65301],[129.81853,32.65206],[129.81966,32.6513],[129.82036,32.65256],[129.82111,32.65241],[129.81819,32.65301]]],[[[129.81714,32.65229],[129.81637,32.65298],[129.81487,32.65282],[129.81446,32.65342],[129.81462,32.65313],[129.81402,32.65312],[129.81407,32.65204],[129.81264,32.65222],[129.8131,32.6534],[129.81215,32.65422],[129.81139,32.65424],[129.81179,32.6526],[129.81108,32.65242],[129.81013,32.65075],[129.80932,32.65029],[129.80904,32.64895],[129.8079,32.64881],[129.80821,32.64815],[129.80773,32.64759],[129.80882,32.64547],[129.80968,32.64489],[129.81031,32.64847],[129.81232,32.6484],[129.81414,32.64899],[129.81568,32.65031],[129.81759,32.65022],[129.81665,32.65078],[129.81714,32.65229]]],[[[129.81462,32.65339],[129.81281,32.65507],[129.81473,32.65617],[129.81265,32.65528],[129.81148,32.65611],[129.80978,32.65588],[129.80897,32.65523],[129.80884,32.65407],[129.80777,32.6534],[129.80721,32.65083],[129.8058,32.64975],[129.80469,32.64973],[129.80407,32.64844],[129.80252,32.64815],[129.80423,32.64759],[129.80336,32.64709],[129.80436,32.64676],[129.80402,32.64613],[129.80785,32.64477],[129.80869,32.64575],[129.80773,32.64759],[129.80821,32.64815],[129.8079,32.64881],[129.80904,32.64895],[129.80932,32.65029],[129.81013,32.65075],[129.81108,32.65242],[129.81179,32.6526],[129.81139,32.65424],[129.81215,32.65422],[129.8131,32.6534],[129.81264,32.65222],[129.81407,32.65204],[129.81402,32.65312],[129.81462,32.65339]]],[[[129.79607,32.65844],[129.79553,32.65844],[129.7962,32.65809],[129.79568,32.65749],[129.79717,32.65673],[129.79723,32.65577],[129.79834,32.65528],[129.79768,32.65605],[129.79807,32.6563],[129.79759,32.65655],[129.79718,32.6582],[129.79607,32.65844]]],[[[129.79771,32.65106],[129.79712,32.6508],[129.79778,32.64941],[129.79717,32.64856],[129.79874,32.64824],[129.79949,32.64966],[129.79862,32.65096],[129.79771,32.65106]]],[[[129.79505,32.63317],[129.79753,32.63356],[129.79821,32.63439],[129.80236,32.63459],[129.80545,32.63718],[129.80841,32.63849],[129.81125,32.63587],[129.81101,32.63504],[129.8153,32.63786],[129.81645,32.63815],[129.81713,32.63907],[129.81431,32.64242],[129.81358,32.64232],[129.81191,32.64345],[129.81087,32.64475],[129.81032,32.64452],[129.8099,32.64543],[129.8096,32.64487],[129.80869,32.64575],[129.80785,32.64477],[129.80367,32.64625],[129.80363,32.64438],[129.8026,32.64434],[129.80299,32.64273],[129.80246,32.64302],[129.8023,32.64138],[129.80101,32.64115],[129.80156,32.64098],[129.80166,32.64041],[129.79895,32.63982],[129.79818,32.6391],[129.79889,32.63877],[129.79872,32.63774],[129.79788,32.63747],[129.79726,32.63816],[129.79754,32.63679],[129.79563,32.63647],[129.79712,32.63579],[129.79741,32.63499],[129.79652,32.63386],[129.79603,32.63407],[129.79505,32.63317]]],[[[129.82636,32.67032],[129.82979,32.67326],[129.83112,32.67503],[129.83324,32.68085],[129.83469,32.68195],[129.83531,32.68318],[129.83643,32.68352],[129.83692,32.68547],[129.83513,32.68549],[129.83474,32.68747],[129.83533,32.68745],[129.83546,32.68832],[129.83426,32.68989],[129.83027,32.68802],[129.82935,32.68966],[129.83055,32.68709],[129.82908,32.68654],[129.82893,32.68598],[129.82838,32.68678],[129.82905,32.68677],[129.82851,32.68826],[129.82289,32.69275],[129.8188,32.68923],[129.81951,32.68864],[129.81707,32.68651],[129.82029,32.68529],[129.82054,32.68484],[129.81996,32.6845],[129.81982,32.68516],[129.81921,32.68528],[129.81896,32.68478],[129.81965,32.68403],[129.81905,32.68425],[129.81961,32.684],[129.81856,32.68337],[129.81787,32.68479],[129.81851,32.68136],[129.81797,32.68007],[129.81808,32.67856],[129.82026,32.67634],[129.82454,32.67473],[129.82534,32.67223],[129.82654,32.67139],[129.82636,32.67032]]],[[[129.83197,32.6923],[129.83004,32.69212],[129.82977,32.69085],[129.83232,32.69092],[129.8318,32.69154],[129.83197,32.6923]]],[[[129.82636,32.67032],[129.82654,32.67139],[129.82534,32.67223],[129.82454,32.67473],[129.82026,32.67634],[129.81808,32.67856],[129.81776,32.67831],[129.81737,32.67561],[129.81628,32.67506],[129.81705,32.67403],[129.81659,32.67257],[129.8174,32.67006],[129.8169,32.66985],[129.81743,32.6698],[129.81787,32.66882],[129.81734,32.6684],[129.81802,32.66779],[129.81725,32.66717],[129.81757,32.66692],[129.81723,32.66651],[129.81984,32.6666],[129.82052,32.6657],[129.82268,32.66664],[129.82384,32.66652],[129.82636,32.67032]]],[[[129.80451,32.68814],[129.8035,32.6884],[129.80316,32.68787],[129.80379,32.68733],[129.80357,32.68566],[129.80396,32.68512],[129.80319,32.68435],[129.80376,32.68426],[129.80414,32.68324],[129.805,32.68265],[129.80621,32.68228],[129.80701,32.68267],[129.80635,32.68542],[129.80567,32.68592],[129.8062,32.68601],[129.80614,32.68689],[129.80487,32.68742],[129.80423,32.68715],[129.80451,32.68814]]],[[[129.80967,32.69103],[129.80935,32.69028],[129.80802,32.68993],[129.80718,32.68809],[129.81023,32.68683],[129.81123,32.68767],[129.81242,32.68662],[129.81473,32.68691],[129.81194,32.68745],[129.8113,32.68815],[129.81218,32.68871],[129.81143,32.68975],[129.81151,32.69053],[129.81058,32.69111],[129.81069,32.69155],[129.81001,32.69166],[129.80967,32.69103]]],[[[129.81128,32.69081],[129.81143,32.68975],[129.81216,32.68913],[129.81132,32.68819],[129.81152,32.68789],[129.8121,32.68738],[129.8147,32.68708],[129.81563,32.68981],[129.81452,32.69049],[129.8143,32.69148],[129.81354,32.69133],[129.81324,32.69076],[129.81128,32.69081]]],[[[129.80451,32.68814],[129.80615,32.68797],[129.80728,32.6887],[129.80805,32.68996],[129.80939,32.69031],[129.80967,32.69103],[129.80906,32.69092],[129.80823,32.69159],[129.80711,32.69141],[129.80651,32.69197],[129.80536,32.69088],[129.80379,32.69099],[129.80293,32.69154],[129.80287,32.69233],[129.80246,32.69164],[129.80154,32.69183],[129.80148,32.69366],[129.80122,32.69316],[129.79941,32.69329],[129.79893,32.6943],[129.79845,32.69277],[129.79914,32.69182],[129.79874,32.69174],[129.7979,32.68928],[129.80004,32.68846],[129.80114,32.68897],[129.80196,32.68844],[129.80451,32.68814]]],[[[129.7979,32.68928],[129.79874,32.69174],[129.79914,32.69182],[129.79845,32.69277],[129.79892,32.6941],[129.7985,32.69335],[129.79616,32.69345],[129.7927,32.69536],[129.79285,32.695],[129.7923,32.69488],[129.79381,32.69429],[129.79422,32.69346],[129.79388,32.6927],[129.79301,32.69269],[129.79267,32.69211],[129.79314,32.69114],[129.79588,32.69083],[129.79661,32.68977],[129.7979,32.68928]]],[[[129.80004,32.68846],[129.79661,32.68977],[129.79588,32.69083],[129.79334,32.691],[129.79267,32.69211],[129.79119,32.69217],[129.7905,32.68928],[129.79091,32.68797],[129.79165,32.68861],[129.79239,32.68851],[129.79206,32.6896],[129.79236,32.68981],[129.79407,32.68973],[129.79413,32.68746],[129.79537,32.68596],[129.79528,32.68467],[129.7972,32.68328],[129.79787,32.68404],[129.79779,32.68639],[129.80004,32.68846]]],[[[129.79675,32.67556],[129.796,32.6748],[129.79744,32.67552],[129.79675,32.67556]]],[[[129.8035,32.6884],[129.80196,32.68844],[129.80098,32.68897],[129.79938,32.68808],[129.79779,32.68639],[129.79787,32.68404],[129.79746,32.68318],[129.80036,32.68302],[129.8034,32.67801],[129.80452,32.67944],[129.805,32.68265],[129.80414,32.68324],[129.80376,32.68426],[129.80319,32.68435],[129.80395,32.68487],[129.80357,32.68566],[129.80394,32.6868],[129.80318,32.68763],[129.8035,32.6884]]],[[[129.805,32.68265],[129.80452,32.67944],[129.8034,32.67801],[129.80742,32.67926],[129.8087,32.68011],[129.80753,32.67948],[129.80614,32.68112],[129.81152,32.68232],[129.81222,32.6829],[129.80636,32.68504],[129.80701,32.68267],[129.80594,32.68227],[129.805,32.68265]]],[[[129.80451,32.68814],[129.80423,32.68715],[129.80487,32.68742],[129.80614,32.68689],[129.8062,32.68601],[129.80567,32.68592],[129.80636,32.68504],[129.81222,32.6829],[129.81309,32.68354],[129.81272,32.68512],[129.81087,32.68595],[129.81001,32.68558],[129.8096,32.68598],[129.81023,32.68683],[129.80774,32.68767],[129.80718,32.68809],[129.80728,32.6887],[129.80605,32.68792],[129.80451,32.68814]]],[[[129.81887,32.68929],[129.81382,32.69362],[129.81284,32.69567],[129.81288,32.69625],[129.81365,32.69656],[129.81221,32.69745],[129.81274,32.69585],[129.81156,32.69529],[129.81241,32.69562],[129.81319,32.69433],[129.81275,32.69403],[129.81178,32.69419],[129.8118,32.69491],[129.81128,32.69326],[129.81013,32.69271],[129.80727,32.69275],[129.80723,32.69322],[129.80684,32.69299],[129.80669,32.69353],[129.8062,32.6935],[129.80683,32.69254],[129.80643,32.69206],[129.80698,32.69149],[129.80823,32.69159],[129.80906,32.69092],[129.81009,32.69168],[129.81128,32.69081],[129.81324,32.69076],[129.81354,32.69133],[129.8143,32.69148],[129.81452,32.69049],[129.81563,32.68981],[129.81478,32.68717],[129.81707,32.68651],[129.81951,32.68864],[129.81887,32.68929]]],[[[129.81887,32.68929],[129.82282,32.69264],[129.81996,32.69502],[129.8207,32.69632],[129.81825,32.69702],[129.81785,32.69662],[129.81749,32.69781],[129.81641,32.69792],[129.81489,32.69909],[129.81395,32.69862],[129.81434,32.6986],[129.81424,32.69808],[129.81367,32.69822],[129.81232,32.69732],[129.81365,32.69656],[129.81288,32.69625],[129.81299,32.69516],[129.81382,32.69362],[129.81887,32.68929]]],[[[129.8102,32.69492],[129.80985,32.69464],[129.81055,32.69451],[129.8102,32.69492]]],[[[129.80996,32.69574],[129.8091,32.6954],[129.80992,32.69525],[129.80996,32.69574]]],[[[129.81489,32.69909],[129.81641,32.69792],[129.81749,32.69781],[129.81785,32.69662],[129.81825,32.69702],[129.8207,32.69632],[129.82034,32.69565],[129.82301,32.69495],[129.8237,32.69625],[129.8259,32.69566],[129.82812,32.70123],[129.81701,32.70442],[129.81592,32.70151],[129.81549,32.70153],[129.81725,32.70092],[129.81661,32.70018],[129.81744,32.70032],[129.818,32.6997],[129.81788,32.69915],[129.81662,32.69854],[129.81714,32.69811],[129.81628,32.69809],[129.81638,32.69853],[129.81582,32.69854],[129.81554,32.69914],[129.8162,32.69973],[129.81591,32.70052],[129.81489,32.69909]]],[[[129.81469,32.7031],[129.81479,32.70383],[129.8141,32.70272],[129.81268,32.7026],[129.81377,32.70206],[129.8147,32.70238],[129.81469,32.7031]]],[[[129.81304,32.70404],[129.8125,32.70392],[129.81348,32.7032],[129.81304,32.70404]]],[[[129.82812,32.70123],[129.82832,32.70146],[129.82777,32.70161],[129.82827,32.70306],[129.8289,32.70328],[129.82818,32.70347],[129.82832,32.70405],[129.83022,32.70829],[129.82861,32.70704],[129.82815,32.70711],[129.82808,32.70791],[129.82664,32.70807],[129.82453,32.70743],[129.82405,32.70776],[129.82331,32.707],[129.82361,32.70648],[129.82238,32.70604],[129.82194,32.70673],[129.82202,32.7062],[129.82108,32.70562],[129.81771,32.70629],[129.81701,32.70442],[129.82812,32.70123]]],[[[129.77427,32.69821],[129.77689,32.69508],[129.77688,32.69378],[129.77651,32.69391],[129.77669,32.69346],[129.77641,32.6938],[129.77671,32.69336],[129.77619,32.69388],[129.77685,32.69303],[129.77601,32.69398],[129.7769,32.69225],[129.77604,32.69298],[129.77713,32.69182],[129.77704,32.69136],[129.77977,32.69024],[129.78179,32.69069],[129.78305,32.69185],[129.78523,32.69182],[129.78571,32.69281],[129.78527,32.6957],[129.78576,32.69631],[129.78489,32.69687],[129.78386,32.69685],[129.78389,32.69734],[129.78381,32.6963],[129.78206,32.69683],[129.78195,32.69724],[129.78284,32.6979],[129.7835,32.69741],[129.78287,32.69792],[129.78347,32.69831],[129.78422,32.69766],[129.78322,32.69866],[129.78047,32.69885],[129.7802,32.69973],[129.77905,32.70003],[129.77767,32.69959],[129.7772,32.69878],[129.77545,32.69988],[129.77528,32.69879],[129.77427,32.69821]]],[[[129.77427,32.69821],[129.77528,32.69879],[129.77545,32.69988],[129.7772,32.69878],[129.77767,32.69959],[129.77905,32.70003],[129.78108,32.69923],[129.78055,32.70208],[129.78084,32.70252],[129.78053,32.70215],[129.77818,32.70252],[129.77768,32.70184],[129.77519,32.70105],[129.77433,32.70089],[129.77373,32.70134],[129.77332,32.70084],[129.77173,32.70068],[129.77221,32.69918],[129.77427,32.69821]]],[[[129.77902,32.70314],[129.77858,32.7048],[129.77649,32.70409],[129.77549,32.70503],[129.77452,32.70356],[129.77263,32.70433],[129.76991,32.70295],[129.77226,32.70302],[129.773,32.70201],[129.77262,32.70183],[129.77393,32.70176],[129.77425,32.70132],[129.77486,32.70185],[129.77465,32.70225],[129.77541,32.7022],[129.77561,32.70162],[129.77902,32.70314]]],[[[129.77902,32.70314],[129.77952,32.70284],[129.78041,32.70445],[129.78205,32.70346],[129.7802,32.70466],[129.7795,32.70598],[129.77518,32.70967],[129.77432,32.70986],[129.77335,32.70883],[129.77352,32.70802],[129.77256,32.70797],[129.7718,32.70885],[129.77274,32.70903],[129.77174,32.70903],[129.77017,32.7102],[129.76877,32.71051],[129.76828,32.71178],[129.76836,32.71225],[129.76902,32.7123],[129.76862,32.71297],[129.7679,32.71268],[129.76791,32.71216],[129.76558,32.7118],[129.7655,32.71272],[129.76402,32.71356],[129.7638,32.71443],[129.76279,32.71431],[129.76143,32.71525],[129.75991,32.71506],[129.76052,32.71415],[129.76049,32.71355],[129.76006,32.71345],[129.76053,32.71287],[129.76016,32.71262],[129.76192,32.70868],[129.76453,32.70665],[129.76721,32.70622],[129.76921,32.70519],[129.77024,32.70415],[129.76959,32.7029],[129.77263,32.70433],[129.77452,32.70356],[129.77549,32.70503],[129.77649,32.70409],[129.77858,32.7048],[129.77902,32.70314]]],[[[129.7391,32.62961],[129.73799,32.62888],[129.73636,32.62628],[129.73652,32.62585],[129.73787,32.62583],[129.73987,32.62844],[129.73995,32.62935],[129.7391,32.62961]]],[[[129.74636,32.63633],[129.74617,32.63661],[129.74588,32.63622],[129.74575,32.63471],[129.74674,32.63329],[129.74654,32.63268],[129.74699,32.63251],[129.74725,32.6355],[129.74701,32.63644],[129.74636,32.63633]]],[[[129.7513,32.6671],[129.7511,32.66737],[129.75128,32.66646],[129.75067,32.6669],[129.7499,32.66537],[129.7497,32.66568],[129.74904,32.66442],[129.74728,32.66278],[129.7476,32.66216],[129.74617,32.66136],[129.74721,32.66044],[129.74808,32.6587],[129.74966,32.65799],[129.75056,32.65683],[129.75458,32.65032],[129.75368,32.64894],[129.75454,32.64929],[129.75364,32.6481],[129.75509,32.6491],[129.75496,32.64957],[129.75728,32.65094],[129.75857,32.65476],[129.75831,32.65698],[129.75963,32.65772],[129.75819,32.65706],[129.75834,32.65483],[129.75772,32.65451],[129.7568,32.65572],[129.75662,32.65682],[129.75706,32.65697],[129.75663,32.6569],[129.75648,32.65792],[129.75772,32.65761],[129.75735,32.65805],[129.75646,32.658],[129.75596,32.65877],[129.75537,32.65863],[129.75684,32.66118],[129.75657,32.66148],[129.75706,32.6619],[129.75764,32.66156],[129.75713,32.661],[129.75807,32.6625],[129.75945,32.66319],[129.7597,32.6638],[129.75911,32.66469],[129.75861,32.66399],[129.7575,32.6642],[129.75703,32.66534],[129.75751,32.66576],[129.75715,32.66584],[129.75735,32.66691],[129.75674,32.66523],[129.75457,32.66631],[129.75417,32.66471],[129.75249,32.66502],[129.75191,32.66449],[129.75193,32.66507],[129.75225,32.665],[129.75191,32.666],[129.7543,32.66657],[129.75249,32.66619],[129.7513,32.6671]]],[[[129.81707,32.65489],[129.81772,32.65448],[129.81816,32.6563],[129.81935,32.65694],[129.81859,32.65758],[129.81876,32.65899],[129.81825,32.65944],[129.81905,32.66186],[129.81753,32.66128],[129.81702,32.65986],[129.8176,32.6599],[129.81771,32.65932],[129.81682,32.65809],[129.81733,32.65793],[129.81726,32.65703],[129.81593,32.65636],[129.81616,32.65555],[129.81577,32.65518],[129.8166,32.6558],[129.81698,32.65552],[129.81645,32.65503],[129.81697,32.65547],[129.81707,32.65489]]],[[[129.81714,32.65229],[129.81665,32.65078],[129.81759,32.65022],[129.81568,32.65031],[129.81414,32.64899],[129.81232,32.6484],[129.81031,32.64847],[129.80968,32.64576],[129.81032,32.64452],[129.81087,32.64475],[129.81191,32.64345],[129.81358,32.64232],[129.81431,32.64242],[129.81713,32.63907],[129.81864,32.63966],[129.81797,32.64055],[129.81863,32.64102],[129.82208,32.64183],[129.82332,32.64307],[129.82548,32.64366],[129.82487,32.64495],[129.82531,32.64625],[129.82387,32.64707],[129.82341,32.64633],[129.82325,32.64718],[129.82429,32.64752],[129.82569,32.64892],[129.82652,32.64892],[129.82617,32.65064],[129.82681,32.65194],[129.82549,32.65274],[129.82266,32.65217],[129.82055,32.65263],[129.81966,32.6513],[129.81864,32.65186],[129.81894,32.65134],[129.81841,32.65073],[129.81767,32.65103],[129.81714,32.65229]]],[[[129.8173,32.65258],[129.81767,32.65103],[129.81872,32.6509],[129.81884,32.65196],[129.81819,32.65301],[129.81752,32.65306],[129.8173,32.65258]]]]}},{"type":"Feature","properties":{"vid":"K64G10S00011","name":"小ヶ倉村","reading":"こがくら","gun":"彼杵郡","domains":["saga"],"isShared":false,"shared":[]},"geometry":{"type":"MultiPolygon","coordinates":[[[[129.86063,32.70995],[129.8591,32.71027],[129.85851,32.70928],[129.85746,32.70978],[129.85657,32.71165],[129.85652,32.71298],[129.84991,32.71337],[129.84967,32.71143],[129.84761,32.70574],[129.84935,32.70549],[129.8492,32.70511],[129.84981,32.70537],[129.84968,32.70487],[129.8479,32.70483],[129.84747,32.70558],[129.84738,32.70509],[129.84293,32.70569],[129.84207,32.70337],[129.84418,32.70259],[129.84417,32.69961],[129.84492,32.69965],[129.84586,32.70175],[129.84701,32.70118],[129.84802,32.70238],[129.84823,32.70119],[129.8489,32.70176],[129.85097,32.7019],[129.85068,32.7011],[129.85111,32.70035],[129.85322,32.69849],[129.85267,32.69715],[129.85356,32.69628],[129.85549,32.69645],[129.85584,32.6968],[129.85512,32.69732],[129.85732,32.69824],[129.85733,32.69899],[129.85809,32.69942],[129.86216,32.69967],[129.86423,32.6984],[129.86504,32.69937],[129.86496,32.70088],[129.86559,32.70154],[129.86607,32.70435],[129.86578,32.70638],[129.86502,32.70706],[129.86523,32.70812],[129.8631,32.70838],[129.86413,32.70979],[129.86325,32.70934],[129.86063,32.70995]]],[[[129.88317,32.69903],[129.88175,32.69953],[129.88041,32.69917],[129.87849,32.70102],[129.87575,32.70212],[129.87415,32.7035],[129.87344,32.70516],[129.8723,32.70587],[129.86962,32.70632],[129.86972,32.70703],[129.87038,32.70726],[129.86945,32.70762],[129.86912,32.70851],[129.86826,32.70795],[129.86848,32.70748],[129.86571,32.70533],[129.86607,32.70435],[129.86559,32.70154],[129.86496,32.70088],[129.86526,32.69996],[129.86303,32.69709],[129.86372,32.69661],[129.8647,32.69712],[129.86589,32.69659],[129.86635,32.69684],[129.86989,32.69477],[129.87321,32.69215],[129.87312,32.69084],[129.87615,32.68703],[129.87939,32.68567],[129.87979,32.68634],[129.87945,32.68729],[129.87969,32.68849],[129.88133,32.68922],[129.8825,32.69278],[129.8835,32.69321],[129.88395,32.69432],[129.88369,32.69498],[129.88426,32.69699],[129.88317,32.69903]]]]}},{"type":"Feature","properties":{"vid":"K64G10S00012","name":"黒崎村","reading":"くろさき","gun":"彼杵郡","domains":["saga"],"isShared":false,"shared":[]},"geometry":{"type":"MultiPolygon","coordinates":[[[[129.6949,32.85381],[129.69384,32.84984],[129.69661,32.84788],[129.6972,32.84826],[129.69743,32.8472],[129.69815,32.84747],[129.69958,32.84689],[129.69968,32.84618],[129.70096,32.84601],[129.70092,32.84638],[129.70192,32.84692],[129.70229,32.8465],[129.70377,32.84807],[129.70554,32.8486],[129.70647,32.84978],[129.70548,32.84952],[129.70539,32.85038],[129.70503,32.85034],[129.7034,32.84913],[129.70055,32.84984],[129.69692,32.85351],[129.6949,32.85381]]],[[[129.69423,32.85108],[129.69183,32.84888],[129.69044,32.84836],[129.69228,32.84609],[129.6923,32.84462],[129.69155,32.84436],[129.69249,32.84437],[129.69246,32.84376],[129.69322,32.84321],[129.69569,32.84317],[129.69623,32.842],[129.69772,32.84258],[129.69816,32.84131],[129.69883,32.84084],[129.69869,32.84121],[129.69998,32.8414],[129.70117,32.84069],[129.70165,32.84079],[129.70144,32.84145],[129.70269,32.84119],[129.70132,32.84221],[129.70443,32.84276],[129.70489,32.84383],[129.70452,32.84526],[129.70502,32.84588],[129.70722,32.84602],[129.71036,32.84413],[129.71045,32.84488],[129.71168,32.84555],[129.71051,32.84645],[129.71091,32.84826],[129.7124,32.84905],[129.71266,32.84966],[129.71257,32.85055],[129.71065,32.85022],[129.70937,32.85088],[129.70756,32.85096],[129.70554,32.8486],[129.70377,32.84807],[129.70229,32.8465],[129.70192,32.84692],[129.70092,32.84638],[129.70096,32.84601],[129.69945,32.84626],[129.69958,32.84689],[129.69815,32.84747],[129.69743,32.8472],[129.6972,32.84826],[129.69661,32.84788],[129.6949,32.84899],[129.69377,32.85001],[129.69423,32.85108]]],[[[129.70269,32.84119],[129.70539,32.83892],[129.70591,32.83922],[129.70746,32.83866],[129.70793,32.83946],[129.71044,32.8398],[129.71038,32.84074],[129.70981,32.84058],[129.70949,32.84169],[129.70954,32.84264],[129.71046,32.84336],[129.71036,32.84413],[129.70722,32.84602],[129.70502,32.84588],[129.70452,32.84526],[129.70489,32.84383],[129.70443,32.84276],[129.70132,32.84221],[129.70269,32.84119]]],[[[129.70269,32.84119],[129.70144,32.84145],[129.70165,32.84079],[129.70117,32.84069],[129.7017,32.83992],[129.70103,32.84024],[129.70154,32.83975],[129.70129,32.83956],[129.70006,32.84017],[129.70111,32.8393],[129.70074,32.83899],[129.70038,32.8343],[129.70197,32.83529],[129.7024,32.83502],[129.70258,32.83671],[129.70343,32.8355],[129.70501,32.83561],[129.70467,32.83673],[129.70512,32.83759],[129.70469,32.83834],[129.70539,32.83892],[129.70269,32.84119]]],[[[129.73772,32.85548],[129.73944,32.85722],[129.73914,32.85764],[129.73972,32.85813],[129.73752,32.86051],[129.7381,32.86533],[129.737,32.8665],[129.73745,32.86717],[129.73606,32.86707],[129.73576,32.86562],[129.73436,32.86569],[129.7337,32.86514],[129.73207,32.86521],[129.73093,32.86625],[129.72976,32.8666],[129.72905,32.86573],[129.72799,32.86577],[129.72736,32.86631],[129.72611,32.86534],[129.72524,32.86563],[129.72461,32.86204],[129.72258,32.85902],[129.72252,32.85721],[129.72143,32.85506],[129.71888,32.85497],[129.7179,32.85321],[129.71659,32.85527],[129.71575,32.85493],[129.71531,32.85081],[129.71665,32.85079],[129.71623,32.85013],[129.7164,32.84902],[129.71543,32.84817],[129.71661,32.84746],[129.71533,32.84728],[129.71532,32.84614],[129.71464,32.84577],[129.71479,32.84414],[129.71561,32.8449],[129.71537,32.84335],[129.71459,32.84211],[129.71625,32.84045],[129.71666,32.84084],[129.71675,32.84015],[129.71554,32.83852],[129.71742,32.83965],[129.71739,32.84111],[129.72051,32.84182],[129.72192,32.84277],[129.72173,32.8435],[129.72244,32.84485],[129.72407,32.84594],[129.72344,32.84693],[129.72387,32.84817],[129.72681,32.84953],[129.7277,32.85117],[129.72871,32.85176],[129.72892,32.85342],[129.73033,32.85404],[129.73146,32.85384],[129.73281,32.85454],[129.73397,32.85409],[129.73496,32.85539],[129.73772,32.85548]]],[[[129.69843,32.86267],[129.6985,32.86214],[129.69578,32.85967],[129.69425,32.85912],[129.69438,32.85952],[129.6935,32.85977],[129.69281,32.85926],[129.69402,32.85833],[129.6949,32.85381],[129.69692,32.85351],[129.70055,32.84984],[129.7034,32.84913],[129.70612,32.85071],[129.70441,32.852],[129.70448,32.85256],[129.70351,32.85263],[129.70356,32.85303],[129.70177,32.85421],[129.70138,32.85539],[129.70304,32.85746],[129.70273,32.8588],[129.7006,32.86095],[129.69987,32.86243],[129.69843,32.86267]]],[[[129.6844,32.85721],[129.68476,32.85459],[129.68368,32.85308],[129.68462,32.85312],[129.69044,32.84836],[129.69183,32.84888],[129.6941,32.85081],[129.69498,32.85436],[129.69402,32.85833],[129.69281,32.85926],[129.68989,32.85788],[129.68929,32.85816],[129.68644,32.85707],[129.6844,32.85721]]],[[[129.70539,32.85038],[129.70548,32.84952],[129.70694,32.84998],[129.70756,32.85096],[129.70937,32.85088],[129.71065,32.85022],[129.71355,32.85072],[129.71548,32.85135],[129.71516,32.85219],[129.71575,32.85321],[129.71575,32.85493],[129.71659,32.85527],[129.7179,32.85321],[129.71888,32.85497],[129.72143,32.85506],[129.72252,32.85721],[129.72258,32.85902],[129.72458,32.86197],[129.72525,32.86462],[129.72296,32.86472],[129.7207,32.86339],[129.71703,32.86277],[129.7154,32.85987],[129.71265,32.86021],[129.7113,32.85884],[129.71046,32.85898],[129.70973,32.85797],[129.70963,32.85687],[129.70827,32.85687],[129.70648,32.85844],[129.70367,32.85796],[129.70216,32.85677],[129.70136,32.85529],[129.70225,32.85356],[129.70356,32.85303],[129.70351,32.85263],[129.70448,32.85256],[129.70441,32.852],[129.70612,32.85071],[129.70539,32.85038]]],[[[129.73745,32.86717],[129.73604,32.86942],[129.73473,32.86966],[129.73509,32.87051],[129.73405,32.87279],[129.73505,32.87391],[129.733,32.87442],[129.73299,32.87545],[129.73172,32.87566],[129.73143,32.87696],[129.73009,32.87864],[129.7302,32.87993],[129.72836,32.87998],[129.72689,32.87783],[129.72674,32.87645],[129.72462,32.87515],[129.72452,32.87344],[129.72351,32.87202],[129.71728,32.86876],[129.71487,32.86818],[129.71364,32.86853],[129.71182,32.86658],[129.70902,32.86606],[129.70763,32.86487],[129.70525,32.86552],[129.70326,32.86449],[129.69971,32.86489],[129.69979,32.86385],[129.69913,32.86382],[129.69841,32.86279],[129.69987,32.86243],[129.7006,32.86095],[129.70259,32.8591],[129.70304,32.85746],[129.70367,32.85796],[129.70648,32.85844],[129.70827,32.85687],[129.70963,32.85687],[129.70973,32.85797],[129.71046,32.85898],[129.7113,32.85884],[129.71265,32.86021],[129.7154,32.85987],[129.71703,32.86277],[129.7207,32.86339],[129.72296,32.86472],[129.72515,32.86471],[129.72524,32.86563],[129.72611,32.86534],[129.72704,32.86627],[129.72905,32.86573],[129.72951,32.86657],[129.7304,32.86651],[129.73207,32.86521],[129.7337,32.86514],[129.73436,32.86569],[129.73576,32.86562],[129.73606,32.86707],[129.73745,32.86717]]],[[[129.71044,32.8398],[129.70793,32.83946],[129.70746,32.83866],[129.70591,32.83922],[129.70482,32.83854],[129.70501,32.83561],[129.70343,32.8355],[129.70253,32.83667],[129.7024,32.83502],[129.70197,32.83529],[129.70011,32.83413],[129.70059,32.83257],[129.70163,32.83267],[129.70115,32.83157],[129.70166,32.83108],[129.70247,32.83116],[129.70427,32.83364],[129.70664,32.83292],[129.70839,32.83328],[129.70859,32.83243],[129.70902,32.83269],[129.71059,32.83648],[129.71173,32.83683],[129.71091,32.83745],[129.711,32.83801],[129.71234,32.8391],[129.71044,32.8398]]],[[[129.71526,32.85127],[129.71257,32.85055],[129.7124,32.84905],[129.71091,32.84826],[129.71051,32.84645],[129.71168,32.84555],[129.71042,32.84484],[129.71046,32.84336],[129.70954,32.84264],[129.70981,32.84058],[129.71025,32.84085],[129.71044,32.8398],[129.71214,32.83928],[129.71275,32.83861],[129.71311,32.83878],[129.7127,32.83929],[129.71375,32.83912],[129.71472,32.83997],[129.71538,32.83962],[129.71675,32.84015],[129.71666,32.84084],[129.71625,32.84045],[129.71459,32.84211],[129.71537,32.84335],[129.71561,32.8449],[129.71479,32.84414],[129.71464,32.84577],[129.71532,32.84614],[129.71533,32.84728],[129.71661,32.84746],[129.71543,32.84821],[129.7164,32.84902],[129.71623,32.85013],[129.71665,32.85079],[129.71562,32.85064],[129.71526,32.85127]]],[[[129.71554,32.83852],[129.71675,32.84015],[129.71538,32.83962],[129.71472,32.83997],[129.71375,32.83912],[129.7127,32.83929],[129.71311,32.83878],[129.71234,32.8391],[129.711,32.83801],[129.71091,32.83745],[129.71173,32.83683],[129.71059,32.83648],[129.70954,32.83278],[129.71141,32.83432],[129.71254,32.83461],[129.71423,32.83772],[129.71554,32.83852]]],[[[129.71554,32.83852],[129.71423,32.83772],[129.71253,32.83514],[129.71303,32.83401],[129.71537,32.83309],[129.71486,32.83381],[129.71349,32.83403],[129.71401,32.83458],[129.71345,32.83437],[129.71318,32.83516],[129.71527,32.83488],[129.71508,32.83426],[129.7158,32.83488],[129.71808,32.83378],[129.71845,32.83406],[129.718,32.83489],[129.71888,32.83575],[129.72362,32.83791],[129.72454,32.8391],[129.72447,32.8401],[129.72666,32.84192],[129.72604,32.8428],[129.72694,32.84587],[129.72449,32.84629],[129.72276,32.84523],[129.72173,32.8435],[129.7218,32.84264],[129.72051,32.84182],[129.71739,32.84111],[129.71742,32.83965],[129.71554,32.83852]]],[[[129.73757,32.84958],[129.73641,32.85065],[129.73718,32.85275],[129.73808,32.85277],[129.73848,32.85498],[129.73642,32.85563],[129.73496,32.85539],[129.73397,32.85409],[129.73281,32.85454],[129.73146,32.85384],[129.73033,32.85404],[129.72892,32.85342],[129.72871,32.85176],[129.7277,32.85117],[129.72681,32.84953],[129.72387,32.84817],[129.72344,32.84693],[129.72408,32.846],[129.7246,32.84629],[129.72694,32.84587],[129.72604,32.8428],[129.72666,32.84192],[129.72447,32.8401],[129.72454,32.8391],[129.72362,32.83791],[129.72107,32.83698],[129.718,32.83489],[129.71877,32.83133],[129.71828,32.83059],[129.71873,32.83117],[129.71894,32.83087],[129.71826,32.82771],[129.7186,32.82801],[129.71845,32.82698],[129.71957,32.82342],[129.71883,32.82298],[129.71976,32.82286],[129.71912,32.82247],[129.71964,32.82248],[129.71931,32.8221],[129.72297,32.82256],[129.72592,32.8208],[129.72669,32.82192],[129.72624,32.82244],[129.72775,32.82302],[129.72868,32.82397],[129.72857,32.82586],[129.72763,32.82652],[129.7284,32.82747],[129.72902,32.82748],[129.72961,32.83185],[129.73175,32.83467],[129.73324,32.83547],[129.73236,32.83666],[129.73414,32.83926],[129.73561,32.84472],[129.73703,32.84555],[129.73667,32.84643],[129.73768,32.84772],[129.73757,32.84958]]]]}},{"type":"Feature","properties":{"vid":"K64G11S00016","name":"伊古村","reading":"いこ","gun":"高来郡","domains":["saga"],"isShared":true,"shared":["肥前島原藩"]},"geometry":{"type":"MultiPolygon","coordinates":[[[[130.23705,32.86323],[130.2378,32.86415],[130.24264,32.86716],[130.24341,32.86716],[130.2442,32.8663],[130.24541,32.86751],[130.2448,32.86839],[130.24445,32.87046],[130.24276,32.87195],[130.24186,32.87147],[130.24243,32.87281],[130.24112,32.87381],[130.23975,32.87363],[130.23534,32.87107],[130.23612,32.87009],[130.2356,32.86947],[130.23398,32.86979],[130.23555,32.86941],[130.23384,32.86856],[130.23387,32.86951],[130.23376,32.86853],[130.23323,32.86824],[130.23304,32.86705],[130.23505,32.86491],[130.23535,32.86367],[130.23705,32.86323]]],[[[130.24112,32.87381],[130.24243,32.87281],[130.24186,32.87147],[130.24276,32.87195],[130.24366,32.87128],[130.24406,32.87145],[130.24333,32.87238],[130.24472,32.87324],[130.24517,32.87471],[130.24614,32.87461],[130.2475,32.87602],[130.24613,32.87469],[130.24553,32.87516],[130.24321,32.87545],[130.24112,32.87381]]]]}},{"type":"Feature","properties":{"vid":"K64G11S00040","name":"船越村","reading":"ふなこし","gun":"高来郡","domains":["saga"],"isShared":false,"shared":[]},"geometry":{"type":"MultiPolygon","coordinates":[[[[130.06084,32.83566],[130.06167,32.83615],[130.06152,32.8371],[130.05989,32.83706],[130.05943,32.83753],[130.05862,32.83757],[130.05849,32.83643],[130.05751,32.83616],[130.05805,32.83523],[130.06084,32.83566]]],[[[130.05436,32.83453],[130.05301,32.83376],[130.05282,32.8344],[130.05085,32.83454],[130.05098,32.83536],[130.04924,32.83687],[130.04781,32.83684],[130.04679,32.83625],[130.04763,32.83587],[130.04742,32.83523],[130.04683,32.8346],[130.04606,32.83484],[130.04665,32.83427],[130.0463,32.83319],[130.05,32.83258],[130.05006,32.83304],[130.05466,32.83294],[130.05436,32.83453]]],[[[130.0463,32.83319],[130.04665,32.83427],[130.04606,32.83484],[130.04683,32.8346],[130.04763,32.83587],[130.04679,32.83625],[130.04781,32.83684],[130.04897,32.83661],[130.04869,32.83738],[130.04938,32.83841],[130.04937,32.84092],[130.04747,32.84176],[130.04758,32.8423],[130.04619,32.84294],[130.04641,32.84416],[130.04562,32.84492],[130.04614,32.84608],[130.0444,32.8471],[130.04392,32.84896],[130.0429,32.84897],[130.04215,32.84649],[130.04064,32.84632],[130.03861,32.84725],[130.03786,32.84619],[130.0369,32.84597],[130.03725,32.84435],[130.0382,32.84443],[130.03879,32.8435],[130.03762,32.84248],[130.0355,32.84172],[130.03567,32.84061],[130.03674,32.83993],[130.03585,32.83897],[130.0417,32.83457],[130.0463,32.83319]]],[[[130.06041,32.84387],[130.05931,32.84232],[130.05779,32.8424],[130.05775,32.84181],[130.0564,32.84184],[130.05643,32.84087],[130.05737,32.84087],[130.05695,32.84002],[130.06052,32.83852],[130.07082,32.83617],[130.07383,32.8348],[130.07429,32.83547],[130.07465,32.84029],[130.0628,32.84284],[130.0616,32.84267],[130.06135,32.84396],[130.06041,32.84387]]],[[[130.07383,32.8348],[130.07082,32.83617],[130.06052,32.83852],[130.05766,32.83969],[130.05747,32.83819],[130.05985,32.83741],[130.05989,32.83706],[130.06152,32.8371],[130.06167,32.83615],[130.06084,32.83566],[130.06163,32.83473],[130.06424,32.83477],[130.06641,32.83568],[130.07383,32.8348]]],[[[130.05509,32.83735],[130.05654,32.83799],[130.05592,32.8396],[130.0535,32.83871],[130.05392,32.8382],[130.05351,32.83761],[130.05509,32.83735]]],[[[130.05566,32.84044],[130.05654,32.83799],[130.05566,32.83787],[130.05576,32.8374],[130.05671,32.83756],[130.05751,32.83616],[130.05849,32.83643],[130.05863,32.83763],[130.05747,32.83819],[130.0577,32.83979],[130.05566,32.84044]]],[[[130.05436,32.83453],[130.05399,32.83713],[130.05509,32.83735],[130.05351,32.83761],[130.05392,32.8382],[130.0535,32.83871],[130.05592,32.8396],[130.05566,32.84044],[130.05337,32.84139],[130.05286,32.84113],[130.05197,32.84217],[130.05103,32.84241],[130.05101,32.84035],[130.04934,32.84075],[130.0489,32.83679],[130.0495,32.83679],[130.05076,32.83565],[130.05085,32.83454],[130.05282,32.8344],[130.05301,32.83376],[130.05436,32.83453]]],[[[130.05436,32.83453],[130.05466,32.83294],[130.05899,32.83294],[130.06092,32.83378],[130.06163,32.83473],[130.06074,32.83577],[130.05805,32.83523],[130.05671,32.83756],[130.05399,32.83713],[130.05436,32.83453]]]]}},{"type":"Feature","properties":{"vid":"K64G11S00041","name":"諌早市中","reading":"いさはやしちゅう","gun":"高来郡","domains":["saga"],"isShared":false,"shared":[]},"geometry":{"type":"MultiPolygon","coordinates":[[[[130.05971,32.84849],[130.05654,32.84693],[130.05374,32.8471],[130.05394,32.84621],[130.05641,32.8453],[130.06052,32.84582],[130.06172,32.84723],[130.05971,32.84849]]],[[[130.06041,32.84387],[130.06002,32.84585],[130.0566,32.8453],[130.05663,32.84445],[130.05942,32.8442],[130.05925,32.84334],[130.05784,32.84357],[130.05779,32.8424],[130.05931,32.84232],[130.06041,32.84387]]],[[[130.06604,32.8474],[130.06362,32.84768],[130.06172,32.84723],[130.06078,32.84601],[130.06002,32.84585],[130.06017,32.84417],[130.06135,32.84396],[130.0616,32.84267],[130.0628,32.84284],[130.07465,32.84029],[130.07735,32.8424],[130.0776,32.8463],[130.07682,32.84852],[130.0745,32.84712],[130.06997,32.84631],[130.06604,32.8474]]],[[[130.04614,32.84608],[130.04562,32.84492],[130.04641,32.84416],[130.04619,32.84294],[130.0472,32.8426],[130.04747,32.84176],[130.04911,32.84122],[130.04934,32.84075],[130.05101,32.84035],[130.05113,32.84242],[130.05197,32.84217],[130.05286,32.84113],[130.05337,32.84139],[130.05695,32.84002],[130.05737,32.84087],[130.05643,32.84087],[130.0564,32.84184],[130.05775,32.84181],[130.05784,32.84357],[130.05925,32.84334],[130.05942,32.84406],[130.05663,32.84445],[130.0566,32.8453],[130.05383,32.84598],[130.04614,32.84608]]]]}},{"type":"Feature","properties":{"vid":"K64G11S00042","name":"小川村","reading":"おがわ","gun":"高来郡","domains":["saga"],"isShared":false,"shared":[]},"geometry":{"type":"MultiPolygon","coordinates":[[[[130.0734,32.8346],[130.07069,32.83541],[130.0678,32.83528],[130.06641,32.83568],[130.06424,32.83477],[130.06189,32.83487],[130.06092,32.83378],[130.05899,32.83294],[130.06027,32.83163],[130.06232,32.83133],[130.06621,32.82897],[130.06722,32.83052],[130.06766,32.83006],[130.06895,32.83081],[130.06923,32.83045],[130.06904,32.83135],[130.07146,32.83172],[130.07249,32.83402],[130.0734,32.8346]]],[[[130.04106,32.80766],[130.04041,32.80602],[130.03978,32.8059],[130.03879,32.80457],[130.04662,32.80206],[130.04682,32.80268],[130.04836,32.80226],[130.04791,32.79873],[130.0513,32.79929],[130.05136,32.80141],[130.0505,32.80173],[130.05464,32.80711],[130.05677,32.80655],[130.05759,32.80743],[130.05981,32.8083],[130.06658,32.80823],[130.06482,32.80984],[130.06341,32.8121],[130.06076,32.81312],[130.06072,32.81427],[130.06006,32.81475],[130.0595,32.81855],[130.05857,32.81891],[130.05787,32.8184],[130.05534,32.81949],[130.05438,32.82015],[130.05382,32.82144],[130.05199,32.82136],[130.05151,32.82093],[130.04626,32.82322],[130.04548,32.82233],[130.04607,32.82158],[130.04529,32.82011],[130.04539,32.81799],[130.04477,32.81688],[130.04468,32.81529],[130.04519,32.81409],[130.04478,32.81281],[130.04533,32.8121],[130.04378,32.81149],[130.04267,32.80926],[130.04106,32.80766]]],[[[130.05466,32.83294],[130.05006,32.83304],[130.05,32.83258],[130.04893,32.83252],[130.04916,32.831],[130.04836,32.83053],[130.04835,32.82738],[130.04683,32.8257],[130.04626,32.82322],[130.05151,32.82093],[130.05199,32.82136],[130.05382,32.82144],[130.05438,32.82015],[130.05534,32.81949],[130.05787,32.8184],[130.05857,32.81891],[130.0595,32.81855],[130.06006,32.81475],[130.06072,32.81427],[130.06076,32.81312],[130.06341,32.8121],[130.06482,32.80984],[130.06658,32.80823],[130.06775,32.80803],[130.06846,32.80857],[130.06854,32.80765],[130.06912,32.80716],[130.06957,32.80774],[130.07452,32.80766],[130.07262,32.80885],[130.07245,32.80969],[130.07328,32.81103],[130.07321,32.81184],[130.07068,32.81647],[130.06885,32.81911],[130.068,32.81966],[130.06813,32.82099],[130.06741,32.82193],[130.06737,32.82629],[130.06593,32.82904],[130.06232,32.83133],[130.06027,32.83163],[130.05899,32.83294],[130.05466,32.83294]]],[[[130.06593,32.82904],[130.06737,32.82629],[130.06741,32.82193],[130.06813,32.82099],[130.068,32.81966],[130.06885,32.81911],[130.07068,32.81647],[130.07321,32.81184],[130.07328,32.81103],[130.07241,32.8094],[130.07292,32.80845],[130.07529,32.80735],[130.07853,32.80709],[130.08294,32.80585],[130.08777,32.80609],[130.08267,32.81117],[130.08062,32.81536],[130.07944,32.81597],[130.07902,32.81833],[130.07714,32.82188],[130.07246,32.82776],[130.07031,32.82938],[130.07042,32.83056],[130.07146,32.83172],[130.06904,32.83135],[130.06923,32.83045],[130.06895,32.83081],[130.06766,32.83006],[130.06722,32.83052],[130.06593,32.82904]]]]}},{"type":"Feature","properties":{"vid":"K64G11S00043","name":"栗面村","reading":"くれも","gun":"高来郡","domains":["saga"],"isShared":false,"shared":[]},"geometry":{"type":"MultiPolygon","coordinates":[[[[130.04913,32.83271],[130.04355,32.83377],[130.04117,32.83488],[130.038,32.83731],[130.03581,32.83736],[130.03683,32.83681],[130.03594,32.83634],[130.03719,32.83533],[130.03824,32.83347],[130.03827,32.83305],[130.03778,32.83308],[130.03796,32.83085],[130.0385,32.82998],[130.03724,32.8283],[130.03749,32.82656],[130.03703,32.8261],[130.03912,32.82549],[130.03968,32.82389],[130.04143,32.82219],[130.04087,32.82096],[130.04103,32.82009],[130.0415,32.81953],[130.04256,32.81951],[130.04371,32.81751],[130.04477,32.81688],[130.04539,32.81799],[130.04529,32.82011],[130.04607,32.82158],[130.04548,32.82233],[130.04618,32.82292],[130.04683,32.8257],[130.04835,32.82738],[130.04836,32.83053],[130.04913,32.83088],[130.04913,32.83271]]],[[[130.02706,32.79684],[130.02849,32.79675],[130.03052,32.79883],[130.03115,32.79879],[130.03068,32.79913],[130.03227,32.80191],[130.03438,32.80269],[130.03511,32.80344],[130.0358,32.80337],[130.03656,32.80243],[130.03828,32.80363],[130.03857,32.80318],[130.03901,32.80511],[130.04041,32.80602],[130.04106,32.80766],[130.03808,32.81132],[130.03822,32.81316],[130.03652,32.81432],[130.03601,32.81548],[130.03509,32.81585],[130.0346,32.81758],[130.0333,32.81808],[130.03205,32.82002],[130.03112,32.81883],[130.03004,32.81911],[130.02827,32.81842],[130.0272,32.81874],[130.02369,32.81813],[130.02215,32.81859],[130.02075,32.81824],[130.01921,32.81695],[130.01815,32.81742],[130.0171,32.81648],[130.01533,32.81638],[130.01063,32.81307],[130.01035,32.81194],[130.00889,32.8112],[130.00847,32.8101],[130.00735,32.80926],[130.00919,32.80856],[130.01073,32.80854],[130.00854,32.80553],[130.00625,32.80355],[130.00947,32.80073],[130.01066,32.80076],[130.01278,32.7996],[130.01727,32.79909],[130.01822,32.79857],[130.02092,32.79867],[130.02341,32.79947],[130.02516,32.79736],[130.02706,32.79684]]],[[[130.02264,32.81844],[130.02369,32.81813],[130.0272,32.81874],[130.02827,32.81842],[130.03004,32.81911],[130.03112,32.81883],[130.03205,32.82002],[130.0333,32.81808],[130.0346,32.81758],[130.03509,32.81585],[130.03601,32.81548],[130.03652,32.81432],[130.03822,32.81316],[130.03808,32.81132],[130.04106,32.80766],[130.04267,32.80926],[130.04378,32.81149],[130.04533,32.8121],[130.04478,32.81281],[130.04519,32.81409],[130.04468,32.81529],[130.04477,32.81688],[130.04371,32.81751],[130.04256,32.81951],[130.0415,32.81953],[130.04103,32.82009],[130.04087,32.82096],[130.04143,32.82219],[130.03968,32.82389],[130.03912,32.82549],[130.03703,32.8261],[130.03749,32.82656],[130.03724,32.8283],[130.0385,32.82998],[130.03796,32.83085],[130.03778,32.83308],[130.03827,32.83305],[130.03824,32.83347],[130.03719,32.83533],[130.03594,32.83634],[130.03683,32.83681],[130.03581,32.83736],[130.03049,32.83736],[130.02925,32.83665],[130.02945,32.83503],[130.03096,32.83312],[130.03214,32.82889],[130.03176,32.82626],[130.02924,32.82313],[130.02398,32.82004],[130.02264,32.81844]]]]}},{"type":"Feature","properties":{"vid":"K64G11S00044","name":"小野村","reading":"おの","gun":"高来郡","domains":["saga"],"isShared":false,"shared":[]},"geometry":{"type":"MultiPolygon","coordinates":[[[[130.10455,32.81885],[130.1062,32.82235],[130.10671,32.82454],[130.1073,32.82473],[130.10647,32.82506],[130.10642,32.82605],[130.10556,32.82666],[130.10637,32.82739],[130.10693,32.82688],[130.10791,32.82714],[130.10981,32.8303],[130.11041,32.83297],[130.11097,32.83304],[130.11353,32.83621],[130.1153,32.83936],[130.12157,32.84561],[130.11731,32.84947],[130.11381,32.84649],[130.11289,32.84472],[130.11168,32.84535],[130.10891,32.84199],[130.108,32.84226],[130.10723,32.84072],[130.10637,32.84102],[130.10709,32.84071],[130.10607,32.83927],[130.105,32.83969],[130.10341,32.8374],[130.10266,32.8351],[130.10373,32.83399],[130.10401,32.83262],[130.10489,32.83285],[130.10326,32.83136],[130.10287,32.83027],[130.10316,32.83],[130.10247,32.83],[130.10222,32.8291],[130.1029,32.82498],[130.102,32.82557],[130.10266,32.82338],[130.10136,32.81861],[130.10234,32.81887],[130.10332,32.81844],[130.10455,32.81885]]],[[[130.10136,32.81861],[130.10266,32.82338],[130.102,32.82557],[130.1029,32.82498],[130.10222,32.8291],[130.10247,32.83],[130.10316,32.83],[130.10287,32.83027],[130.10326,32.83136],[130.10489,32.83285],[130.10401,32.83262],[130.10373,32.83399],[130.10266,32.8351],[130.10341,32.8374],[130.105,32.83969],[130.10607,32.83927],[130.10709,32.84071],[130.10637,32.84102],[130.10723,32.84072],[130.108,32.84226],[130.10891,32.84199],[130.11168,32.84535],[130.11289,32.84472],[130.11381,32.84649],[130.11752,32.84933],[130.1136,32.85365],[130.10871,32.84932],[130.10423,32.84441],[130.10215,32.84329],[130.09749,32.83741],[130.09411,32.83604],[130.09513,32.83379],[130.09622,32.83358],[130.09594,32.83219],[130.09673,32.83074],[130.09686,32.82821],[130.09776,32.82593],[130.09756,32.82271],[130.09803,32.82036],[130.09777,32.81892],[130.09622,32.81769],[130.09613,32.81688],[130.09733,32.81695],[130.09764,32.81758],[130.09786,32.81688],[130.09875,32.81701],[130.10136,32.81861]]],[[[130.09411,32.83604],[130.09371,32.83726],[130.08306,32.83646],[130.08315,32.8345],[130.08362,32.83384],[130.08608,32.83404],[130.08599,32.83338],[130.08476,32.83317],[130.08477,32.83226],[130.08494,32.83168],[130.0859,32.8317],[130.08622,32.83013],[130.08674,32.82973],[130.086,32.82817],[130.08694,32.82791],[130.08661,32.82636],[130.08835,32.82539],[130.09032,32.82139],[130.09117,32.82111],[130.09462,32.81762],[130.09613,32.81688],[130.09622,32.81769],[130.09777,32.81892],[130.09803,32.82036],[130.09756,32.82271],[130.09776,32.82593],[130.09686,32.82821],[130.09673,32.83074],[130.09594,32.83219],[130.09622,32.83358],[130.09513,32.83379],[130.09411,32.83604]]],[[[130.10455,32.81885],[130.10332,32.81844],[130.10153,32.81874],[130.09786,32.81688],[130.09775,32.81757],[130.09733,32.81695],[130.09636,32.8168],[130.09462,32.81762],[130.09117,32.82111],[130.09032,32.82139],[130.08835,32.82539],[130.08661,32.82636],[130.08694,32.82791],[130.086,32.82817],[130.08674,32.82973],[130.08622,32.83013],[130.0859,32.8317],[130.08494,32.83168],[130.08477,32.83226],[130.08476,32.83317],[130.08599,32.83338],[130.08608,32.83404],[130.08362,32.83384],[130.08315,32.8345],[130.08305,32.83664],[130.07975,32.83652],[130.07987,32.83368],[130.08058,32.83351],[130.08072,32.83295],[130.07969,32.83291],[130.07978,32.83047],[130.086,32.82263],[130.08789,32.82219],[130.08956,32.81951],[130.09087,32.81903],[130.09126,32.81691],[130.09206,32.8148],[130.0928,32.81437],[130.09344,32.81161],[130.0957,32.80819],[130.09513,32.80801],[130.0951,32.80481],[130.09532,32.80345],[130.09585,32.80308],[130.09536,32.80261],[130.0954,32.8008],[130.09651,32.80011],[130.0968,32.79938],[130.09906,32.79814],[130.10175,32.79816],[130.10283,32.80032],[130.10288,32.80298],[130.10228,32.8038],[130.10226,32.80588],[130.10371,32.80883],[130.10372,32.81123],[130.10353,32.81205],[130.10081,32.81358],[130.10107,32.81479],[130.1037,32.81567],[130.10455,32.81885]]],[[[130.07384,32.83484],[130.07249,32.83402],[130.07192,32.8323],[130.07042,32.83056],[130.07031,32.82938],[130.07246,32.82776],[130.07714,32.82188],[130.07902,32.81833],[130.07944,32.81597],[130.08062,32.81536],[130.08168,32.81353],[130.08179,32.81247],[130.08309,32.81069],[130.08389,32.81036],[130.08397,32.80962],[130.08777,32.80609],[130.09147,32.80466],[130.09409,32.80305],[130.09453,32.80132],[130.0954,32.8008],[130.09536,32.80261],[130.09585,32.80308],[130.09532,32.80345],[130.0951,32.80481],[130.09513,32.80801],[130.0957,32.80819],[130.09344,32.81161],[130.0928,32.81437],[130.09206,32.8148],[130.09126,32.81691],[130.09087,32.81903],[130.08956,32.81951],[130.08789,32.82219],[130.086,32.82263],[130.07978,32.83047],[130.07969,32.83291],[130.08072,32.83295],[130.08058,32.83351],[130.07987,32.83368],[130.07975,32.83652],[130.0788,32.83614],[130.07883,32.83516],[130.07741,32.83503],[130.07661,32.83425],[130.07737,32.83344],[130.07384,32.83484]]]]}},{"type":"Feature","properties":{"vid":"K64G11S00045","name":"川内町村","reading":"かわちまち","gun":"高来郡","domains":["saga"],"isShared":false,"shared":[]},"geometry":{"type":"MultiPolygon","coordinates":[[[[130.07682,32.84852],[130.0776,32.8463],[130.07738,32.8425],[130.0745,32.84006],[130.07455,32.83604],[130.07384,32.83484],[130.07737,32.83344],[130.07661,32.83425],[130.07741,32.83503],[130.07883,32.83516],[130.0788,32.83614],[130.08305,32.83664],[130.08299,32.83753],[130.08384,32.83754],[130.08412,32.83801],[130.08385,32.83894],[130.08723,32.83923],[130.08705,32.84245],[130.08776,32.84341],[130.0881,32.84523],[130.08553,32.8459],[130.08542,32.85309],[130.0867,32.85308],[130.08721,32.85358],[130.08543,32.85627],[130.08263,32.85605],[130.08108,32.85525],[130.07717,32.85088],[130.07682,32.84852]]],[[[130.08721,32.85358],[130.08832,32.85388],[130.08876,32.85498],[130.0907,32.85539],[130.0912,32.85629],[130.09087,32.85668],[130.09158,32.8571],[130.09242,32.85661],[130.09301,32.85731],[130.09446,32.85709],[130.09672,32.85847],[130.09751,32.8581],[130.09887,32.85975],[130.09805,32.85991],[130.09984,32.86213],[130.09637,32.86284],[130.09129,32.86603],[130.09023,32.86548],[130.09135,32.8628],[130.09149,32.86045],[130.09013,32.85904],[130.08748,32.8589],[130.08543,32.85627],[130.08721,32.85358]]],[[[130.08306,32.83646],[130.08884,32.83661],[130.08873,32.83821],[130.08737,32.83822],[130.08723,32.83923],[130.08628,32.83911],[130.08626,32.83942],[130.08385,32.83894],[130.08412,32.83801],[130.08384,32.83754],[130.08299,32.83753],[130.08306,32.83646]]]]}},{"type":"Feature","properties":{"vid":"K64G11S00046","name":"小野島村","reading":"おのじま","gun":"高来郡","domains":["saga"],"isShared":false,"shared":[]},"geometry":{"type":"MultiPolygon","coordinates":[[[[130.09411,32.83604],[130.09749,32.83741],[130.10215,32.84329],[130.10406,32.84433],[130.09774,32.84839],[130.09815,32.85064],[130.09628,32.85164],[130.09595,32.85454],[130.09331,32.85541],[130.08895,32.85504],[130.08823,32.85381],[130.08678,32.85351],[130.0867,32.85308],[130.08542,32.85309],[130.0853,32.8519],[130.08553,32.8459],[130.0881,32.84523],[130.08776,32.84341],[130.08705,32.84245],[130.08737,32.83822],[130.08873,32.83821],[130.08886,32.83664],[130.09371,32.83726],[130.09411,32.83604]]],[[[130.10406,32.84433],[130.10871,32.84932],[130.1136,32.85365],[130.10885,32.85754],[130.11062,32.85934],[130.10632,32.86263],[130.10476,32.86129],[130.10433,32.86032],[130.09963,32.86214],[130.09805,32.85991],[130.09887,32.85975],[130.09751,32.8581],[130.09672,32.85847],[130.09446,32.85709],[130.09301,32.85731],[130.09242,32.85661],[130.09158,32.8571],[130.09087,32.85668],[130.0912,32.85629],[130.09045,32.85531],[130.09049,32.85498],[130.09331,32.85541],[130.09595,32.85454],[130.09628,32.85164],[130.09815,32.85064],[130.09774,32.84839],[130.10406,32.84433]]]]}},{"type":"Feature","properties":{"vid":"K64G11S00047","name":"森山村","reading":"もりやま","gun":"高来郡","domains":["saga"],"isShared":false,"shared":[]},"geometry":{"type":"MultiPolygon","coordinates":[[[[130.13845,32.83591],[130.13703,32.8346],[130.13615,32.83496],[130.13556,32.83421],[130.13498,32.8345],[130.1342,32.83405],[130.13463,32.83309],[130.13359,32.8318],[130.13341,32.82979],[130.13398,32.82833],[130.13628,32.82824],[130.1367,32.82887],[130.13752,32.82853],[130.13849,32.83023],[130.13771,32.8308],[130.13807,32.83113],[130.13693,32.83168],[130.13742,32.8321],[130.13916,32.83095],[130.14082,32.8334],[130.13845,32.83591]]],[[[130.1526,32.84949],[130.14933,32.85097],[130.14879,32.8522],[130.14825,32.85207],[130.14623,32.854],[130.14505,32.85414],[130.14557,32.85446],[130.14529,32.85466],[130.1263,32.84149],[130.12907,32.83876],[130.13135,32.83931],[130.13676,32.83781],[130.13847,32.83657],[130.13845,32.83591],[130.14082,32.8334],[130.13916,32.83095],[130.13742,32.8321],[130.13693,32.83168],[130.13807,32.83113],[130.13771,32.8308],[130.13849,32.83023],[130.13752,32.82853],[130.13669,32.82886],[130.13645,32.82548],[130.13402,32.82286],[130.13416,32.8218],[130.13247,32.82169],[130.13348,32.81852],[130.13257,32.8186],[130.13261,32.81813],[130.13216,32.81826],[130.13145,32.81756],[130.13089,32.81587],[130.1337,32.81546],[130.13414,32.81477],[130.13524,32.81473],[130.13542,32.81581],[130.13679,32.81754],[130.13704,32.81905],[130.13788,32.81959],[130.139,32.81934],[130.14112,32.82109],[130.14345,32.82128],[130.14661,32.82446],[130.14944,32.8253],[130.15653,32.82614],[130.15826,32.84153],[130.15704,32.84356],[130.15409,32.84081],[130.14823,32.84532],[130.1526,32.84949]]],[[[130.11767,32.81317],[130.12054,32.81398],[130.1224,32.81517],[130.12356,32.81429],[130.12509,32.81396],[130.12546,32.81409],[130.12545,32.81501],[130.12726,32.81511],[130.12558,32.81653],[130.12577,32.81695],[130.12496,32.81772],[130.12388,32.8182],[130.12339,32.82024],[130.12388,32.82222],[130.12293,32.82644],[130.12436,32.82943],[130.12383,32.82976],[130.12463,32.83145],[130.12112,32.83127],[130.1157,32.82544],[130.1166,32.82415],[130.11545,32.82293],[130.11547,32.82214],[130.11616,32.82181],[130.11471,32.81992],[130.11465,32.81815],[130.11657,32.81498],[130.1172,32.8153],[130.11767,32.81317]]],[[[130.12112,32.83127],[130.12478,32.83138],[130.12383,32.82976],[130.12436,32.82943],[130.12293,32.82644],[130.12388,32.82222],[130.12339,32.82024],[130.12388,32.8182],[130.12496,32.81772],[130.12577,32.81695],[130.12558,32.81653],[130.12726,32.81511],[130.13089,32.81587],[130.13145,32.81756],[130.13216,32.81826],[130.13261,32.81813],[130.13257,32.8186],[130.13348,32.81852],[130.13247,32.82169],[130.13416,32.8218],[130.13402,32.82286],[130.13612,32.82495],[130.13665,32.82647],[130.13671,32.82858],[130.13623,32.82823],[130.13366,32.82868],[130.13359,32.8318],[130.13463,32.83309],[130.13411,32.83386],[130.13498,32.8345],[130.13556,32.83421],[130.13615,32.83496],[130.13703,32.8346],[130.13846,32.83592],[130.13847,32.83657],[130.13676,32.83781],[130.13315,32.83897],[130.13088,32.83934],[130.12907,32.83876],[130.12623,32.84134],[130.12266,32.8335],[130.12112,32.83127]]],[[[130.15653,32.82614],[130.14944,32.8253],[130.14661,32.82446],[130.14345,32.82128],[130.14112,32.82109],[130.139,32.81934],[130.13788,32.81959],[130.13704,32.81905],[130.13679,32.81754],[130.13518,32.81521],[130.1353,32.8145],[130.13622,32.81435],[130.13601,32.81373],[130.13698,32.81249],[130.13924,32.8129],[130.14049,32.81243],[130.13974,32.80964],[130.14321,32.80993],[130.14575,32.80958],[130.14727,32.81171],[130.14917,32.81732],[130.15156,32.82173],[130.15285,32.82333],[130.15577,32.82472],[130.15653,32.82614]]],[[[130.11767,32.81317],[130.11717,32.81242],[130.11823,32.81263],[130.11993,32.81167],[130.12121,32.81215],[130.12285,32.81167],[130.12485,32.81183],[130.12579,32.81005],[130.12722,32.81045],[130.12829,32.81005],[130.12832,32.80861],[130.1288,32.80832],[130.13255,32.80981],[130.13347,32.80972],[130.13428,32.80892],[130.13485,32.80987],[130.13653,32.80923],[130.13727,32.80966],[130.13974,32.80964],[130.13972,32.81063],[130.14059,32.81232],[130.13924,32.8129],[130.13698,32.81249],[130.13601,32.81373],[130.13622,32.81435],[130.13544,32.81436],[130.13502,32.81503],[130.13414,32.81477],[130.1337,32.81546],[130.13102,32.81588],[130.12545,32.81501],[130.12546,32.81409],[130.12509,32.81396],[130.12356,32.81429],[130.1224,32.81517],[130.12054,32.81398],[130.11767,32.81317]]]]}},{"type":"Feature","properties":{"vid":"K64G11S00048","name":"井牟田村","reading":"いむた","gun":"高来郡","domains":["saga"],"isShared":false,"shared":[]},"geometry":{"type":"MultiPolygon","coordinates":[[[[130.10455,32.81885],[130.10372,32.81574],[130.106,32.81503],[130.10698,32.81367],[130.10873,32.81435],[130.11202,32.8136],[130.11319,32.81374],[130.11504,32.81602],[130.11609,32.81607],[130.11465,32.81815],[130.11456,32.81939],[130.11616,32.82181],[130.11547,32.82214],[130.11543,32.82278],[130.1166,32.82415],[130.11607,32.82527],[130.1157,32.82544],[130.1134,32.82327],[130.11312,32.82399],[130.11234,32.82436],[130.11208,32.82376],[130.10969,32.82399],[130.10873,32.82345],[130.10654,32.82392],[130.10455,32.81885]]],[[[130.10372,32.81574],[130.10107,32.81479],[130.10081,32.81358],[130.10353,32.81205],[130.10383,32.81029],[130.10371,32.80883],[130.10226,32.80588],[130.10228,32.8038],[130.10288,32.80298],[130.10283,32.80032],[130.10198,32.79832],[130.10117,32.79796],[130.1014,32.79764],[130.10493,32.79612],[130.11657,32.79596],[130.11947,32.79465],[130.11995,32.7956],[130.1192,32.79738],[130.11947,32.79908],[130.11897,32.80094],[130.11991,32.80127],[130.12033,32.80293],[130.12019,32.80687],[130.11953,32.80761],[130.12012,32.80842],[130.11963,32.80902],[130.11942,32.81199],[130.11823,32.81263],[130.11717,32.81242],[130.11774,32.81346],[130.1172,32.8153],[130.11657,32.81498],[130.11604,32.81592],[130.11508,32.81605],[130.11292,32.81362],[130.10893,32.81435],[130.10702,32.81366],[130.106,32.81503],[130.10372,32.81574]]],[[[130.12157,32.84561],[130.1153,32.83936],[130.11353,32.83621],[130.11097,32.83304],[130.11041,32.83297],[130.10981,32.8303],[130.10791,32.82714],[130.10693,32.82688],[130.10637,32.82739],[130.10556,32.82666],[130.10642,32.82605],[130.10647,32.82506],[130.1073,32.82473],[130.10654,32.82392],[130.10873,32.82345],[130.10969,32.82399],[130.11208,32.82376],[130.11234,32.82436],[130.11312,32.82399],[130.1134,32.82327],[130.11384,32.82349],[130.12215,32.83269],[130.1263,32.84149],[130.12157,32.84561]]]]}},{"type":"Feature","properties":{"vid":"K64G11S00049","name":"有喜村","reading":"うき","gun":"高来郡","domains":["saga"],"isShared":false,"shared":[]},"geometry":{"type":"MultiPolygon","coordinates":[[[[130.08428,32.80566],[130.07658,32.80723],[130.07518,32.80512],[130.0757,32.80414],[130.07575,32.80238],[130.07694,32.80088],[130.07623,32.80036],[130.07594,32.79859],[130.07682,32.79777],[130.0787,32.79867],[130.07937,32.79716],[130.08057,32.79683],[130.08316,32.79669],[130.08411,32.79714],[130.08301,32.79869],[130.08368,32.79943],[130.08256,32.80059],[130.08431,32.80124],[130.08609,32.80358],[130.08607,32.80423],[130.08504,32.80452],[130.08493,32.80526],[130.08428,32.80566]]],[[[130.06658,32.80823],[130.0674,32.80754],[130.06636,32.80445],[130.06651,32.80145],[130.06557,32.79768],[130.06664,32.7968],[130.06583,32.79626],[130.06675,32.79588],[130.0655,32.79486],[130.06524,32.79325],[130.06742,32.7915],[130.07035,32.79153],[130.07083,32.79333],[130.07263,32.79295],[130.07281,32.79362],[130.07573,32.79422],[130.07563,32.79535],[130.07625,32.7966],[130.07751,32.79773],[130.07594,32.79859],[130.07623,32.80036],[130.07694,32.80088],[130.07575,32.80238],[130.0757,32.80414],[130.07518,32.80465],[130.07658,32.80723],[130.07376,32.80773],[130.06957,32.80774],[130.06912,32.80716],[130.06854,32.80765],[130.06846,32.80857],[130.06775,32.80803],[130.06658,32.80823]]],[[[130.06658,32.80823],[130.0602,32.80835],[130.05759,32.80743],[130.05677,32.80655],[130.05449,32.80699],[130.0505,32.80173],[130.05136,32.80141],[130.0513,32.79929],[130.05197,32.79725],[130.0508,32.79465],[130.05383,32.79418],[130.05609,32.79444],[130.06552,32.7928],[130.06521,32.7935],[130.06559,32.7936],[130.0655,32.79486],[130.06675,32.79588],[130.06583,32.79626],[130.06664,32.7968],[130.06557,32.79768],[130.06651,32.80145],[130.06636,32.80445],[130.0674,32.80754],[130.06658,32.80823]]],[[[130.08658,32.79635],[130.08713,32.79402],[130.08826,32.7931],[130.0895,32.79322],[130.08954,32.7937],[130.08924,32.79335],[130.08823,32.79354],[130.08849,32.79408],[130.09152,32.79361],[130.09053,32.79626],[130.08794,32.79658],[130.08773,32.79711],[130.08658,32.79635]]],[[[130.06183,32.79348],[130.05609,32.79444],[130.05383,32.79418],[130.0508,32.79465],[130.04932,32.79229],[130.04983,32.78917],[130.04861,32.78852],[130.04876,32.78762],[130.04808,32.78678],[130.04882,32.78672],[130.04931,32.78493],[130.04848,32.7842],[130.04765,32.78416],[130.04767,32.78268],[130.04983,32.78292],[130.05426,32.78188],[130.05453,32.78232],[130.05469,32.78177],[130.05555,32.78167],[130.05603,32.78067],[130.05968,32.78161],[130.06441,32.78489],[130.06182,32.78705],[130.06314,32.78966],[130.06187,32.79024],[130.06183,32.79348]]],[[[130.08658,32.79635],[130.08466,32.79682],[130.08488,32.79528],[130.08602,32.79448],[130.08594,32.79495],[130.08671,32.79505],[130.0869,32.79456],[130.08473,32.79338],[130.08536,32.79318],[130.08672,32.79395],[130.08708,32.79331],[130.08732,32.79353],[130.08658,32.79635]]],[[[130.07573,32.79422],[130.07281,32.79362],[130.07263,32.79295],[130.07083,32.79333],[130.07035,32.79153],[130.06953,32.79142],[130.06742,32.7915],[130.06602,32.79265],[130.06183,32.79348],[130.06187,32.79024],[130.06314,32.78966],[130.06182,32.78705],[130.06441,32.78489],[130.06674,32.78678],[130.06605,32.78677],[130.06706,32.78687],[130.06786,32.78768],[130.0739,32.78932],[130.07701,32.78956],[130.07658,32.79142],[130.0772,32.7915],[130.07722,32.79276],[130.07643,32.79349],[130.0758,32.79309],[130.07573,32.79422]]],[[[130.08777,32.80609],[130.08428,32.80566],[130.08493,32.80526],[130.08504,32.80452],[130.08607,32.80423],[130.08609,32.80358],[130.08431,32.80124],[130.08256,32.80059],[130.08368,32.79943],[130.08301,32.79869],[130.08411,32.79714],[130.08658,32.79635],[130.08773,32.79711],[130.08794,32.79658],[130.09053,32.79626],[130.09146,32.79379],[130.0979,32.79331],[130.10039,32.79374],[130.10342,32.79353],[130.11264,32.79038],[130.12082,32.78909],[130.12435,32.7878],[130.1248,32.78774],[130.12541,32.7888],[130.12488,32.78945],[130.12254,32.78977],[130.12183,32.79028],[130.12133,32.79414],[130.11687,32.79592],[130.1079,32.7958],[130.10241,32.7969],[130.10117,32.79796],[130.09906,32.79814],[130.09688,32.79932],[130.09651,32.80011],[130.09453,32.80132],[130.09409,32.80305],[130.09147,32.80466],[130.08777,32.80609]]],[[[130.07693,32.7978],[130.0782,32.79754],[130.07894,32.7963],[130.08299,32.79627],[130.0836,32.79404],[130.08547,32.79494],[130.08488,32.79528],[130.08453,32.79656],[130.08516,32.79693],[130.08461,32.7972],[130.08316,32.79669],[130.08046,32.79686],[130.07937,32.79716],[130.0787,32.79867],[130.07693,32.7978]]],[[[130.07751,32.79773],[130.07703,32.79761],[130.07563,32.79535],[130.07598,32.79464],[130.07576,32.79316],[130.07643,32.79349],[130.07734,32.79228],[130.0772,32.7915],[130.07658,32.79142],[130.07705,32.78959],[130.08043,32.79082],[130.08086,32.79053],[130.08219,32.79116],[130.0856,32.79087],[130.08612,32.79137],[130.08427,32.79116],[130.08444,32.79243],[130.08492,32.79278],[130.08373,32.79252],[130.08346,32.79192],[130.08246,32.79224],[130.08287,32.79326],[130.08397,32.79381],[130.08271,32.79345],[130.08365,32.795],[130.08299,32.79627],[130.07894,32.7963],[130.07844,32.79734],[130.07751,32.79773]]]]}},{"type":"Feature","properties":{"vid":"K64G11S00050","name":"唐比村","reading":"からこ","gun":"高来郡","domains":["saga"],"isShared":false,"shared":[]},"geometry":{"type":"Polygon","coordinates":[[[130.11947,32.79465],[130.12133,32.79414],[130.12183,32.79028],[130.12536,32.78923],[130.1248,32.78774],[130.12672,32.78765],[130.13064,32.78816],[130.13522,32.7898],[130.14197,32.79429],[130.14233,32.79412],[130.14204,32.79467],[130.14411,32.79603],[130.14283,32.79767],[130.1409,32.79701],[130.13994,32.79733],[130.14114,32.80062],[130.1403,32.80259],[130.13907,32.80329],[130.13842,32.80494],[130.13624,32.80658],[130.13569,32.80808],[130.13653,32.80923],[130.13485,32.80987],[130.13428,32.80892],[130.13347,32.80972],[130.13255,32.80981],[130.1288,32.80832],[130.12832,32.80861],[130.12829,32.81005],[130.12722,32.81045],[130.12579,32.81005],[130.12485,32.81183],[130.12285,32.81167],[130.12121,32.81215],[130.11933,32.81166],[130.11963,32.80902],[130.12012,32.80842],[130.11953,32.80761],[130.12019,32.80687],[130.12034,32.80524],[130.12012,32.80162],[130.1197,32.80098],[130.11897,32.80094],[130.11947,32.79908],[130.1192,32.79738],[130.11995,32.7956],[130.11947,32.79465]]]}},{"type":"Feature","properties":{"vid":"K64G11S00051","name":"江ノ浦村","reading":"えのうら","gun":"高来郡","domains":["saga"],"isShared":false,"shared":[]},"geometry":{"type":"MultiPolygon","coordinates":[[[[130.02954,32.76569],[130.02907,32.76462],[130.02995,32.76439],[130.03177,32.76552],[130.03074,32.76513],[130.03136,32.76552],[130.03439,32.76634],[130.03918,32.76695],[130.03944,32.76612],[130.03937,32.76697],[130.04101,32.76741],[130.04304,32.76899],[130.04811,32.77407],[130.04619,32.77455],[130.04611,32.77402],[130.04546,32.77403],[130.04431,32.77183],[130.04301,32.77101],[130.04315,32.77034],[130.04099,32.76828],[130.03855,32.76927],[130.03355,32.76782],[130.03247,32.76721],[130.03354,32.76699],[130.03215,32.76624],[130.03062,32.76565],[130.02987,32.76632],[130.02954,32.76569]]],[[[130.02575,32.76674],[130.02524,32.76742],[130.02326,32.76809],[130.02322,32.76728],[130.02193,32.76753],[130.02065,32.76659],[130.02037,32.76531],[130.01941,32.76493],[130.01911,32.76409],[130.02086,32.7643],[130.02103,32.76388],[130.02347,32.76321],[130.0249,32.76394],[130.02669,32.76337],[130.0276,32.76394],[130.02725,32.7651],[130.02575,32.76674]]],[[[130.02304,32.77406],[130.02385,32.77423],[130.02442,32.77365],[130.02549,32.77428],[130.02623,32.77387],[130.02641,32.77423],[130.02833,32.77436],[130.0294,32.77361],[130.03087,32.77446],[130.03266,32.77677],[130.03289,32.77828],[130.04228,32.77943],[130.04528,32.78186],[130.03828,32.7807],[130.03711,32.78199],[130.03597,32.7822],[130.03431,32.78333],[130.03137,32.78191],[130.03013,32.78211],[130.02807,32.78097],[130.02623,32.78081],[130.02628,32.78026],[130.02362,32.77698],[130.02304,32.77406]]],[[[130.02954,32.76569],[130.02987,32.76632],[130.03062,32.76565],[130.03215,32.76624],[130.03354,32.76699],[130.03247,32.76721],[130.03355,32.76782],[130.03855,32.76927],[130.03504,32.77076],[130.03505,32.77172],[130.03154,32.77147],[130.03146,32.77233],[130.02852,32.77434],[130.02641,32.77423],[130.02623,32.77387],[130.02549,32.77428],[130.02442,32.77365],[130.02385,32.77423],[130.02304,32.77406],[130.02365,32.77118],[130.02551,32.76773],[130.02494,32.76755],[130.02575,32.76674],[130.02695,32.76714],[130.02954,32.76569]]],[[[130.05603,32.78067],[130.05555,32.78167],[130.05469,32.78177],[130.05453,32.78232],[130.05426,32.78188],[130.04983,32.78292],[130.04767,32.78268],[130.04744,32.78343],[130.04632,32.78319],[130.04656,32.78238],[130.04569,32.78227],[130.04228,32.77943],[130.03289,32.77828],[130.03266,32.77677],[130.03087,32.77446],[130.0294,32.77361],[130.03146,32.77233],[130.03154,32.77147],[130.03505,32.77172],[130.03502,32.77077],[130.03574,32.77031],[130.04099,32.76828],[130.04315,32.77034],[130.04301,32.77101],[130.04431,32.77183],[130.04546,32.77403],[130.04611,32.77402],[130.04619,32.77455],[130.04821,32.77412],[130.05019,32.77625],[130.05194,32.77743],[130.05305,32.77754],[130.05403,32.77855],[130.0545,32.77989],[130.05603,32.78067]]],[[[130.02954,32.76569],[130.02695,32.76714],[130.02575,32.76674],[130.0277,32.76464],[130.02826,32.765],[130.02907,32.76462],[130.02954,32.76569]]],[[[130.04549,32.75956],[130.04519,32.76041],[130.04379,32.7596],[130.04229,32.75939],[130.04361,32.75864],[130.04549,32.75956]]],[[[130.04117,32.75935],[130.04129,32.75997],[130.04026,32.7613],[130.04093,32.76276],[130.04047,32.76345],[130.03773,32.76328],[130.03773,32.76253],[130.03912,32.76113],[130.03923,32.75934],[130.04117,32.75935]]],[[[130.0277,32.76464],[130.02725,32.7651],[130.0276,32.76394],[130.02643,32.76327],[130.0249,32.76394],[130.02347,32.76321],[130.02103,32.76388],[130.02086,32.7643],[130.0194,32.76392],[130.01868,32.76183],[130.01882,32.75999],[130.02403,32.75837],[130.02569,32.75892],[130.02978,32.76157],[130.03175,32.76396],[130.03087,32.76412],[130.02949,32.76297],[130.0277,32.76464]]],[[[130.03522,32.76506],[130.03384,32.76536],[130.03361,32.76475],[130.03213,32.76425],[130.032,32.76365],[130.03441,32.76413],[130.03638,32.7636],[130.03495,32.76412],[130.03522,32.76506]]],[[[130.01879,32.76039],[130.01923,32.76471],[130.02037,32.76531],[130.02065,32.76659],[130.02193,32.76753],[130.02322,32.76728],[130.02326,32.76809],[130.02094,32.76866],[130.01694,32.77208],[130.01679,32.77042],[130.01545,32.7711],[130.01098,32.76787],[130.00918,32.76574],[130.01064,32.76571],[130.01151,32.76486],[130.01116,32.76371],[130.01163,32.76298],[130.01719,32.76221],[130.01879,32.76039]]],[[[130.00918,32.76574],[130.01098,32.76787],[130.01545,32.7711],[130.01679,32.77042],[130.01694,32.77208],[130.01646,32.77263],[130.01638,32.77411],[130.01461,32.77786],[130.01512,32.78022],[130.00611,32.78173],[130.00399,32.78126],[130.00281,32.7796],[130.00332,32.77906],[130.00294,32.77875],[130.00343,32.77538],[130.00328,32.7722],[130.00537,32.77016],[130.00574,32.76936],[130.00523,32.76842],[130.00555,32.76762],[130.00759,32.76602],[130.00918,32.76574]]],[[[130.01358,32.79968],[130.01266,32.79964],[130.01066,32.80076],[130.00947,32.80073],[130.00606,32.80364],[130.00251,32.80218],[130.00214,32.80084],[130.00144,32.80043],[130.00045,32.79776],[130.00049,32.79598],[130.001,32.79469],[130.00194,32.79415],[130.00181,32.79342],[130.00269,32.7927],[130.00271,32.7917],[130.00444,32.79001],[130.00448,32.78768],[130.00212,32.78524],[130.00157,32.78299],[130.00212,32.78293],[130.00202,32.7814],[130.00286,32.77963],[130.00399,32.78126],[130.00611,32.78173],[130.01121,32.78058],[130.0168,32.78003],[130.01925,32.78094],[130.02066,32.78336],[130.0199,32.78574],[130.02024,32.78712],[130.01897,32.78845],[130.01854,32.79058],[130.01439,32.79276],[130.01318,32.79478],[130.01304,32.79689],[130.01162,32.79853],[130.01251,32.7985],[130.01358,32.79968]]],[[[130.02706,32.79684],[130.02516,32.79736],[130.02341,32.79947],[130.01909,32.79854],[130.01358,32.79968],[130.01251,32.7985],[130.01162,32.79853],[130.01304,32.79689],[130.01317,32.7948],[130.01439,32.79276],[130.01854,32.79058],[130.01897,32.78845],[130.02024,32.78712],[130.0199,32.78574],[130.02066,32.78336],[130.02262,32.78408],[130.02302,32.78627],[130.02391,32.78781],[130.02598,32.78926],[130.02524,32.79001],[130.02485,32.79151],[130.02631,32.79612],[130.02751,32.79632],[130.02706,32.79684]]],[[[130.02706,32.79684],[130.02751,32.79632],[130.02631,32.79612],[130.02485,32.79151],[130.02524,32.79001],[130.02598,32.78926],[130.02391,32.78781],[130.02462,32.78742],[130.02644,32.78806],[130.02725,32.7876],[130.02924,32.78892],[130.0323,32.78825],[130.03546,32.79025],[130.03714,32.7905],[130.04135,32.78928],[130.04375,32.78951],[130.04366,32.79035],[130.04489,32.79047],[130.04529,32.79175],[130.04948,32.79242],[130.05162,32.79586],[130.05197,32.79725],[130.05137,32.7993],[130.04791,32.79873],[130.04836,32.80226],[130.04682,32.80268],[130.04662,32.80206],[130.03879,32.80457],[130.03857,32.80318],[130.03828,32.80363],[130.03656,32.80243],[130.0358,32.80337],[130.03511,32.80344],[130.03438,32.80269],[130.03227,32.80191],[130.03068,32.79913],[130.03115,32.79879],[130.03052,32.79883],[130.02849,32.79675],[130.02706,32.79684]]],[[[130.04744,32.78343],[130.04765,32.78416],[130.04848,32.7842],[130.04931,32.78493],[130.04882,32.78672],[130.04808,32.78678],[130.04876,32.78762],[130.04861,32.78852],[130.04983,32.78917],[130.04932,32.79229],[130.04529,32.79175],[130.04489,32.79047],[130.04366,32.79035],[130.04375,32.78951],[130.04135,32.78928],[130.03714,32.7905],[130.03546,32.79025],[130.0323,32.78825],[130.02924,32.78892],[130.02725,32.7876],[130.02644,32.78806],[130.02462,32.78742],[130.02416,32.78791],[130.02302,32.78627],[130.02262,32.78408],[130.02066,32.78336],[130.01925,32.78094],[130.0168,32.78003],[130.01512,32.78022],[130.01461,32.77786],[130.01638,32.77411],[130.01671,32.77226],[130.02094,32.76866],[130.02494,32.76755],[130.02551,32.76773],[130.02306,32.77274],[130.02305,32.77443],[130.02362,32.77698],[130.02628,32.78026],[130.02623,32.78081],[130.02807,32.78097],[130.03013,32.78211],[130.03137,32.78191],[130.03431,32.78333],[130.03597,32.7822],[130.03711,32.78199],[130.03828,32.7807],[130.03966,32.78067],[130.04528,32.78186],[130.04656,32.78238],[130.04632,32.78319],[130.04744,32.78343]]]]}},{"type":"Feature","properties":{"vid":"K64G11S00052","name":"田結村","reading":"たゆい","gun":"高来郡","domains":["saga"],"isShared":false,"shared":[]},"geometry":{"type":"MultiPolygon","coordinates":[[[[129.98962,32.78928],[129.98953,32.7873],[129.99083,32.78406],[129.99266,32.78329],[129.99354,32.78195],[129.99285,32.78074],[129.99381,32.77961],[129.99343,32.7788],[129.99644,32.77725],[129.99733,32.77567],[129.99817,32.77584],[130.00081,32.77913],[130.0006,32.77988],[130.00251,32.78062],[130.00202,32.7814],[130.00212,32.78293],[130.00157,32.78299],[130.00212,32.78524],[130.00448,32.78768],[130.0044,32.79011],[130.00271,32.7917],[130.00269,32.7927],[130.00181,32.79342],[130.00194,32.79415],[130.001,32.79469],[130.00045,32.79613],[130.00045,32.79776],[130.00251,32.80218],[130.00174,32.80261],[129.99803,32.80293],[129.99743,32.80407],[129.99496,32.80456],[129.99451,32.80507],[129.99335,32.80479],[129.99179,32.80142],[129.98909,32.79935],[129.98877,32.79687],[129.98995,32.79593],[129.98931,32.7952],[129.98962,32.78928]]],[[[130.00523,32.76842],[130.00574,32.76936],[130.00537,32.77016],[130.00328,32.7722],[130.00343,32.77538],[130.00294,32.77875],[130.00332,32.77906],[130.00251,32.78062],[130.0006,32.77988],[130.00081,32.77913],[129.99817,32.77584],[129.99733,32.77567],[129.99596,32.77346],[129.99451,32.77293],[129.99504,32.77113],[129.99445,32.77013],[129.99476,32.76984],[129.99527,32.77102],[129.99655,32.77108],[129.99692,32.77058],[129.99654,32.77039],[129.99731,32.77007],[129.99734,32.76945],[129.99803,32.76954],[129.99859,32.76851],[129.99957,32.76829],[129.99934,32.76793],[129.99988,32.76843],[130.00071,32.76801],[130.00125,32.76847],[130.00272,32.7681],[130.00523,32.76842]]],[[[129.99859,32.75461],[129.99768,32.75455],[129.99656,32.7528],[129.99719,32.75253],[129.99794,32.75332],[129.99986,32.75271],[129.99911,32.75453],[129.99859,32.75461]]],[[[130.00376,32.75583],[130.00209,32.75501],[130.0045,32.75375],[130.00599,32.75177],[130.0071,32.75179],[130.00675,32.75377],[130.00457,32.75564],[130.00376,32.75583]]],[[[130.01882,32.75999],[130.01836,32.76116],[130.01719,32.76221],[130.01163,32.76298],[130.01116,32.76371],[130.01151,32.76486],[130.01064,32.76571],[130.00759,32.76602],[130.00555,32.76762],[130.00543,32.76845],[130.00442,32.76759],[130.0049,32.76697],[130.00325,32.76574],[130.00273,32.76427],[130.00221,32.76408],[130.00135,32.76143],[130.00394,32.76047],[130.00355,32.76021],[130.00444,32.75988],[130.00498,32.75783],[130.00851,32.75766],[130.00884,32.75807],[130.00977,32.75768],[130.00997,32.75828],[130.01042,32.75814],[130.01004,32.75854],[130.0104,32.75898],[130.01137,32.75959],[130.01882,32.75999]]],[[[130.00523,32.76842],[130.00272,32.7681],[130.00125,32.76847],[130.00071,32.76801],[129.99988,32.76843],[129.99934,32.76793],[129.99957,32.76829],[129.99859,32.76851],[129.99803,32.76954],[129.99734,32.76945],[129.99731,32.77007],[129.99654,32.77039],[129.99692,32.77058],[129.99655,32.77108],[129.99527,32.77102],[129.99462,32.7701],[129.99524,32.7687],[129.99522,32.76559],[129.99606,32.76389],[129.99721,32.76276],[129.99996,32.76154],[129.99956,32.76127],[130.00013,32.76167],[130.00135,32.76143],[130.00182,32.76198],[130.00221,32.76408],[130.00273,32.76427],[130.00325,32.76574],[130.0049,32.76697],[130.00442,32.76759],[130.00523,32.76842]]],[[[129.99004,32.76152],[129.98999,32.76073],[129.98772,32.75911],[129.98817,32.75879],[129.98813,32.75804],[129.98726,32.75826],[129.98699,32.75772],[129.98714,32.75709],[129.98728,32.75822],[129.98817,32.75781],[129.98875,32.75669],[129.98877,32.75614],[129.9877,32.756],[129.98731,32.75646],[129.98736,32.75605],[129.98942,32.75601],[129.99113,32.75357],[129.99213,32.75374],[129.99145,32.75383],[129.99231,32.75438],[129.99403,32.75412],[129.99543,32.7547],[129.99517,32.75501],[129.9944,32.75456],[129.99404,32.75548],[129.99457,32.75641],[129.99503,32.75633],[129.99532,32.75707],[129.99485,32.75702],[129.99474,32.75759],[129.99597,32.75912],[129.99692,32.75864],[129.99903,32.75898],[129.99669,32.75877],[129.99562,32.75955],[129.99658,32.76035],[129.99282,32.76148],[129.99004,32.76152]]],[[[129.99343,32.7788],[129.99231,32.77899],[129.99013,32.77614],[129.98839,32.77483],[129.98871,32.77322],[129.98714,32.77171],[129.98692,32.76996],[129.98771,32.76904],[129.98848,32.76943],[129.98845,32.76888],[129.98998,32.76694],[129.98932,32.76551],[129.98941,32.76409],[129.9909,32.7629],[129.99004,32.76152],[129.99282,32.76148],[129.99658,32.76035],[129.99877,32.76096],[129.99885,32.76],[129.99911,32.76203],[129.99721,32.76276],[129.99522,32.76559],[129.99522,32.76884],[129.99445,32.77013],[129.99504,32.77113],[129.99451,32.77293],[129.99596,32.77346],[129.99733,32.77567],[129.99644,32.77725],[129.99343,32.7788]]]]}},{"type":"Feature","properties":{"vid":"K64G11S00053","name":"戸石村","reading":"といし","gun":"高来郡","domains":["saga"],"isShared":false,"shared":[]},"geometry":{"type":"MultiPolygon","coordinates":[[[[129.97918,32.77459],[129.97859,32.77325],[129.9794,32.77302],[129.97927,32.77247],[129.9798,32.77289],[129.98268,32.77249],[129.98357,32.77171],[129.98699,32.77097],[129.98714,32.77171],[129.98867,32.77308],[129.98832,32.7747],[129.98886,32.77544],[129.99013,32.77614],[129.99231,32.77899],[129.99367,32.77894],[129.99359,32.78032],[129.99285,32.78074],[129.99354,32.78195],[129.99266,32.78329],[129.99083,32.78406],[129.98953,32.7873],[129.98962,32.78928],[129.98411,32.78909],[129.9823,32.78833],[129.98067,32.78674],[129.98047,32.78585],[129.98149,32.78291],[129.98039,32.77917],[129.98077,32.77715],[129.97918,32.77459]]],[[[129.96973,32.78632],[129.97031,32.78524],[129.97006,32.78357],[129.96681,32.78172],[129.96548,32.77849],[129.96522,32.77589],[129.9664,32.7755],[129.96808,32.77592],[129.96807,32.77625],[129.96917,32.77595],[129.96929,32.77682],[129.97037,32.77738],[129.97146,32.77684],[129.97111,32.77628],[129.97197,32.77626],[129.97414,32.77444],[129.97487,32.7752],[129.97429,32.77578],[129.97529,32.77618],[129.97598,32.77525],[129.97653,32.77565],[129.97687,32.7753],[129.97961,32.77565],[129.97918,32.77459],[129.98077,32.77715],[129.98039,32.77917],[129.98151,32.78304],[129.98045,32.78624],[129.97541,32.78539],[129.96973,32.78632]]],[[[129.96522,32.77589],[129.96536,32.7741],[129.96658,32.77357],[129.96674,32.77285],[129.96855,32.77251],[129.96987,32.77288],[129.9719,32.77143],[129.97375,32.77113],[129.97503,32.77033],[129.97627,32.77036],[129.97613,32.77107],[129.97717,32.77204],[129.97817,32.77195],[129.97813,32.773],[129.97845,32.77281],[129.97961,32.77552],[129.97856,32.77578],[129.97687,32.7753],[129.97653,32.77565],[129.97598,32.77525],[129.97529,32.77618],[129.97429,32.77578],[129.97487,32.7752],[129.97414,32.77444],[129.97197,32.77626],[129.97111,32.77628],[129.97146,32.77684],[129.97037,32.77738],[129.96929,32.77682],[129.96917,32.77595],[129.96807,32.77625],[129.96808,32.77592],[129.9664,32.7755],[129.96522,32.77589]]],[[[129.96674,32.77285],[129.9658,32.77193],[129.9666,32.76966],[129.9667,32.76878],[129.96625,32.76838],[129.96787,32.766],[129.96919,32.76515],[129.9663,32.76503],[129.96633,32.76385],[129.96696,32.76381],[129.96712,32.76309],[129.96816,32.76309],[129.96856,32.76356],[129.96895,32.76306],[129.97043,32.76355],[129.97109,32.76323],[129.97256,32.76525],[129.97463,32.76568],[129.97664,32.76592],[129.9769,32.76506],[129.97783,32.76481],[129.97861,32.76528],[129.97875,32.76646],[129.97988,32.7661],[129.98217,32.76346],[129.98422,32.76367],[129.98588,32.7644],[129.98598,32.76736],[129.98678,32.76744],[129.98791,32.76906],[129.98692,32.76996],[129.98699,32.77097],[129.98357,32.77171],[129.98268,32.77249],[129.9798,32.77289],[129.97927,32.77247],[129.9794,32.77302],[129.97859,32.77325],[129.97845,32.77281],[129.97813,32.773],[129.97809,32.77187],[129.97717,32.77204],[129.97613,32.77107],[129.97627,32.77036],[129.9749,32.77035],[129.97375,32.77113],[129.9719,32.77143],[129.96987,32.77288],[129.96855,32.77251],[129.96674,32.77285]]],[[[129.98791,32.76906],[129.98678,32.76744],[129.98598,32.76736],[129.98588,32.7644],[129.98463,32.7638],[129.98217,32.76346],[129.97988,32.7661],[129.97875,32.76646],[129.97861,32.76528],[129.97783,32.76481],[129.9769,32.76506],[129.97664,32.76592],[129.97256,32.76525],[129.97166,32.76418],[129.97168,32.76323],[129.97425,32.76227],[129.97684,32.762],[129.97702,32.76121],[129.97695,32.76202],[129.97915,32.76207],[129.97851,32.76219],[129.97866,32.76347],[129.98054,32.76353],[129.98168,32.76286],[129.98187,32.7621],[129.97971,32.76193],[129.98142,32.762],[129.98221,32.76128],[129.98772,32.75911],[129.98999,32.76073],[129.9909,32.7629],[129.98941,32.76409],[129.98932,32.76551],[129.98998,32.76694],[129.98845,32.76888],[129.98848,32.76943],[129.98791,32.76906]]],[[[129.97853,32.74578],[129.97826,32.74385],[129.9792,32.74326],[129.9795,32.74366],[129.97853,32.74578]]],[[[129.96545,32.76214],[129.96427,32.76229],[129.96396,32.76107],[129.9655,32.75905],[129.96579,32.75714],[129.96825,32.75501],[129.96733,32.75389],[129.96585,32.7547],[129.9678,32.75351],[129.96772,32.75319],[129.96943,32.75305],[129.97041,32.75224],[129.9707,32.75042],[129.97013,32.74978],[129.97029,32.74915],[129.97161,32.74916],[129.97289,32.75027],[129.97478,32.75014],[129.97795,32.74886],[129.97839,32.74727],[129.97911,32.74798],[129.98313,32.74873],[129.9842,32.74788],[129.98413,32.74727],[129.98344,32.7469],[129.98418,32.74614],[129.98497,32.74719],[129.9868,32.74744],[129.98926,32.75036],[129.98925,32.75168],[129.98773,32.75303],[129.98717,32.75285],[129.98805,32.75159],[129.98778,32.7504],[129.98712,32.75054],[129.98632,32.7525],[129.98517,32.7528],[129.98159,32.74996],[129.97914,32.75214],[129.97948,32.75266],[129.97915,32.75217],[129.97792,32.75263],[129.97866,32.75388],[129.97999,32.75321],[129.97808,32.7546],[129.9786,32.75603],[129.97926,32.75593],[129.97861,32.75612],[129.97879,32.75703],[129.98051,32.75763],[129.98069,32.76002],[129.9784,32.76057],[129.97789,32.76008],[129.978,32.75889],[129.97737,32.75874],[129.97671,32.7592],[129.97691,32.76027],[129.97578,32.75983],[129.97528,32.76009],[129.97532,32.75929],[129.97482,32.75898],[129.97401,32.75934],[129.9738,32.76028],[129.97297,32.76001],[129.97232,32.76057],[129.97191,32.75994],[129.97049,32.75968],[129.97022,32.75893],[129.96959,32.75996],[129.9689,32.75974],[129.96718,32.76085],[129.967,32.75996],[129.96631,32.76013],[129.96537,32.76153],[129.96545,32.76214]]]]}},{"type":"Feature","properties":{"vid":"K64G11S00054","name":"栄田村","reading":"えいだ","gun":"高来郡","domains":["saga"],"isShared":false,"shared":[]},"geometry":{"type":"MultiPolygon","coordinates":[[[[130.03377,32.85326],[130.0344,32.8525],[130.03611,32.85312],[130.03665,32.85386],[130.03613,32.85386],[130.03608,32.85459],[130.03655,32.85494],[130.0407,32.85403],[130.04047,32.85584],[130.04107,32.85694],[130.04389,32.85786],[130.04099,32.86169],[130.03934,32.86299],[130.03708,32.86629],[130.02956,32.87097],[130.02859,32.86981],[130.02822,32.87033],[130.0264,32.86958],[130.02706,32.86781],[130.02775,32.86765],[130.02802,32.86687],[130.02781,32.86264],[130.02934,32.86168],[130.0306,32.86005],[130.03126,32.85815],[130.03348,32.85548],[130.03377,32.85326]]],[[[130.03377,32.85326],[130.03348,32.85548],[130.03126,32.85815],[130.0309,32.85955],[130.02934,32.86168],[130.02806,32.86252],[130.02949,32.85593],[130.02984,32.85644],[130.03141,32.85671],[130.03162,32.85551],[130.0323,32.85549],[130.0321,32.85392],[130.03377,32.85326]]],[[[130.04391,32.85761],[130.04227,32.85761],[130.04107,32.85694],[130.04047,32.85584],[130.0407,32.85403],[130.03655,32.85494],[130.03608,32.85459],[130.03613,32.85386],[130.03665,32.85386],[130.03628,32.85332],[130.0344,32.8525],[130.03531,32.85205],[130.03449,32.85162],[130.03449,32.84947],[130.03377,32.8491],[130.03386,32.84853],[130.03259,32.84693],[130.03284,32.84629],[130.03414,32.84545],[130.03684,32.84503],[130.0369,32.84597],[130.03786,32.84619],[130.03827,32.84718],[130.04064,32.84632],[130.04239,32.84666],[130.0429,32.84897],[130.04392,32.84896],[130.04461,32.85225],[130.04391,32.85761]]]]}},{"type":"Feature","properties":{"vid":"K64G11S00055","name":"貝津村","reading":"かいづ","gun":"高来郡","domains":["saga"],"isShared":false,"shared":[]},"geometry":{"type":"MultiPolygon","coordinates":[[[[130.038,32.83731],[130.03585,32.83897],[130.03674,32.83993],[130.03567,32.84061],[130.0355,32.84172],[130.03762,32.84248],[130.03874,32.84389],[130.0382,32.84443],[130.03725,32.84435],[130.03712,32.84518],[130.03414,32.84545],[130.03256,32.84673],[130.03386,32.84853],[130.03377,32.8491],[130.03449,32.84947],[130.03428,32.85014],[130.03342,32.8496],[130.03174,32.84974],[130.03161,32.84857],[130.03063,32.84723],[130.02808,32.84701],[130.02803,32.84664],[130.02584,32.84715],[130.02514,32.84655],[130.02406,32.84645],[130.02373,32.84475],[130.02036,32.84403],[130.01986,32.8436],[130.02094,32.84305],[130.02017,32.84155],[130.02077,32.83968],[130.01882,32.83914],[130.02086,32.83763],[130.02945,32.83503],[130.02925,32.83665],[130.03027,32.83733],[130.038,32.83731]]],[[[130.00848,32.81039],[130.00889,32.8112],[130.01035,32.81194],[130.01063,32.81307],[130.0151,32.81627],[130.0171,32.81648],[130.01815,32.81742],[130.01921,32.81695],[130.02075,32.81824],[130.02264,32.81844],[130.02398,32.82004],[130.02924,32.82313],[130.03154,32.82566],[130.0322,32.82805],[130.03096,32.83312],[130.02971,32.83486],[130.02002,32.83807],[130.01758,32.8402],[130.01413,32.84598],[130.01295,32.84684],[130.01,32.84769],[130.0084,32.84626],[130.00539,32.84532],[130.00358,32.84395],[130.0042,32.84236],[130.00492,32.84211],[130.00495,32.84047],[130.00441,32.84037],[130.00414,32.83785],[130.0052,32.83721],[130.00464,32.83704],[130.00447,32.83591],[130.00491,32.83524],[130.00459,32.83441],[130.00519,32.83421],[130.0048,32.83348],[130.0052,32.8334],[130.00448,32.8316],[130.00548,32.83011],[130.00482,32.83013],[130.00535,32.82873],[130.00479,32.82834],[130.00523,32.82731],[130.00491,32.82657],[130.0055,32.82573],[130.00134,32.8237],[130.00024,32.82194],[129.99855,32.82154],[129.99886,32.81818],[129.9995,32.81728],[130.00284,32.81397],[130.0051,32.81494],[130.00649,32.81401],[130.00848,32.81039]]]]}},{"type":"Feature","properties":{"vid":"K64G11S00056","name":"真崎村","reading":"まさき","gun":"高来郡","domains":["saga"],"isShared":false,"shared":[]},"geometry":{"type":"MultiPolygon","coordinates":[[[[130.03377,32.85326],[130.0321,32.85392],[130.0323,32.85549],[130.03162,32.85551],[130.03141,32.85671],[130.02984,32.85644],[130.02953,32.8556],[130.02521,32.85487],[130.02402,32.85541],[130.02393,32.85628],[130.02024,32.85533],[130.02034,32.85601],[130.01475,32.85476],[130.015,32.85406],[130.01421,32.85262],[130.01424,32.85071],[130.01562,32.84932],[130.01602,32.84819],[130.01775,32.84853],[130.01852,32.84732],[130.02044,32.84583],[130.01958,32.84529],[130.01986,32.8436],[130.02186,32.84465],[130.02266,32.84429],[130.02373,32.84475],[130.02406,32.84645],[130.02514,32.84655],[130.02584,32.84715],[130.02803,32.84664],[130.02808,32.84701],[130.02938,32.84686],[130.03088,32.84735],[130.03174,32.84974],[130.03342,32.8496],[130.03428,32.85014],[130.03449,32.85162],[130.03531,32.85205],[130.03399,32.85264],[130.03377,32.85326]]],[[[130.02806,32.86252],[130.02821,32.86562],[130.02775,32.86765],[130.02706,32.86781],[130.0264,32.86958],[130.02474,32.86982],[130.02475,32.87139],[130.02362,32.87264],[130.02132,32.87235],[130.02091,32.87355],[130.01788,32.87331],[130.01591,32.87449],[130.01241,32.87565],[130.01189,32.87381],[130.01208,32.87274],[130.01473,32.87035],[130.01353,32.86682],[130.01458,32.86261],[130.01333,32.86152],[130.0127,32.86018],[130.01306,32.8571],[130.01463,32.85558],[130.01475,32.85476],[130.02034,32.85601],[130.02024,32.85533],[130.02393,32.85628],[130.02451,32.85493],[130.02953,32.8556],[130.02806,32.86252]]],[[[130.01,32.84769],[130.01295,32.84684],[130.01413,32.84598],[130.0161,32.84227],[130.01882,32.83914],[130.02077,32.83968],[130.02017,32.84155],[130.02094,32.84305],[130.01975,32.84366],[130.0196,32.84425],[130.01958,32.84529],[130.02044,32.84583],[130.01852,32.84732],[130.01775,32.84853],[130.01602,32.84819],[130.01562,32.84932],[130.01424,32.85071],[130.01045,32.84852],[130.01,32.84769]]]]}},{"type":"Feature","properties":{"vid":"K64G11S00057","name":"久山村","reading":"くやま","gun":"高来郡","domains":["saga"],"isShared":false,"shared":[]},"geometry":{"type":"MultiPolygon","coordinates":[[[[129.99095,32.80679],[129.99254,32.80661],[129.99335,32.80479],[129.99451,32.80507],[129.99496,32.80456],[129.99743,32.80407],[129.99803,32.80293],[130.00174,32.80261],[130.00251,32.80218],[130.00687,32.8039],[130.01073,32.80854],[130.00919,32.80856],[130.00735,32.80926],[130.00847,32.8101],[130.00841,32.81108],[130.00732,32.81208],[130.00649,32.81401],[130.0051,32.81494],[130.00209,32.8136],[130.00024,32.81377],[129.99868,32.81489],[129.99807,32.81465],[129.99498,32.81552],[129.99114,32.8159],[129.99017,32.81494],[129.98916,32.81267],[129.99059,32.81177],[129.99023,32.80872],[129.99134,32.80786],[129.99095,32.80679]]],[[[129.99114,32.8159],[129.99498,32.81552],[129.99807,32.81465],[129.99868,32.81489],[130.00024,32.81377],[130.0031,32.81394],[130.00209,32.81441],[129.99886,32.81818],[129.99855,32.82154],[130.00024,32.82194],[130.00134,32.8237],[130.0055,32.82573],[130.00491,32.82657],[130.00523,32.82731],[130.00479,32.82834],[130.00535,32.82873],[130.00482,32.83013],[130.00548,32.83011],[130.00448,32.8316],[130.0052,32.8334],[130.0048,32.83348],[130.00519,32.83421],[130.00459,32.83441],[130.00491,32.83524],[130.00447,32.83591],[130.00464,32.83704],[130.0052,32.83712],[130.00414,32.83785],[130.00441,32.84037],[130.00265,32.8402],[130.00161,32.84113],[130.00231,32.84084],[130.0022,32.84036],[130.00125,32.84032],[130.00135,32.84089],[129.99952,32.84059],[129.99959,32.84005],[129.99423,32.83975],[129.99413,32.84186],[129.99339,32.84184],[129.9922,32.83524],[129.99112,32.83261],[129.99112,32.83112],[129.99205,32.83023],[129.9913,32.82881],[129.99147,32.82692],[129.99103,32.82647],[129.99173,32.82606],[129.99277,32.82421],[129.99138,32.82276],[129.99291,32.82135],[129.99233,32.82071],[129.99114,32.8159]]]]}},{"type":"Feature","properties":{"vid":"K64G11S00058","name":"下本明村","reading":"しもほんみょう","gun":"高来郡","domains":["saga"],"isShared":false,"shared":[]},"geometry":{"type":"MultiPolygon","coordinates":[[[[130.02956,32.87097],[130.03708,32.86629],[130.04032,32.86219],[130.04182,32.86224],[130.04162,32.86311],[130.04302,32.86409],[130.0427,32.86679],[130.04438,32.87165],[130.04378,32.87323],[130.0437,32.87633],[130.04435,32.87775],[130.04392,32.88077],[130.04539,32.88392],[130.04495,32.88621],[130.04576,32.88825],[130.04535,32.8897],[130.04568,32.89101],[130.04495,32.89287],[130.04482,32.89487],[130.04561,32.89779],[130.04404,32.89513],[130.0427,32.89531],[130.04231,32.89397],[130.04287,32.89094],[130.04066,32.89086],[130.04018,32.88869],[130.03802,32.88982],[130.03644,32.89207],[130.03577,32.8917],[130.03537,32.89249],[130.03362,32.89182],[130.0315,32.89018],[130.03074,32.886],[130.03004,32.88578],[130.03003,32.88656],[130.02929,32.88595],[130.02545,32.88543],[130.02493,32.88549],[130.02484,32.8863],[130.02357,32.88654],[130.02329,32.88613],[130.02318,32.88459],[130.02432,32.88103],[130.02323,32.87944],[130.02326,32.87854],[130.02494,32.87674],[130.027,32.87337],[130.02956,32.87097]]],[[[130.04561,32.89779],[130.04482,32.89487],[130.04495,32.89287],[130.04568,32.89101],[130.04535,32.8897],[130.04574,32.88803],[130.04495,32.88621],[130.04541,32.88403],[130.044,32.88111],[130.04435,32.87775],[130.0437,32.87633],[130.0438,32.87293],[130.04438,32.87165],[130.04269,32.86621],[130.04293,32.86501],[130.04481,32.86538],[130.04606,32.86458],[130.04664,32.86343],[130.04738,32.86462],[130.0472,32.86531],[130.04898,32.8644],[130.04916,32.86476],[130.04893,32.87007],[130.0495,32.87135],[130.05063,32.87141],[130.05187,32.87389],[130.0513,32.87449],[130.05204,32.87416],[130.05248,32.87606],[130.05184,32.8767],[130.05431,32.87664],[130.05521,32.87705],[130.05579,32.88033],[130.05487,32.88178],[130.05551,32.88438],[130.05622,32.88467],[130.05736,32.88807],[130.05826,32.88858],[130.05943,32.89081],[130.05928,32.89224],[130.05976,32.89344],[130.05821,32.89472],[130.05799,32.89565],[130.05824,32.89671],[130.06016,32.89771],[130.05925,32.90027],[130.05931,32.90275],[130.05809,32.90445],[130.05698,32.90799],[130.05616,32.90886],[130.05549,32.91074],[130.05459,32.91167],[130.05355,32.91177],[130.05371,32.91234],[130.05303,32.91348],[130.05265,32.90823],[130.05152,32.90871],[130.05029,32.91066],[130.04774,32.91201],[130.04722,32.91122],[130.04598,32.90654],[130.04545,32.90549],[130.0444,32.90503],[130.04531,32.90339],[130.04505,32.90007],[130.04536,32.8992],[130.04598,32.89948],[130.04561,32.89779]]],[[[130.05504,32.87677],[130.05184,32.8767],[130.05248,32.87606],[130.05204,32.87416],[130.0513,32.87449],[130.05187,32.87389],[130.05052,32.87126],[130.0495,32.87135],[130.04882,32.86944],[130.04921,32.86762],[130.05062,32.86624],[130.0512,32.86648],[130.05121,32.86276],[130.05076,32.86277],[130.05053,32.86182],[130.05097,32.86067],[130.05094,32.85813],[130.05192,32.85607],[130.05326,32.85508],[130.05286,32.85549],[130.05328,32.85572],[130.05267,32.85797],[130.05341,32.86045],[130.05332,32.86204],[130.05276,32.86312],[130.05366,32.86624],[130.05286,32.86963],[130.05355,32.87091],[130.05329,32.87168],[130.05406,32.87225],[130.05385,32.87572],[130.05504,32.87677]]],[[[130.05192,32.85607],[130.05132,32.85439],[130.05185,32.85375],[130.0513,32.85343],[130.05218,32.85172],[130.05272,32.84947],[130.05236,32.84917],[130.05324,32.84902],[130.05435,32.84707],[130.05654,32.84693],[130.05971,32.84849],[130.05719,32.84883],[130.05545,32.84984],[130.0553,32.8509],[130.05392,32.85272],[130.0541,32.85384],[130.05319,32.85428],[130.05326,32.85508],[130.05192,32.85607]]],[[[130.05141,32.84611],[130.05147,32.84692],[130.04991,32.84746],[130.05044,32.84941],[130.05009,32.85055],[130.05074,32.85097],[130.05071,32.85304],[130.04967,32.85926],[130.04797,32.85959],[130.04905,32.85495],[130.04844,32.85485],[130.04931,32.85343],[130.04841,32.85249],[130.04703,32.85269],[130.04653,32.85172],[130.04698,32.84952],[130.0479,32.84904],[130.04698,32.84843],[130.04685,32.8471],[130.04732,32.8463],[130.05141,32.84611]]],[[[130.04921,32.86762],[130.04898,32.8644],[130.0472,32.86531],[130.04738,32.86462],[130.04664,32.86343],[130.04746,32.86225],[130.04797,32.85959],[130.04967,32.85926],[130.05071,32.85304],[130.05074,32.85097],[130.05009,32.85055],[130.05044,32.84941],[130.04991,32.84746],[130.05147,32.84692],[130.05141,32.84611],[130.05467,32.84577],[130.05394,32.84621],[130.05374,32.8471],[130.05435,32.84707],[130.05324,32.84902],[130.05236,32.84917],[130.05272,32.84947],[130.05218,32.85172],[130.0513,32.85343],[130.05185,32.85375],[130.05132,32.85439],[130.05192,32.85607],[130.05094,32.85813],[130.05097,32.86067],[130.05053,32.86182],[130.05076,32.86277],[130.05121,32.86276],[130.0512,32.86648],[130.05062,32.86624],[130.04921,32.86762]]],[[[130.04032,32.86219],[130.04376,32.85834],[130.04461,32.85225],[130.04392,32.84896],[130.04428,32.84728],[130.04599,32.84611],[130.04732,32.8463],[130.04685,32.8471],[130.04696,32.84835],[130.0479,32.84904],[130.04698,32.84952],[130.04653,32.85172],[130.04703,32.85269],[130.04841,32.85249],[130.04931,32.85343],[130.04844,32.85485],[130.04905,32.85495],[130.04883,32.85695],[130.04746,32.86225],[130.04606,32.86458],[130.04481,32.86538],[130.04358,32.86542],[130.04293,32.86501],[130.04299,32.86406],[130.04162,32.86311],[130.04182,32.86224],[130.04032,32.86219]]]]}},{"type":"Feature","properties":{"vid":"K64G11S00059","name":"中本明村","reading":"なかほんみょう","gun":"高来郡","domains":["saga"],"isShared":false,"shared":[]},"geometry":{"type":"MultiPolygon","coordinates":[[[[130.02811,32.94359],[130.02931,32.94131],[130.0296,32.93891],[130.02868,32.93774],[130.0288,32.93712],[130.03016,32.9368],[130.02963,32.93603],[130.03119,32.93628],[130.03224,32.93715],[130.03234,32.93636],[130.03305,32.93607],[130.03441,32.93688],[130.03465,32.94363],[130.03628,32.94594],[130.03732,32.94613],[130.03805,32.94842],[130.03608,32.94886],[130.03475,32.94833],[130.03214,32.94609],[130.02811,32.94359]]],[[[130.02357,32.88654],[130.02484,32.8863],[130.02493,32.88549],[130.02539,32.88543],[130.02929,32.88595],[130.03003,32.88656],[130.03004,32.88578],[130.03074,32.886],[130.03115,32.88925],[130.03302,32.89168],[130.03337,32.89455],[130.03446,32.89603],[130.03407,32.89746],[130.03498,32.89933],[130.0342,32.89978],[130.03383,32.90108],[130.03469,32.9024],[130.03481,32.90332],[130.03434,32.90381],[130.03511,32.90575],[130.03251,32.90556],[130.02999,32.90474],[130.0285,32.90364],[130.0275,32.90218],[130.02457,32.90108],[130.02376,32.89809],[130.02554,32.89567],[130.02373,32.89243],[130.02353,32.89076],[130.0241,32.88817],[130.02357,32.88654]]],[[[130.03246,32.89081],[130.03375,32.8919],[130.03556,32.89249],[130.03575,32.89172],[130.03644,32.89207],[130.03786,32.88995],[130.04018,32.88869],[130.04066,32.89086],[130.04287,32.89094],[130.04231,32.89397],[130.0427,32.89531],[130.04404,32.89513],[130.04597,32.89839],[130.04598,32.89948],[130.04536,32.8992],[130.04503,32.90017],[130.04531,32.90339],[130.0444,32.90503],[130.04545,32.90549],[130.04617,32.90716],[130.04481,32.90681],[130.04412,32.90605],[130.04377,32.90639],[130.04255,32.90535],[130.04208,32.90593],[130.04185,32.9055],[130.04061,32.90538],[130.04047,32.90639],[130.03798,32.90681],[130.03474,32.90538],[130.03434,32.90381],[130.03481,32.90332],[130.03469,32.9024],[130.03383,32.90108],[130.0342,32.89978],[130.03499,32.89917],[130.03407,32.89746],[130.03446,32.89603],[130.03341,32.89464],[130.03327,32.89256],[130.03246,32.89081]]],[[[130.04617,32.90716],[130.04613,32.90819],[130.04774,32.91201],[130.05042,32.91057],[130.05152,32.90871],[130.05265,32.90823],[130.05303,32.91348],[130.05259,32.91416],[130.05119,32.91506],[130.0503,32.91473],[130.05008,32.91404],[130.04909,32.91412],[130.04944,32.91491],[130.04849,32.91568],[130.04765,32.91452],[130.0469,32.91425],[130.047,32.91505],[130.04588,32.9166],[130.04437,32.91812],[130.04388,32.9174],[130.04357,32.91841],[130.04433,32.91928],[130.04457,32.92125],[130.04639,32.92492],[130.04811,32.92597],[130.05033,32.92643],[130.05301,32.92964],[130.0486,32.929],[130.04678,32.92988],[130.04448,32.92842],[130.04392,32.92904],[130.04086,32.92618],[130.03811,32.92205],[130.03759,32.92254],[130.03693,32.92182],[130.03576,32.9184],[130.03325,32.91569],[130.02886,32.90819],[130.02945,32.90609],[130.0291,32.90538],[130.03035,32.90459],[130.03188,32.90543],[130.03511,32.90575],[130.03798,32.90681],[130.04047,32.90639],[130.04061,32.90538],[130.04185,32.9055],[130.04208,32.90593],[130.04255,32.90535],[130.04377,32.90639],[130.04412,32.90605],[130.04481,32.90681],[130.04617,32.90716]]],[[[130.05303,32.91348],[130.05376,32.91633],[130.05476,32.91684],[130.05491,32.9179],[130.05392,32.91972],[130.05467,32.92225],[130.05401,32.92417],[130.05583,32.9277],[130.05642,32.92786],[130.05758,32.92952],[130.05413,32.93007],[130.05301,32.92964],[130.05033,32.92643],[130.04835,32.92606],[130.04644,32.92497],[130.04464,32.92145],[130.04433,32.91928],[130.04357,32.91845],[130.04388,32.9174],[130.04437,32.91812],[130.04588,32.9166],[130.047,32.91505],[130.0469,32.91425],[130.04864,32.91568],[130.04944,32.91491],[130.04909,32.91412],[130.05008,32.91404],[130.0503,32.91473],[130.05119,32.91506],[130.05214,32.91466],[130.05303,32.91348]]],[[[130.0288,32.93712],[130.0282,32.93526],[130.02946,32.93373],[130.02889,32.93092],[130.02982,32.93009],[130.02916,32.9273],[130.02772,32.92606],[130.02753,32.92501],[130.02808,32.92502],[130.02801,32.92463],[130.02712,32.92399],[130.02747,32.92289],[130.02666,32.92145],[130.02697,32.91976],[130.02632,32.91899],[130.02743,32.91726],[130.0261,32.91322],[130.02652,32.91173],[130.02539,32.90994],[130.02612,32.90716],[130.02457,32.90108],[130.0275,32.90218],[130.0285,32.90364],[130.02999,32.90474],[130.02899,32.90566],[130.02945,32.90609],[130.02901,32.90886],[130.03325,32.91569],[130.03576,32.9184],[130.03693,32.92182],[130.03759,32.92254],[130.03811,32.92205],[130.04086,32.92618],[130.04392,32.92904],[130.04448,32.92842],[130.04678,32.92988],[130.0486,32.929],[130.05413,32.93007],[130.05758,32.92952],[130.05776,32.93098],[130.05934,32.93329],[130.05908,32.93564],[130.06213,32.93957],[130.06608,32.94795],[130.06513,32.95304],[130.06427,32.95322],[130.06291,32.95535],[130.06045,32.95605],[130.05827,32.9573],[130.05605,32.95474],[130.0532,32.9562],[130.04848,32.95515],[130.04412,32.95603],[130.04313,32.95666],[130.04125,32.95631],[130.03845,32.95271],[130.03712,32.95194],[130.03667,32.94952],[130.03375,32.94787],[130.03608,32.94886],[130.03813,32.9482],[130.03732,32.94613],[130.03628,32.94594],[130.03465,32.94363],[130.03441,32.93688],[130.03291,32.93607],[130.03234,32.93636],[130.03224,32.93715],[130.03119,32.93628],[130.02963,32.93603],[130.03016,32.9368],[130.0288,32.93712]]]]}},{"type":"Feature","properties":{"vid":"K64G11S00060","name":"大渡野村","reading":"おおわたの","gun":"高来郡","domains":["saga"],"isShared":false,"shared":[]},"geometry":{"type":"MultiPolygon","coordinates":[[[[130.0264,32.86958],[130.02822,32.87033],[130.02859,32.86981],[130.02956,32.87097],[130.027,32.87337],[130.02494,32.87674],[130.02319,32.87815],[130.0225,32.87942],[130.02201,32.87894],[130.01782,32.88229],[130.01234,32.88403],[130.0105,32.88405],[130.0096,32.88345],[130.00854,32.88136],[130.01169,32.87804],[130.01319,32.87722],[130.01241,32.87565],[130.01591,32.87449],[130.01788,32.87331],[130.02091,32.87355],[130.02132,32.87235],[130.02358,32.87267],[130.02475,32.87139],[130.02474,32.86982],[130.0264,32.86958]]],[[[130.02386,32.87781],[130.0232,32.87934],[130.02432,32.88103],[130.02309,32.88573],[130.02408,32.88778],[130.02301,32.88791],[130.02187,32.88873],[130.0208,32.88736],[130.02045,32.88797],[130.02022,32.88751],[130.01891,32.88793],[130.01945,32.88893],[130.01872,32.89055],[130.01907,32.89082],[130.01817,32.89093],[130.0176,32.89188],[130.01742,32.89486],[130.01699,32.89432],[130.01553,32.89458],[130.01391,32.89389],[130.01359,32.89445],[130.01297,32.89435],[130.01319,32.89289],[130.01099,32.8914],[130.01027,32.88995],[130.00985,32.88727],[130.0105,32.88405],[130.01234,32.88403],[130.01782,32.88229],[130.02201,32.87894],[130.0225,32.87942],[130.02386,32.87781]]],[[[130.01742,32.89486],[130.0176,32.89188],[130.01817,32.89093],[130.01907,32.89082],[130.01872,32.89055],[130.01945,32.88893],[130.01891,32.88793],[130.02022,32.88751],[130.02045,32.88797],[130.0208,32.88736],[130.02187,32.88873],[130.02301,32.88791],[130.02408,32.88778],[130.0236,32.89177],[130.02554,32.89577],[130.02377,32.89822],[130.02609,32.90681],[130.02539,32.90994],[130.02652,32.91173],[130.0261,32.91322],[130.02743,32.91726],[130.02632,32.91909],[130.02697,32.91976],[130.02666,32.92145],[130.02747,32.92289],[130.02712,32.92399],[130.02812,32.92494],[130.02758,32.92489],[130.02751,32.92541],[130.02916,32.9273],[130.02982,32.93009],[130.02889,32.93092],[130.02946,32.93373],[130.0282,32.93526],[130.02868,32.93774],[130.0296,32.93891],[130.02931,32.94131],[130.02811,32.94359],[130.0234,32.94205],[130.02142,32.94191],[130.02097,32.94147],[130.02077,32.93721],[130.02013,32.93604],[130.02148,32.93769],[130.02325,32.93525],[130.02453,32.93512],[130.02331,32.93287],[130.02392,32.93215],[130.02349,32.93133],[130.02389,32.93137],[130.02475,32.9295],[130.02442,32.92922],[130.02485,32.92828],[130.02448,32.92757],[130.0247,32.92586],[130.0258,32.92415],[130.02408,32.92307],[130.02243,32.92287],[130.02067,32.92345],[130.01665,32.92336],[130.01639,32.92242],[130.0164,32.92056],[130.01685,32.91975],[130.01663,32.91674],[130.01727,32.91596],[130.0185,32.90892],[130.01922,32.90789],[130.01829,32.90491],[130.01854,32.90406],[130.01803,32.90395],[130.01882,32.90326],[130.0178,32.90274],[130.0182,32.8995],[130.01762,32.89921],[130.01789,32.89732],[130.01732,32.89634],[130.01742,32.89486]]],[[[130.01297,32.89435],[130.01359,32.89445],[130.01391,32.89389],[130.01553,32.89458],[130.01699,32.89432],[130.01784,32.89699],[130.01762,32.89921],[130.0182,32.8995],[130.0178,32.90274],[130.01882,32.90326],[130.01803,32.90395],[130.01854,32.90406],[130.01829,32.90491],[130.01922,32.90789],[130.0185,32.90892],[130.01727,32.91596],[130.01663,32.91674],[130.01566,32.91466],[130.01522,32.91074],[130.01405,32.90649],[130.01449,32.90485],[130.01297,32.89435]]],[[[130.01665,32.92336],[130.02067,32.92345],[130.02243,32.92287],[130.02408,32.92307],[130.0258,32.92415],[130.0247,32.92586],[130.02448,32.92757],[130.02485,32.92828],[130.02442,32.92922],[130.02475,32.9295],[130.02389,32.93137],[130.02349,32.93133],[130.02392,32.93215],[130.02331,32.93287],[130.02453,32.93512],[130.02325,32.93525],[130.02148,32.93769],[130.01943,32.93519],[130.01766,32.93155],[130.01765,32.9263],[130.01665,32.92336]]]]}},{"type":"Feature","properties":{"vid":"K64G11S00061","name":"福田村","reading":"ふくだ","gun":"高来郡","domains":["saga"],"isShared":false,"shared":[]},"geometry":{"type":"MultiPolygon","coordinates":[[[[130.06016,32.89771],[130.05801,32.89623],[130.05821,32.89472],[130.05976,32.89344],[130.05928,32.89224],[130.05941,32.89071],[130.05826,32.88858],[130.05736,32.88807],[130.0568,32.88613],[130.05904,32.88515],[130.05977,32.88553],[130.0594,32.88399],[130.06109,32.8838],[130.06125,32.88717],[130.06063,32.88839],[130.06117,32.89601],[130.06088,32.89754],[130.06016,32.89771]]],[[[130.0568,32.88613],[130.05511,32.88307],[130.05487,32.88178],[130.05579,32.88033],[130.0557,32.87838],[130.05504,32.87677],[130.05385,32.87572],[130.05406,32.87225],[130.05329,32.87168],[130.05355,32.87091],[130.05286,32.8697],[130.05366,32.86624],[130.05276,32.86312],[130.05341,32.86045],[130.05267,32.85797],[130.05328,32.85572],[130.05286,32.85549],[130.05332,32.85535],[130.05319,32.85428],[130.0541,32.85384],[130.05392,32.85272],[130.0553,32.8509],[130.05559,32.84973],[130.05719,32.84883],[130.06047,32.84819],[130.06172,32.84723],[130.06362,32.84768],[130.06604,32.8474],[130.06361,32.85227],[130.06366,32.85336],[130.06195,32.85575],[130.06392,32.857],[130.06545,32.8611],[130.06497,32.86243],[130.06553,32.86261],[130.06471,32.86694],[130.06367,32.86969],[130.06327,32.87316],[130.06353,32.87563],[130.06178,32.87857],[130.06203,32.88122],[130.06109,32.8838],[130.0594,32.88399],[130.05977,32.88553],[130.05904,32.88515],[130.0568,32.88613]]]]}},{"type":"Feature","properties":{"vid":"K64G11S00062","name":"東長田村","reading":"ひがしながた","gun":"高来郡","domains":["saga"],"isShared":false,"shared":[]},"geometry":{"type":"MultiPolygon","coordinates":[[[[130.09062,32.86455],[130.09023,32.86548],[130.09118,32.86597],[130.08608,32.87126],[130.08444,32.8749],[130.08337,32.87591],[130.08335,32.87665],[130.08266,32.87619],[130.08133,32.87877],[130.07966,32.87848],[130.07818,32.87935],[130.0766,32.87933],[130.07672,32.87698],[130.07964,32.87091],[130.07975,32.86748],[130.08122,32.86752],[130.0818,32.86443],[130.08259,32.86398],[130.08266,32.86449],[130.08335,32.86424],[130.08555,32.86585],[130.09062,32.86455]]],[[[130.06846,32.906],[130.0679,32.90452],[130.06931,32.90364],[130.06961,32.90036],[130.07034,32.89901],[130.07098,32.8994],[130.07034,32.9011],[130.07073,32.90241],[130.07428,32.89958],[130.07448,32.89687],[130.07395,32.8968],[130.07365,32.89596],[130.07336,32.89612],[130.07259,32.89516],[130.07166,32.89491],[130.07188,32.89242],[130.07126,32.88905],[130.07187,32.88915],[130.07216,32.88824],[130.07343,32.88811],[130.07373,32.8911],[130.07549,32.89272],[130.07628,32.89274],[130.07816,32.8948],[130.0794,32.89248],[130.08104,32.8928],[130.08165,32.89341],[130.08124,32.89473],[130.07992,32.89573],[130.08091,32.89643],[130.08243,32.89615],[130.08279,32.89677],[130.08423,32.89698],[130.08356,32.89806],[130.08377,32.89919],[130.08047,32.90185],[130.08134,32.90213],[130.08071,32.90275],[130.08253,32.90786],[130.08182,32.90937],[130.08246,32.91005],[130.08261,32.91175],[130.08159,32.9136],[130.07995,32.91476],[130.0795,32.91643],[130.07702,32.9197],[130.07765,32.92401],[130.07912,32.92549],[130.07935,32.92633],[130.07793,32.93187],[130.07796,32.93401],[130.07698,32.93547],[130.07944,32.93681],[130.07864,32.93786],[130.08017,32.9417],[130.07955,32.94319],[130.07976,32.94444],[130.07906,32.94782],[130.08093,32.94694],[130.08125,32.94787],[130.07898,32.95043],[130.08021,32.9524],[130.07845,32.95403],[130.07861,32.95645],[130.07647,32.9581],[130.07356,32.95723],[130.07224,32.95631],[130.06985,32.95668],[130.0677,32.95432],[130.06873,32.95343],[130.06842,32.95128],[130.06862,32.95101],[130.06933,32.95171],[130.06985,32.9498],[130.07021,32.94929],[130.07034,32.94983],[130.07103,32.94878],[130.07121,32.94724],[130.07064,32.94618],[130.0711,32.94536],[130.07036,32.94484],[130.06959,32.94309],[130.07004,32.94209],[130.06938,32.94093],[130.07117,32.93887],[130.07034,32.93816],[130.06934,32.93543],[130.07039,32.93492],[130.0696,32.93269],[130.06722,32.9291],[130.0687,32.92699],[130.06932,32.9149],[130.06958,32.91333],[130.07018,32.91273],[130.06957,32.90977],[130.06873,32.9085],[130.06846,32.906]]],[[[130.07306,32.86722],[130.07596,32.86376],[130.07699,32.86134],[130.07716,32.85941],[130.08194,32.86324],[130.07942,32.86358],[130.08054,32.86598],[130.08061,32.86732],[130.07975,32.86748],[130.07964,32.87091],[130.07873,32.87218],[130.07655,32.87827],[130.07687,32.87946],[130.07818,32.87935],[130.07966,32.87848],[130.08082,32.87895],[130.07908,32.88411],[130.07955,32.88455],[130.07883,32.88542],[130.07927,32.88569],[130.0761,32.88949],[130.07578,32.8913],[130.07469,32.89194],[130.07341,32.89034],[130.07343,32.88811],[130.07216,32.88824],[130.07187,32.88915],[130.07126,32.88905],[130.07089,32.88639],[130.07148,32.88478],[130.07044,32.88561],[130.07136,32.88407],[130.07053,32.88465],[130.06919,32.88091],[130.06833,32.8808],[130.06712,32.8796],[130.06757,32.87845],[130.06935,32.87717],[130.06921,32.87595],[130.06966,32.87509],[130.06935,32.87456],[130.07133,32.87387],[130.07109,32.87276],[130.07267,32.8699],[130.07306,32.86722]]],[[[130.08348,32.85607],[130.08543,32.85627],[130.08769,32.859],[130.0908,32.85938],[130.09154,32.86066],[130.09135,32.8628],[130.09062,32.86455],[130.08555,32.86585],[130.08335,32.86424],[130.08266,32.86449],[130.08259,32.86398],[130.0818,32.86443],[130.08122,32.86752],[130.08068,32.86771],[130.08054,32.86598],[130.07942,32.86358],[130.08194,32.86324],[130.07716,32.85941],[130.08013,32.85796],[130.08331,32.85748],[130.08348,32.85607]]],[[[130.09118,32.86597],[130.09691,32.86897],[130.09551,32.86969],[130.09216,32.87402],[130.09239,32.87442],[130.08989,32.87528],[130.08924,32.87508],[130.08865,32.87589],[130.08885,32.87702],[130.08638,32.88053],[130.08601,32.88198],[130.08304,32.88398],[130.08184,32.8859],[130.0811,32.88633],[130.08095,32.88758],[130.07838,32.89134],[130.07852,32.89175],[130.07746,32.89222],[130.07702,32.89337],[130.07549,32.89272],[130.07485,32.89177],[130.07578,32.8913],[130.0761,32.88949],[130.07927,32.88569],[130.07883,32.88542],[130.07955,32.88455],[130.07908,32.88411],[130.08085,32.87871],[130.08133,32.87877],[130.08266,32.87619],[130.08335,32.87665],[130.08337,32.87591],[130.08444,32.8749],[130.08608,32.87126],[130.09118,32.86597]]],[[[130.09691,32.86897],[130.09811,32.8696],[130.096,32.87491],[130.09386,32.87764],[130.0935,32.88007],[130.09229,32.87941],[130.0926,32.88184],[130.09072,32.88187],[130.08833,32.8836],[130.08746,32.88326],[130.08665,32.88506],[130.08612,32.88477],[130.08496,32.88639],[130.08392,32.88637],[130.08343,32.88781],[130.0826,32.88731],[130.08011,32.88897],[130.08095,32.88758],[130.0811,32.88633],[130.08184,32.8859],[130.08279,32.88422],[130.08601,32.88198],[130.08638,32.88053],[130.08885,32.87702],[130.08865,32.87589],[130.08924,32.87508],[130.08989,32.87528],[130.09239,32.87442],[130.09216,32.87402],[130.09551,32.86969],[130.09691,32.86897]]],[[[130.1074,32.87445],[130.10649,32.87803],[130.10611,32.87791],[130.10568,32.87859],[130.10397,32.87804],[130.10316,32.87962],[130.10147,32.8793],[130.10043,32.88014],[130.10046,32.88102],[130.09886,32.88084],[130.09733,32.88156],[130.0962,32.88099],[130.0943,32.88155],[130.0937,32.88111],[130.0926,32.88184],[130.09229,32.87941],[130.0935,32.88007],[130.09386,32.87764],[130.096,32.87491],[130.09811,32.8696],[130.1074,32.87445]]],[[[130.0825,32.90774],[130.08071,32.90275],[130.08134,32.90213],[130.08047,32.90185],[130.08377,32.89919],[130.08356,32.89806],[130.08423,32.89698],[130.08279,32.89677],[130.08243,32.89615],[130.08091,32.89643],[130.07992,32.89573],[130.08124,32.89473],[130.08165,32.89341],[130.08104,32.8928],[130.0794,32.89248],[130.07816,32.8948],[130.07702,32.89337],[130.07746,32.89222],[130.07852,32.89175],[130.07838,32.89134],[130.08104,32.88804],[130.0826,32.88731],[130.08343,32.88781],[130.08392,32.88637],[130.08496,32.88639],[130.08612,32.88477],[130.08665,32.88506],[130.08746,32.88326],[130.08833,32.8836],[130.09015,32.8821],[130.09273,32.88182],[130.0937,32.88111],[130.0943,32.88155],[130.09592,32.88096],[130.09733,32.88156],[130.09886,32.88084],[130.10086,32.88118],[130.09874,32.88362],[130.09843,32.88343],[130.09861,32.88382],[130.09781,32.88465],[130.09844,32.88565],[130.0976,32.88645],[130.09825,32.88723],[130.09728,32.88783],[130.09762,32.88879],[130.09715,32.89057],[130.09232,32.89369],[130.08968,32.89675],[130.08824,32.89739],[130.08918,32.89787],[130.08814,32.89971],[130.08846,32.90017],[130.08414,32.90443],[130.0825,32.90774]]],[[[130.10046,32.88102],[130.10043,32.88014],[130.10147,32.8793],[130.10316,32.87962],[130.10397,32.87804],[130.10568,32.87859],[130.10611,32.87791],[130.10649,32.87803],[130.10437,32.88331],[130.10292,32.88418],[130.10127,32.88629],[130.10191,32.88825],[130.10161,32.88994],[130.09928,32.88955],[130.09519,32.89406],[130.09203,32.89566],[130.08846,32.90017],[130.08814,32.89971],[130.08918,32.89787],[130.08824,32.89739],[130.08968,32.89675],[130.09232,32.89369],[130.09715,32.89057],[130.09762,32.88879],[130.09728,32.88783],[130.09825,32.88723],[130.0976,32.88645],[130.09844,32.88565],[130.09781,32.88465],[130.09861,32.88382],[130.09843,32.88343],[130.09874,32.88362],[130.10078,32.88153],[130.10046,32.88102]]]]}},{"type":"Feature","properties":{"vid":"K64G11S00063","name":"西長田村","reading":"にしながた","gun":"高来郡","domains":["saga"],"isShared":false,"shared":[]},"geometry":{"type":"MultiPolygon","coordinates":[[[[130.06346,32.87518],[130.06367,32.86969],[130.06471,32.86694],[130.06553,32.86261],[130.06497,32.86243],[130.06545,32.8611],[130.06392,32.857],[130.06227,32.85624],[130.06196,32.85567],[130.06366,32.85336],[130.06361,32.85227],[130.06604,32.8474],[130.06982,32.84631],[130.07469,32.84718],[130.07682,32.84852],[130.07693,32.84982],[130.07466,32.8512],[130.074,32.85103],[130.07423,32.85163],[130.07221,32.85361],[130.07183,32.85464],[130.07123,32.8546],[130.07023,32.85693],[130.07051,32.85886],[130.06958,32.86092],[130.06984,32.86225],[130.06917,32.86207],[130.0688,32.86325],[130.06905,32.8658],[130.06679,32.86965],[130.06699,32.87038],[130.06618,32.87135],[130.06617,32.87239],[130.06559,32.8726],[130.06566,32.87382],[130.06462,32.87409],[130.06346,32.87518]]],[[[130.07693,32.84982],[130.0775,32.85135],[130.08108,32.85525],[130.08348,32.85607],[130.08331,32.85748],[130.08013,32.85796],[130.07744,32.85915],[130.07601,32.86367],[130.07399,32.86641],[130.07209,32.86817],[130.06861,32.86859],[130.06827,32.86948],[130.06699,32.87038],[130.06686,32.86949],[130.06905,32.8658],[130.0688,32.86325],[130.06917,32.86207],[130.06984,32.86225],[130.06958,32.86092],[130.07051,32.85886],[130.07023,32.85693],[130.07123,32.8546],[130.07183,32.85464],[130.07221,32.85361],[130.07423,32.85163],[130.074,32.85103],[130.07466,32.8512],[130.07693,32.84982]]],[[[130.06403,32.875],[130.0638,32.8747],[130.0643,32.87474],[130.06462,32.87409],[130.06566,32.87382],[130.06559,32.8726],[130.06617,32.87239],[130.06618,32.87135],[130.06741,32.8698],[130.06827,32.86948],[130.06861,32.86859],[130.07116,32.86852],[130.07306,32.86722],[130.07267,32.8699],[130.07109,32.87276],[130.07133,32.87387],[130.06935,32.87456],[130.06966,32.87509],[130.06921,32.87595],[130.06935,32.87717],[130.06757,32.87845],[130.06689,32.88011],[130.06461,32.87949],[130.06455,32.87715],[130.06497,32.87675],[130.06403,32.875]]],[[[130.06016,32.89771],[130.06088,32.89754],[130.06117,32.89601],[130.06063,32.88839],[130.06125,32.88717],[130.06112,32.88363],[130.06203,32.88122],[130.06178,32.87857],[130.06346,32.87518],[130.06417,32.87498],[130.06439,32.87622],[130.06497,32.87675],[130.06455,32.87715],[130.06461,32.87949],[130.06689,32.88011],[130.06712,32.8796],[130.06765,32.87975],[130.06833,32.8808],[130.06919,32.88091],[130.07053,32.88465],[130.07136,32.88407],[130.07044,32.88561],[130.07148,32.88478],[130.07089,32.88639],[130.07188,32.89242],[130.07166,32.89491],[130.07259,32.89516],[130.07336,32.89612],[130.07365,32.89596],[130.07395,32.8968],[130.07448,32.89687],[130.07428,32.89958],[130.07073,32.90241],[130.07034,32.9011],[130.07098,32.8994],[130.07034,32.89901],[130.06961,32.90036],[130.06931,32.90364],[130.0679,32.90452],[130.06846,32.906],[130.06688,32.90451],[130.06638,32.90508],[130.0631,32.90514],[130.06177,32.90343],[130.05931,32.90275],[130.05925,32.90027],[130.06016,32.89771]]],[[[130.05303,32.91348],[130.05371,32.91234],[130.05355,32.91177],[130.05459,32.91167],[130.05549,32.91074],[130.05616,32.90886],[130.05698,32.90799],[130.05809,32.90445],[130.05931,32.90275],[130.06177,32.90343],[130.0631,32.90514],[130.06638,32.90508],[130.06688,32.90451],[130.06846,32.906],[130.06873,32.9085],[130.06957,32.90977],[130.07018,32.91273],[130.06958,32.91333],[130.06932,32.9149],[130.0687,32.92699],[130.06722,32.9291],[130.0696,32.93269],[130.07039,32.93492],[130.06934,32.93543],[130.07034,32.93816],[130.07117,32.93887],[130.06938,32.94093],[130.07004,32.94209],[130.06959,32.94309],[130.07036,32.94484],[130.0711,32.94536],[130.07064,32.94618],[130.07121,32.94724],[130.07103,32.94878],[130.07034,32.94983],[130.07021,32.94929],[130.06985,32.9498],[130.06933,32.95171],[130.06862,32.95101],[130.06842,32.95128],[130.06873,32.95343],[130.06778,32.95417],[130.06788,32.95472],[130.06667,32.95486],[130.06586,32.95335],[130.06513,32.95304],[130.06608,32.94795],[130.06213,32.93957],[130.05908,32.93564],[130.05934,32.93329],[130.05776,32.93098],[130.05777,32.9298],[130.05642,32.92786],[130.05583,32.9277],[130.05401,32.92417],[130.05467,32.92225],[130.05392,32.91972],[130.05491,32.9179],[130.05476,32.91684],[130.05376,32.91633],[130.05303,32.91348]]]]}},{"type":"Feature","properties":{"vid":"K64G11S00064","name":"深海村","reading":"ふかのみ","gun":"高来郡","domains":["saga"],"isShared":false,"shared":[]},"geometry":{"type":"MultiPolygon","coordinates":[[[[130.10173,32.88734],[130.10299,32.88632],[130.10443,32.8877],[130.10252,32.89075],[130.10262,32.89039],[130.10171,32.89005],[130.09992,32.89206],[130.09828,32.89076],[130.09928,32.88955],[130.10161,32.88994],[130.10173,32.88734]]],[[[130.10173,32.88734],[130.10127,32.88629],[130.10288,32.88433],[130.10397,32.88425],[130.10484,32.88484],[130.10544,32.88448],[130.10574,32.8849],[130.1051,32.88534],[130.1043,32.88741],[130.10299,32.88632],[130.10173,32.88734]]],[[[130.1036,32.8891],[130.10508,32.88548],[130.10575,32.88532],[130.10658,32.88595],[130.10785,32.88551],[130.10718,32.88658],[130.10765,32.88677],[130.10679,32.887],[130.10478,32.88955],[130.1036,32.8891]]],[[[130.09609,32.8985],[130.09762,32.89677],[130.09702,32.89641],[130.09885,32.8932],[130.10171,32.89005],[130.10262,32.89039],[130.10247,32.89077],[130.1036,32.8891],[130.10478,32.88955],[130.10584,32.88884],[130.10636,32.89097],[130.10519,32.89255],[130.10475,32.89497],[130.1043,32.89522],[130.10238,32.89375],[130.09935,32.89579],[130.09693,32.89962],[130.09609,32.8985]]],[[[130.07944,32.93681],[130.07698,32.93547],[130.07796,32.93401],[130.07793,32.93187],[130.07935,32.92633],[130.07912,32.92549],[130.07765,32.92401],[130.07706,32.91936],[130.0795,32.91643],[130.07995,32.91476],[130.08159,32.9136],[130.08252,32.91196],[130.08246,32.91005],[130.08182,32.90937],[130.08292,32.90698],[130.08341,32.90642],[130.08626,32.90655],[130.08742,32.90833],[130.08745,32.90947],[130.087,32.90999],[130.08754,32.91059],[130.08587,32.91281],[130.08677,32.9132],[130.0861,32.91604],[130.08606,32.91821],[130.08663,32.91921],[130.08614,32.92014],[130.08508,32.92069],[130.08511,32.92249],[130.08435,32.92366],[130.08514,32.92429],[130.08481,32.92543],[130.08536,32.92667],[130.0851,32.92872],[130.08603,32.93197],[130.08583,32.93375],[130.08468,32.93439],[130.08398,32.93551],[130.08051,32.93617],[130.07944,32.93681]]],[[[130.08093,32.94694],[130.07906,32.94782],[130.07976,32.94444],[130.07955,32.94319],[130.08018,32.94145],[130.07862,32.93761],[130.08031,32.93623],[130.08419,32.9354],[130.08468,32.93439],[130.08583,32.93375],[130.08603,32.93197],[130.0851,32.92872],[130.08536,32.92667],[130.08481,32.92543],[130.08514,32.92429],[130.08435,32.92366],[130.08511,32.92249],[130.08508,32.92069],[130.08614,32.92014],[130.08663,32.91921],[130.08606,32.91821],[130.0861,32.91604],[130.08677,32.9132],[130.08587,32.91281],[130.08754,32.91068],[130.087,32.90999],[130.08745,32.90947],[130.08742,32.90833],[130.08649,32.90668],[130.08719,32.90679],[130.08784,32.90626],[130.08816,32.90645],[130.08773,32.90725],[130.08857,32.90787],[130.08965,32.90717],[130.09104,32.90803],[130.09203,32.9073],[130.09137,32.9083],[130.09115,32.91034],[130.09008,32.91136],[130.09086,32.91219],[130.09205,32.91193],[130.09328,32.91273],[130.09308,32.91347],[130.09381,32.91423],[130.09243,32.91418],[130.09181,32.91811],[130.09114,32.91876],[130.09096,32.92048],[130.09043,32.92049],[130.0906,32.92227],[130.0914,32.92351],[130.08927,32.92497],[130.08794,32.92758],[130.08794,32.93018],[130.08866,32.93093],[130.08892,32.93271],[130.08821,32.93569],[130.08657,32.93734],[130.0848,32.94107],[130.08459,32.94296],[130.08521,32.94501],[130.08456,32.94566],[130.08093,32.94694]]],[[[130.08609,32.90234],[130.08559,32.90374],[130.08649,32.90273],[130.08763,32.90382],[130.08815,32.90345],[130.08788,32.9044],[130.08861,32.90473],[130.09195,32.90215],[130.09397,32.90152],[130.09609,32.8985],[130.09693,32.89962],[130.09519,32.9029],[130.09494,32.90532],[130.09332,32.90696],[130.09169,32.90739],[130.09109,32.90802],[130.08965,32.90717],[130.08853,32.90785],[130.08773,32.90725],[130.08816,32.90645],[130.08784,32.90626],[130.08711,32.90679],[130.08341,32.90642],[130.08414,32.90443],[130.08609,32.90234]]],[[[130.08609,32.90234],[130.08917,32.89952],[130.09203,32.89566],[130.09497,32.89425],[130.09807,32.8909],[130.09992,32.89206],[130.09702,32.89641],[130.09762,32.89677],[130.09397,32.90152],[130.09195,32.90215],[130.08861,32.90473],[130.08788,32.9044],[130.08815,32.90345],[130.08763,32.90382],[130.08649,32.90273],[130.08559,32.90374],[130.08609,32.90234]]]]}},{"type":"Feature","properties":{"vid":"K64G11S00065","name":"藤田尾村","reading":"ふじたお","gun":"高来郡","domains":["saga"],"isShared":false,"shared":[]},"geometry":{"type":"MultiPolygon","coordinates":[[[[130.10516,32.88916],[130.10838,32.88556],[130.11454,32.88292],[130.11142,32.88646],[130.11073,32.88825],[130.10785,32.89071],[130.10636,32.89097],[130.10584,32.88884],[130.10516,32.88916]]],[[[130.11609,32.87939],[130.11713,32.87999],[130.11454,32.88292],[130.10797,32.88586],[130.10785,32.88551],[130.10658,32.88595],[130.10575,32.88532],[130.10508,32.88548],[130.10574,32.8849],[130.10544,32.88448],[130.10484,32.88484],[130.10397,32.88425],[130.10288,32.88433],[130.10479,32.88312],[130.10558,32.88334],[130.10626,32.88209],[130.10693,32.88286],[130.11609,32.87939]]],[[[130.11128,32.87648],[130.11609,32.87939],[130.10693,32.88286],[130.10626,32.88209],[130.10558,32.88334],[130.10437,32.88331],[130.10619,32.87925],[130.1074,32.87445],[130.11128,32.87648]]]]}},{"type":"Feature","properties":{"vid":"K64G11S00066","name":"小江村","reading":"おえ","gun":"高来郡","domains":["saga"],"isShared":false,"shared":[]},"geometry":{"type":"MultiPolygon","coordinates":[[[[130.0954,32.90238],[130.09752,32.89817],[130.10004,32.89523],[130.10238,32.89375],[130.1053,32.89551],[130.10551,32.89691],[130.10495,32.89833],[130.10542,32.89839],[130.10526,32.89964],[130.10342,32.90303],[130.102,32.90283],[130.09982,32.90449],[130.09853,32.90483],[130.09731,32.9043],[130.09689,32.90317],[130.09619,32.90317],[130.0954,32.90238]]],[[[130.07647,32.9581],[130.07861,32.95645],[130.07845,32.95403],[130.08021,32.9524],[130.07898,32.95043],[130.08125,32.94787],[130.08093,32.94694],[130.08514,32.9452],[130.08459,32.94296],[130.08526,32.93957],[130.08708,32.93653],[130.08824,32.9356],[130.08893,32.93255],[130.08866,32.93093],[130.08794,32.93018],[130.08794,32.92758],[130.08927,32.92497],[130.0914,32.92351],[130.0906,32.92227],[130.09043,32.92049],[130.09096,32.92048],[130.09114,32.91876],[130.09181,32.91811],[130.09243,32.91418],[130.09381,32.91423],[130.09308,32.91347],[130.09328,32.91273],[130.09205,32.91193],[130.09086,32.91219],[130.09008,32.91136],[130.09115,32.91034],[130.09137,32.9083],[130.095,32.90524],[130.0954,32.90238],[130.09619,32.90317],[130.09689,32.90317],[130.09731,32.9043],[130.09853,32.90483],[130.09982,32.90449],[130.10182,32.90291],[130.10312,32.90286],[130.10342,32.90303],[130.10294,32.90399],[130.09985,32.90694],[130.09892,32.90902],[130.09779,32.91512],[130.09572,32.91846],[130.09598,32.92019],[130.09723,32.92171],[130.09685,32.92268],[130.09753,32.92376],[130.09672,32.92413],[130.09646,32.92498],[130.09569,32.9251],[130.09537,32.9271],[130.09414,32.92786],[130.09483,32.92892],[130.09482,32.93101],[130.096,32.93171],[130.09484,32.93364],[130.09466,32.93488],[130.09726,32.93803],[130.09804,32.93819],[130.09877,32.93908],[130.09843,32.94039],[130.09676,32.94274],[130.09528,32.94353],[130.09505,32.94463],[130.09414,32.94535],[130.09384,32.9478],[130.09268,32.94889],[130.09199,32.95226],[130.09105,32.95294],[130.09054,32.95442],[130.08898,32.95642],[130.08983,32.95633],[130.08979,32.95671],[130.08779,32.95727],[130.08565,32.95633],[130.08661,32.95733],[130.08447,32.95851],[130.08389,32.96055],[130.08298,32.96055],[130.08177,32.95975],[130.08215,32.9616],[130.08085,32.96147],[130.07919,32.96237],[130.0801,32.96446],[130.0794,32.96639],[130.0799,32.96853],[130.07753,32.96723],[130.07698,32.96414],[130.07727,32.96273],[130.07649,32.96108],[130.07655,32.96017],[130.07749,32.95919],[130.07647,32.9581]]],[[[130.10342,32.90303],[130.10385,32.90411],[130.1035,32.90611],[130.1039,32.9066],[130.10461,32.90651],[130.10862,32.90322],[130.10993,32.90526],[130.10966,32.90645],[130.10731,32.90919],[130.10734,32.91051],[130.10591,32.91141],[130.10528,32.9107],[130.10472,32.91234],[130.10288,32.91406],[130.10274,32.91589],[130.10416,32.91595],[130.1033,32.91663],[130.10467,32.91675],[130.10269,32.91729],[130.10365,32.91947],[130.10309,32.9222],[130.10232,32.92231],[130.10178,32.92375],[130.10197,32.92525],[130.10129,32.9265],[130.10253,32.93414],[130.10307,32.93484],[130.10759,32.93536],[130.10676,32.93892],[130.10748,32.93953],[130.10598,32.94053],[130.10568,32.94146],[130.10686,32.94329],[130.10656,32.94421],[130.10417,32.94553],[130.10393,32.94604],[130.10431,32.94651],[130.10356,32.94732],[130.10347,32.94898],[130.10209,32.95206],[130.0994,32.9531],[130.09968,32.9539],[130.10115,32.95454],[130.10129,32.95549],[130.09763,32.95527],[130.09668,32.95566],[130.09564,32.95698],[130.09774,32.95785],[130.09771,32.95826],[130.09687,32.95903],[130.0942,32.95924],[130.09432,32.9604],[130.09288,32.96026],[130.09347,32.96066],[130.09404,32.96242],[130.0926,32.96294],[130.0918,32.96438],[130.08891,32.96657],[130.08935,32.96741],[130.08862,32.97136],[130.08793,32.97293],[130.08593,32.97374],[130.08512,32.97296],[130.08426,32.96985],[130.08269,32.96898],[130.08128,32.9691],[130.0799,32.96853],[130.0794,32.96639],[130.0801,32.96446],[130.07919,32.96237],[130.08085,32.96147],[130.08215,32.9616],[130.08177,32.95975],[130.08298,32.96055],[130.08389,32.96055],[130.08447,32.95851],[130.08661,32.95733],[130.08565,32.95633],[130.08779,32.95727],[130.08979,32.95671],[130.08983,32.95633],[130.08898,32.95642],[130.09054,32.95442],[130.09105,32.95294],[130.09199,32.95226],[130.09268,32.94889],[130.09384,32.9478],[130.09414,32.94535],[130.09505,32.94463],[130.09528,32.94353],[130.09676,32.94274],[130.09843,32.94039],[130.09877,32.93908],[130.09804,32.93819],[130.09726,32.93803],[130.09466,32.93488],[130.09484,32.93364],[130.096,32.93171],[130.09482,32.93101],[130.09483,32.92892],[130.09414,32.92786],[130.09537,32.9271],[130.09569,32.9251],[130.09646,32.92498],[130.09672,32.92413],[130.09753,32.92376],[130.09685,32.92268],[130.09723,32.92171],[130.09598,32.92019],[130.09572,32.91846],[130.09779,32.91512],[130.09892,32.90902],[130.0997,32.90714],[130.10342,32.90303]]],[[[130.11882,32.89622],[130.11831,32.89603],[130.11877,32.89524],[130.11826,32.89483],[130.11792,32.89545],[130.11656,32.89546],[130.11604,32.89491],[130.11565,32.8954],[130.11475,32.89513],[130.11518,32.89428],[130.1148,32.89351],[130.11281,32.89485],[130.11317,32.89407],[130.1108,32.89308],[130.11202,32.89237],[130.11164,32.89184],[130.11204,32.89143],[130.1131,32.8917],[130.11236,32.89093],[130.11576,32.88752],[130.11844,32.89113],[130.12121,32.89293],[130.1223,32.89303],[130.11913,32.8957],[130.11954,32.89606],[130.11882,32.89622]]],[[[130.10475,32.89497],[130.10512,32.89274],[130.10596,32.89136],[130.10785,32.89071],[130.11064,32.88835],[130.11246,32.88528],[130.11406,32.88572],[130.11576,32.88752],[130.11236,32.89093],[130.1131,32.8917],[130.11204,32.89143],[130.11164,32.89184],[130.11202,32.89237],[130.1108,32.89308],[130.11232,32.89366],[130.11057,32.8967],[130.10974,32.89715],[130.11025,32.89803],[130.10934,32.89958],[130.10937,32.90123],[130.10862,32.90322],[130.1041,32.90666],[130.1035,32.90611],[130.10385,32.90411],[130.10342,32.90303],[130.1053,32.89946],[130.10542,32.89839],[130.10495,32.89833],[130.10542,32.89584],[130.10475,32.89497]]],[[[130.10862,32.90322],[130.10937,32.90123],[130.10934,32.89958],[130.11025,32.89803],[130.10974,32.89715],[130.11057,32.8967],[130.11232,32.89366],[130.11317,32.89407],[130.11281,32.89485],[130.1148,32.89351],[130.11518,32.89428],[130.11475,32.89513],[130.11565,32.8954],[130.11604,32.89491],[130.11656,32.89546],[130.11792,32.89545],[130.11826,32.89483],[130.11875,32.89518],[130.11829,32.89597],[130.11882,32.89622],[130.11615,32.89797],[130.11245,32.90203],[130.11181,32.9022],[130.10993,32.90526],[130.10862,32.90322]]]]}},{"type":"Feature","properties":{"vid":"K64G11S00067","name":"犬木村","reading":"いぬき","gun":"高来郡","domains":["saga"],"isShared":false,"shared":[]},"geometry":{"type":"MultiPolygon","coordinates":[[[[130.10759,32.93536],[130.10307,32.93484],[130.10253,32.93414],[130.10131,32.92638],[130.10197,32.92525],[130.10178,32.92375],[130.10232,32.92231],[130.10309,32.9222],[130.10365,32.91947],[130.10269,32.91729],[130.10467,32.91675],[130.1033,32.91663],[130.10426,32.91603],[130.10299,32.91606],[130.10268,32.91494],[130.10355,32.91307],[130.10472,32.91234],[130.10528,32.9107],[130.10591,32.91141],[130.10734,32.91051],[130.10731,32.90919],[130.10966,32.90645],[130.11017,32.90459],[130.11145,32.90334],[130.11181,32.9022],[130.11481,32.89962],[130.11523,32.90089],[130.11607,32.90085],[130.1159,32.90133],[130.11702,32.9013],[130.11794,32.90241],[130.11945,32.90204],[130.12085,32.90297],[130.11867,32.90426],[130.11628,32.90677],[130.1161,32.90846],[130.1152,32.90921],[130.11521,32.91028],[130.11457,32.91113],[130.11499,32.91207],[130.1143,32.91375],[130.11234,32.91543],[130.11118,32.91785],[130.11132,32.91887],[130.10999,32.92105],[130.10926,32.9212],[130.10909,32.92208],[130.10813,32.92222],[130.10645,32.92502],[130.106,32.93013],[130.10753,32.93308],[130.10759,32.93536]]],[[[130.11882,32.89622],[130.11977,32.89699],[130.11944,32.89812],[130.12171,32.89847],[130.12142,32.89884],[130.12292,32.90096],[130.12099,32.90293],[130.11945,32.90204],[130.11794,32.90241],[130.11702,32.9013],[130.1159,32.90133],[130.11607,32.90085],[130.11523,32.90089],[130.1148,32.89962],[130.11662,32.89756],[130.11882,32.89622]]],[[[130.11882,32.89622],[130.11954,32.89606],[130.11913,32.8957],[130.12255,32.89308],[130.12349,32.89374],[130.12627,32.89879],[130.12288,32.90129],[130.12243,32.89991],[130.12142,32.89884],[130.12171,32.89847],[130.11944,32.89812],[130.11977,32.89699],[130.11882,32.89622]]]]}},{"type":"Feature","properties":{"vid":"K64G11S00068","name":"湯江村","reading":"ゆえ","gun":"高来郡","domains":["saga"],"isShared":false,"shared":[]},"geometry":{"type":"MultiPolygon","coordinates":[[[[130.14167,32.91048],[130.14034,32.90773],[130.14086,32.90761],[130.14082,32.90715],[130.14202,32.90654],[130.14267,32.90659],[130.14308,32.90736],[130.1443,32.9073],[130.14453,32.90884],[130.14302,32.91029],[130.14167,32.91048]]],[[[130.1443,32.9073],[130.14308,32.90736],[130.14267,32.90659],[130.1421,32.9067],[130.14169,32.90587],[130.14194,32.90478],[130.14258,32.90454],[130.14232,32.90434],[130.14477,32.90531],[130.1443,32.9073]]],[[[130.13482,32.90168],[130.13538,32.90278],[130.13735,32.9034],[130.13706,32.90501],[130.13797,32.9064],[130.13712,32.9071],[130.13657,32.90859],[130.13604,32.9081],[130.13542,32.90851],[130.13389,32.90787],[130.13336,32.90616],[130.13407,32.90486],[130.13317,32.90436],[130.13307,32.90191],[130.1345,32.90266],[130.13482,32.90168]]],[[[130.14167,32.91048],[130.14302,32.91029],[130.14239,32.91122],[130.14239,32.91253],[130.14383,32.91429],[130.14284,32.91645],[130.14413,32.91816],[130.14364,32.92058],[130.13953,32.92385],[130.13994,32.92564],[130.13825,32.92708],[130.13852,32.92828],[130.13996,32.93021],[130.14086,32.93061],[130.14063,32.93111],[130.1384,32.93316],[130.13674,32.93377],[130.13486,32.93533],[130.13297,32.93533],[130.12955,32.93787],[130.12709,32.9381],[130.12716,32.93962],[130.12667,32.93999],[130.12536,32.93995],[130.12184,32.94112],[130.1201,32.94067],[130.12013,32.93805],[130.11876,32.93697],[130.12048,32.93702],[130.12146,32.93777],[130.12221,32.93668],[130.12481,32.93665],[130.12488,32.93575],[130.12563,32.93499],[130.12855,32.9341],[130.12918,32.93189],[130.13051,32.93184],[130.13237,32.93305],[130.13475,32.93226],[130.13409,32.92768],[130.13568,32.92639],[130.13645,32.9242],[130.13783,32.92255],[130.13845,32.91816],[130.14011,32.91448],[130.14015,32.91336],[130.13941,32.91253],[130.13955,32.91044],[130.14167,32.91048]]],[[[130.13757,32.8922],[130.13814,32.89306],[130.14174,32.89282],[130.14355,32.8937],[130.14449,32.89888],[130.14395,32.90037],[130.14217,32.90216],[130.14261,32.90429],[130.14194,32.90478],[130.14169,32.90587],[130.14207,32.90654],[130.14126,32.90663],[130.14133,32.90711],[130.14034,32.90773],[130.13953,32.9057],[130.1403,32.90565],[130.14033,32.90524],[130.13932,32.90493],[130.14034,32.90466],[130.14006,32.8971],[130.13963,32.89706],[130.13757,32.8922]]],[[[130.13423,32.88941],[130.13564,32.89039],[130.13437,32.891],[130.1345,32.89133],[130.13571,32.89111],[130.13757,32.8922],[130.13963,32.89706],[130.14006,32.8971],[130.14034,32.90466],[130.13932,32.90493],[130.14033,32.90524],[130.1403,32.90565],[130.13956,32.9056],[130.13968,32.90602],[130.13866,32.90542],[130.13858,32.90578],[130.13738,32.90574],[130.13726,32.90314],[130.13526,32.90261],[130.13482,32.90168],[130.13505,32.90092],[130.13116,32.89302],[130.13423,32.88941]]],[[[130.13307,32.90191],[130.13317,32.90436],[130.13407,32.90486],[130.13336,32.90616],[130.13374,32.90757],[130.13346,32.90847],[130.13079,32.91137],[130.12975,32.9114],[130.12876,32.91039],[130.12884,32.90985],[130.12444,32.91278],[130.11999,32.91285],[130.12129,32.91032],[130.12316,32.90811],[130.1236,32.90863],[130.12485,32.90775],[130.12922,32.9037],[130.12936,32.90292],[130.13127,32.90162],[130.13307,32.90191]]],[[[130.12737,32.89749],[130.13116,32.89302],[130.13505,32.90092],[130.1345,32.90266],[130.13127,32.90162],[130.12936,32.90292],[130.12922,32.9037],[130.12858,32.9039],[130.12736,32.90323],[130.12566,32.90131],[130.12818,32.89967],[130.12735,32.89944],[130.12798,32.89873],[130.12737,32.89749]]],[[[130.10568,32.94146],[130.10598,32.94053],[130.10748,32.93953],[130.10676,32.93892],[130.10767,32.93368],[130.106,32.93013],[130.10602,32.92704],[130.10665,32.92617],[130.10678,32.92424],[130.10813,32.92222],[130.10909,32.92208],[130.10926,32.9212],[130.10999,32.92105],[130.11132,32.91887],[130.11118,32.91785],[130.11234,32.91543],[130.1143,32.91375],[130.11499,32.91207],[130.11457,32.91113],[130.11521,32.91028],[130.1152,32.90921],[130.1161,32.90846],[130.11641,32.90657],[130.11867,32.90426],[130.11977,32.90395],[130.12566,32.89947],[130.12737,32.89749],[130.12798,32.89873],[130.12735,32.89944],[130.12818,32.89967],[130.12566,32.90131],[130.12865,32.90406],[130.12485,32.90775],[130.1236,32.90863],[130.12316,32.90811],[130.11984,32.91267],[130.118,32.91322],[130.11794,32.91464],[130.11681,32.91573],[130.11647,32.91838],[130.11567,32.9198],[130.11651,32.92165],[130.11572,32.92289],[130.11328,32.92324],[130.11516,32.92527],[130.11553,32.92636],[130.11471,32.92999],[130.11486,32.93121],[130.11442,32.93165],[130.11468,32.93278],[130.11197,32.93632],[130.1107,32.93567],[130.11085,32.9377],[130.11166,32.93749],[130.11146,32.93844],[130.10875,32.94027],[130.10568,32.94146]]],[[[130.09404,32.96242],[130.09347,32.96066],[130.09288,32.96026],[130.09432,32.9604],[130.0942,32.95924],[130.09687,32.95903],[130.09779,32.9581],[130.09564,32.95698],[130.09671,32.95563],[130.09768,32.95527],[130.10129,32.95549],[130.10115,32.95454],[130.09968,32.9539],[130.0994,32.9531],[130.10209,32.95206],[130.10347,32.94898],[130.10356,32.94732],[130.10431,32.94651],[130.10393,32.94604],[130.10417,32.94553],[130.10656,32.94421],[130.10686,32.94297],[130.10568,32.94146],[130.10875,32.94027],[130.11146,32.93844],[130.11166,32.93749],[130.11085,32.9377],[130.1107,32.93567],[130.11197,32.93632],[130.11468,32.93278],[130.11442,32.93165],[130.11486,32.93121],[130.11471,32.92999],[130.11553,32.92636],[130.11516,32.92527],[130.11325,32.92338],[130.11572,32.92289],[130.11651,32.92165],[130.11567,32.9198],[130.11647,32.91838],[130.11681,32.91573],[130.11794,32.91464],[130.118,32.91322],[130.11924,32.91266],[130.12171,32.91311],[130.12444,32.91278],[130.12884,32.90985],[130.12876,32.91039],[130.12975,32.9114],[130.13079,32.91137],[130.13346,32.90847],[130.13374,32.90757],[130.13533,32.90841],[130.13454,32.91076],[130.13485,32.91178],[130.1338,32.91214],[130.1332,32.91413],[130.13448,32.91767],[130.13388,32.91791],[130.13469,32.92003],[130.13408,32.92176],[130.13237,32.92244],[130.13256,32.92293],[130.1308,32.9253],[130.13083,32.92582],[130.12942,32.92677],[130.12766,32.92769],[130.12776,32.92689],[130.12854,32.92656],[130.12434,32.92698],[130.12201,32.92871],[130.12082,32.92878],[130.11918,32.93034],[130.12156,32.93252],[130.12395,32.93314],[130.1239,32.93454],[130.12427,32.93562],[130.12495,32.93592],[130.12481,32.93665],[130.12221,32.93668],[130.12146,32.93777],[130.12048,32.93702],[130.11876,32.93697],[130.12013,32.93805],[130.12006,32.9401],[130.11746,32.94117],[130.11507,32.94154],[130.11445,32.9423],[130.11108,32.94344],[130.11099,32.94519],[130.10992,32.9465],[130.10951,32.94833],[130.10874,32.94883],[130.10859,32.94992],[130.10654,32.9511],[130.10675,32.95196],[130.10554,32.95358],[130.10511,32.95686],[130.10322,32.9576],[130.10308,32.9583],[130.101,32.96006],[130.09971,32.95997],[130.09815,32.96092],[130.09695,32.96058],[130.09658,32.96215],[130.09582,32.96224],[130.0955,32.96302],[130.09404,32.96242]]],[[[130.13955,32.91044],[130.13941,32.91253],[130.14015,32.91336],[130.14011,32.91448],[130.13845,32.91816],[130.13783,32.92255],[130.13645,32.9242],[130.13568,32.92639],[130.13409,32.92768],[130.13475,32.93226],[130.13237,32.93305],[130.13051,32.93184],[130.12918,32.93189],[130.12855,32.9341],[130.12741,32.9342],[130.12442,32.93572],[130.1239,32.93454],[130.12395,32.93314],[130.12156,32.93252],[130.11918,32.93034],[130.12082,32.92878],[130.12201,32.92871],[130.12434,32.92698],[130.12854,32.92656],[130.12776,32.92689],[130.12766,32.92769],[130.13083,32.92582],[130.1308,32.9253],[130.13256,32.92293],[130.13237,32.92244],[130.13408,32.92176],[130.13441,32.92119],[130.13469,32.92003],[130.13387,32.91801],[130.13448,32.91767],[130.13318,32.91435],[130.1338,32.91214],[130.13485,32.91178],[130.13454,32.91076],[130.13507,32.9091],[130.13604,32.9081],[130.13683,32.90995],[130.13955,32.91044]]],[[[130.14167,32.91048],[130.13826,32.91046],[130.1377,32.90983],[130.13683,32.90995],[130.13633,32.90855],[130.13792,32.90654],[130.13766,32.9059],[130.13866,32.90542],[130.13973,32.906],[130.14167,32.91048]]]]}},{"type":"Feature","properties":{"vid":"K64G11S00069","name":"宇良村","reading":"うら","gun":"高来郡","domains":["saga"],"isShared":false,"shared":[]},"geometry":{"type":"MultiPolygon","coordinates":[[[[130.15074,32.91178],[130.14847,32.91011],[130.14873,32.90958],[130.14652,32.9097],[130.14666,32.90935],[130.1458,32.90893],[130.14596,32.90795],[130.14709,32.90862],[130.14846,32.90861],[130.14977,32.90777],[130.15091,32.90793],[130.15075,32.90822],[130.15191,32.90878],[130.15254,32.90859],[130.15217,32.91045],[130.15074,32.91178]]],[[[130.15074,32.91178],[130.15395,32.91244],[130.15574,32.91358],[130.15455,32.91519],[130.15176,32.91662],[130.14882,32.91448],[130.14637,32.91413],[130.14655,32.91372],[130.14577,32.91387],[130.14494,32.91311],[130.14552,32.91266],[130.14575,32.91159],[130.14714,32.91206],[130.14753,32.911],[130.14638,32.91004],[130.14703,32.9095],[130.14873,32.90958],[130.14847,32.91011],[130.15074,32.91178]]],[[[130.14314,32.91352],[130.14239,32.91253],[130.14239,32.91122],[130.14459,32.90872],[130.14451,32.90691],[130.14596,32.90795],[130.1458,32.90893],[130.14666,32.90935],[130.14638,32.91004],[130.14753,32.911],[130.14714,32.91206],[130.14575,32.91159],[130.14552,32.91266],[130.14494,32.91311],[130.14406,32.91226],[130.14376,32.91331],[130.14314,32.91352]]],[[[130.15074,32.91178],[130.15217,32.91045],[130.15254,32.90859],[130.15535,32.9074],[130.15632,32.90617],[130.15773,32.90616],[130.15869,32.90708],[130.15908,32.90703],[130.15903,32.90623],[130.15926,32.90703],[130.15857,32.90801],[130.15925,32.90769],[130.15988,32.9064],[130.16097,32.90708],[130.15983,32.90991],[130.15873,32.91117],[130.15853,32.91043],[130.1581,32.91051],[130.15785,32.91165],[130.15574,32.91358],[130.15395,32.91244],[130.15074,32.91178]]],[[[130.14717,32.90529],[130.1502,32.90643],[130.14948,32.90821],[130.14792,32.90867],[130.14639,32.9084],[130.14706,32.90816],[130.14717,32.90529]]],[[[130.1443,32.90689],[130.14482,32.90541],[130.1434,32.90473],[130.14521,32.90467],[130.14717,32.90529],[130.14706,32.90816],[130.14639,32.9084],[130.1443,32.90689]]],[[[130.14411,32.918],[130.14283,32.91638],[130.14383,32.91429],[130.14314,32.91352],[130.14376,32.91331],[130.14406,32.91226],[130.14545,32.9137],[130.14882,32.91448],[130.15176,32.91662],[130.14943,32.91852],[130.14908,32.92089],[130.147,32.92366],[130.14578,32.92258],[130.14588,32.91897],[130.14505,32.91862],[130.14509,32.91812],[130.14411,32.918]]],[[[130.08593,32.97374],[130.08793,32.97293],[130.08928,32.96789],[130.08891,32.96657],[130.0918,32.96438],[130.0926,32.96294],[130.09404,32.96242],[130.0955,32.96302],[130.09582,32.96224],[130.09658,32.96215],[130.09695,32.96058],[130.09815,32.96092],[130.09971,32.95997],[130.101,32.96006],[130.10308,32.9583],[130.10322,32.9576],[130.10511,32.95686],[130.10554,32.95358],[130.10675,32.95196],[130.10654,32.9511],[130.10859,32.94992],[130.10874,32.94883],[130.10951,32.94833],[130.10992,32.9465],[130.11099,32.94519],[130.11122,32.9433],[130.11445,32.9423],[130.11507,32.94154],[130.11965,32.94033],[130.12184,32.94112],[130.12536,32.93995],[130.12667,32.93999],[130.12716,32.93962],[130.12701,32.93817],[130.12759,32.93787],[130.12955,32.93787],[130.13005,32.93722],[130.13152,32.93674],[130.13396,32.93698],[130.13355,32.93833],[130.13423,32.94003],[130.1352,32.94012],[130.13499,32.94097],[130.13627,32.94223],[130.1314,32.94513],[130.12732,32.9499],[130.12608,32.95312],[130.12583,32.95554],[130.12477,32.95711],[130.12475,32.9588],[130.12578,32.96089],[130.12458,32.96208],[130.12403,32.96343],[130.12506,32.96704],[130.12382,32.97057],[130.12271,32.97089],[130.11883,32.9704],[130.11572,32.97136],[130.11451,32.97241],[130.11174,32.9726],[130.10919,32.97176],[130.10803,32.97257],[130.10486,32.9734],[130.10303,32.97474],[130.10023,32.97418],[130.09505,32.97538],[130.08868,32.97403],[130.08683,32.9749],[130.08593,32.97374]]],[[[130.15632,32.90617],[130.15535,32.9074],[130.15191,32.90878],[130.15075,32.90822],[130.15091,32.90793],[130.14977,32.90777],[130.1502,32.90643],[130.14533,32.90445],[130.14588,32.903],[130.15343,32.90486],[130.15322,32.90552],[130.15632,32.90617]]],[[[130.13152,32.93674],[130.13297,32.93533],[130.13526,32.93511],[130.13674,32.93377],[130.1384,32.93316],[130.14063,32.93111],[130.14086,32.93061],[130.13996,32.93021],[130.13852,32.92828],[130.13825,32.92708],[130.13994,32.92564],[130.13953,32.92385],[130.14364,32.92058],[130.14411,32.918],[130.14509,32.91812],[130.14505,32.91862],[130.14589,32.91901],[130.14585,32.9228],[130.147,32.92366],[130.14335,32.92921],[130.14302,32.93084],[130.14438,32.93293],[130.14341,32.9353],[130.14192,32.93682],[130.14113,32.93877],[130.14035,32.93976],[130.13627,32.94223],[130.13499,32.94097],[130.1352,32.94012],[130.13423,32.94003],[130.13355,32.93833],[130.13396,32.93698],[130.13152,32.93674]]],[[[130.14355,32.8937],[130.14364,32.89414],[130.14385,32.89383],[130.1478,32.89549],[130.14718,32.89927],[130.14534,32.90469],[130.1434,32.90473],[130.14222,32.90365],[130.14217,32.90216],[130.14449,32.89931],[130.14355,32.8937]]],[[[130.1478,32.89549],[130.15025,32.89596],[130.15078,32.8968],[130.15057,32.89737],[130.15332,32.89829],[130.15299,32.89915],[130.15437,32.89962],[130.15477,32.89874],[130.1542,32.89792],[130.15452,32.89764],[130.15577,32.89862],[130.15519,32.89984],[130.15716,32.9013],[130.15806,32.90281],[130.15637,32.90543],[130.15636,32.90617],[130.15322,32.90552],[130.15343,32.90486],[130.14588,32.903],[130.14718,32.89927],[130.1478,32.89549]]]]}},{"type":"Feature","properties":{"vid":"K64G11S00070","name":"長里村","reading":null,"gun":"高来郡","domains":["saga"],"isShared":false,"shared":[]},"geometry":{"type":"MultiPolygon","coordinates":[[[[130.12382,32.97057],[130.12506,32.96704],[130.12403,32.96343],[130.12458,32.96208],[130.12578,32.96089],[130.12475,32.9588],[130.12477,32.95711],[130.12583,32.95554],[130.12608,32.95312],[130.12732,32.9499],[130.12858,32.94798],[130.12975,32.94712],[130.12931,32.94803],[130.13016,32.94817],[130.13068,32.94916],[130.13203,32.94964],[130.13301,32.95074],[130.13238,32.95154],[130.13448,32.95106],[130.13569,32.9518],[130.13782,32.95131],[130.14014,32.94979],[130.14552,32.94921],[130.14587,32.95117],[130.14684,32.95232],[130.14701,32.95326],[130.14553,32.95356],[130.14449,32.95571],[130.14505,32.9566],[130.14485,32.9574],[130.14579,32.95799],[130.14312,32.96065],[130.14274,32.96251],[130.13962,32.963],[130.13879,32.96388],[130.13833,32.96563],[130.13875,32.96722],[130.13979,32.96874],[130.13813,32.96828],[130.13092,32.96832],[130.12699,32.969],[130.12382,32.97057]]],[[[130.18239,32.91645],[130.18117,32.91732],[130.18121,32.91935],[130.18023,32.91988],[130.18015,32.92081],[130.17848,32.92175],[130.17725,32.92481],[130.17742,32.92736],[130.17237,32.93055],[130.16932,32.9318],[130.16799,32.93186],[130.16754,32.93233],[130.1659,32.93239],[130.16547,32.93187],[130.16448,32.93212],[130.16729,32.92858],[130.16726,32.92643],[130.16882,32.92445],[130.17007,32.924],[130.1679,32.92151],[130.16728,32.91969],[130.16861,32.91909],[130.17046,32.91893],[130.17038,32.91937],[130.17183,32.91894],[130.1727,32.91619],[130.17601,32.91582],[130.17827,32.91415],[130.18092,32.91458],[130.18239,32.91645]]],[[[130.16487,32.93158],[130.16339,32.93138],[130.16361,32.9306],[130.1629,32.93109],[130.16194,32.93065],[130.16119,32.92954],[130.16111,32.93134],[130.16003,32.93327],[130.1601,32.93409],[130.15928,32.93372],[130.15933,32.9344],[130.15837,32.935],[130.15879,32.93521],[130.15842,32.93661],[130.15816,32.93638],[130.15646,32.93745],[130.15553,32.93708],[130.15182,32.93945],[130.15133,32.94024],[130.14606,32.93746],[130.14531,32.93787],[130.14539,32.93731],[130.14436,32.93663],[130.15021,32.93052],[130.15636,32.92693],[130.15722,32.92765],[130.1577,32.9271],[130.15916,32.92716],[130.15976,32.92512],[130.16196,32.92199],[130.16099,32.9187],[130.1653,32.91401],[130.16587,32.91417],[130.16661,32.91363],[130.16606,32.91429],[130.16702,32.91508],[130.16767,32.91423],[130.16884,32.91552],[130.1727,32.91619],[130.17183,32.91894],[130.17038,32.91937],[130.17046,32.91893],[130.16861,32.91909],[130.16728,32.91969],[130.1679,32.92151],[130.17007,32.924],[130.16882,32.92445],[130.16726,32.92643],[130.16729,32.92858],[130.16487,32.93158]]],[[[130.16549,32.91394],[130.16099,32.9187],[130.16196,32.92199],[130.15976,32.92512],[130.15916,32.92716],[130.1577,32.9271],[130.15722,32.92765],[130.15636,32.92693],[130.15443,32.92786],[130.15006,32.93064],[130.14799,32.93284],[130.14681,32.9308],[130.14689,32.92922],[130.15106,32.92357],[130.15417,32.92117],[130.15623,32.91672],[130.15845,32.91482],[130.15973,32.91433],[130.15969,32.91391],[130.16227,32.91179],[130.16288,32.91189],[130.1631,32.91097],[130.16452,32.91242],[130.16734,32.91128],[130.16779,32.91216],[130.16752,32.9128],[130.16549,32.91394]]],[[[130.15574,32.91358],[130.15785,32.91165],[130.1581,32.91051],[130.15853,32.91043],[130.15873,32.91117],[130.15983,32.90991],[130.16097,32.90708],[130.16043,32.90709],[130.16019,32.90637],[130.1611,32.90586],[130.16448,32.90693],[130.16731,32.91124],[130.16452,32.91242],[130.1631,32.91097],[130.16288,32.91189],[130.16227,32.91179],[130.15969,32.91391],[130.15973,32.91433],[130.15845,32.91482],[130.15623,32.91672],[130.15417,32.92117],[130.15106,32.92357],[130.14727,32.92849],[130.14672,32.93048],[130.14799,32.93284],[130.14436,32.93663],[130.14539,32.93731],[130.14531,32.93787],[130.14606,32.93746],[130.15133,32.94024],[130.14947,32.94434],[130.14695,32.9459],[130.14662,32.94813],[130.14552,32.94921],[130.14014,32.94979],[130.13782,32.95131],[130.13577,32.9518],[130.13448,32.95106],[130.13238,32.95154],[130.13301,32.95074],[130.13203,32.94964],[130.13068,32.94916],[130.13016,32.94817],[130.12931,32.94803],[130.12939,32.94762],[130.13237,32.9444],[130.13897,32.94072],[130.14113,32.93877],[130.14192,32.93682],[130.14341,32.9353],[130.14438,32.93293],[130.14302,32.93084],[130.14335,32.92921],[130.14891,32.92119],[130.14943,32.91852],[130.15029,32.91747],[130.15455,32.91519],[130.15574,32.91358]]]]}},{"type":"Feature","properties":{"vid":"K64G11S00071","name":"小川原浦村","reading":"おがわはらうら","gun":"高来郡","domains":["saga"],"isShared":false,"shared":[]},"geometry":{"type":"MultiPolygon","coordinates":[[[[130.18874,32.93557],[130.18515,32.93537],[130.18433,32.93663],[130.18296,32.93635],[130.18207,32.93709],[130.18098,32.93675],[130.17847,32.93714],[130.17867,32.93665],[130.17807,32.93544],[130.1796,32.93417],[130.17792,32.93385],[130.17832,32.9325],[130.17971,32.93104],[130.17997,32.92983],[130.18137,32.92922],[130.18221,32.92754],[130.18305,32.9275],[130.18263,32.92696],[130.18608,32.92669],[130.18687,32.92722],[130.18673,32.92793],[130.18735,32.92772],[130.18754,32.92872],[130.18714,32.92907],[130.18811,32.92909],[130.18869,32.92944],[130.1888,32.93035],[130.18956,32.93044],[130.18899,32.93096],[130.189,32.93212],[130.18844,32.93302],[130.18938,32.93415],[130.18876,32.93454],[130.18874,32.93557]]],[[[130.19083,32.9319],[130.19098,32.93325],[130.19179,32.93411],[130.19162,32.935],[130.18997,32.93565],[130.18874,32.93557],[130.18876,32.93454],[130.18938,32.93415],[130.18844,32.93302],[130.189,32.93212],[130.18899,32.93096],[130.18956,32.93044],[130.1888,32.93035],[130.18869,32.92944],[130.18811,32.92909],[130.18714,32.92907],[130.18746,32.92795],[130.18673,32.92793],[130.18684,32.92716],[130.18608,32.92669],[130.18263,32.92696],[130.18203,32.92623],[130.18067,32.92588],[130.18016,32.92501],[130.17928,32.925],[130.17844,32.92367],[130.17745,32.92405],[130.17848,32.92175],[130.18,32.92098],[130.18023,32.91988],[130.18121,32.91935],[130.18101,32.91772],[130.1829,32.91588],[130.18337,32.91344],[130.18553,32.91334],[130.18567,32.91373],[130.18609,32.9134],[130.18584,32.91382],[130.18741,32.91472],[130.18663,32.91535],[130.18648,32.91636],[130.18594,32.91604],[130.18536,32.91709],[130.18617,32.91636],[130.18879,32.91798],[130.18881,32.91861],[130.18689,32.92071],[130.18732,32.92188],[130.18599,32.92241],[130.18647,32.9227],[130.187,32.92463],[130.18842,32.9261],[130.19002,32.92628],[130.19105,32.92697],[130.19388,32.9272],[130.19219,32.92757],[130.19249,32.92861],[130.1919,32.929],[130.19083,32.9319]]],[[[130.18263,32.92696],[130.18305,32.9275],[130.18221,32.92754],[130.18137,32.92922],[130.17997,32.92983],[130.17971,32.93104],[130.17832,32.9325],[130.17792,32.93385],[130.17738,32.93177],[130.17597,32.93175],[130.17448,32.93094],[130.17171,32.9308],[130.17742,32.92736],[130.17725,32.92481],[130.17797,32.92378],[130.17844,32.92367],[130.17928,32.925],[130.18016,32.92501],[130.18067,32.92588],[130.18203,32.92623],[130.18263,32.92696]]],[[[130.16893,32.95146],[130.16877,32.95287],[130.16936,32.95295],[130.17043,32.95466],[130.16977,32.95493],[130.17341,32.9579],[130.17314,32.95886],[130.17405,32.95913],[130.17496,32.95869],[130.17684,32.95994],[130.17833,32.96029],[130.17801,32.96097],[130.17306,32.96215],[130.16902,32.9617],[130.16654,32.96093],[130.16225,32.96145],[130.16224,32.96027],[130.16104,32.96044],[130.15983,32.95979],[130.15923,32.95878],[130.1583,32.95881],[130.1578,32.95808],[130.15618,32.95731],[130.15668,32.9545],[130.1542,32.9473],[130.15439,32.9462],[130.15546,32.94496],[130.15597,32.94505],[130.15564,32.94403],[130.15633,32.94319],[130.15712,32.94314],[130.15817,32.94155],[130.15898,32.94113],[130.16083,32.94168],[130.16141,32.94094],[130.1626,32.94127],[130.16401,32.94061],[130.16431,32.94082],[130.16383,32.94236],[130.16599,32.94215],[130.16758,32.94327],[130.16804,32.9442],[130.16842,32.94518],[130.16825,32.94705],[130.16953,32.94871],[130.16869,32.94965],[130.16885,32.95069],[130.16758,32.95141],[130.16893,32.95146]]],[[[130.17847,32.93714],[130.17761,32.93652],[130.17505,32.93637],[130.17373,32.93524],[130.17136,32.93451],[130.16961,32.93751],[130.16833,32.93865],[130.16615,32.93859],[130.16575,32.94036],[130.16302,32.94082],[130.1626,32.94127],[130.16141,32.94094],[130.16083,32.94168],[130.15898,32.94113],[130.1575,32.94254],[130.1572,32.94209],[130.15656,32.94286],[130.15526,32.94323],[130.15392,32.94271],[130.15344,32.941],[130.1524,32.94024],[130.15133,32.94024],[130.15182,32.93945],[130.15553,32.93708],[130.15646,32.93745],[130.15816,32.93638],[130.15842,32.93661],[130.15879,32.93521],[130.15837,32.935],[130.15933,32.9344],[130.15928,32.93372],[130.1601,32.93409],[130.16003,32.93327],[130.16111,32.93134],[130.16119,32.92954],[130.16194,32.93065],[130.1629,32.93109],[130.16361,32.9306],[130.16334,32.93134],[130.16435,32.93123],[130.16487,32.93158],[130.16448,32.93212],[130.16547,32.93187],[130.1659,32.93239],[130.16754,32.93233],[130.17164,32.93072],[130.17738,32.93177],[130.17765,32.9336],[130.1796,32.93417],[130.17807,32.93544],[130.17867,32.93665],[130.17847,32.93714]]],[[[130.1575,32.94254],[130.15564,32.94403],[130.15613,32.94475],[130.15439,32.9462],[130.1542,32.9473],[130.15668,32.9545],[130.15605,32.95704],[130.1583,32.95881],[130.15936,32.95887],[130.15983,32.95979],[130.16104,32.96044],[130.16224,32.96027],[130.16225,32.96145],[130.16137,32.96128],[130.1549,32.96339],[130.15288,32.96349],[130.1498,32.96269],[130.14935,32.96509],[130.14718,32.96901],[130.14406,32.97168],[130.14227,32.97122],[130.13943,32.96925],[130.13914,32.96876],[130.13979,32.96874],[130.13875,32.96722],[130.13826,32.96527],[130.13962,32.963],[130.14274,32.96251],[130.14312,32.96065],[130.14579,32.95799],[130.14485,32.9574],[130.14505,32.9566],[130.14449,32.95571],[130.14565,32.95344],[130.14701,32.95337],[130.1455,32.95012],[130.14552,32.94896],[130.14703,32.94739],[130.14695,32.9459],[130.14947,32.94434],[130.15133,32.94024],[130.1524,32.94024],[130.15344,32.941],[130.15392,32.94271],[130.15449,32.94313],[130.15656,32.94286],[130.1572,32.94209],[130.1575,32.94254]]]]}},{"type":"Feature","properties":{"vid":"K64G11S00072","name":"井崎村","reading":"いざき","gun":"高来郡","domains":["saga"],"isShared":false,"shared":[]},"geometry":{"type":"MultiPolygon","coordinates":[[[[130.18609,32.94513],[130.18738,32.94576],[130.18832,32.94534],[130.18932,32.94566],[130.19772,32.94265],[130.19957,32.94261],[130.20051,32.94446],[130.20133,32.94475],[130.20207,32.94433],[130.20171,32.9451],[130.20307,32.94683],[130.20263,32.94789],[130.20126,32.94907],[130.20139,32.95205],[130.2007,32.95217],[130.20131,32.95311],[130.20175,32.9529],[130.20107,32.95256],[130.2014,32.9523],[130.20239,32.95248],[130.2023,32.95308],[130.20389,32.95521],[130.20306,32.95815],[130.19842,32.95963],[130.19744,32.95919],[130.19256,32.95945],[130.18765,32.95885],[130.18453,32.95996],[130.17833,32.96029],[130.17684,32.95994],[130.17496,32.95869],[130.17327,32.95895],[130.17341,32.9579],[130.16977,32.95493],[130.17043,32.95466],[130.16856,32.9524],[130.16896,32.95133],[130.17092,32.95166],[130.17238,32.9503],[130.17214,32.94944],[130.17261,32.94881],[130.17764,32.94728],[130.17963,32.94747],[130.18013,32.94644],[130.18121,32.94637],[130.18377,32.94494],[130.18609,32.94513]]],[[[130.18609,32.94513],[130.18625,32.94294],[130.18747,32.94336],[130.18845,32.94291],[130.1871,32.94164],[130.18907,32.94144],[130.18902,32.93996],[130.19255,32.93827],[130.19409,32.9369],[130.19743,32.93714],[130.20054,32.93649],[130.20175,32.93573],[130.20289,32.93668],[130.2028,32.9372],[130.20104,32.93722],[130.19972,32.93833],[130.20058,32.93876],[130.20024,32.9394],[130.20058,32.93981],[130.20155,32.93985],[130.20299,32.94075],[130.20332,32.94224],[130.20445,32.94292],[130.20326,32.94226],[130.20124,32.94305],[130.20161,32.94383],[130.20006,32.94253],[130.19748,32.94268],[130.18932,32.94566],[130.18832,32.94534],[130.18738,32.94576],[130.18609,32.94513]]],[[[130.18609,32.94513],[130.18377,32.94494],[130.18121,32.94637],[130.18013,32.94644],[130.17963,32.94747],[130.17764,32.94728],[130.17261,32.94881],[130.17214,32.94944],[130.17238,32.9503],[130.17066,32.95178],[130.16938,32.95118],[130.16765,32.9515],[130.16885,32.95069],[130.16869,32.94965],[130.16953,32.94871],[130.16825,32.94705],[130.16842,32.94518],[130.16758,32.94327],[130.16579,32.94208],[130.1639,32.94241],[130.16383,32.94154],[130.16442,32.94075],[130.16575,32.94036],[130.16615,32.93859],[130.16821,32.93873],[130.16961,32.93751],[130.17116,32.93457],[130.17259,32.93471],[130.17524,32.93643],[130.17761,32.93652],[130.1784,32.93713],[130.18098,32.93675],[130.18207,32.93709],[130.18283,32.93637],[130.18433,32.93663],[130.18515,32.93537],[130.18611,32.93562],[130.18698,32.9352],[130.18813,32.9358],[130.19133,32.93523],[130.19179,32.93411],[130.19098,32.93325],[130.19083,32.9319],[130.19351,32.93183],[130.19426,32.93317],[130.19364,32.93365],[130.19419,32.93377],[130.1941,32.93422],[130.19474,32.93452],[130.19524,32.9339],[130.19565,32.93423],[130.19519,32.93679],[130.19409,32.9369],[130.19255,32.93827],[130.18902,32.93996],[130.18907,32.94144],[130.1871,32.94164],[130.18845,32.94291],[130.18747,32.94336],[130.18625,32.94294],[130.18609,32.94513]]],[[[130.20044,32.93638],[130.19722,32.93715],[130.19519,32.93679],[130.19565,32.93423],[130.19524,32.9339],[130.19474,32.93452],[130.1941,32.93422],[130.19419,32.93377],[130.19364,32.93365],[130.19426,32.93317],[130.19351,32.93183],[130.19083,32.9319],[130.19144,32.93005],[130.19275,32.92896],[130.19254,32.92938],[130.19359,32.92959],[130.19405,32.92881],[130.19309,32.92869],[130.1935,32.92829],[130.19414,32.9285],[130.19436,32.92766],[130.19638,32.92935],[130.2001,32.92922],[130.20122,32.9286],[130.20186,32.9291],[130.20162,32.93095],[130.20342,32.93237],[130.20235,32.93364],[130.20164,32.93388],[130.20155,32.93323],[130.20063,32.93404],[130.20103,32.9359],[130.20044,32.93638]]]]}},{"type":"Feature","properties":{"vid":"K64G11S00073","name":"東村","reading":"ひがし","gun":"高来郡","domains":["saga"],"isShared":false,"shared":[]},"geometry":{"type":"MultiPolygon","coordinates":[[[[130.28293,32.83878],[130.28433,32.84422],[130.28359,32.84738],[130.28348,32.85042],[130.28271,32.85107],[130.28498,32.8547],[130.28611,32.85778],[130.28464,32.85823],[130.28458,32.8591],[130.28512,32.85947],[130.28474,32.85951],[130.2847,32.86028],[130.28179,32.86187],[130.28146,32.86048],[130.27935,32.8608],[130.27971,32.86023],[130.27857,32.85803],[130.27896,32.85642],[130.276,32.85286],[130.27637,32.85038],[130.27769,32.84973],[130.27875,32.84768],[130.27958,32.84705],[130.27991,32.84231],[130.27901,32.84176],[130.27903,32.83894],[130.27823,32.83832],[130.28041,32.83641],[130.27968,32.83612],[130.27833,32.83386],[130.27863,32.83281],[130.27804,32.83255],[130.27879,32.83238],[130.27862,32.83166],[130.27912,32.83069],[130.27782,32.83013],[130.27762,32.82834],[130.27579,32.8264],[130.27643,32.82525],[130.27429,32.82427],[130.27562,32.81974],[130.27849,32.82382],[130.28139,32.82977],[130.28134,32.83207],[130.28293,32.83878]]],[[[130.28782,32.8531],[130.28969,32.85686],[130.28949,32.85761],[130.29094,32.85895],[130.2906,32.85996],[130.29089,32.86118],[130.28901,32.86239],[130.28952,32.86332],[130.28925,32.86409],[130.28893,32.86383],[130.28683,32.86456],[130.28491,32.86728],[130.285,32.86618],[130.28328,32.86667],[130.28334,32.86583],[130.28179,32.86187],[130.2847,32.86028],[130.28474,32.85951],[130.28512,32.85947],[130.28458,32.8591],[130.28464,32.85823],[130.28611,32.85779],[130.28498,32.8547],[130.28268,32.85087],[130.28348,32.85042],[130.28359,32.84738],[130.28433,32.84422],[130.2858,32.84948],[130.28782,32.8531]]],[[[130.28515,32.86796],[130.28514,32.87175],[130.28414,32.87507],[130.28504,32.87558],[130.28435,32.87699],[130.28316,32.87727],[130.28294,32.8783],[130.28275,32.87785],[130.28206,32.87792],[130.2819,32.87842],[130.27894,32.878],[130.27926,32.87709],[130.27721,32.87643],[130.27743,32.87582],[130.27702,32.87574],[130.27729,32.87503],[130.27781,32.87513],[130.27747,32.87293],[130.27789,32.87254],[130.27737,32.87259],[130.27621,32.87137],[130.27739,32.87083],[130.27728,32.86911],[130.27815,32.86892],[130.27715,32.86838],[130.27822,32.86691],[130.27802,32.86566],[130.27864,32.86554],[130.27837,32.86232],[130.27669,32.86004],[130.27598,32.85646],[130.27747,32.85595],[130.27793,32.85643],[130.27847,32.85595],[130.27889,32.85629],[130.27857,32.85803],[130.27971,32.86023],[130.27935,32.8608],[130.28146,32.86048],[130.28328,32.86667],[130.285,32.86618],[130.28515,32.86796]]]]}},{"type":"Feature","properties":{"vid":"K64G11S00074","name":"西村","reading":"にし","gun":"高来郡","domains":["saga"],"isShared":false,"shared":[]},"geometry":{"type":"MultiPolygon","coordinates":[[[[130.25822,32.86911],[130.26319,32.8679],[130.26528,32.86822],[130.26484,32.86926],[130.26513,32.86958],[130.26405,32.87087],[130.26686,32.87149],[130.26692,32.87254],[130.26642,32.87236],[130.26649,32.8733],[130.26652,32.87274],[130.26579,32.87291],[130.26575,32.87344],[130.2651,32.87371],[130.26488,32.87263],[130.26367,32.87204],[130.26112,32.87152],[130.25964,32.87171],[130.25938,32.87047],[130.25822,32.86911]]],[[[130.27119,32.87149],[130.27075,32.87191],[130.27035,32.87438],[130.26756,32.8743],[130.26861,32.87419],[130.26827,32.87375],[130.26856,32.87328],[130.26742,32.87273],[130.26667,32.87373],[130.26735,32.8727],[130.26692,32.87254],[130.26687,32.87157],[130.26751,32.8711],[130.26982,32.87076],[130.27119,32.87149]]],[[[130.27721,32.87643],[130.27579,32.87563],[130.27554,32.87471],[130.27249,32.87423],[130.27187,32.875],[130.27103,32.87499],[130.27026,32.87424],[130.27075,32.87191],[130.27136,32.87152],[130.27283,32.87228],[130.27581,32.87139],[130.27679,32.87169],[130.27791,32.87269],[130.27747,32.87293],[130.27781,32.87513],[130.27729,32.87503],[130.27721,32.87643]]],[[[130.27595,32.85738],[130.27677,32.86023],[130.27837,32.86232],[130.27864,32.86554],[130.27802,32.86566],[130.27822,32.86691],[130.27714,32.86857],[130.27798,32.86854],[130.27815,32.86892],[130.27728,32.86911],[130.27739,32.87083],[130.27688,32.8713],[130.27621,32.87112],[130.27269,32.87228],[130.27119,32.87149],[130.2715,32.87129],[130.27119,32.87104],[130.27306,32.86985],[130.27274,32.86979],[130.27311,32.8686],[130.27356,32.8686],[130.27399,32.86613],[130.27251,32.86438],[130.27236,32.85726],[130.27328,32.85694],[130.27313,32.85767],[130.27432,32.85767],[130.27431,32.85801],[130.27595,32.85738]]],[[[130.26705,32.78951],[130.26815,32.79047],[130.26958,32.79301],[130.27178,32.79355],[130.2724,32.79539],[130.27252,32.79735],[130.27086,32.80031],[130.27059,32.80188],[130.27279,32.80825],[130.27406,32.81576],[130.27562,32.81974],[130.27429,32.82427],[130.27643,32.82525],[130.27579,32.8264],[130.27762,32.82834],[130.27782,32.83013],[130.27912,32.83069],[130.27862,32.83166],[130.27879,32.83238],[130.27804,32.83255],[130.27863,32.83281],[130.27833,32.83386],[130.27968,32.83612],[130.28041,32.83641],[130.27823,32.83832],[130.27903,32.83894],[130.27901,32.84176],[130.27991,32.84231],[130.27958,32.84705],[130.27875,32.84768],[130.27769,32.84973],[130.27665,32.84994],[130.27599,32.85229],[130.2762,32.85321],[130.27741,32.85413],[130.27889,32.85629],[130.27847,32.85595],[130.27793,32.85643],[130.27747,32.85595],[130.27598,32.85646],[130.27622,32.85736],[130.27459,32.85802],[130.27313,32.85767],[130.27328,32.85694],[130.2717,32.85629],[130.26888,32.8569],[130.26874,32.85637],[130.26912,32.85442],[130.2683,32.85272],[130.26805,32.84986],[130.2697,32.84519],[130.27087,32.8443],[130.27089,32.84305],[130.27326,32.84049],[130.27333,32.83859],[130.27282,32.83823],[130.27355,32.8381],[130.27128,32.83097],[130.27107,32.82546],[130.26985,32.82383],[130.26796,32.82247],[130.26816,32.82008],[130.26503,32.8078],[130.2627,32.80468],[130.26208,32.80092],[130.26332,32.79634],[130.26717,32.79336],[130.26705,32.78951]]],[[[130.27119,32.87149],[130.26953,32.87075],[130.26786,32.86694],[130.26586,32.86638],[130.26579,32.86424],[130.26691,32.86318],[130.2662,32.86208],[130.26697,32.8613],[130.26575,32.85961],[130.26614,32.85834],[130.26488,32.85518],[130.26547,32.85479],[130.26525,32.85392],[130.26574,32.85315],[130.26534,32.8485],[130.26847,32.84851],[130.26811,32.85131],[130.26912,32.85442],[130.26888,32.8569],[130.2717,32.85629],[130.27267,32.8569],[130.27226,32.86273],[130.2728,32.86512],[130.27399,32.86613],[130.27356,32.8686],[130.27311,32.8686],[130.27274,32.86979],[130.27306,32.86985],[130.27119,32.87104],[130.2715,32.87129],[130.27119,32.87149]]],[[[130.26534,32.8485],[130.26574,32.85315],[130.26525,32.85392],[130.26547,32.85479],[130.26488,32.85518],[130.26614,32.85834],[130.26575,32.85961],[130.26697,32.8613],[130.2662,32.86208],[130.26691,32.86318],[130.26581,32.86418],[130.26576,32.86556],[130.26592,32.86647],[130.26697,32.86693],[130.26544,32.86715],[130.26585,32.86815],[130.26319,32.8679],[130.25822,32.86911],[130.25686,32.86664],[130.25564,32.86069],[130.25488,32.8601],[130.25505,32.85439],[130.25696,32.85205],[130.25666,32.85197],[130.25708,32.85014],[130.25849,32.8494],[130.25947,32.84744],[130.26092,32.84622],[130.26103,32.84867],[130.26534,32.8485]]],[[[130.26697,32.86693],[130.26786,32.86694],[130.26953,32.87075],[130.26687,32.87157],[130.26433,32.87115],[130.26405,32.87087],[130.26513,32.86958],[130.26484,32.86926],[130.26523,32.8683],[130.26585,32.86815],[130.26544,32.86715],[130.26697,32.86693]]],[[[130.26796,32.82247],[130.26985,32.82383],[130.27107,32.82546],[130.27128,32.83097],[130.27355,32.8381],[130.27282,32.83823],[130.27333,32.83859],[130.27326,32.84049],[130.27089,32.84305],[130.27087,32.8443],[130.26977,32.84506],[130.26847,32.84851],[130.26103,32.84867],[130.26107,32.8462],[130.26239,32.84425],[130.26316,32.84138],[130.26416,32.84013],[130.26498,32.83757],[130.2647,32.83574],[130.26586,32.83337],[130.26678,32.82898],[130.26653,32.82615],[130.26796,32.82247]]]]}},{"type":"Feature","properties":{"vid":"K64G11S00076","name":"古部村","reading":"こべ","gun":"高来郡","domains":["saga"],"isShared":false,"shared":[]},"geometry":{"type":"MultiPolygon","coordinates":[[[[130.22331,32.85216],[130.22062,32.85526],[130.22057,32.85645],[130.2193,32.85839],[130.21742,32.8586],[130.21771,32.85773],[130.21723,32.85753],[130.21699,32.85855],[130.21698,32.85792],[130.21442,32.85687],[130.215,32.8562],[130.21597,32.85645],[130.21695,32.85365],[130.2188,32.85245],[130.2196,32.85054],[130.22071,32.85009],[130.22151,32.85036],[130.22133,32.85131],[130.22198,32.85172],[130.22161,32.853],[130.22331,32.85216]]],[[[130.22791,32.85898],[130.22581,32.86147],[130.2243,32.86083],[130.22466,32.86034],[130.2233,32.85994],[130.22292,32.86146],[130.22097,32.86192],[130.22285,32.86141],[130.22301,32.86074],[130.2219,32.86052],[130.22069,32.86118],[130.22179,32.86056],[130.22202,32.85963],[130.2193,32.85825],[130.22057,32.85645],[130.22062,32.85526],[130.22144,32.85472],[130.22169,32.8539],[130.22219,32.85386],[130.22355,32.85165],[130.22539,32.85097],[130.22537,32.84986],[130.22636,32.84754],[130.22805,32.84586],[130.2293,32.84258],[130.23046,32.84129],[130.23125,32.83768],[130.23377,32.83518],[130.23539,32.83513],[130.23455,32.83618],[130.23298,32.84126],[130.23181,32.84181],[130.23084,32.84362],[130.23079,32.84763],[130.22931,32.85132],[130.22908,32.85535],[130.22791,32.85898]]],[[[130.23322,32.83575],[130.23125,32.83768],[130.23046,32.84129],[130.2293,32.84258],[130.22805,32.84586],[130.22636,32.84754],[130.22537,32.84986],[130.22539,32.85097],[130.22378,32.8514],[130.22192,32.85308],[130.22138,32.85289],[130.22198,32.85172],[130.22133,32.85131],[130.22151,32.85036],[130.22071,32.85009],[130.22018,32.8488],[130.22489,32.8431],[130.22707,32.83783],[130.22876,32.83584],[130.22873,32.83493],[130.22915,32.83457],[130.22943,32.83521],[130.22952,32.83407],[130.23159,32.83602],[130.23222,32.83553],[130.23322,32.83575]]],[[[130.22952,32.83407],[130.22943,32.83521],[130.22915,32.83457],[130.22873,32.83493],[130.22873,32.8359],[130.22707,32.83783],[130.22489,32.8431],[130.22267,32.84623],[130.22056,32.84793],[130.22018,32.8488],[130.22071,32.85009],[130.2196,32.85054],[130.21871,32.84966],[130.21794,32.85025],[130.21718,32.84972],[130.21725,32.85123],[130.21523,32.85051],[130.21645,32.84886],[130.21502,32.84751],[130.21547,32.84554],[130.21465,32.84298],[130.21867,32.84005],[130.22445,32.8343],[130.23014,32.83071],[130.22952,32.83407]]],[[[130.2196,32.85054],[130.2188,32.85245],[130.21695,32.85365],[130.21594,32.85648],[130.21376,32.85576],[130.21003,32.85311],[130.21234,32.85186],[130.21502,32.84751],[130.21645,32.84886],[130.21523,32.85051],[130.21725,32.85123],[130.21718,32.84972],[130.21794,32.85025],[130.21871,32.84966],[130.2196,32.85054]]],[[[130.215,32.8562],[130.21442,32.85687],[130.21033,32.85587],[130.20933,32.85348],[130.20644,32.85283],[130.20568,32.85202],[130.20604,32.85002],[130.20806,32.84753],[130.21465,32.84298],[130.21547,32.84554],[130.21516,32.84735],[130.21234,32.85186],[130.21003,32.85311],[130.215,32.8562]]]]}},{"type":"Feature","properties":{"vid":"K64G11S00077","name":"御崎村","reading":null,"gun":"高来郡","domains":["saga"],"isShared":false,"shared":[]},"geometry":{"type":"MultiPolygon","coordinates":[[[[129.77922,32.58209],[129.77608,32.58307],[129.77548,32.58312],[129.77535,32.58273],[129.77545,32.58112],[129.77638,32.58089],[129.77899,32.58078],[129.77922,32.58209]]],[[[129.77939,32.58008],[129.77632,32.57874],[129.77708,32.5782],[129.78077,32.57897],[129.7808,32.58005],[129.77939,32.58008]]],[[[129.77899,32.58078],[129.77716,32.58082],[129.77754,32.57944],[129.77859,32.57946],[129.77939,32.58008],[129.77894,32.58021],[129.77899,32.58078]]],[[[129.77408,32.58053],[129.77632,32.57874],[129.77754,32.57944],[129.77716,32.58082],[129.7748,32.58132],[129.77408,32.58053]]],[[[129.77969,32.57868],[129.77708,32.5782],[129.77886,32.57629],[129.78123,32.57726],[129.77966,32.57765],[129.77969,32.57868]]],[[[129.78123,32.57726],[129.77886,32.57629],[129.77949,32.57545],[129.78298,32.57617],[129.78349,32.57541],[129.78351,32.57626],[129.78411,32.57637],[129.78407,32.57571],[129.7845,32.577],[129.78405,32.57797],[129.78222,32.57758],[129.78189,32.58013],[129.78217,32.57743],[129.78123,32.57726]]],[[[129.7812,32.57569],[129.77949,32.57545],[129.77951,32.57471],[129.77832,32.57423],[129.77905,32.57327],[129.7796,32.57376],[129.78053,32.57357],[129.78035,32.57193],[129.78116,32.57154],[129.78299,32.57315],[129.78285,32.57354],[129.78235,32.57325],[129.78196,32.57359],[129.78295,32.57477],[129.78212,32.57445],[129.78084,32.57482],[129.78071,32.57548],[129.7812,32.57569]]],[[[129.79049,32.59336],[129.78988,32.59307],[129.79007,32.59196],[129.78949,32.59197],[129.78976,32.59128],[129.78899,32.59107],[129.78941,32.59037],[129.78866,32.59057],[129.78894,32.58973],[129.78839,32.58847],[129.78778,32.58794],[129.78783,32.58876],[129.78664,32.58806],[129.7872,32.58741],[129.7863,32.58685],[129.78611,32.58618],[129.78644,32.5846],[129.7856,32.58604],[129.78498,32.5862],[129.78553,32.58443],[129.78646,32.5836],[129.79102,32.58581],[129.79181,32.58541],[129.79198,32.58581],[129.79242,32.58554],[129.79417,32.58628],[129.79426,32.58592],[129.79495,32.5869],[129.79557,32.58679],[129.79598,32.589],[129.7988,32.59126],[129.79575,32.59051],[129.79545,32.59093],[129.7973,32.59166],[129.79651,32.59206],[129.7994,32.59439],[129.7986,32.59488],[129.79872,32.59524],[129.79735,32.59537],[129.79579,32.59431],[129.79397,32.59554],[129.79133,32.59476],[129.79049,32.59336]]],[[[129.80154,32.60188],[129.80063,32.59959],[129.80102,32.59818],[129.80039,32.59562],[129.79997,32.59495],[129.79872,32.59524],[129.7986,32.59488],[129.7994,32.59439],[129.79651,32.59206],[129.7973,32.59166],[129.79541,32.59084],[129.79575,32.59051],[129.7988,32.59126],[129.79598,32.589],[129.79561,32.58845],[129.7959,32.58741],[129.79957,32.58867],[129.80129,32.58982],[129.80451,32.5907],[129.80671,32.59334],[129.80959,32.59439],[129.80997,32.5958],[129.81051,32.59589],[129.81009,32.59609],[129.81048,32.59721],[129.81248,32.59979],[129.81397,32.60011],[129.81475,32.6015],[129.81628,32.60254],[129.81799,32.60255],[129.81821,32.60298],[129.8184,32.60262],[129.81822,32.60306],[129.8191,32.60405],[129.82116,32.60491],[129.81998,32.60614],[129.81804,32.60639],[129.81669,32.60709],[129.81281,32.60748],[129.81224,32.60803],[129.80892,32.60796],[129.80776,32.60902],[129.80655,32.60894],[129.80461,32.60984],[129.80544,32.60868],[129.80542,32.60791],[129.80386,32.60678],[129.80231,32.60475],[129.80154,32.60188]]],[[[129.76761,32.58671],[129.76704,32.58558],[129.76515,32.58555],[129.7617,32.58294],[129.76158,32.58231],[129.7641,32.58311],[129.76614,32.58267],[129.76827,32.58297],[129.7721,32.58172],[129.77408,32.58053],[129.7748,32.58132],[129.77545,32.58112],[129.77548,32.58312],[129.77922,32.58209],[129.78051,32.5832],[129.78139,32.58256],[129.78217,32.58267],[129.78091,32.58315],[129.78201,32.58353],[129.78357,32.58307],[129.78451,32.58163],[129.78454,32.58042],[129.78525,32.58043],[129.78556,32.57986],[129.78454,32.58262],[129.78646,32.5836],[129.78553,32.58443],[129.78498,32.5862],[129.7856,32.58604],[129.78644,32.5846],[129.78611,32.58618],[129.7863,32.58685],[129.7872,32.58741],[129.78664,32.58806],[129.78783,32.58876],[129.78778,32.58794],[129.78839,32.58847],[129.78894,32.58973],[129.78866,32.59057],[129.78941,32.59037],[129.78899,32.59107],[129.78976,32.59128],[129.78949,32.59197],[129.79005,32.59191],[129.78988,32.59307],[129.79044,32.59333],[129.78954,32.59389],[129.78855,32.59349],[129.78696,32.59397],[129.78327,32.59391],[129.78042,32.59308],[129.7787,32.59072],[129.77604,32.59194],[129.77417,32.59104],[129.77287,32.59123],[129.77198,32.59049],[129.77125,32.58886],[129.76761,32.58671]]]]}},{"type":"Feature","properties":{"vid":"K64G11S00078","name":"為石村","reading":"ためいし","gun":"高来郡","domains":["saga"],"isShared":false,"shared":[]},"geometry":{"type":"MultiPolygon","coordinates":[[[[129.83787,32.63827],[129.83615,32.63949],[129.83673,32.64055],[129.83611,32.64139],[129.83405,32.64272],[129.83157,32.63955],[129.8304,32.63902],[129.83223,32.63834],[129.83341,32.63714],[129.83451,32.63725],[129.83741,32.63607],[129.83781,32.63544],[129.84079,32.63787],[129.83894,32.63711],[129.83767,32.63802],[129.83787,32.63827]]],[[[129.83787,32.63827],[129.83817,32.63862],[129.83851,32.63834],[129.8382,32.63864],[129.83899,32.63915],[129.83978,32.63841],[129.83759,32.64005],[129.83724,32.64087],[129.83608,32.63966],[129.83787,32.63827]]],[[[129.83852,32.64304],[129.83912,32.6418],[129.8396,32.64178],[129.83892,32.64396],[129.83852,32.64304]]],[[[129.83933,32.64347],[129.83923,32.64225],[129.8396,32.64178],[129.84037,32.64187],[129.84013,32.64283],[129.84097,32.64324],[129.84017,32.64332],[129.84015,32.64374],[129.83933,32.64347]]],[[[129.84091,32.6433],[129.84013,32.64283],[129.84034,32.64197],[129.84166,32.64127],[129.84215,32.64276],[129.84091,32.6433]]],[[[129.85161,32.65852],[129.85105,32.65945],[129.84891,32.66062],[129.84771,32.66265],[129.84483,32.6635],[129.83986,32.662],[129.83762,32.66312],[129.83679,32.66163],[129.83725,32.66111],[129.83613,32.66142],[129.83397,32.66083],[129.83309,32.66103],[129.83096,32.65994],[129.82755,32.65982],[129.8274,32.65722],[129.82659,32.65446],[129.82681,32.65194],[129.82617,32.65064],[129.82661,32.64921],[129.82521,32.6484],[129.82637,32.64745],[129.82838,32.64831],[129.8296,32.64776],[129.82893,32.65097],[129.82911,32.65171],[129.83027,32.65267],[129.83011,32.65197],[129.8314,32.65146],[129.83165,32.6507],[129.8341,32.65054],[129.83464,32.64872],[129.83552,32.64769],[129.84326,32.6524],[129.8443,32.65229],[129.84534,32.65281],[129.84565,32.65355],[129.84805,32.65408],[129.84998,32.65602],[129.85029,32.65791],[129.85161,32.65852]]],[[[129.82521,32.6484],[129.82325,32.64718],[129.82334,32.64639],[129.82387,32.64707],[129.82499,32.64671],[129.82531,32.64622],[129.82487,32.64495],[129.82557,32.64381],[129.82523,32.64351],[129.82725,32.64304],[129.82802,32.64221],[129.82823,32.64245],[129.82753,32.64094],[129.82981,32.64],[129.83029,32.63904],[129.83157,32.63955],[129.83394,32.64271],[129.83673,32.64055],[129.83724,32.64087],[129.83785,32.64227],[129.83752,32.6427],[129.83695,32.64234],[129.83581,32.64292],[129.83539,32.64433],[129.83566,32.64526],[129.83392,32.64607],[129.83536,32.64765],[129.83398,32.65062],[129.83165,32.6507],[129.8314,32.65146],[129.83011,32.65197],[129.83027,32.65267],[129.82911,32.65171],[129.82893,32.65097],[129.8296,32.64776],[129.82838,32.64831],[129.82637,32.64745],[129.82521,32.6484]]],[[[129.83776,32.64036],[129.83879,32.64136],[129.83816,32.64213],[129.83701,32.64106],[129.83776,32.64036]]],[[[129.83787,32.64206],[129.83879,32.64136],[129.83924,32.64166],[129.83852,32.64304],[129.83752,32.6427],[129.83787,32.64206]]],[[[129.83536,32.64765],[129.83392,32.64607],[129.83565,32.64528],[129.83571,32.64312],[129.83695,32.64234],[129.83852,32.64304],[129.83892,32.64396],[129.83946,32.64345],[129.84071,32.64366],[129.84298,32.64493],[129.84829,32.64649],[129.8486,32.64715],[129.84718,32.64899],[129.84735,32.65057],[129.84676,32.65284],[129.84601,32.65358],[129.8443,32.65229],[129.84326,32.6524],[129.84154,32.65106],[129.83871,32.64995],[129.83536,32.64765]]],[[[129.84035,32.6436],[129.84017,32.64332],[129.84215,32.64276],[129.84166,32.64127],[129.84202,32.64069],[129.84552,32.63864],[129.84637,32.6376],[129.84706,32.63782],[129.847,32.6382],[129.8478,32.63819],[129.84819,32.63888],[129.84953,32.63887],[129.85049,32.63948],[129.85136,32.63942],[129.85196,32.6387],[129.85174,32.64015],[129.84893,32.64069],[129.84935,32.64478],[129.84854,32.64667],[129.84298,32.64493],[129.84035,32.6436]]]]}}]}